#VRML V2.0 utf8

Viewpoint {
 position 0 0 84.99983978
 orientation 1 0 0 0
 description "Z view"
 fieldOfView 0.800655
}
DirectionalLight {
 direction -0.348155 -0.348155   -0.870
}
NavigationInfo {
 headlight TRUE
 type "EXAMINE"
}
Shape {
 appearance Appearance {
  material Material { diffuseColor 1.0 1.0 1.0 }
 }
 geometry IndexedFaceSet {
  coord Coordinate {
   point [
-0.627232 -2.397197 11.111534,
-0.615052 -2.865342 10.899666,
-0.361047 -2.884564 11.346107,
-0.688107 -3.574340 10.840172,
-0.361047 -2.884564 11.346107,
-0.615052 -2.865342 10.899666,
-0.916481 -2.566006 10.610291,
-0.688107 -3.574340 10.840172,
-0.615052 -2.865342 10.899666,
-0.627232 -2.397197 11.111534,
-0.916481 -2.566006 10.610291,
-0.615052 -2.865342 10.899666,
0.012283 -3.540518 11.446358,
-0.361047 -2.884564 11.346107,
-0.688107 -3.574340 10.840172,
0.215239 -2.651628 11.900612,
-0.361047 -2.884564 11.346107,
0.012283 -3.540518 11.446358,
0.468803 -3.340416 11.878960,
0.215239 -2.651628 11.900612,
0.012283 -3.540518 11.446358,
0.289769 -4.015033 11.367607,
0.468803 -3.340416 11.878960,
0.012283 -3.540518 11.446358,
0.873301 -3.992873 11.871521,
0.468803 -3.340416 11.878960,
0.289769 -4.015033 11.367607,
1.027135 -3.291515 12.143188,
0.468803 -3.340416 11.878960,
0.873301 -3.992873 11.871521,
1.627746 -3.897845 12.000801,
1.027135 -3.291515 12.143188,
0.873301 -3.992873 11.871521,
1.319680 -4.288646 11.853546,
1.627746 -3.897845 12.000801,
0.873301 -3.992873 11.871521,
1.163140 -4.735519 11.252510,
1.319680 -4.288646 11.853546,
0.873301 -3.992873 11.871521,
0.289769 -4.015033 11.367607,
1.163140 -4.735519 11.252510,
0.873301 -3.992873 11.871521,
0.319178 -5.099595 11.310226,
1.163140 -4.735519 11.252510,
0.289769 -4.015033 11.367607,
-0.107823 -4.782832 11.335327,
0.319178 -5.099595 11.310226,
0.289769 -4.015033 11.367607,
0.012283 -3.540518 11.446358,
-0.107823 -4.782832 11.335327,
0.289769 -4.015033 11.367607,
-0.236092 -5.678221 11.432030,
0.319178 -5.099595 11.310226,
-0.107823 -4.782832 11.335327,
-0.622269 -4.937615 11.328346,
-0.236092 -5.678221 11.432030,
-0.107823 -4.782832 11.335327,
-1.059619 -5.782196 11.292831,
-0.236092 -5.678221 11.432030,
-0.622269 -4.937615 11.328346,
-1.479877 -5.012729 10.922485,
-1.059619 -5.782196 11.292831,
-0.622269 -4.937615 11.328346,
-0.998745 -4.333095 10.896011,
-1.479877 -5.012729 10.922485,
-0.622269 -4.937615 11.328346,
-0.107823 -4.782832 11.335327,
-0.998745 -4.333095 10.896011,
-0.622269 -4.937615 11.328346,
0.012283 -3.540518 11.446358,
-0.998745 -4.333095 10.896011,
-0.107823 -4.782832 11.335327,
-0.688107 -3.574340 10.840172,
-0.998745 -4.333095 10.896011,
0.012283 -3.540518 11.446358,
-1.101605 -3.666870 10.198906,
-0.998745 -4.333095 10.896011,
-0.688107 -3.574340 10.840172,
-1.499197 -4.434670 10.166618,
-0.998745 -4.333095 10.896011,
-1.101605 -3.666870 10.198906,
-1.212982 -4.220855 9.280479,
-1.499197 -4.434670 10.166618,
-1.101605 -3.666870 10.198906,
-1.128998 -3.342292 9.476311,
-1.212982 -4.220855 9.280479,
-1.101605 -3.666870 10.198906,
-1.728012 -4.822559 9.455589,
-1.499197 -4.434670 10.166618,
-1.212982 -4.220855 9.280479,
-1.307137 -5.010894 8.751472,
-1.728012 -4.822559 9.455589,
-1.212982 -4.220855 9.280479,
-0.821286 -4.459606 8.417297,
-1.307137 -5.010894 8.751472,
-1.212982 -4.220855 9.280479,
-0.624324 -5.349460 8.394356,
-1.307137 -5.010894 8.751472,
-0.821286 -4.459606 8.417297,
-0.129057 -4.807985 8.177658,
-0.624324 -5.349460 8.394356,
-0.821286 -4.459606 8.417297,
-0.528235 -3.880678 7.807022,
-0.129057 -4.807985 8.177658,
-0.821286 -4.459606 8.417297,
0.165563 -4.383613 7.613258,
-0.129057 -4.807985 8.177658,
-0.528235 -3.880678 7.807022,
-0.118907 -3.922285 7.366066,
0.165563 -4.383613 7.613258,
-0.528235 -3.880678 7.807022,
0.175714 -3.497912 6.801659,
0.165563 -4.383613 7.613258,
-0.118907 -3.922285 7.366066,
-0.067446 -3.015836 6.769325,
0.175714 -3.497912 6.801659,
-0.118907 -3.922285 7.366066,
0.467744 -3.151607 6.558777,
0.175714 -3.497912 6.801659,
-0.067446 -3.015836 6.769325,
0.265045 -2.609277 6.440544,
0.467744 -3.151607 6.558777,
-0.067446 -3.015836 6.769325,
-0.361791 -2.301509 6.771095,
0.265045 -2.609277 6.440544,
-0.067446 -3.015836 6.769325,
-0.657202 -2.734287 7.336403,
-0.361791 -2.301509 6.771095,
-0.067446 -3.015836 6.769325,
-0.747057 -2.126101 7.413712,
-0.361791 -2.301509 6.771095,
-0.657202 -2.734287 7.336403,
-0.867632 -2.514100 7.842789,
-0.747057 -2.126101 7.413712,
-0.657202 -2.734287 7.336403,
-0.824939 -3.020202 7.763817,
-0.867632 -2.514100 7.842789,
-0.657202 -2.734287 7.336403,
-1.066970 -2.908995 8.234596,
-0.867632 -2.514100 7.842789,
-0.824939 -3.020202 7.763817,
-1.156825 -2.300809 8.311905,
-0.867632 -2.514100 7.842789,
-1.066970 -2.908995 8.234596,
-0.973666 -2.013544 7.891777,
-0.867632 -2.514100 7.842789,
-1.156825 -2.300809 8.311905,
-0.747057 -2.126101 7.413712,
-0.867632 -2.514100 7.842789,
-0.973666 -2.013544 7.891777,
-0.214933 -1.516693 6.902420,
-0.361791 -2.301509 6.771095,
-0.747057 -2.126101 7.413712,
0.139572 -1.760018 6.548492,
-0.361791 -2.301509 6.771095,
-0.214933 -1.516693 6.902420,
0.513153 -1.384027 6.440613,
0.139572 -1.760018 6.548492,
-0.214933 -1.516693 6.902420,
-0.272564 -0.625736 6.958199,
0.513153 -1.384027 6.440613,
-0.214933 -1.516693 6.902420,
0.073562 -0.198059 6.349159,
0.513153 -1.384027 6.440613,
-0.272564 -0.625736 6.958199,
-0.636268 0.166804 6.692192,
0.073562 -0.198059 6.349159,
-0.272564 -0.625736 6.958199,
-0.724412 -0.410024 7.392662,
-0.636268 0.166804 6.692192,
-0.272564 -0.625736 6.958199,
-0.941598 0.365259 7.450996,
-0.636268 0.166804 6.692192,
-0.724412 -0.410024 7.392662,
-0.816896 -0.132553 8.074104,
-0.941598 0.365259 7.450996,
-0.724412 -0.410024 7.392662,
-0.891996 -1.274620 8.072769,
-0.816896 -0.132553 8.074104,
-0.724412 -0.410024 7.392662,
-0.967180 -1.049055 8.626740,
-0.816896 -0.132553 8.074104,
-0.891996 -1.274620 8.072769,
-0.709999 -0.102100 9.138649,
-0.816896 -0.132553 8.074104,
-0.967180 -1.049055 8.626740,
-1.057282 -1.195358 9.699524,
-0.709999 -0.102100 9.138649,
-0.967180 -1.049055 8.626740,
-1.156758 -1.464228 9.240852,
-1.057282 -1.195358 9.699524,
-0.967180 -1.049055 8.626740,
-1.264734 -1.977059 9.107002,
-1.156758 -1.464228 9.240852,
-0.967180 -1.049055 8.626740,
-1.111970 -1.781033 9.643127,
-1.156758 -1.464228 9.240852,
-1.264734 -1.977059 9.107002,
-1.252157 -2.353394 9.599098,
-1.111970 -1.781033 9.643127,
-1.264734 -1.977059 9.107002,
-1.135940 -2.087132 10.055351,
-1.111970 -1.781033 9.643127,
-1.252157 -2.353394 9.599098,
-1.044704 -1.571694 10.191620,
-1.111970 -1.781033 9.643127,
-1.135940 -2.087132 10.055351,
-1.057282 -1.195358 9.699524,
-1.156758 -1.464228 9.240852,
-1.111970 -1.781033 9.643127,
-1.044704 -1.571694 10.191620,
-1.057282 -1.195358 9.699524,
-1.111970 -1.781033 9.643127,
-0.846124 -0.842883 10.353806,
-1.057282 -1.195358 9.699524,
-1.044704 -1.571694 10.191620,
-0.629549 -1.329402 10.911049,
-0.846124 -0.842883 10.353806,
-1.044704 -1.571694 10.191620,
-1.135940 -2.087132 10.055351,
-0.629549 -1.329402 10.911049,
-1.044704 -1.571694 10.191620,
-0.344818 -0.779553 10.934166,
-0.846124 -0.842883 10.353806,
-0.629549 -1.329402 10.911049,
-0.171939 -1.232416 11.272125,
-0.344818 -0.779553 10.934166,
-0.629549 -1.329402 10.911049,
-0.299907 -1.708429 11.446648,
-0.171939 -1.232416 11.272125,
-0.629549 -1.329402 10.911049,
-0.362382 -0.254044 10.247017,
-0.846124 -0.842883 10.353806,
-0.344818 -0.779553 10.934166,
0.009944 0.125713 10.148392,
-0.362382 -0.254044 10.247017,
-0.344818 -0.779553 10.934166,
-0.211708 -0.042517 9.716225,
-0.362382 -0.254044 10.247017,
0.009944 0.125713 10.148392,
-0.659690 -0.427558 9.731804,
-0.362382 -0.254044 10.247017,
-0.211708 -0.042517 9.716225,
-0.846124 -0.842883 10.353806,
-0.362382 -0.254044 10.247017,
-0.659690 -0.427558 9.731804,
-1.057282 -1.195358 9.699524,
-0.846124 -0.842883 10.353806,
-0.659690 -0.427558 9.731804,
-0.659690 -0.427558 9.731804,
-0.709999 -0.102100 9.138649,
-1.057282 -1.195358 9.699524,
-0.211708 -0.042517 9.716225,
-0.709999 -0.102100 9.138649,
-0.659690 -0.427558 9.731804,
-0.266772 0.662951 8.930527,
-0.709999 -0.102100 9.138649,
-0.211708 -0.042517 9.716225,
-0.618753 0.293808 8.735115,
-0.709999 -0.102100 9.138649,
-0.266772 0.662951 8.930527,
-0.838212 0.772682 8.180168,
-0.618753 0.293808 8.735115,
-0.266772 0.662951 8.930527,
-0.622946 1.565966 8.361122,
-0.838212 0.772682 8.180168,
-0.266772 0.662951 8.930527,
0.234663 1.641079 8.766975,
-0.622946 1.565966 8.361122,
-0.266772 0.662951 8.930527,
0.533580 1.124272 9.245514,
0.234663 1.641079 8.766975,
-0.266772 0.662951 8.930527,
0.444722 0.729891 9.964050,
0.533580 1.124272 9.245514,
-0.266772 0.662951 8.930527,
-0.211708 -0.042517 9.716225,
0.444722 0.729891 9.964050,
-0.266772 0.662951 8.930527,
0.009944 0.125713 10.148392,
0.444722 0.729891 9.964050,
-0.211708 -0.042517 9.716225,
0.731605 0.251320 10.763245,
0.444722 0.729891 9.964050,
0.009944 0.125713 10.148392,
1.314367 0.792639 10.053856,
0.444722 0.729891 9.964050,
0.731605 0.251320 10.763245,
1.847790 0.875972 10.086830,
1.314367 0.792639 10.053856,
0.731605 0.251320 10.763245,
1.571458 1.141604 9.224785,
1.314367 0.792639 10.053856,
1.847790 0.875972 10.086830,
2.101040 0.983948 9.531723,
1.571458 1.141604 9.224785,
1.847790 0.875972 10.086830,
2.618579 0.926457 10.102470,
2.101040 0.983948 9.531723,
1.847790 0.875972 10.086830,
2.340491 0.593392 10.739548,
2.618579 0.926457 10.102470,
1.847790 0.875972 10.086830,
2.946584 0.499003 10.651863,
2.618579 0.926457 10.102470,
2.340491 0.593392 10.739548,
2.644670 0.207660 11.067986,
2.946584 0.499003 10.651863,
2.340491 0.593392 10.739548,
3.123012 0.041639 11.198570,
2.946584 0.499003 10.651863,
2.644670 0.207660 11.067986,
3.300218 0.649778 9.876717,
2.618579 0.926457 10.102470,
2.946584 0.499003 10.651863,
3.753559 0.412770 9.700981,
3.300218 0.649778 9.876717,
2.946584 0.499003 10.651863,
3.830212 -0.118195 10.788475,
3.753559 0.412770 9.700981,
2.946584 0.499003 10.651863,
3.123012 0.041639 11.198570,
3.830212 -0.118195 10.788475,
2.946584 0.499003 10.651863,
3.638157 -0.901560 11.652534,
3.830212 -0.118195 10.788475,
3.123012 0.041639 11.198570,
2.797865 -0.498041 11.945343,
3.638157 -0.901560 11.652534,
3.123012 0.041639 11.198570,
2.644670 0.207660 11.067986,
2.797865 -0.498041 11.945343,
3.123012 0.041639 11.198570,
2.034192 -0.187525 12.202339,
2.797865 -0.498041 11.945343,
2.644670 0.207660 11.067986,
1.432263 0.211638 11.547798,
2.034192 -0.187525 12.202339,
2.644670 0.207660 11.067986,
2.340491 0.593392 10.739548,
1.432263 0.211638 11.547798,
2.644670 0.207660 11.067986,
1.172865 -0.244972 12.180428,
2.034192 -0.187525 12.202339,
1.432263 0.211638 11.547798,
0.581676 -0.223250 11.609444,
1.172865 -0.244972 12.180428,
1.432263 0.211638 11.547798,
0.630330 -0.905291 12.304085,
1.172865 -0.244972 12.180428,
0.581676 -0.223250 11.609444,
1.510215 -0.828226 12.720490,
1.172865 -0.244972 12.180428,
0.630330 -0.905291 12.304085,
1.061504 -1.694744 12.684059,
1.510215 -0.828226 12.720490,
0.630330 -0.905291 12.304085,
0.409472 -1.719179 12.118446,
1.061504 -1.694744 12.684059,
0.630330 -0.905291 12.304085,
0.693137 -2.816317 12.034462,
1.061504 -1.694744 12.684059,
0.409472 -1.719179 12.118446,
1.757482 -2.376076 12.645615,
1.061504 -1.694744 12.684059,
0.693137 -2.816317 12.034462,
1.906422 -1.588068 12.826866,
1.061504 -1.694744 12.684059,
1.757482 -2.376076 12.645615,
2.608068 -1.941188 12.583969,
1.906422 -1.588068 12.826866,
1.757482 -2.376076 12.645615,
2.478561 -2.947246 12.302734,
2.608068 -1.941188 12.583969,
1.757482 -2.376076 12.645615,
2.465366 -0.976977 12.582306,
1.906422 -1.588068 12.826866,
2.608068 -1.941188 12.583969,
3.509746 -1.376242 11.830330,
2.465366 -0.976977 12.582306,
2.608068 -1.941188 12.583969,
3.712445 -1.918570 11.948570,
3.509746 -1.376242 11.830330,
2.608068 -1.941188 12.583969,
3.464336 -3.143821 11.948494,
3.712445 -1.918570 11.948570,
2.608068 -1.941188 12.583969,
2.478561 -2.947246 12.302734,
3.464336 -3.143821 11.948494,
2.608068 -1.941188 12.583969,
3.377214 -3.657505 11.803207,
3.464336 -3.143821 11.948494,
2.478561 -2.947246 12.302734,
2.608425 -4.050572 11.858925,
3.377214 -3.657505 11.803207,
2.478561 -2.947246 12.302734,
2.159913 -3.810747 12.043037,
2.608425 -4.050572 11.858925,
2.478561 -2.947246 12.302734,
2.053092 -4.189224 11.712059,
2.608425 -4.050572 11.858925,
2.159913 -3.810747 12.043037,
2.480212 -4.533689 11.492729,
2.608425 -4.050572 11.858925,
2.053092 -4.189224 11.712059,
1.947698 -4.610394 11.436913,
2.480212 -4.533689 11.492729,
2.053092 -4.189224 11.712059,
3.230687 -4.361903 11.530281,
2.608425 -4.050572 11.858925,
2.480212 -4.533689 11.492729,
3.069968 -4.815238 10.925659,
3.230687 -4.361903 11.530281,
2.480212 -4.533689 11.492729,
2.948350 -5.088104 10.474747,
3.069968 -4.815238 10.925659,
2.480212 -4.533689 11.492729,
1.791158 -5.057266 10.835876,
2.948350 -5.088104 10.474747,
2.480212 -4.533689 11.492729,
1.947698 -4.610394 11.436913,
1.791158 -5.057266 10.835876,
2.480212 -4.533689 11.492729,
2.202055 -5.253428 10.440788,
2.948350 -5.088104 10.474747,
1.791158 -5.057266 10.835876,
1.429245 -5.701719 10.242043,
2.202055 -5.253428 10.440788,
1.791158 -5.057266 10.835876,
1.022369 -5.450333 10.891594,
1.429245 -5.701719 10.242043,
1.791158 -5.057266 10.835876,
0.867597 -6.205120 10.370796,
1.429245 -5.701719 10.242043,
1.022369 -5.450333 10.891594,
0.446722 -6.016786 11.074913,
0.867597 -6.205120 10.370796,
1.022369 -5.450333 10.891594,
0.249784 -6.758862 10.512428,
0.867597 -6.205120 10.370796,
0.446722 -6.016786 11.074913,
-0.398947 -6.449159 11.136208,
0.249784 -6.758862 10.512428,
0.446722 -6.016786 11.074913,
-0.571141 -6.940718 10.475067,
0.249784 -6.758862 10.512428,
-0.398947 -6.449159 11.136208,
-1.256557 -6.524272 10.730347,
-0.571141 -6.940718 10.475067,
-0.398947 -6.449159 11.136208,
-1.137856 -6.880400 9.855736,
-0.571141 -6.940718 10.475067,
-1.256557 -6.524272 10.730347,
-1.798529 -6.213435 10.012360,
-1.137856 -6.880400 9.855736,
-1.256557 -6.524272 10.730347,
-1.695144 -5.806012 10.741539,
-1.798529 -6.213435 10.012360,
-1.256557 -6.524272 10.730347,
-1.936548 -5.279249 10.131111,
-1.798529 -6.213435 10.012360,
-1.695144 -5.806012 10.741539,
-1.817848 -5.635377 9.256493,
-1.798529 -6.213435 10.012360,
-1.936548 -5.279249 10.131111,
-1.493199 -6.411891 9.253563,
-1.798529 -6.213435 10.012360,
-1.817848 -5.635377 9.256493,
-1.169117 -5.945080 8.632721,
-1.493199 -6.411891 9.253563,
-1.817848 -5.635377 9.256493,
-0.748859 -6.714546 9.003067,
-1.493199 -6.411891 9.253563,
-1.169117 -5.945080 8.632721,
-0.238147 -6.090065 8.498039,
-0.748859 -6.714546 9.003067,
-1.169117 -5.945080 8.632721,
0.090662 -6.658554 9.024429,
-0.748859 -6.714546 9.003067,
-0.238147 -6.090065 8.498039,
0.654744 -6.106368 8.837685,
0.090662 -6.658554 9.024429,
-0.238147 -6.090065 8.498039,
0.342561 -5.554481 8.287819,
0.654744 -6.106368 8.837685,
-0.238147 -6.090065 8.498039,
1.236131 -5.479150 8.295052,
0.654744 -6.106368 8.837685,
0.342561 -5.554481 8.287819,
0.529331 -5.109168 7.937317,
1.236131 -5.479150 8.295052,
0.342561 -5.554481 8.287819,
1.636999 -5.121240 7.649559,
1.236131 -5.479150 8.295052,
0.529331 -5.109168 7.937317,
0.823951 -4.684795 7.372917,
1.636999 -5.121240 7.649559,
0.529331 -5.109168 7.937317,
1.332820 -4.735508 7.321121,
1.636999 -5.121240 7.649559,
0.823951 -4.684795 7.372917,
1.010555 -4.417926 6.941017,
1.332820 -4.735508 7.321121,
0.823951 -4.684795 7.372917,
1.616648 -4.512317 6.853340,
1.332820 -4.735508 7.321121,
1.010555 -4.417926 6.941017,
1.313175 -3.992426 6.374008,
1.616648 -4.512317 6.853340,
1.010555 -4.417926 6.941017,
0.628502 -3.718411 6.604340,
1.313175 -3.992426 6.374008,
1.010555 -4.417926 6.941017,
0.823951 -4.684795 7.372917,
0.628502 -3.718411 6.604340,
1.010555 -4.417926 6.941017,
0.960993 -3.311854 6.275551,
1.313175 -3.992426 6.374008,
0.628502 -3.718411 6.604340,
1.807329 -3.443658 6.153114,
1.313175 -3.992426 6.374008,
0.960993 -3.311854 6.275551,
2.162044 -3.048620 6.049706,
1.807329 -3.443658 6.153114,
0.960993 -3.311854 6.275551,
1.221312 -2.283510 6.040756,
2.162044 -3.048620 6.049706,
0.960993 -3.311854 6.275551,
0.726046 -2.824984 6.257454,
1.221312 -2.283510 6.040756,
0.960993 -3.311854 6.275551,
1.810974 -2.375342 5.955452,
2.162044 -3.048620 6.049706,
1.221312 -2.283510 6.040756,
1.589168 -1.925555 6.068115,
1.810974 -2.375342 5.955452,
1.221312 -2.283510 6.040756,
1.133893 -1.691812 6.115967,
1.589168 -1.925555 6.068115,
1.221312 -2.283510 6.040756,
1.669526 -1.417953 6.077148,
1.589168 -1.925555 6.068115,
1.133893 -1.691812 6.115967,
2.087985 -1.840398 5.977943,
1.589168 -1.925555 6.068115,
1.669526 -1.417953 6.077148,
1.810974 -2.375342 5.955452,
1.589168 -1.925555 6.068115,
2.087985 -1.840398 5.977943,
2.698152 -2.988198 6.088547,
2.162044 -3.048620 6.049706,
1.810974 -2.375342 5.955452,
2.384091 -3.450049 6.281548,
2.162044 -3.048620 6.049706,
2.698152 -2.988198 6.088547,
2.971754 -3.489146 6.329659,
2.384091 -3.450049 6.281548,
2.698152 -2.988198 6.088547,
3.454014 -2.895765 6.219078,
2.971754 -3.489146 6.329659,
2.698152 -2.988198 6.088547,
3.095744 -2.220399 6.120827,
3.454014 -2.895765 6.219078,
2.698152 -2.988198 6.088547,
3.654076 -2.171497 6.385056,
3.454014 -2.895765 6.219078,
3.095744 -2.220399 6.120827,
3.284353 -1.711532 6.354645,
3.654076 -2.171497 6.385056,
3.095744 -2.220399 6.120827,
2.836647 -1.745876 6.104485,
3.284353 -1.711532 6.354645,
3.095744 -2.220399 6.120827,
2.950355 -1.236333 6.245918,
3.284353 -1.711532 6.354645,
2.836647 -1.745876 6.104485,
3.508687 -1.187431 6.510147,
3.284353 -1.711532 6.354645,
2.950355 -1.236333 6.245918,
3.102625 -0.530223 6.520012,
3.508687 -1.187431 6.510147,
2.950355 -1.236333 6.245918,
2.349744 -0.630003 6.388306,
3.102625 -0.530223 6.520012,
2.950355 -1.236333 6.245918,
1.817577 -0.717102 6.346077,
2.349744 -0.630003 6.388306,
2.950355 -1.236333 6.245918,
1.849479 -0.165871 6.299248,
2.349744 -0.630003 6.388306,
1.817577 -0.717102 6.346077,
1.014290 -0.705822 6.212364,
1.849479 -0.165871 6.299248,
1.817577 -0.717102 6.346077,
2.451716 0.028267 6.905487,
2.349744 -0.630003 6.388306,
1.849479 -0.165871 6.299248,
3.102625 -0.530223 6.520012,
2.349744 -0.630003 6.388306,
2.451716 0.028267 6.905487,
3.257601 -0.078600 7.123466,
3.102625 -0.530223 6.520012,
2.451716 0.028267 6.905487,
2.729529 0.576992 7.810295,
3.257601 -0.078600 7.123466,
2.451716 0.028267 6.905487,
2.026761 0.856382 7.066643,
2.729529 0.576992 7.810295,
2.451716 0.028267 6.905487,
1.536005 0.549659 6.243172,
2.026761 0.856382 7.066643,
2.451716 0.028267 6.905487,
1.849479 -0.165871 6.299248,
1.536005 0.549659 6.243172,
2.451716 0.028267 6.905487,
1.691659 1.357027 6.523476,
2.026761 0.856382 7.066643,
1.536005 0.549659 6.243172,
1.056136 1.333210 5.972183,
1.691659 1.357027 6.523476,
1.536005 0.549659 6.243172,
0.618785 0.488629 5.936668,
1.056136 1.333210 5.972183,
1.536005 0.549659 6.243172,
0.232608 1.229235 5.832985,
1.056136 1.333210 5.972183,
0.618785 0.488629 5.936668,
-0.312185 0.633615 6.071358,
0.232608 1.229235 5.832985,
0.618785 0.488629 5.936668,
-0.450206 1.567801 6.190102,
0.232608 1.229235 5.832985,
-0.312185 0.633615 6.071358,
-0.960917 0.943318 6.695129,
-0.450206 1.567801 6.190102,
-0.312185 0.633615 6.071358,
-0.871080 1.756135 6.894218,
-0.450206 1.567801 6.190102,
-0.960917 0.943318 6.695129,
-1.079618 1.299445 7.569740,
-0.871080 1.756135 6.894218,
-0.960917 0.943318 6.695129,
-0.642266 2.144024 7.605247,
-0.871080 1.756135 6.894218,
-1.079618 1.299445 7.569740,
-0.253268 2.309878 6.752586,
-0.871080 1.756135 6.894218,
-0.642266 2.144024 7.605247,
0.203403 2.576397 7.543961,
-0.253268 2.309878 6.752586,
-0.642266 2.144024 7.605247,
-0.094146 2.209568 8.240585,
0.203403 2.576397 7.543961,
-0.642266 2.144024 7.605247,
0.745375 2.265560 8.261948,
0.203403 2.576397 7.543961,
-0.094146 2.209568 8.240585,
1.134373 2.431414 7.409279,
0.203403 2.576397 7.543961,
0.745375 2.265560 8.261948,
1.489715 1.962905 8.011452,
1.134373 2.431414 7.409279,
0.745375 2.265560 8.261948,
1.248420 1.567520 8.677353,
1.489715 1.962905 8.011452,
0.745375 2.265560 8.261948,
1.925093 1.292378 8.449631,
1.489715 1.962905 8.011452,
1.248420 1.567520 8.677353,
1.795045 1.764450 7.252655,
1.489715 1.962905 8.011452,
1.925093 1.292378 8.449631,
1.134373 2.431414 7.409279,
1.489715 1.962905 8.011452,
1.795045 1.764450 7.252655,
1.253073 2.075287 6.534668,
1.134373 2.431414 7.409279,
1.795045 1.764450 7.252655,
0.567657 2.491733 6.789948,
1.134373 2.431414 7.409279,
1.253073 2.075287 6.534668,
0.395463 2.000174 6.128815,
0.567657 2.491733 6.789948,
1.253073 2.075287 6.534668,
0.203403 2.576397 7.543961,
1.134373 2.431414 7.409279,
0.567657 2.491733 6.789948,
-0.253268 2.309878 6.752586,
0.203403 2.576397 7.543961,
0.567657 2.491733 6.789948,
0.395463 2.000174 6.128815,
-0.253268 2.309878 6.752586,
0.567657 2.491733 6.789948,
-0.450206 1.567801 6.190102,
-0.871080 1.756135 6.894218,
-0.253268 2.309878 6.752586,
0.395463 2.000174 6.128815,
-0.450206 1.567801 6.190102,
-0.253268 2.309878 6.752586,
0.232608 1.229235 5.832985,
-0.450206 1.567801 6.190102,
0.395463 2.000174 6.128815,
1.056136 1.333210 5.972183,
0.232608 1.229235 5.832985,
0.395463 2.000174 6.128815,
1.253073 2.075287 6.534668,
1.056136 1.333210 5.972183,
0.395463 2.000174 6.128815,
1.691659 1.357027 6.523476,
1.056136 1.333210 5.972183,
1.253073 2.075287 6.534668,
1.795045 1.764450 7.252655,
1.691659 1.357027 6.523476,
1.253073 2.075287 6.534668,
2.026761 0.856382 7.066643,
1.691659 1.357027 6.523476,
1.795045 1.764450 7.252655,
1.925093 1.292378 8.449631,
2.026761 0.856382 7.066643,
1.795045 1.764450 7.252655,
2.729529 0.576992 7.810295,
2.026761 0.856382 7.066643,
1.925093 1.292378 8.449631,
2.654346 0.802559 8.364265,
2.729529 0.576992 7.810295,
1.925093 1.292378 8.449631,
3.352634 0.198406 7.578224,
2.729529 0.576992 7.810295,
2.654346 0.802559 8.364265,
3.630747 0.525902 8.752197,
3.352634 0.198406 7.578224,
2.654346 0.802559 8.364265,
3.169542 0.747723 8.927299,
3.630747 0.525902 8.752197,
2.654346 0.802559 8.364265,
2.947376 0.852142 9.409279,
3.169542 0.747723 8.927299,
2.654346 0.802559 8.364265,
3.445399 0.549058 9.312828,
3.169542 0.747723 8.927299,
2.947376 0.852142 9.409279,
3.630747 0.525902 8.752197,
3.169542 0.747723 8.927299,
3.445399 0.549058 9.312828,
3.983589 0.323537 9.219627,
3.630747 0.525902 8.752197,
3.445399 0.549058 9.312828,
4.260135 0.141770 8.521492,
3.630747 0.525902 8.752197,
3.983589 0.323537 9.219627,
4.661793 -0.315645 9.210114,
4.260135 0.141770 8.521492,
3.983589 0.323537 9.219627,
4.076597 -0.013146 10.248405,
4.661793 -0.315645 9.210114,
3.983589 0.323537 9.219627,
5.023958 -0.706516 10.225502,
4.661793 -0.315645 9.210114,
4.076597 -0.013146 10.248405,
4.176850 -0.415339 10.552361,
5.023958 -0.706516 10.225502,
4.076597 -0.013146 10.248405,
4.898048 -1.117356 10.805130,
5.023958 -0.706516 10.225502,
4.176850 -0.415339 10.552361,
4.096396 -0.605563 11.023048,
4.898048 -1.117356 10.805130,
4.176850 -0.415339 10.552361,
5.574721 -1.392497 10.577408,
5.023958 -0.706516 10.225502,
4.898048 -1.117356 10.805130,
5.064113 -2.169904 11.044014,
5.574721 -1.392497 10.577408,
4.898048 -1.117356 10.805130,
4.634692 -1.793561 11.052704,
5.064113 -2.169904 11.044014,
4.898048 -1.117356 10.805130,
4.568847 -2.711377 11.260712,
5.064113 -2.169904 11.044014,
4.634692 -1.793561 11.052704,
5.456649 -2.908313 11.115173,
5.064113 -2.169904 11.044014,
4.568847 -2.711377 11.260712,
4.658201 -3.414299 11.149223,
5.456649 -2.908313 11.115173,
4.568847 -2.711377 11.260712,
3.793852 -3.299208 11.585892,
4.658201 -3.414299 11.149223,
4.568847 -2.711377 11.260712,
3.837918 -2.767829 11.840614,
3.793852 -3.299208 11.585892,
4.568847 -2.711377 11.260712,
3.799561 -3.859133 11.397110,
4.658201 -3.414299 11.149223,
3.793852 -3.299208 11.585892,
5.203107 -3.842201 10.434731,
5.456649 -2.908313 11.115173,
4.658201 -3.414299 11.149223,
4.421273 -4.118786 10.279945,
5.203107 -3.842201 10.434731,
4.658201 -3.414299 11.149223,
3.799561 -3.859133 11.397110,
4.421273 -4.118786 10.279945,
4.658201 -3.414299 11.149223,
3.620527 -4.533749 10.885757,
4.421273 -4.118786 10.279945,
3.799561 -3.859133 11.397110,
3.859625 -4.622188 10.408699,
4.421273 -4.118786 10.279945,
3.620527 -4.533749 10.885757,
3.388468 -4.826730 10.428047,
3.859625 -4.622188 10.408699,
3.620527 -4.533749 10.885757,
3.745565 -4.908890 9.964447,
3.859625 -4.622188 10.408699,
3.388468 -4.826730 10.428047,
3.195006 -5.190380 10.004349,
3.745565 -4.908890 9.964447,
3.388468 -4.826730 10.428047,
3.530309 -5.265331 9.315804,
3.745565 -4.908890 9.964447,
3.195006 -5.190380 10.004349,
2.779851 -5.432672 9.284920,
3.530309 -5.265331 9.315804,
3.195006 -5.190380 10.004349,
3.033101 -5.324696 8.729805,
3.530309 -5.265331 9.315804,
2.779851 -5.432672 9.284920,
2.448438 -5.375348 8.799049,
3.033101 -5.324696 8.729805,
2.779851 -5.432672 9.284920,
1.951552 -5.458289 9.614784,
2.448438 -5.375348 8.799049,
2.779851 -5.432672 9.284920,
1.514801 -5.713184 8.857933,
2.448438 -5.375348 8.799049,
1.951552 -5.458289 9.614784,
1.182762 -5.851356 9.670509,
1.514801 -5.713184 8.857933,
1.951552 -5.458289 9.614784,
2.129701 -5.403820 8.302277,
2.448438 -5.375348 8.799049,
1.514801 -5.713184 8.857933,
2.663123 -5.320487 8.335258,
2.448438 -5.375348 8.799049,
2.129701 -5.403820 8.302277,
3.033101 -5.324696 8.729805,
2.448438 -5.375348 8.799049,
2.663123 -5.320487 8.335258,
3.801891 -4.931628 8.674088,
3.530309 -5.265331 9.315804,
3.033101 -5.324696 8.729805,
3.967546 -4.653562 8.240715,
3.801891 -4.931628 8.674088,
3.033101 -5.324696 8.729805,
2.933621 -4.987004 7.701958,
3.967546 -4.653562 8.240715,
3.033101 -5.324696 8.729805,
2.663123 -5.320487 8.335258,
2.933621 -4.987004 7.701958,
3.033101 -5.324696 8.729805,
2.129701 -5.403820 8.302277,
2.933621 -4.987004 7.701958,
2.663123 -5.320487 8.335258,
3.469255 -4.713145 7.663139,
3.967546 -4.653562 8.240715,
2.933621 -4.987004 7.701958,
3.060925 -4.620250 7.365089,
3.469255 -4.713145 7.663139,
2.933621 -4.987004 7.701958,
2.590345 -4.790124 7.247200,
3.060925 -4.620250 7.365089,
2.933621 -4.987004 7.701958,
2.913822 -4.394588 6.927322,
3.060925 -4.620250 7.365089,
2.590345 -4.790124 7.247200,
3.457018 -4.347012 7.184387,
3.060925 -4.620250 7.365089,
2.913822 -4.394588 6.927322,
3.469255 -4.713145 7.663139,
3.060925 -4.620250 7.365089,
3.457018 -4.347012 7.184387,
4.339872 -4.273804 8.142090,
3.967546 -4.653562 8.240715,
3.469255 -4.713145 7.663139,
4.189198 -4.485332 8.672890,
3.967546 -4.653562 8.240715,
4.339872 -4.273804 8.142090,
4.957988 -4.092265 8.617165,
4.189198 -4.485332 8.672890,
4.339872 -4.273804 8.142090,
4.820600 -3.688711 8.032516,
4.957988 -4.092265 8.617165,
4.339872 -4.273804 8.142090,
4.322309 -3.748295 7.454941,
4.820600 -3.688711 8.032516,
4.339872 -4.273804 8.142090,
4.986774 -2.830167 7.614258,
4.820600 -3.688711 8.032516,
4.322309 -3.748295 7.454941,
4.409026 -2.851819 7.113083,
4.986774 -2.830167 7.614258,
4.322309 -3.748295 7.454941,
4.149429 -3.295432 7.116982,
4.409026 -2.851819 7.113083,
4.322309 -3.748295 7.454941,
3.937746 -3.761920 7.074814,
4.149429 -3.295432 7.116982,
4.322309 -3.748295 7.454941,
3.751399 -3.420861 6.698616,
4.149429 -3.295432 7.116982,
3.937746 -3.761920 7.074814,
4.036129 -2.871011 6.721741,
4.149429 -3.295432 7.116982,
3.751399 -3.420861 6.698616,
4.409026 -2.851819 7.113083,
4.149429 -3.295432 7.116982,
4.036129 -2.871011 6.721741,
4.604722 -2.130652 7.277580,
4.986774 -2.830167 7.614258,
4.409026 -2.851819 7.113083,
4.036129 -2.871011 6.721741,
4.604722 -2.130652 7.277580,
4.409026 -2.851819 7.113083,
3.760788 -1.664936 6.541824,
4.604722 -2.130652 7.277580,
4.036129 -2.871011 6.721741,
4.338537 -1.643284 7.043007,
4.604722 -2.130652 7.277580,
3.760788 -1.664936 6.541824,
4.592542 -1.662506 7.489449,
4.604722 -2.130652 7.277580,
4.338537 -1.643284 7.043007,
4.463275 -1.173263 7.399269,
4.592542 -1.662506 7.489449,
4.338537 -1.643284 7.043007,
4.855449 -1.108342 8.037926,
4.592542 -1.662506 7.489449,
4.463275 -1.173263 7.399269,
4.168776 -0.232064 7.855125,
4.855449 -1.108342 8.037926,
4.463275 -1.173263 7.399269,
4.064559 -0.520300 7.409447,
4.168776 -0.232064 7.855125,
4.463275 -1.173263 7.399269,
3.687721 -0.512815 7.021500,
4.064559 -0.520300 7.409447,
4.463275 -1.173263 7.399269,
3.689737 -0.184008 7.512489,
4.064559 -0.520300 7.409447,
3.687721 -0.512815 7.021500,
4.168776 -0.232064 7.855125,
4.064559 -0.520300 7.409447,
3.689737 -0.184008 7.512489,
3.738656 0.202152 7.957100,
4.168776 -0.232064 7.855125,
3.689737 -0.184008 7.512489,
4.661477 -0.514644 8.507835,
4.855449 -1.108342 8.037926,
4.168776 -0.232064 7.855125,
5.422672 -1.202872 8.591423,
4.855449 -1.108342 8.037926,
4.661477 -0.514644 8.507835,
5.339996 -0.954826 9.200600,
5.422672 -1.202872 8.591423,
4.661477 -0.514644 8.507835,
6.206002 -1.201462 9.057854,
5.422672 -1.202872 8.591423,
5.339996 -0.954826 9.200600,
5.863130 -1.003677 9.831139,
6.206002 -1.201462 9.057854,
5.339996 -0.954826 9.200600,
6.772717 -1.261781 9.677185,
6.206002 -1.201462 9.057854,
5.863130 -1.003677 9.831139,
6.383719 -1.427634 10.529854,
6.772717 -1.261781 9.677185,
5.863130 -1.003677 9.831139,
7.128060 -1.730289 10.279358,
6.772717 -1.261781 9.677185,
6.383719 -1.427634 10.529854,
6.803977 -2.197100 10.900200,
7.128060 -1.730289 10.279358,
6.383719 -1.427634 10.529854,
5.677018 -1.988740 10.982574,
6.803977 -2.197100 10.900200,
6.383719 -1.427634 10.529854,
6.259185 -2.792721 11.138565,
6.803977 -2.197100 10.900200,
5.677018 -1.988740 10.982574,
6.941998 -3.131286 10.781448,
6.803977 -2.197100 10.900200,
6.259185 -2.792721 11.138565,
6.096329 -3.563659 10.842743,
6.941998 -3.131286 10.781448,
6.259185 -2.792721 11.138565,
6.745060 -3.873362 10.218964,
6.941998 -3.131286 10.781448,
6.096329 -3.563659 10.842743,
5.924135 -4.055218 10.181602,
6.745060 -3.873362 10.218964,
6.096329 -3.563659 10.842743,
6.288389 -4.139884 9.427589,
6.745060 -3.873362 10.218964,
5.924135 -4.055218 10.181602,
5.351129 -4.103147 9.609474,
6.288389 -4.139884 9.427589,
5.924135 -4.055218 10.181602,
5.792215 -3.915086 8.642632,
6.288389 -4.139884 9.427589,
5.351129 -4.103147 9.609474,
6.585938 -3.773053 8.730965,
6.288389 -4.139884 9.427589,
5.792215 -3.915086 8.642632,
6.257129 -3.204565 8.204575,
6.585938 -3.773053 8.730965,
5.792215 -3.915086 8.642632,
5.464496 -3.371142 8.093895,
6.257129 -3.204565 8.204575,
5.792215 -3.915086 8.642632,
5.906627 -2.478033 7.996269,
6.257129 -3.204565 8.204575,
5.464496 -3.371142 8.093895,
6.694480 -2.359985 8.240089,
6.257129 -3.204565 8.204575,
5.906627 -2.478033 7.996269,
6.033808 -1.693021 8.396713,
6.694480 -2.359985 8.240089,
5.906627 -2.478033 7.996269,
5.254164 -1.761307 8.027748,
6.033808 -1.693021 8.396713,
5.906627 -2.478033 7.996269,
6.891418 -1.617908 8.802574,
6.694480 -2.359985 8.240089,
6.033808 -1.693021 8.396713,
7.330005 -2.336168 8.791382,
6.694480 -2.359985 8.240089,
6.891418 -1.617908 8.802574,
7.433390 -1.928745 9.520561,
7.330005 -2.336168 8.791382,
6.891418 -1.617908 8.802574,
7.571409 -2.862931 9.401810,
7.330005 -2.336168 8.791382,
7.433390 -1.928745 9.520561,
7.452709 -2.506803 10.276421,
7.571409 -2.862931 9.401810,
7.433390 -1.928745 9.520561,
7.362873 -3.319620 10.077332,
7.571409 -2.862931 9.401810,
7.452709 -2.506803 10.276421,
7.134058 -3.707510 9.366302,
7.571409 -2.862931 9.401810,
7.362873 -3.319620 10.077332,
7.114738 -3.129451 8.610435,
7.571409 -2.862931 9.401810,
7.134058 -3.707510 9.366302,
7.330005 -2.336168 8.791382,
7.571409 -2.862931 9.401810,
7.114738 -3.129451 8.610435,
6.694480 -2.359985 8.240089,
7.330005 -2.336168 8.791382,
7.114738 -3.129451 8.610435,
6.257129 -3.204565 8.204575,
6.694480 -2.359985 8.240089,
7.114738 -3.129451 8.610435,
6.585938 -3.773053 8.730965,
6.257129 -3.204565 8.204575,
7.114738 -3.129451 8.610435,
7.134058 -3.707510 9.366302,
6.585938 -3.773053 8.730965,
7.114738 -3.129451 8.610435,
6.288389 -4.139884 9.427589,
6.585938 -3.773053 8.730965,
7.134058 -3.707510 9.366302,
6.745060 -3.873362 10.218964,
6.288389 -4.139884 9.427589,
7.134058 -3.707510 9.366302,
7.362873 -3.319620 10.077332,
6.745060 -3.873362 10.218964,
7.134058 -3.707510 9.366302,
6.941998 -3.131286 10.781448,
6.745060 -3.873362 10.218964,
7.362873 -3.319620 10.077332,
7.452709 -2.506803 10.276421,
6.941998 -3.131286 10.781448,
7.362873 -3.319620 10.077332,
6.803977 -2.197100 10.900200,
6.941998 -3.131286 10.781448,
7.452709 -2.506803 10.276421,
7.128060 -1.730289 10.279358,
6.803977 -2.197100 10.900200,
7.452709 -2.506803 10.276421,
7.433390 -1.928745 9.520561,
7.128060 -1.730289 10.279358,
7.452709 -2.506803 10.276421,
6.772717 -1.261781 9.677185,
7.128060 -1.730289 10.279358,
7.433390 -1.928745 9.520561,
6.891418 -1.617908 8.802574,
6.772717 -1.261781 9.677185,
7.433390 -1.928745 9.520561,
6.206002 -1.201462 9.057854,
6.772717 -1.261781 9.677185,
6.891418 -1.617908 8.802574,
6.033808 -1.693021 8.396713,
6.206002 -1.201462 9.057854,
6.891418 -1.617908 8.802574,
5.422672 -1.202872 8.591423,
6.206002 -1.201462 9.057854,
6.033808 -1.693021 8.396713,
5.254164 -1.761307 8.027748,
5.422672 -1.202872 8.591423,
6.033808 -1.693021 8.396713,
4.855449 -1.108342 8.037926,
5.422672 -1.202872 8.591423,
5.254164 -1.761307 8.027748,
4.592542 -1.662506 7.489449,
4.855449 -1.108342 8.037926,
5.254164 -1.761307 8.027748,
4.604722 -2.130652 7.277580,
4.592542 -1.662506 7.489449,
5.254164 -1.761307 8.027748,
5.254164 -1.761307 8.027748,
4.986774 -2.830167 7.614258,
4.604722 -2.130652 7.277580,
5.906627 -2.478033 7.996269,
4.986774 -2.830167 7.614258,
5.254164 -1.761307 8.027748,
5.464496 -3.371142 8.093895,
4.986774 -2.830167 7.614258,
5.906627 -2.478033 7.996269,
4.820600 -3.688711 8.032516,
4.986774 -2.830167 7.614258,
5.464496 -3.371142 8.093895,
4.957988 -4.092265 8.617165,
4.820600 -3.688711 8.032516,
5.464496 -3.371142 8.093895,
5.792215 -3.915086 8.642632,
4.957988 -4.092265 8.617165,
5.464496 -3.371142 8.093895,
5.351129 -4.103147 9.609474,
4.957988 -4.092265 8.617165,
5.792215 -3.915086 8.642632,
4.646161 -4.347109 9.412987,
4.957988 -4.092265 8.617165,
5.351129 -4.103147 9.609474,
4.189198 -4.485332 8.672890,
4.957988 -4.092265 8.617165,
4.646161 -4.347109 9.412987,
4.099199 -4.758115 9.189293,
4.189198 -4.485332 8.672890,
4.646161 -4.347109 9.412987,
3.801891 -4.931628 8.674088,
3.967546 -4.653562 8.240715,
4.189198 -4.485332 8.672890,
4.099199 -4.758115 9.189293,
3.801891 -4.931628 8.674088,
4.189198 -4.485332 8.672890,
3.530309 -5.265331 9.315804,
3.801891 -4.931628 8.674088,
4.099199 -4.758115 9.189293,
3.745565 -4.908890 9.964447,
3.530309 -5.265331 9.315804,
4.099199 -4.758115 9.189293,
4.646161 -4.347109 9.412987,
3.745565 -4.908890 9.964447,
4.099199 -4.758115 9.189293,
3.745565 -4.908890 9.964447,
4.421273 -4.118786 10.279945,
3.859625 -4.622188 10.408699,
3.257601 -0.078600 7.123466,
2.729529 0.576992 7.810295,
3.352634 0.198406 7.578224,
2.614905 -3.877780 6.448784,
2.384091 -3.450049 6.281548,
2.971754 -3.489146 6.329659,
2.080931 -3.944606 6.394218,
2.384091 -3.450049 6.281548,
2.614905 -3.877780 6.448784,
1.807329 -3.443658 6.153114,
2.162044 -3.048620 6.049706,
2.384091 -3.450049 6.281548,
2.080931 -3.944606 6.394218,
1.807329 -3.443658 6.153114,
2.384091 -3.450049 6.281548,
1.313175 -3.992426 6.374008,
1.807329 -3.443658 6.153114,
2.080931 -3.944606 6.394218,
1.616648 -4.512317 6.853340,
1.313175 -3.992426 6.374008,
2.080931 -3.944606 6.394218,
1.827144 -4.841028 7.227783,
1.616648 -4.512317 6.853340,
2.080931 -3.944606 6.394218,
1.332820 -4.735508 7.321121,
1.616648 -4.512317 6.853340,
1.827144 -4.841028 7.227783,
1.636999 -5.121240 7.649559,
1.332820 -4.735508 7.321121,
1.827144 -4.841028 7.227783,
0.638782 -6.593009 9.659767,
0.090662 -6.658554 9.024429,
0.654744 -6.106368 8.837685,
-0.206887 -7.025383 9.721054,
0.090662 -6.658554 9.024429,
0.638782 -6.593009 9.659767,
-0.748859 -6.714546 9.003067,
0.090662 -6.658554 9.024429,
-0.206887 -7.025383 9.721054,
-1.137856 -6.880400 9.855736,
-1.798529 -6.213435 10.012360,
-1.493199 -6.411891 9.253563,
-0.748859 -6.714546 9.003067,
-1.137856 -6.880400 9.855736,
-1.493199 -6.411891 9.253563,
-0.206887 -7.025383 9.721054,
-1.137856 -6.880400 9.855736,
-0.748859 -6.714546 9.003067,
-0.571141 -6.940718 10.475067,
-1.137856 -6.880400 9.855736,
-0.206887 -7.025383 9.721054,
0.249784 -6.758862 10.512428,
-0.571141 -6.940718 10.475067,
-0.206887 -7.025383 9.721054,
0.638782 -6.593009 9.659767,
0.249784 -6.758862 10.512428,
-0.206887 -7.025383 9.721054,
0.867597 -6.205120 10.370796,
0.249784 -6.758862 10.512428,
0.638782 -6.593009 9.659767,
3.377214 -3.657505 11.803207,
2.608425 -4.050572 11.858925,
3.230687 -4.361903 11.530281,
4.044936 -1.512011 11.619774,
3.509746 -1.376242 11.830330,
3.712445 -1.918570 11.948570,
1.510215 -0.828226 12.720490,
1.061504 -1.694744 12.684059,
1.906422 -1.588068 12.826866,
2.465366 -0.976977 12.582306,
1.510215 -0.828226 12.720490,
1.906422 -1.588068 12.826866,
2.034192 -0.187525 12.202339,
1.172865 -0.244972 12.180428,
1.510215 -0.828226 12.720490,
2.465366 -0.976977 12.582306,
2.034192 -0.187525 12.202339,
1.510215 -0.828226 12.720490,
2.797865 -0.498041 11.945343,
2.034192 -0.187525 12.202339,
2.465366 -0.976977 12.582306,
3.509746 -1.376242 11.830330,
2.797865 -0.498041 11.945343,
2.465366 -0.976977 12.582306,
3.638157 -0.901560 11.652534,
2.797865 -0.498041 11.945343,
3.509746 -1.376242 11.830330,
4.044936 -1.512011 11.619774,
3.638157 -0.901560 11.652534,
3.509746 -1.376242 11.830330,
0.533580 1.124272 9.245514,
0.444722 0.729891 9.964050,
1.314367 0.792639 10.053856,
1.571458 1.141604 9.224785,
0.533580 1.124272 9.245514,
1.314367 0.792639 10.053856,
-0.816896 -0.132553 8.074104,
-0.709999 -0.102100 9.138649,
-0.618753 0.293808 8.735115,
-0.838212 0.772682 8.180168,
-0.816896 -0.132553 8.074104,
-0.618753 0.293808 8.735115,
-0.941598 0.365259 7.450996,
-0.816896 -0.132553 8.074104,
-0.838212 0.772682 8.180168,
0.265045 -2.609277 6.440544,
-0.361791 -2.301509 6.771095,
0.139572 -1.760018 6.548492,
0.513153 -1.384027 6.440613,
0.265045 -2.609277 6.440544,
0.139572 -1.760018 6.548492,
-1.479877 -5.012729 10.922485,
-0.998745 -4.333095 10.896011,
-1.499197 -4.434670 10.166618,
4.421273 -4.118786 10.279945,
3.745565 -4.908890 9.964447,
4.646161 -4.347109 9.412987,
5.351129 -4.103147 9.609474,
4.421273 -4.118786 10.279945,
4.646161 -4.347109 9.412987,
5.203107 -3.842201 10.434731,
4.421273 -4.118786 10.279945,
5.351129 -4.103147 9.609474,
5.924135 -4.055218 10.181602,
5.203107 -3.842201 10.434731,
5.351129 -4.103147 9.609474,
6.096329 -3.563659 10.842743,
5.203107 -3.842201 10.434731,
5.924135 -4.055218 10.181602,
5.456649 -2.908313 11.115173,
5.203107 -3.842201 10.434731,
6.096329 -3.563659 10.842743,
6.259185 -2.792721 11.138565,
5.456649 -2.908313 11.115173,
6.096329 -3.563659 10.842743,
5.677018 -1.988740 10.982574,
5.456649 -2.908313 11.115173,
6.259185 -2.792721 11.138565,
5.064113 -2.169904 11.044014,
5.456649 -2.908313 11.115173,
5.677018 -1.988740 10.982574,
5.574721 -1.392497 10.577408,
5.064113 -2.169904 11.044014,
5.677018 -1.988740 10.982574,
6.383719 -1.427634 10.529854,
5.574721 -1.392497 10.577408,
5.677018 -1.988740 10.982574,
5.863130 -1.003677 9.831139,
5.574721 -1.392497 10.577408,
6.383719 -1.427634 10.529854,
5.023958 -0.706516 10.225502,
5.574721 -1.392497 10.577408,
5.863130 -1.003677 9.831139,
5.339996 -0.954826 9.200600,
5.023958 -0.706516 10.225502,
5.863130 -1.003677 9.831139,
4.661793 -0.315645 9.210114,
5.023958 -0.706516 10.225502,
5.339996 -0.954826 9.200600,
4.661477 -0.514644 8.507835,
4.661793 -0.315645 9.210114,
5.339996 -0.954826 9.200600,
4.260135 0.141770 8.521492,
4.661793 -0.315645 9.210114,
4.661477 -0.514644 8.507835,
4.168776 -0.232064 7.855125,
4.260135 0.141770 8.521492,
4.661477 -0.514644 8.507835,
3.738656 0.202152 7.957100,
4.260135 0.141770 8.521492,
4.168776 -0.232064 7.855125,
3.630747 0.525902 8.752197,
4.260135 0.141770 8.521492,
3.738656 0.202152 7.957100,
3.352634 0.198406 7.578224,
3.630747 0.525902 8.752197,
3.738656 0.202152 7.957100,
3.689737 -0.184008 7.512489,
3.352634 0.198406 7.578224,
3.738656 0.202152 7.957100,
3.257601 -0.078600 7.123466,
3.352634 0.198406 7.578224,
3.689737 -0.184008 7.512489,
3.687721 -0.512815 7.021500,
3.257601 -0.078600 7.123466,
3.689737 -0.184008 7.512489,
3.102625 -0.530223 6.520012,
3.257601 -0.078600 7.123466,
3.687721 -0.512815 7.021500,
3.508687 -1.187431 6.510147,
3.102625 -0.530223 6.520012,
3.687721 -0.512815 7.021500,
0.731605 0.251320 10.763245,
0.009944 0.125713 10.148392,
-0.344818 -0.779553 10.934166,
3.760788 -1.664936 6.541824,
4.463275 -1.173263 7.399269,
4.338537 -1.643284 7.043007,
3.687721 -0.512815 7.021500,
4.463275 -1.173263 7.399269,
3.760788 -1.664936 6.541824,
3.508687 -1.187431 6.510147,
3.687721 -0.512815 7.021500,
3.760788 -1.664936 6.541824,
3.284353 -1.711532 6.354645,
3.508687 -1.187431 6.510147,
3.760788 -1.664936 6.541824,
3.654076 -2.171497 6.385056,
3.284353 -1.711532 6.354645,
3.760788 -1.664936 6.541824,
3.654076 -2.171497 6.385056,
3.760788 -1.664936 6.541824,
4.036129 -2.871011 6.721741,
3.454014 -2.895765 6.219078,
3.654076 -2.171497 6.385056,
4.036129 -2.871011 6.721741,
3.751399 -3.420861 6.698616,
3.454014 -2.895765 6.219078,
4.036129 -2.871011 6.721741,
2.971754 -3.489146 6.329659,
3.454014 -2.895765 6.219078,
3.751399 -3.420861 6.698616,
3.937746 -3.761920 7.074814,
2.971754 -3.489146 6.329659,
3.751399 -3.420861 6.698616,
3.937746 -3.761920 7.074814,
4.322309 -3.748295 7.454941,
4.339872 -4.273804 8.142090,
3.469255 -4.713145 7.663139,
3.937746 -3.761920 7.074814,
4.339872 -4.273804 8.142090,
3.457018 -4.347012 7.184387,
3.937746 -3.761920 7.074814,
3.469255 -4.713145 7.663139,
2.913822 -4.394588 6.927322,
3.937746 -3.761920 7.074814,
3.457018 -4.347012 7.184387,
2.971754 -3.489146 6.329659,
3.937746 -3.761920 7.074814,
2.913822 -4.394588 6.927322,
2.614905 -3.877780 6.448784,
2.971754 -3.489146 6.329659,
2.913822 -4.394588 6.927322,
2.080931 -3.944606 6.394218,
2.614905 -3.877780 6.448784,
2.913822 -4.394588 6.927322,
1.827144 -4.841028 7.227783,
2.080931 -3.944606 6.394218,
2.913822 -4.394588 6.927322,
2.590345 -4.790124 7.247200,
1.827144 -4.841028 7.227783,
2.913822 -4.394588 6.927322,
1.636999 -5.121240 7.649559,
1.827144 -4.841028 7.227783,
2.590345 -4.790124 7.247200,
2.590345 -4.790124 7.247200,
2.933621 -4.987004 7.701958,
2.129701 -5.403820 8.302277,
1.636999 -5.121240 7.649559,
2.590345 -4.790124 7.247200,
2.129701 -5.403820 8.302277,
1.236131 -5.479150 8.295052,
1.636999 -5.121240 7.649559,
2.129701 -5.403820 8.302277,
1.514801 -5.713184 8.857933,
1.236131 -5.479150 8.295052,
2.129701 -5.403820 8.302277,
0.654744 -6.106368 8.837685,
1.236131 -5.479150 8.295052,
1.514801 -5.713184 8.857933,
1.182762 -5.851356 9.670509,
0.654744 -6.106368 8.837685,
1.514801 -5.713184 8.857933,
0.638782 -6.593009 9.659767,
0.654744 -6.106368 8.837685,
1.182762 -5.851356 9.670509,
0.867597 -6.205120 10.370796,
0.638782 -6.593009 9.659767,
1.182762 -5.851356 9.670509,
1.429245 -5.701719 10.242043,
0.867597 -6.205120 10.370796,
1.182762 -5.851356 9.670509,
1.951552 -5.458289 9.614784,
1.429245 -5.701719 10.242043,
1.182762 -5.851356 9.670509,
2.202055 -5.253428 10.440788,
1.429245 -5.701719 10.242043,
1.951552 -5.458289 9.614784,
2.836647 -1.745876 6.104485,
3.095744 -2.220399 6.120827,
2.698152 -2.988198 6.088547,
1.810974 -2.375342 5.955452,
2.836647 -1.745876 6.104485,
2.698152 -2.988198 6.088547,
2.087985 -1.840398 5.977943,
2.836647 -1.745876 6.104485,
1.810974 -2.375342 5.955452,
2.950355 -1.236333 6.245918,
2.836647 -1.745876 6.104485,
2.087985 -1.840398 5.977943,
1.817577 -0.717102 6.346077,
2.950355 -1.236333 6.245918,
2.087985 -1.840398 5.977943,
1.669526 -1.417953 6.077148,
1.817577 -0.717102 6.346077,
2.087985 -1.840398 5.977943,
1.014290 -0.705822 6.212364,
1.817577 -0.717102 6.346077,
1.669526 -1.417953 6.077148,
1.133893 -1.691812 6.115967,
1.014290 -0.705822 6.212364,
1.669526 -1.417953 6.077148,
2.340491 0.593392 10.739548,
1.847790 0.875972 10.086830,
0.731605 0.251320 10.763245,
1.432263 0.211638 11.547798,
2.340491 0.593392 10.739548,
0.731605 0.251320 10.763245,
0.581676 -0.223250 11.609444,
1.432263 0.211638 11.547798,
0.731605 0.251320 10.763245,
-0.344818 -0.779553 10.934166,
0.581676 -0.223250 11.609444,
0.731605 0.251320 10.763245,
-0.171939 -1.232416 11.272125,
0.581676 -0.223250 11.609444,
-0.344818 -0.779553 10.934166,
0.630330 -0.905291 12.304085,
0.581676 -0.223250 11.609444,
-0.171939 -1.232416 11.272125,
0.409472 -1.719179 12.118446,
0.630330 -0.905291 12.304085,
-0.171939 -1.232416 11.272125,
-0.299907 -1.708429 11.446648,
0.409472 -1.719179 12.118446,
-0.171939 -1.232416 11.272125,
2.202055 -5.253428 10.440788,
1.951552 -5.458289 9.614784,
2.779851 -5.432672 9.284920,
3.195006 -5.190380 10.004349,
2.202055 -5.253428 10.440788,
2.779851 -5.432672 9.284920,
2.948350 -5.088104 10.474747,
2.202055 -5.253428 10.440788,
3.195006 -5.190380 10.004349,
3.388468 -4.826730 10.428047,
2.948350 -5.088104 10.474747,
3.195006 -5.190380 10.004349,
3.069968 -4.815238 10.925659,
2.948350 -5.088104 10.474747,
3.388468 -4.826730 10.428047,
3.620527 -4.533749 10.885757,
3.069968 -4.815238 10.925659,
3.388468 -4.826730 10.428047,
3.230687 -4.361903 11.530281,
3.069968 -4.815238 10.925659,
3.620527 -4.533749 10.885757,
3.799561 -3.859133 11.397110,
3.230687 -4.361903 11.530281,
3.620527 -4.533749 10.885757,
3.377214 -3.657505 11.803207,
3.230687 -4.361903 11.530281,
3.799561 -3.859133 11.397110,
3.793852 -3.299208 11.585892,
3.377214 -3.657505 11.803207,
3.799561 -3.859133 11.397110,
3.464336 -3.143821 11.948494,
3.377214 -3.657505 11.803207,
3.793852 -3.299208 11.585892,
3.837918 -2.767829 11.840614,
3.464336 -3.143821 11.948494,
3.793852 -3.299208 11.585892,
3.712445 -1.918570 11.948570,
3.464336 -3.143821 11.948494,
3.837918 -2.767829 11.840614,
4.044936 -1.512011 11.619774,
3.712445 -1.918570 11.948570,
3.837918 -2.767829 11.840614,
4.568847 -2.711377 11.260712,
4.044936 -1.512011 11.619774,
3.837918 -2.767829 11.840614,
4.634692 -1.793561 11.052704,
4.044936 -1.512011 11.619774,
4.568847 -2.711377 11.260712,
4.898048 -1.117356 10.805130,
4.044936 -1.512011 11.619774,
4.634692 -1.793561 11.052704,
4.096396 -0.605563 11.023048,
4.044936 -1.512011 11.619774,
4.898048 -1.117356 10.805130,
3.638157 -0.901560 11.652534,
4.044936 -1.512011 11.619774,
4.096396 -0.605563 11.023048,
3.830212 -0.118195 10.788475,
3.638157 -0.901560 11.652534,
4.096396 -0.605563 11.023048,
4.176850 -0.415339 10.552361,
3.830212 -0.118195 10.788475,
4.096396 -0.605563 11.023048,
4.076597 -0.013146 10.248405,
3.830212 -0.118195 10.788475,
4.176850 -0.415339 10.552361,
3.753559 0.412770 9.700981,
3.830212 -0.118195 10.788475,
4.076597 -0.013146 10.248405,
-0.916481 -2.566006 10.610291,
-1.101605 -3.666870 10.198906,
-0.688107 -3.574340 10.840172,
-1.128998 -3.342292 9.476311,
-1.101605 -3.666870 10.198906,
-0.916481 -2.566006 10.610291,
1.536005 0.549659 6.243172,
1.849479 -0.165871 6.299248,
1.014290 -0.705822 6.212364,
0.618785 0.488629 5.936668,
1.536005 0.549659 6.243172,
1.014290 -0.705822 6.212364,
-0.973666 -2.013544 7.891777,
-0.214933 -1.516693 6.902420,
-0.747057 -2.126101 7.413712,
-0.724412 -0.410024 7.392662,
-0.272564 -0.625736 6.958199,
-0.214933 -1.516693 6.902420,
-0.891996 -1.274620 8.072769,
-0.724412 -0.410024 7.392662,
-0.214933 -1.516693 6.902420,
-0.973666 -2.013544 7.891777,
-0.891996 -1.274620 8.072769,
-0.214933 -1.516693 6.902420,
-1.156825 -2.300809 8.311905,
-0.891996 -1.274620 8.072769,
-0.973666 -2.013544 7.891777,
-1.156825 -2.300809 8.311905,
-0.967180 -1.049055 8.626740,
-0.891996 -1.274620 8.072769,
-1.264734 -1.977059 9.107002,
-0.967180 -1.049055 8.626740,
-1.156825 -2.300809 8.311905,
-1.066970 -2.908995 8.234596,
-1.264734 -1.977059 9.107002,
-1.156825 -2.300809 8.311905,
3.753559 0.412770 9.700981,
4.076597 -0.013146 10.248405,
3.983589 0.323537 9.219627,
3.445399 0.549058 9.312828,
3.753559 0.412770 9.700981,
3.983589 0.323537 9.219627,
3.300218 0.649778 9.876717,
3.753559 0.412770 9.700981,
3.445399 0.549058 9.312828,
2.947376 0.852142 9.409279,
3.300218 0.649778 9.876717,
3.445399 0.549058 9.312828,
2.618579 0.926457 10.102470,
3.300218 0.649778 9.876717,
2.947376 0.852142 9.409279,
2.101040 0.983948 9.531723,
2.618579 0.926457 10.102470,
2.947376 0.852142 9.409279,
2.654346 0.802559 8.364265,
2.101040 0.983948 9.531723,
2.947376 0.852142 9.409279,
1.925093 1.292378 8.449631,
2.101040 0.983948 9.531723,
2.654346 0.802559 8.364265,
1.571458 1.141604 9.224785,
2.101040 0.983948 9.531723,
1.925093 1.292378 8.449631,
1.248420 1.567520 8.677353,
1.571458 1.141604 9.224785,
1.925093 1.292378 8.449631,
0.533580 1.124272 9.245514,
1.571458 1.141604 9.224785,
1.248420 1.567520 8.677353,
0.234663 1.641079 8.766975,
0.533580 1.124272 9.245514,
1.248420 1.567520 8.677353,
0.745375 2.265560 8.261948,
0.234663 1.641079 8.766975,
1.248420 1.567520 8.677353,
-0.094146 2.209568 8.240585,
0.234663 1.641079 8.766975,
0.745375 2.265560 8.261948,
-0.622946 1.565966 8.361122,
0.234663 1.641079 8.766975,
-0.094146 2.209568 8.240585,
-0.642266 2.144024 7.605247,
-0.622946 1.565966 8.361122,
-0.094146 2.209568 8.240585,
-1.079618 1.299445 7.569740,
-0.622946 1.565966 8.361122,
-0.642266 2.144024 7.605247,
-0.838212 0.772682 8.180168,
-0.622946 1.565966 8.361122,
-1.079618 1.299445 7.569740,
-0.941598 0.365259 7.450996,
-0.838212 0.772682 8.180168,
-1.079618 1.299445 7.569740,
-0.960917 0.943318 6.695129,
-0.941598 0.365259 7.450996,
-1.079618 1.299445 7.569740,
-0.636268 0.166804 6.692192,
-0.941598 0.365259 7.450996,
-0.960917 0.943318 6.695129,
-0.312185 0.633615 6.071358,
-0.636268 0.166804 6.692192,
-0.960917 0.943318 6.695129,
0.073562 -0.198059 6.349159,
-0.636268 0.166804 6.692192,
-0.312185 0.633615 6.071358,
0.618785 0.488629 5.936668,
0.073562 -0.198059 6.349159,
-0.312185 0.633615 6.071358,
1.014290 -0.705822 6.212364,
0.073562 -0.198059 6.349159,
0.618785 0.488629 5.936668,
0.513153 -1.384027 6.440613,
0.073562 -0.198059 6.349159,
1.014290 -0.705822 6.212364,
1.133893 -1.691812 6.115967,
0.513153 -1.384027 6.440613,
1.014290 -0.705822 6.212364,
1.221312 -2.283510 6.040756,
0.513153 -1.384027 6.440613,
1.133893 -1.691812 6.115967,
0.265045 -2.609277 6.440544,
0.513153 -1.384027 6.440613,
1.221312 -2.283510 6.040756,
0.726046 -2.824984 6.257454,
0.265045 -2.609277 6.440544,
1.221312 -2.283510 6.040756,
0.467744 -3.151607 6.558777,
0.265045 -2.609277 6.440544,
0.726046 -2.824984 6.257454,
0.960993 -3.311854 6.275551,
0.467744 -3.151607 6.558777,
0.726046 -2.824984 6.257454,
0.628502 -3.718411 6.604340,
0.467744 -3.151607 6.558777,
0.960993 -3.311854 6.275551,
0.175714 -3.497912 6.801659,
0.467744 -3.151607 6.558777,
0.628502 -3.718411 6.604340,
-1.936548 -5.279249 10.131111,
-1.499197 -4.434670 10.166618,
-1.728012 -4.822559 9.455589,
-1.817848 -5.635377 9.256493,
-1.936548 -5.279249 10.131111,
-1.728012 -4.822559 9.455589,
-1.307137 -5.010894 8.751472,
-1.817848 -5.635377 9.256493,
-1.728012 -4.822559 9.455589,
-1.169117 -5.945080 8.632721,
-1.817848 -5.635377 9.256493,
-1.307137 -5.010894 8.751472,
-0.624324 -5.349460 8.394356,
-1.169117 -5.945080 8.632721,
-1.307137 -5.010894 8.751472,
-0.238147 -6.090065 8.498039,
-1.169117 -5.945080 8.632721,
-0.624324 -5.349460 8.394356,
0.342561 -5.554481 8.287819,
-0.238147 -6.090065 8.498039,
-0.624324 -5.349460 8.394356,
-0.129057 -4.807985 8.177658,
0.342561 -5.554481 8.287819,
-0.624324 -5.349460 8.394356,
0.529331 -5.109168 7.937317,
0.342561 -5.554481 8.287819,
-0.129057 -4.807985 8.177658,
0.165563 -4.383613 7.613258,
0.529331 -5.109168 7.937317,
-0.129057 -4.807985 8.177658,
0.823951 -4.684795 7.372917,
0.529331 -5.109168 7.937317,
0.165563 -4.383613 7.613258,
-1.479877 -5.012729 10.922485,
-1.499197 -4.434670 10.166618,
-1.936548 -5.279249 10.131111,
-1.695144 -5.806012 10.741539,
-1.479877 -5.012729 10.922485,
-1.936548 -5.279249 10.131111,
-1.059619 -5.782196 11.292831,
-1.479877 -5.012729 10.922485,
-1.695144 -5.806012 10.741539,
-1.256557 -6.524272 10.730347,
-1.059619 -5.782196 11.292831,
-1.695144 -5.806012 10.741539,
-0.398947 -6.449159 11.136208,
-1.059619 -5.782196 11.292831,
-1.256557 -6.524272 10.730347,
-0.236092 -5.678221 11.432030,
-1.059619 -5.782196 11.292831,
-0.398947 -6.449159 11.136208,
0.446722 -6.016786 11.074913,
-0.236092 -5.678221 11.432030,
-0.398947 -6.449159 11.136208,
0.319178 -5.099595 11.310226,
-0.236092 -5.678221 11.432030,
0.446722 -6.016786 11.074913,
1.022369 -5.450333 10.891594,
0.319178 -5.099595 11.310226,
0.446722 -6.016786 11.074913,
1.163140 -4.735519 11.252510,
0.319178 -5.099595 11.310226,
1.022369 -5.450333 10.891594,
1.791158 -5.057266 10.835876,
1.163140 -4.735519 11.252510,
1.022369 -5.450333 10.891594,
1.947698 -4.610394 11.436913,
1.163140 -4.735519 11.252510,
1.791158 -5.057266 10.835876,
1.319680 -4.288646 11.853546,
1.163140 -4.735519 11.252510,
1.947698 -4.610394 11.436913,
2.053092 -4.189224 11.712059,
1.319680 -4.288646 11.853546,
1.947698 -4.610394 11.436913,
1.627746 -3.897845 12.000801,
1.319680 -4.288646 11.853546,
2.053092 -4.189224 11.712059,
2.159913 -3.810747 12.043037,
1.627746 -3.897845 12.000801,
2.053092 -4.189224 11.712059,
1.027135 -3.291515 12.143188,
1.627746 -3.897845 12.000801,
2.159913 -3.810747 12.043037,
2.478561 -2.947246 12.302734,
1.027135 -3.291515 12.143188,
2.159913 -3.810747 12.043037,
1.757482 -2.376076 12.645615,
1.027135 -3.291515 12.143188,
2.478561 -2.947246 12.302734,
0.693137 -2.816317 12.034462,
1.027135 -3.291515 12.143188,
1.757482 -2.376076 12.645615,
0.468803 -3.340416 11.878960,
1.027135 -3.291515 12.143188,
0.693137 -2.816317 12.034462,
0.215239 -2.651628 11.900612,
0.468803 -3.340416 11.878960,
0.693137 -2.816317 12.034462,
0.409472 -1.719179 12.118446,
0.215239 -2.651628 11.900612,
0.693137 -2.816317 12.034462,
-0.299907 -1.708429 11.446648,
0.215239 -2.651628 11.900612,
0.409472 -1.719179 12.118446,
-0.361047 -2.884564 11.346107,
0.215239 -2.651628 11.900612,
-0.299907 -1.708429 11.446648,
-0.627232 -2.397197 11.111534,
-0.361047 -2.884564 11.346107,
-0.299907 -1.708429 11.446648,
-0.629549 -1.329402 10.911049,
-0.627232 -2.397197 11.111534,
-0.299907 -1.708429 11.446648,
-1.135940 -2.087132 10.055351,
-0.627232 -2.397197 11.111534,
-0.629549 -1.329402 10.911049,
-0.916481 -2.566006 10.610291,
-0.627232 -2.397197 11.111534,
-1.135940 -2.087132 10.055351,
-1.252157 -2.353394 9.599098,
-0.916481 -2.566006 10.610291,
-1.135940 -2.087132 10.055351,
-1.128998 -3.342292 9.476311,
-0.916481 -2.566006 10.610291,
-1.252157 -2.353394 9.599098,
-1.264734 -1.977059 9.107002,
-1.128998 -3.342292 9.476311,
-1.252157 -2.353394 9.599098,
-1.066970 -2.908995 8.234596,
-1.128998 -3.342292 9.476311,
-1.264734 -1.977059 9.107002,
-0.821286 -4.459606 8.417297,
-1.212982 -4.220855 9.280479,
-1.128998 -3.342292 9.476311,
-1.066970 -2.908995 8.234596,
-0.821286 -4.459606 8.417297,
-1.128998 -3.342292 9.476311,
-0.528235 -3.880678 7.807022,
-0.821286 -4.459606 8.417297,
-1.066970 -2.908995 8.234596,
-0.824939 -3.020202 7.763817,
-0.528235 -3.880678 7.807022,
-1.066970 -2.908995 8.234596,
-0.118907 -3.922285 7.366066,
-0.528235 -3.880678 7.807022,
-0.824939 -3.020202 7.763817,
-0.067446 -3.015836 6.769325,
-0.118907 -3.922285 7.366066,
-0.824939 -3.020202 7.763817,
-0.657202 -2.734287 7.336403,
-0.067446 -3.015836 6.769325,
-0.824939 -3.020202 7.763817,
0.165563 -4.383613 7.613258,
0.175714 -3.497912 6.801659,
0.628502 -3.718411 6.604340,
0.823951 -4.684795 7.372917,
0.165563 -4.383613 7.613258,
0.628502 -3.718411 6.604340,
5.856285 2.653758 12.400414,
6.238669 2.104613 12.479080,
6.450337 2.484433 12.772682,
6.404994 2.157885 11.706734,
6.238669 2.104613 12.479080,
5.856285 2.653758 12.400414,
6.218065 3.084629 12.175781,
5.856285 2.653758 12.400414,
6.450337 2.484433 12.772682,
6.238669 2.104613 12.479080,
6.450337 2.484433 12.772682,
6.218065 3.084629 12.175781,
6.218065 3.084629 12.175781,
6.404994 2.157885 11.706734,
5.856285 2.653758 12.400414,
6.238669 2.104613 12.479080,
6.218065 3.084629 12.175781,
6.404994 2.157885 11.706734,
   ]
  }
  coordIndex [
0 1 2 -1,
3 4 5 -1,
6 7 8 -1,
9 10 11 -1,
12 13 14 -1,
15 16 17 -1,
18 19 20 -1,
21 22 23 -1,
24 25 26 -1,
27 28 29 -1,
30 31 32 -1,
33 34 35 -1,
36 37 38 -1,
39 40 41 -1,
42 43 44 -1,
45 46 47 -1,
48 49 50 -1,
51 52 53 -1,
54 55 56 -1,
57 58 59 -1,
60 61 62 -1,
63 64 65 -1,
66 67 68 -1,
69 70 71 -1,
72 73 74 -1,
75 76 77 -1,
78 79 80 -1,
81 82 83 -1,
84 85 86 -1,
87 88 89 -1,
90 91 92 -1,
93 94 95 -1,
96 97 98 -1,
99 100 101 -1,
102 103 104 -1,
105 106 107 -1,
108 109 110 -1,
111 112 113 -1,
114 115 116 -1,
117 118 119 -1,
120 121 122 -1,
123 124 125 -1,
126 127 128 -1,
129 130 131 -1,
132 133 134 -1,
135 136 137 -1,
138 139 140 -1,
141 142 143 -1,
144 145 146 -1,
147 148 149 -1,
150 151 152 -1,
153 154 155 -1,
156 157 158 -1,
159 160 161 -1,
162 163 164 -1,
165 166 167 -1,
168 169 170 -1,
171 172 173 -1,
174 175 176 -1,
177 178 179 -1,
180 181 182 -1,
183 184 185 -1,
186 187 188 -1,
189 190 191 -1,
192 193 194 -1,
195 196 197 -1,
198 199 200 -1,
201 202 203 -1,
204 205 206 -1,
207 208 209 -1,
210 211 212 -1,
213 214 215 -1,
216 217 218 -1,
219 220 221 -1,
222 223 224 -1,
225 226 227 -1,
228 229 230 -1,
231 232 233 -1,
234 235 236 -1,
237 238 239 -1,
240 241 242 -1,
243 244 245 -1,
246 247 248 -1,
249 250 251 -1,
252 253 254 -1,
255 256 257 -1,
258 259 260 -1,
261 262 263 -1,
264 265 266 -1,
267 268 269 -1,
270 271 272 -1,
273 274 275 -1,
276 277 278 -1,
279 280 281 -1,
282 283 284 -1,
285 286 287 -1,
288 289 290 -1,
291 292 293 -1,
294 295 296 -1,
297 298 299 -1,
300 301 302 -1,
303 304 305 -1,
306 307 308 -1,
309 310 311 -1,
312 313 314 -1,
315 316 317 -1,
318 319 320 -1,
321 322 323 -1,
324 325 326 -1,
327 328 329 -1,
330 331 332 -1,
333 334 335 -1,
336 337 338 -1,
339 340 341 -1,
342 343 344 -1,
345 346 347 -1,
348 349 350 -1,
351 352 353 -1,
354 355 356 -1,
357 358 359 -1,
360 361 362 -1,
363 364 365 -1,
366 367 368 -1,
369 370 371 -1,
372 373 374 -1,
375 376 377 -1,
378 379 380 -1,
381 382 383 -1,
384 385 386 -1,
387 388 389 -1,
390 391 392 -1,
393 394 395 -1,
396 397 398 -1,
399 400 401 -1,
402 403 404 -1,
405 406 407 -1,
408 409 410 -1,
411 412 413 -1,
414 415 416 -1,
417 418 419 -1,
420 421 422 -1,
423 424 425 -1,
426 427 428 -1,
429 430 431 -1,
432 433 434 -1,
435 436 437 -1,
438 439 440 -1,
441 442 443 -1,
444 445 446 -1,
447 448 449 -1,
450 451 452 -1,
453 454 455 -1,
456 457 458 -1,
459 460 461 -1,
462 463 464 -1,
465 466 467 -1,
468 469 470 -1,
471 472 473 -1,
474 475 476 -1,
477 478 479 -1,
480 481 482 -1,
483 484 485 -1,
486 487 488 -1,
489 490 491 -1,
492 493 494 -1,
495 496 497 -1,
498 499 500 -1,
501 502 503 -1,
504 505 506 -1,
507 508 509 -1,
510 511 512 -1,
513 514 515 -1,
516 517 518 -1,
519 520 521 -1,
522 523 524 -1,
525 526 527 -1,
528 529 530 -1,
531 532 533 -1,
534 535 536 -1,
537 538 539 -1,
540 541 542 -1,
543 544 545 -1,
546 547 548 -1,
549 550 551 -1,
552 553 554 -1,
555 556 557 -1,
558 559 560 -1,
561 562 563 -1,
564 565 566 -1,
567 568 569 -1,
570 571 572 -1,
573 574 575 -1,
576 577 578 -1,
579 580 581 -1,
582 583 584 -1,
585 586 587 -1,
588 589 590 -1,
591 592 593 -1,
594 595 596 -1,
597 598 599 -1,
600 601 602 -1,
603 604 605 -1,
606 607 608 -1,
609 610 611 -1,
612 613 614 -1,
615 616 617 -1,
618 619 620 -1,
621 622 623 -1,
624 625 626 -1,
627 628 629 -1,
630 631 632 -1,
633 634 635 -1,
636 637 638 -1,
639 640 641 -1,
642 643 644 -1,
645 646 647 -1,
648 649 650 -1,
651 652 653 -1,
654 655 656 -1,
657 658 659 -1,
660 661 662 -1,
663 664 665 -1,
666 667 668 -1,
669 670 671 -1,
672 673 674 -1,
675 676 677 -1,
678 679 680 -1,
681 682 683 -1,
684 685 686 -1,
687 688 689 -1,
690 691 692 -1,
693 694 695 -1,
696 697 698 -1,
699 700 701 -1,
702 703 704 -1,
705 706 707 -1,
708 709 710 -1,
711 712 713 -1,
714 715 716 -1,
717 718 719 -1,
720 721 722 -1,
723 724 725 -1,
726 727 728 -1,
729 730 731 -1,
732 733 734 -1,
735 736 737 -1,
738 739 740 -1,
741 742 743 -1,
744 745 746 -1,
747 748 749 -1,
750 751 752 -1,
753 754 755 -1,
756 757 758 -1,
759 760 761 -1,
762 763 764 -1,
765 766 767 -1,
768 769 770 -1,
771 772 773 -1,
774 775 776 -1,
777 778 779 -1,
780 781 782 -1,
783 784 785 -1,
786 787 788 -1,
789 790 791 -1,
792 793 794 -1,
795 796 797 -1,
798 799 800 -1,
801 802 803 -1,
804 805 806 -1,
807 808 809 -1,
810 811 812 -1,
813 814 815 -1,
816 817 818 -1,
819 820 821 -1,
822 823 824 -1,
825 826 827 -1,
828 829 830 -1,
831 832 833 -1,
834 835 836 -1,
837 838 839 -1,
840 841 842 -1,
843 844 845 -1,
846 847 848 -1,
849 850 851 -1,
852 853 854 -1,
855 856 857 -1,
858 859 860 -1,
861 862 863 -1,
864 865 866 -1,
867 868 869 -1,
870 871 872 -1,
873 874 875 -1,
876 877 878 -1,
879 880 881 -1,
882 883 884 -1,
885 886 887 -1,
888 889 890 -1,
891 892 893 -1,
894 895 896 -1,
897 898 899 -1,
900 901 902 -1,
903 904 905 -1,
906 907 908 -1,
909 910 911 -1,
912 913 914 -1,
915 916 917 -1,
918 919 920 -1,
921 922 923 -1,
924 925 926 -1,
927 928 929 -1,
930 931 932 -1,
933 934 935 -1,
936 937 938 -1,
939 940 941 -1,
942 943 944 -1,
945 946 947 -1,
948 949 950 -1,
951 952 953 -1,
954 955 956 -1,
957 958 959 -1,
960 961 962 -1,
963 964 965 -1,
966 967 968 -1,
969 970 971 -1,
972 973 974 -1,
975 976 977 -1,
978 979 980 -1,
981 982 983 -1,
984 985 986 -1,
987 988 989 -1,
990 991 992 -1,
993 994 995 -1,
996 997 998 -1,
999 1000 1001 -1,
1002 1003 1004 -1,
1005 1006 1007 -1,
1008 1009 1010 -1,
1011 1012 1013 -1,
1014 1015 1016 -1,
1017 1018 1019 -1,
1020 1021 1022 -1,
1023 1024 1025 -1,
1026 1027 1028 -1,
1029 1030 1031 -1,
1032 1033 1034 -1,
1035 1036 1037 -1,
1038 1039 1040 -1,
1041 1042 1043 -1,
1044 1045 1046 -1,
1047 1048 1049 -1,
1050 1051 1052 -1,
1053 1054 1055 -1,
1056 1057 1058 -1,
1059 1060 1061 -1,
1062 1063 1064 -1,
1065 1066 1067 -1,
1068 1069 1070 -1,
1071 1072 1073 -1,
1074 1075 1076 -1,
1077 1078 1079 -1,
1080 1081 1082 -1,
1083 1084 1085 -1,
1086 1087 1088 -1,
1089 1090 1091 -1,
1092 1093 1094 -1,
1095 1096 1097 -1,
1098 1099 1100 -1,
1101 1102 1103 -1,
1104 1105 1106 -1,
1107 1108 1109 -1,
1110 1111 1112 -1,
1113 1114 1115 -1,
1116 1117 1118 -1,
1119 1120 1121 -1,
1122 1123 1124 -1,
1125 1126 1127 -1,
1128 1129 1130 -1,
1131 1132 1133 -1,
1134 1135 1136 -1,
1137 1138 1139 -1,
1140 1141 1142 -1,
1143 1144 1145 -1,
1146 1147 1148 -1,
1149 1150 1151 -1,
1152 1153 1154 -1,
1155 1156 1157 -1,
1158 1159 1160 -1,
1161 1162 1163 -1,
1164 1165 1166 -1,
1167 1168 1169 -1,
1170 1171 1172 -1,
1173 1174 1175 -1,
1176 1177 1178 -1,
1179 1180 1181 -1,
1182 1183 1184 -1,
1185 1186 1187 -1,
1188 1189 1190 -1,
1191 1192 1193 -1,
1194 1195 1196 -1,
1197 1198 1199 -1,
1200 1201 1202 -1,
1203 1204 1205 -1,
1206 1207 1208 -1,
1209 1210 1211 -1,
1212 1213 1214 -1,
1215 1216 1217 -1,
1218 1219 1220 -1,
1221 1222 1223 -1,
1224 1225 1226 -1,
1227 1228 1229 -1,
1230 1231 1232 -1,
1233 1234 1235 -1,
1236 1237 1238 -1,
1239 1240 1241 -1,
1242 1243 1244 -1,
1245 1246 1247 -1,
1248 1249 1250 -1,
1251 1252 1253 -1,
1254 1255 1256 -1,
1257 1258 1259 -1,
1260 1261 1262 -1,
1263 1264 1265 -1,
1266 1267 1268 -1,
1269 1270 1271 -1,
1272 1273 1274 -1,
1275 1276 1277 -1,
1278 1279 1280 -1,
1281 1282 1283 -1,
1284 1285 1286 -1,
1287 1288 1289 -1,
1290 1291 1292 -1,
1293 1294 1295 -1,
1296 1297 1298 -1,
1299 1300 1301 -1,
1302 1303 1304 -1,
1305 1306 1307 -1,
1308 1309 1310 -1,
1311 1312 1313 -1,
1314 1315 1316 -1,
1317 1318 1319 -1,
1320 1321 1322 -1,
1323 1324 1325 -1,
1326 1327 1328 -1,
1329 1330 1331 -1,
1332 1333 1334 -1,
1335 1336 1337 -1,
1338 1339 1340 -1,
1341 1342 1343 -1,
1344 1345 1346 -1,
1347 1348 1349 -1,
1350 1351 1352 -1,
1353 1354 1355 -1,
1356 1357 1358 -1,
1359 1360 1361 -1,
1362 1363 1364 -1,
1365 1366 1367 -1,
1368 1369 1370 -1,
1371 1372 1373 -1,
1374 1375 1376 -1,
1377 1378 1379 -1,
1380 1381 1382 -1,
1383 1384 1385 -1,
1386 1387 1388 -1,
1389 1390 1391 -1,
1392 1393 1394 -1,
1395 1396 1397 -1,
1398 1399 1400 -1,
1401 1402 1403 -1,
1404 1405 1406 -1,
1407 1408 1409 -1,
1410 1411 1412 -1,
1413 1414 1415 -1,
1416 1417 1418 -1,
1419 1420 1421 -1,
1422 1423 1424 -1,
1425 1426 1427 -1,
1428 1429 1430 -1,
1431 1432 1433 -1,
1434 1435 1436 -1,
1437 1438 1439 -1,
1440 1441 1442 -1,
1443 1444 1445 -1,
1446 1447 1448 -1,
1449 1450 1451 -1,
1452 1453 1454 -1,
1455 1456 1457 -1,
1458 1459 1460 -1,
1461 1462 1463 -1,
1464 1465 1466 -1,
1467 1468 1469 -1,
1470 1471 1472 -1,
1473 1474 1475 -1,
1476 1477 1478 -1,
1479 1480 1481 -1,
1482 1483 1484 -1,
1485 1486 1487 -1,
1488 1489 1490 -1,
1491 1492 1493 -1,
1494 1495 1496 -1,
1497 1498 1499 -1,
1500 1501 1502 -1,
1503 1504 1505 -1,
1506 1507 1508 -1,
1509 1510 1511 -1,
1512 1513 1514 -1,
1515 1516 1517 -1,
1518 1519 1520 -1,
1521 1522 1523 -1,
1524 1525 1526 -1,
1527 1528 1529 -1,
1530 1531 1532 -1,
1533 1534 1535 -1,
1536 1537 1538 -1,
1539 1540 1541 -1,
1542 1543 1544 -1,
1545 1546 1547 -1,
1548 1549 1550 -1,
1551 1552 1553 -1,
1554 1555 1556 -1,
1557 1558 1559 -1,
1560 1561 1562 -1,
1563 1564 1565 -1,
1566 1567 1568 -1,
1569 1570 1571 -1,
1572 1573 1574 -1,
1575 1576 1577 -1,
1578 1579 1580 -1,
1581 1582 1583 -1,
1584 1585 1586 -1,
1587 1588 1589 -1,
1590 1591 1592 -1,
1593 1594 1595 -1,
1596 1597 1598 -1,
1599 1600 1601 -1,
1602 1603 1604 -1,
1605 1606 1607 -1,
1608 1609 1610 -1,
1611 1612 1613 -1,
1614 1615 1616 -1,
1617 1618 1619 -1,
1620 1621 1622 -1,
1623 1624 1625 -1,
1626 1627 1628 -1,
1629 1630 1631 -1,
1632 1633 1634 -1,
1635 1636 1637 -1,
1638 1639 1640 -1,
1641 1642 1643 -1,
1644 1645 1646 -1,
1647 1648 1649 -1,
1650 1651 1652 -1,
1653 1654 1655 -1,
1656 1657 1658 -1,
1659 1660 1661 -1,
1662 1663 1664 -1,
1665 1666 1667 -1,
1668 1669 1670 -1,
1671 1672 1673 -1,
1674 1675 1676 -1,
1677 1678 1679 -1,
1680 1681 1682 -1,
1683 1684 1685 -1,
1686 1687 1688 -1,
1689 1690 1691 -1,
1692 1693 1694 -1,
1695 1696 1697 -1,
1698 1699 1700 -1,
1701 1702 1703 -1,
1704 1705 1706 -1,
1707 1708 1709 -1,
1710 1711 1712 -1,
1713 1714 1715 -1,
1716 1717 1718 -1,
1719 1720 1721 -1,
1722 1723 1724 -1,
1725 1726 1727 -1,
1728 1729 1730 -1,
1731 1732 1733 -1,
1734 1735 1736 -1,
1737 1738 1739 -1,
1740 1741 1742 -1,
1743 1744 1745 -1,
1746 1747 1748 -1,
1749 1750 1751 -1,
1752 1753 1754 -1,
1755 1756 1757 -1,
1758 1759 1760 -1,
1761 1762 1763 -1,
1764 1765 1766 -1,
1767 1768 1769 -1,
1770 1771 1772 -1,
1773 1774 1775 -1,
1776 1777 1778 -1,
1779 1780 1781 -1,
1782 1783 1784 -1,
1785 1786 1787 -1,
1788 1789 1790 -1,
1791 1792 1793 -1,
1794 1795 1796 -1,
1797 1798 1799 -1,
1800 1801 1802 -1,
1803 1804 1805 -1,
1806 1807 1808 -1,
1809 1810 1811 -1,
1812 1813 1814 -1,
1815 1816 1817 -1,
1818 1819 1820 -1,
1821 1822 1823 -1,
1824 1825 1826 -1,
1827 1828 1829 -1,
1830 1831 1832 -1,
1833 1834 1835 -1,
1836 1837 1838 -1,
1839 1840 1841 -1,
1842 1843 1844 -1,
1845 1846 1847 -1,
1848 1849 1850 -1,
1851 1852 1853 -1,
1854 1855 1856 -1,
1857 1858 1859 -1,
1860 1861 1862 -1,
1863 1864 1865 -1,
1866 1867 1868 -1,
1869 1870 1871 -1,
1872 1873 1874 -1,
1875 1876 1877 -1,
1878 1879 1880 -1,
1881 1882 1883 -1,
1884 1885 1886 -1,
1887 1888 1889 -1,
  ]
  colorPerVertex TRUE
  color Color {
   color [
0.6510 0.6510 0.6706,
0.6510 0.6510 0.6706,
0.6510 0.6510 0.6706,
0.6510 0.6510 0.6706,
0.6510 0.6510 0.6706,
0.6510 0.6510 0.6706,
0.6510 0.6510 0.6706,
0.6510 0.6510 0.6706,
0.6510 0.6510 0.6706,
0.6510 0.6510 0.6706,
0.6510 0.6510 0.6706,
0.6510 0.6510 0.6706,
0.6510 0.6510 0.6706,
0.6510 0.6510 0.6706,
0.6510 0.6510 0.6706,
0.6510 0.6510 0.6706,
0.6510 0.6510 0.6706,
0.6510 0.6510 0.6706,
0.6510 0.6510 0.6706,
0.6510 0.6510 0.6706,
0.6510 0.6510 0.6706,
0.6510 0.6510 0.6706,
0.6510 0.6510 0.6706,
0.6510 0.6510 0.6706,
0.6510 0.6510 0.6706,
0.6510 0.6510 0.6706,
0.6510 0.6510 0.6706,
0.6510 0.6510 0.6706,
0.6510 0.6510 0.6706,
0.6510 0.6510 0.6706,
0.6510 0.6510 0.6706,
0.6510 0.6510 0.6706,
0.6510 0.6510 0.6706,
0.6510 0.6510 0.6706,
0.6510 0.6510 0.6706,
0.6510 0.6510 0.6706,
0.6510 0.6510 0.6706,
0.6510 0.6510 0.6706,
0.6510 0.6510 0.6706,
0.6510 0.6510 0.6706,
0.6510 0.6510 0.6706,
0.6510 0.6510 0.6706,
0.6510 0.6510 0.6706,
0.6510 0.6510 0.6706,
0.6510 0.6510 0.6706,
0.6510 0.6510 0.6706,
0.6510 0.6510 0.6706,
0.6510 0.6510 0.6706,
0.6510 0.6510 0.6706,
0.6510 0.6510 0.6706,
0.6510 0.6510 0.6706,
0.6510 0.6510 0.6706,
0.6510 0.6510 0.6706,
0.6510 0.6510 0.6706,
0.6510 0.6510 0.6706,
0.6510 0.6510 0.6706,
0.6510 0.6510 0.6706,
0.6510 0.6510 0.6706,
0.6510 0.6510 0.6706,
0.6510 0.6510 0.6706,
0.6510 0.6510 0.6706,
0.6510 0.6510 0.6706,
0.6510 0.6510 0.6706,
0.6510 0.6510 0.6706,
0.6510 0.6510 0.6706,
0.6510 0.6510 0.6706,
0.6510 0.6510 0.6706,
0.6510 0.6510 0.6706,
0.6510 0.6510 0.6706,
0.6510 0.6510 0.6706,
0.6510 0.6510 0.6706,
0.6510 0.6510 0.6706,
0.6510 0.6510 0.6706,
0.6510 0.6510 0.6706,
0.6510 0.6510 0.6706,
0.6510 0.6510 0.6706,
0.6510 0.6510 0.6706,
0.6510 0.6510 0.6706,
0.6510 0.6510 0.6706,
0.6510 0.6510 0.6706,
0.6510 0.6510 0.6706,
0.6510 0.6510 0.6706,
0.6510 0.6510 0.6706,
0.6510 0.6510 0.6706,
0.6510 0.6510 0.6706,
0.6510 0.6510 0.6706,
0.6510 0.6510 0.6706,
0.6510 0.6510 0.6706,
0.6510 0.6510 0.6706,
0.6510 0.6510 0.6706,
0.6510 0.6510 0.6706,
0.6510 0.6510 0.6706,
0.6510 0.6510 0.6706,
0.6510 0.6510 0.6706,
0.6510 0.6510 0.6706,
0.6510 0.6510 0.6706,
0.6510 0.6510 0.6706,
0.6510 0.6510 0.6706,
0.6510 0.6510 0.6706,
0.6510 0.6510 0.6706,
0.6510 0.6510 0.6706,
0.6510 0.6510 0.6706,
0.6510 0.6510 0.6706,
0.6510 0.6510 0.6706,
0.6510 0.6510 0.6706,
0.6510 0.6510 0.6706,
0.6510 0.6510 0.6706,
0.6510 0.6510 0.6706,
0.6510 0.6510 0.6706,
0.6510 0.6510 0.6706,
0.6510 0.6510 0.6706,
0.6510 0.6510 0.6706,
0.6510 0.6510 0.6706,
0.6510 0.6510 0.6706,
0.6510 0.6510 0.6706,
0.6510 0.6510 0.6706,
0.6510 0.6510 0.6706,
0.6510 0.6510 0.6706,
0.6510 0.6510 0.6706,
0.6510 0.6510 0.6706,
0.6510 0.6510 0.6706,
0.6510 0.6510 0.6706,
0.6510 0.6510 0.6706,
0.6510 0.6510 0.6706,
0.6510 0.6510 0.6706,
0.6510 0.6510 0.6706,
0.6510 0.6510 0.6706,
0.6510 0.6510 0.6706,
0.6510 0.6510 0.6706,
0.6510 0.6510 0.6706,
0.6510 0.6510 0.6706,
0.6510 0.6510 0.6706,
0.6510 0.6510 0.6706,
0.6510 0.6510 0.6706,
0.6510 0.6510 0.6706,
0.6510 0.6510 0.6706,
0.6510 0.6510 0.6706,
0.6510 0.6510 0.6706,
0.6510 0.6510 0.6706,
0.6510 0.6510 0.6706,
0.6510 0.6510 0.6706,
0.6510 0.6510 0.6706,
0.6510 0.6510 0.6706,
0.6510 0.6510 0.6706,
0.6510 0.6510 0.6706,
0.6510 0.6510 0.6706,
0.6510 0.6510 0.6706,
0.6510 0.6510 0.6706,
0.6510 0.6510 0.6706,
0.6510 0.6510 0.6706,
0.6510 0.6510 0.6706,
0.6510 0.6510 0.6706,
0.6510 0.6510 0.6706,
0.6510 0.6510 0.6706,
0.6510 0.6510 0.6706,
0.6510 0.6510 0.6706,
0.6510 0.6510 0.6706,
0.6510 0.6510 0.6706,
0.6510 0.6510 0.6706,
0.6510 0.6510 0.6706,
0.6510 0.6510 0.6706,
0.6510 0.6510 0.6706,
0.6510 0.6510 0.6706,
0.6510 0.6510 0.6706,
0.6510 0.6510 0.6706,
0.6510 0.6510 0.6706,
0.6510 0.6510 0.6706,
0.6510 0.6510 0.6706,
0.6510 0.6510 0.6706,
0.6510 0.6510 0.6706,
0.6510 0.6510 0.6706,
0.6510 0.6510 0.6706,
0.6510 0.6510 0.6706,
0.6510 0.6510 0.6706,
0.6510 0.6510 0.6706,
0.6510 0.6510 0.6706,
0.6510 0.6510 0.6706,
0.6510 0.6510 0.6706,
0.6510 0.6510 0.6706,
0.6510 0.6510 0.6706,
0.6510 0.6510 0.6706,
0.6510 0.6510 0.6706,
0.6510 0.6510 0.6706,
0.6510 0.6510 0.6706,
0.6510 0.6510 0.6706,
0.6510 0.6510 0.6706,
0.6510 0.6510 0.6706,
0.6510 0.6510 0.6706,
0.6510 0.6510 0.6706,
0.6510 0.6510 0.6706,
0.6510 0.6510 0.6706,
0.6510 0.6510 0.6706,
0.6510 0.6510 0.6706,
0.6510 0.6510 0.6706,
0.6510 0.6510 0.6706,
0.6510 0.6510 0.6706,
0.6510 0.6510 0.6706,
0.6510 0.6510 0.6706,
0.6510 0.6510 0.6706,
0.6510 0.6510 0.6706,
0.6510 0.6510 0.6706,
0.6510 0.6510 0.6706,
0.6510 0.6510 0.6706,
0.6510 0.6510 0.6706,
0.6510 0.6510 0.6706,
0.6510 0.6510 0.6706,
0.6510 0.6510 0.6706,
0.6510 0.6510 0.6706,
0.6510 0.6510 0.6706,
0.6510 0.6510 0.6706,
0.6510 0.6510 0.6706,
0.6510 0.6510 0.6706,
0.6510 0.6510 0.6706,
0.6510 0.6510 0.6706,
0.6510 0.6510 0.6706,
0.6510 0.6510 0.6706,
0.6510 0.6510 0.6706,
0.6510 0.6510 0.6706,
0.6510 0.6510 0.6706,
0.6510 0.6510 0.6706,
0.6510 0.6510 0.6706,
0.6510 0.6510 0.6706,
0.6510 0.6510 0.6706,
0.6510 0.6510 0.6706,
0.6510 0.6510 0.6706,
0.6510 0.6510 0.6706,
0.6510 0.6510 0.6706,
0.6510 0.6510 0.6706,
0.6510 0.6510 0.6706,
0.6510 0.6510 0.6706,
0.6510 0.6510 0.6706,
0.6510 0.6510 0.6706,
0.6510 0.6510 0.6706,
0.6510 0.6510 0.6706,
0.6510 0.6510 0.6706,
0.6510 0.6510 0.6706,
0.6510 0.6510 0.6706,
0.6510 0.6510 0.6706,
0.6510 0.6510 0.6706,
0.6510 0.6510 0.6706,
0.6510 0.6510 0.6706,
0.6510 0.6510 0.6706,
0.6510 0.6510 0.6706,
0.6510 0.6510 0.6706,
0.6510 0.6510 0.6706,
0.6510 0.6510 0.6706,
0.6510 0.6510 0.6706,
0.6510 0.6510 0.6706,
0.6510 0.6510 0.6706,
0.6510 0.6510 0.6706,
0.6510 0.6510 0.6706,
0.6510 0.6510 0.6706,
0.6510 0.6510 0.6706,
0.6510 0.6510 0.6706,
0.6510 0.6510 0.6706,
0.6510 0.6510 0.6706,
0.6510 0.6510 0.6706,
0.6510 0.6510 0.6706,
0.6510 0.6510 0.6706,
0.6510 0.6510 0.6706,
0.6510 0.6510 0.6706,
0.6510 0.6510 0.6706,
0.6510 0.6510 0.6706,
0.6510 0.6510 0.6706,
0.6510 0.6510 0.6706,
0.6510 0.6510 0.6706,
0.6510 0.6510 0.6706,
0.6510 0.6510 0.6706,
0.6510 0.6510 0.6706,
0.6510 0.6510 0.6706,
0.6510 0.6510 0.6706,
0.6510 0.6510 0.6706,
0.6510 0.6510 0.6706,
0.6510 0.6510 0.6706,
0.6510 0.6510 0.6706,
0.6510 0.6510 0.6706,
0.6510 0.6510 0.6706,
0.6510 0.6510 0.6706,
0.6510 0.6510 0.6706,
0.6510 0.6510 0.6706,
0.6510 0.6510 0.6706,
0.6510 0.6510 0.6706,
0.6510 0.6510 0.6706,
0.6510 0.6510 0.6706,
0.6510 0.6510 0.6706,
0.6510 0.6510 0.6706,
0.6510 0.6510 0.6706,
0.6510 0.6510 0.6706,
0.6510 0.6510 0.6706,
0.6510 0.6510 0.6706,
0.6510 0.6510 0.6706,
0.6510 0.6510 0.6706,
0.6510 0.6510 0.6706,
0.6510 0.6510 0.6706,
0.6510 0.6510 0.6706,
0.6510 0.6510 0.6706,
0.6510 0.6510 0.6706,
0.6510 0.6510 0.6706,
0.6510 0.6510 0.6706,
0.6510 0.6510 0.6706,
0.6510 0.6510 0.6706,
0.6510 0.6510 0.6706,
0.6510 0.6510 0.6706,
0.6510 0.6510 0.6706,
0.6510 0.6510 0.6706,
0.6510 0.6510 0.6706,
0.6510 0.6510 0.6706,
0.6510 0.6510 0.6706,
0.6510 0.6510 0.6706,
0.6510 0.6510 0.6706,
0.6510 0.6510 0.6706,
0.6510 0.6510 0.6706,
0.6510 0.6510 0.6706,
0.6510 0.6510 0.6706,
0.6510 0.6510 0.6706,
0.6510 0.6510 0.6706,
0.6510 0.6510 0.6706,
0.6510 0.6510 0.6706,
0.6510 0.6510 0.6706,
0.6510 0.6510 0.6706,
0.6510 0.6510 0.6706,
0.6510 0.6510 0.6706,
0.6510 0.6510 0.6706,
0.6510 0.6510 0.6706,
0.6510 0.6510 0.6706,
0.6510 0.6510 0.6706,
0.6510 0.6510 0.6706,
0.6510 0.6510 0.6706,
0.6510 0.6510 0.6706,
0.6510 0.6510 0.6706,
0.6510 0.6510 0.6706,
0.6510 0.6510 0.6706,
0.6510 0.6510 0.6706,
0.6510 0.6510 0.6706,
0.6510 0.6510 0.6706,
0.6510 0.6510 0.6706,
0.6510 0.6510 0.6706,
0.6510 0.6510 0.6706,
0.6510 0.6510 0.6706,
0.6510 0.6510 0.6706,
0.6510 0.6510 0.6706,
0.6510 0.6510 0.6706,
0.6510 0.6510 0.6706,
0.6510 0.6510 0.6706,
0.6510 0.6510 0.6706,
0.6510 0.6510 0.6706,
0.6510 0.6510 0.6706,
0.6510 0.6510 0.6706,
0.6510 0.6510 0.6706,
0.6510 0.6510 0.6706,
0.6510 0.6510 0.6706,
0.6510 0.6510 0.6706,
0.6510 0.6510 0.6706,
0.6510 0.6510 0.6706,
0.6510 0.6510 0.6706,
0.6510 0.6510 0.6706,
0.6510 0.6510 0.6706,
0.6510 0.6510 0.6706,
0.6510 0.6510 0.6706,
0.6510 0.6510 0.6706,
0.6510 0.6510 0.6706,
0.6510 0.6510 0.6706,
0.6510 0.6510 0.6706,
0.6510 0.6510 0.6706,
0.6510 0.6510 0.6706,
0.6510 0.6510 0.6706,
0.6510 0.6510 0.6706,
0.6510 0.6510 0.6706,
0.6510 0.6510 0.6706,
0.6510 0.6510 0.6706,
0.6510 0.6510 0.6706,
0.6510 0.6510 0.6706,
0.6510 0.6510 0.6706,
0.6510 0.6510 0.6706,
0.6510 0.6510 0.6706,
0.6510 0.6510 0.6706,
0.6510 0.6510 0.6706,
0.6510 0.6510 0.6706,
0.6510 0.6510 0.6706,
0.6510 0.6510 0.6706,
0.6510 0.6510 0.6706,
0.6510 0.6510 0.6706,
0.6510 0.6510 0.6706,
0.6510 0.6510 0.6706,
0.6510 0.6510 0.6706,
0.6510 0.6510 0.6706,
0.6510 0.6510 0.6706,
0.6510 0.6510 0.6706,
0.6510 0.6510 0.6706,
0.6510 0.6510 0.6706,
0.6510 0.6510 0.6706,
0.6510 0.6510 0.6706,
0.6510 0.6510 0.6706,
0.6510 0.6510 0.6706,
0.6510 0.6510 0.6706,
0.6510 0.6510 0.6706,
0.6510 0.6510 0.6706,
0.6510 0.6510 0.6706,
0.6510 0.6510 0.6706,
0.6510 0.6510 0.6706,
0.6510 0.6510 0.6706,
0.6510 0.6510 0.6706,
0.6510 0.6510 0.6706,
0.6510 0.6510 0.6706,
0.6510 0.6510 0.6706,
0.6510 0.6510 0.6706,
0.6510 0.6510 0.6706,
0.6510 0.6510 0.6706,
0.6510 0.6510 0.6706,
0.6510 0.6510 0.6706,
0.6510 0.6510 0.6706,
0.6510 0.6510 0.6706,
0.6510 0.6510 0.6706,
0.6510 0.6510 0.6706,
0.6510 0.6510 0.6706,
0.6510 0.6510 0.6706,
0.6510 0.6510 0.6706,
0.6510 0.6510 0.6706,
0.6510 0.6510 0.6706,
0.6510 0.6510 0.6706,
0.6510 0.6510 0.6706,
0.6510 0.6510 0.6706,
0.6510 0.6510 0.6706,
0.6510 0.6510 0.6706,
0.6510 0.6510 0.6706,
0.6510 0.6510 0.6706,
0.6510 0.6510 0.6706,
0.6510 0.6510 0.6706,
0.6510 0.6510 0.6706,
0.6510 0.6510 0.6706,
0.6510 0.6510 0.6706,
0.6510 0.6510 0.6706,
0.6510 0.6510 0.6706,
0.6510 0.6510 0.6706,
0.6510 0.6510 0.6706,
0.6510 0.6510 0.6706,
0.6510 0.6510 0.6706,
0.6510 0.6510 0.6706,
0.6510 0.6510 0.6706,
0.6510 0.6510 0.6706,
0.6510 0.6510 0.6706,
0.6510 0.6510 0.6706,
0.6510 0.6510 0.6706,
0.6510 0.6510 0.6706,
0.6510 0.6510 0.6706,
0.6510 0.6510 0.6706,
0.6510 0.6510 0.6706,
0.6510 0.6510 0.6706,
0.6510 0.6510 0.6706,
0.6510 0.6510 0.6706,
0.6510 0.6510 0.6706,
0.6510 0.6510 0.6706,
0.6510 0.6510 0.6706,
0.6510 0.6510 0.6706,
0.6510 0.6510 0.6706,
0.6510 0.6510 0.6706,
0.6510 0.6510 0.6706,
0.6510 0.6510 0.6706,
0.6510 0.6510 0.6706,
0.6510 0.6510 0.6706,
0.6510 0.6510 0.6706,
0.6510 0.6510 0.6706,
0.6510 0.6510 0.6706,
0.6510 0.6510 0.6706,
0.6510 0.6510 0.6706,
0.6510 0.6510 0.6706,
0.6510 0.6510 0.6706,
0.6510 0.6510 0.6706,
0.6510 0.6510 0.6706,
0.6510 0.6510 0.6706,
0.6510 0.6510 0.6706,
0.6510 0.6510 0.6706,
0.6510 0.6510 0.6706,
0.6510 0.6510 0.6706,
0.6510 0.6510 0.6706,
0.6510 0.6510 0.6706,
0.6510 0.6510 0.6706,
0.6510 0.6510 0.6706,
0.6510 0.6510 0.6706,
0.6510 0.6510 0.6706,
0.6510 0.6510 0.6706,
0.6510 0.6510 0.6706,
0.6510 0.6510 0.6706,
0.6510 0.6510 0.6706,
0.6510 0.6510 0.6706,
0.6510 0.6510 0.6706,
0.6510 0.6510 0.6706,
0.6510 0.6510 0.6706,
0.6510 0.6510 0.6706,
0.6510 0.6510 0.6706,
0.6510 0.6510 0.6706,
0.6510 0.6510 0.6706,
0.6510 0.6510 0.6706,
0.6510 0.6510 0.6706,
0.6510 0.6510 0.6706,
0.6510 0.6510 0.6706,
0.6510 0.6510 0.6706,
0.6510 0.6510 0.6706,
0.6510 0.6510 0.6706,
0.6510 0.6510 0.6706,
0.6510 0.6510 0.6706,
0.6510 0.6510 0.6706,
0.6510 0.6510 0.6706,
0.6510 0.6510 0.6706,
0.6510 0.6510 0.6706,
0.6510 0.6510 0.6706,
0.6510 0.6510 0.6706,
0.6510 0.6510 0.6706,
0.6510 0.6510 0.6706,
0.6510 0.6510 0.6706,
0.6510 0.6510 0.6706,
0.6510 0.6510 0.6706,
0.6510 0.6510 0.6706,
0.6510 0.6510 0.6706,
0.6510 0.6510 0.6706,
0.6510 0.6510 0.6706,
0.6510 0.6510 0.6706,
0.6510 0.6510 0.6706,
0.6510 0.6510 0.6706,
0.6510 0.6510 0.6706,
0.6510 0.6510 0.6706,
0.6510 0.6510 0.6706,
0.6510 0.6510 0.6706,
0.6510 0.6510 0.6706,
0.6510 0.6510 0.6706,
0.6510 0.6510 0.6706,
0.6510 0.6510 0.6706,
0.6510 0.6510 0.6706,
0.6510 0.6510 0.6706,
0.6510 0.6510 0.6706,
0.6510 0.6510 0.6706,
0.6510 0.6510 0.6706,
0.6510 0.6510 0.6706,
0.6510 0.6510 0.6706,
0.6510 0.6510 0.6706,
0.6510 0.6510 0.6706,
0.6510 0.6510 0.6706,
0.6510 0.6510 0.6706,
0.6510 0.6510 0.6706,
0.6510 0.6510 0.6706,
0.6510 0.6510 0.6706,
0.6510 0.6510 0.6706,
0.6510 0.6510 0.6706,
0.6510 0.6510 0.6706,
0.6510 0.6510 0.6706,
0.6510 0.6510 0.6706,
0.6510 0.6510 0.6706,
0.6510 0.6510 0.6706,
0.6510 0.6510 0.6706,
0.6510 0.6510 0.6706,
0.6510 0.6510 0.6706,
0.6510 0.6510 0.6706,
0.6510 0.6510 0.6706,
0.6510 0.6510 0.6706,
0.6510 0.6510 0.6706,
0.6510 0.6510 0.6706,
0.6510 0.6510 0.6706,
0.6510 0.6510 0.6706,
0.6510 0.6510 0.6706,
0.6510 0.6510 0.6706,
0.6510 0.6510 0.6706,
0.6510 0.6510 0.6706,
0.6510 0.6510 0.6706,
0.6510 0.6510 0.6706,
0.6510 0.6510 0.6706,
0.6510 0.6510 0.6706,
0.6510 0.6510 0.6706,
0.6510 0.6510 0.6706,
0.6510 0.6510 0.6706,
0.6510 0.6510 0.6706,
0.6510 0.6510 0.6706,
0.6510 0.6510 0.6706,
0.6510 0.6510 0.6706,
0.6510 0.6510 0.6706,
0.6510 0.6510 0.6706,
0.6510 0.6510 0.6706,
0.6510 0.6510 0.6706,
0.6510 0.6510 0.6706,
0.6510 0.6510 0.6706,
0.6510 0.6510 0.6706,
0.6510 0.6510 0.6706,
0.6510 0.6510 0.6706,
0.6510 0.6510 0.6706,
0.6510 0.6510 0.6706,
0.6510 0.6510 0.6706,
0.6510 0.6510 0.6706,
0.6510 0.6510 0.6706,
0.6510 0.6510 0.6706,
0.6510 0.6510 0.6706,
0.6510 0.6510 0.6706,
0.6510 0.6510 0.6706,
0.6510 0.6510 0.6706,
0.6510 0.6510 0.6706,
0.6510 0.6510 0.6706,
0.6510 0.6510 0.6706,
0.6510 0.6510 0.6706,
0.6510 0.6510 0.6706,
0.6510 0.6510 0.6706,
0.6510 0.6510 0.6706,
0.6510 0.6510 0.6706,
0.6510 0.6510 0.6706,
0.6510 0.6510 0.6706,
0.6510 0.6510 0.6706,
0.6510 0.6510 0.6706,
0.6510 0.6510 0.6706,
0.6510 0.6510 0.6706,
0.6510 0.6510 0.6706,
0.6510 0.6510 0.6706,
0.6510 0.6510 0.6706,
0.6510 0.6510 0.6706,
0.6510 0.6510 0.6706,
0.6510 0.6510 0.6706,
0.6510 0.6510 0.6706,
0.6510 0.6510 0.6706,
0.6510 0.6510 0.6706,
0.6510 0.6510 0.6706,
0.6510 0.6510 0.6706,
0.6510 0.6510 0.6706,
0.6510 0.6510 0.6706,
0.6510 0.6510 0.6706,
0.6510 0.6510 0.6706,
0.6510 0.6510 0.6706,
0.6510 0.6510 0.6706,
0.6510 0.6510 0.6706,
0.6510 0.6510 0.6706,
0.6510 0.6510 0.6706,
0.6510 0.6510 0.6706,
0.6510 0.6510 0.6706,
0.6510 0.6510 0.6706,
0.6510 0.6510 0.6706,
0.6510 0.6510 0.6706,
0.6510 0.6510 0.6706,
0.6510 0.6510 0.6706,
0.6510 0.6510 0.6706,
0.6510 0.6510 0.6706,
0.6510 0.6510 0.6706,
0.6510 0.6510 0.6706,
0.6510 0.6510 0.6706,
0.6510 0.6510 0.6706,
0.6510 0.6510 0.6706,
0.6510 0.6510 0.6706,
0.6510 0.6510 0.6706,
0.6510 0.6510 0.6706,
0.6510 0.6510 0.6706,
0.6510 0.6510 0.6706,
0.6510 0.6510 0.6706,
0.6510 0.6510 0.6706,
0.6510 0.6510 0.6706,
0.6510 0.6510 0.6706,
0.6510 0.6510 0.6706,
0.6510 0.6510 0.6706,
0.6510 0.6510 0.6706,
0.6510 0.6510 0.6706,
0.6510 0.6510 0.6706,
0.6510 0.6510 0.6706,
0.6510 0.6510 0.6706,
0.6510 0.6510 0.6706,
0.6510 0.6510 0.6706,
0.6510 0.6510 0.6706,
0.6510 0.6510 0.6706,
0.6510 0.6510 0.6706,
0.6510 0.6510 0.6706,
0.6510 0.6510 0.6706,
0.6510 0.6510 0.6706,
0.6510 0.6510 0.6706,
0.6510 0.6510 0.6706,
0.6510 0.6510 0.6706,
0.6510 0.6510 0.6706,
0.6510 0.6510 0.6706,
0.6510 0.6510 0.6706,
0.6510 0.6510 0.6706,
0.6510 0.6510 0.6706,
0.6510 0.6510 0.6706,
0.6510 0.6510 0.6706,
0.6510 0.6510 0.6706,
0.6510 0.6510 0.6706,
0.6510 0.6510 0.6706,
0.6510 0.6510 0.6706,
0.6510 0.6510 0.6706,
0.6510 0.6510 0.6706,
0.6510 0.6510 0.6706,
0.6510 0.6510 0.6706,
0.6510 0.6510 0.6706,
0.6510 0.6510 0.6706,
0.6510 0.6510 0.6706,
0.6510 0.6510 0.6706,
0.6510 0.6510 0.6706,
0.6510 0.6510 0.6706,
0.6510 0.6510 0.6706,
0.6510 0.6510 0.6706,
0.6510 0.6510 0.6706,
0.6510 0.6510 0.6706,
0.6510 0.6510 0.6706,
0.6510 0.6510 0.6706,
0.6510 0.6510 0.6706,
0.6510 0.6510 0.6706,
0.6510 0.6510 0.6706,
0.6510 0.6510 0.6706,
0.6510 0.6510 0.6706,
0.6510 0.6510 0.6706,
0.6510 0.6510 0.6706,
0.6510 0.6510 0.6706,
0.6510 0.6510 0.6706,
0.6510 0.6510 0.6706,
0.6510 0.6510 0.6706,
0.6510 0.6510 0.6706,
0.6510 0.6510 0.6706,
0.6510 0.6510 0.6706,
0.6510 0.6510 0.6706,
0.6510 0.6510 0.6706,
0.6510 0.6510 0.6706,
0.6510 0.6510 0.6706,
0.6510 0.6510 0.6706,
0.6510 0.6510 0.6706,
0.6510 0.6510 0.6706,
0.6510 0.6510 0.6706,
0.6510 0.6510 0.6706,
0.6510 0.6510 0.6706,
0.6510 0.6510 0.6706,
0.6510 0.6510 0.6706,
0.6510 0.6510 0.6706,
0.6510 0.6510 0.6706,
0.6510 0.6510 0.6706,
0.6510 0.6510 0.6706,
0.6510 0.6510 0.6706,
0.6510 0.6510 0.6706,
0.6510 0.6510 0.6706,
0.6510 0.6510 0.6706,
0.6510 0.6510 0.6706,
0.6510 0.6510 0.6706,
0.6510 0.6510 0.6706,
0.6510 0.6510 0.6706,
0.6510 0.6510 0.6706,
0.6510 0.6510 0.6706,
0.6510 0.6510 0.6706,
0.6510 0.6510 0.6706,
0.6510 0.6510 0.6706,
0.6510 0.6510 0.6706,
0.6510 0.6510 0.6706,
0.6510 0.6510 0.6706,
0.6510 0.6510 0.6706,
0.6510 0.6510 0.6706,
0.6510 0.6510 0.6706,
0.6510 0.6510 0.6706,
0.6510 0.6510 0.6706,
0.6510 0.6510 0.6706,
0.6510 0.6510 0.6706,
0.6510 0.6510 0.6706,
0.6510 0.6510 0.6706,
0.6510 0.6510 0.6706,
0.6510 0.6510 0.6706,
0.6510 0.6510 0.6706,
0.6510 0.6510 0.6706,
0.6510 0.6510 0.6706,
0.6510 0.6510 0.6706,
0.6510 0.6510 0.6706,
0.6510 0.6510 0.6706,
0.6510 0.6510 0.6706,
0.6510 0.6510 0.6706,
0.6510 0.6510 0.6706,
0.6510 0.6510 0.6706,
0.6510 0.6510 0.6706,
0.6510 0.6510 0.6706,
0.6510 0.6510 0.6706,
0.6510 0.6510 0.6706,
0.6510 0.6510 0.6706,
0.6510 0.6510 0.6706,
0.6510 0.6510 0.6706,
0.6510 0.6510 0.6706,
0.6510 0.6510 0.6706,
0.6510 0.6510 0.6706,
0.6510 0.6510 0.6706,
0.6510 0.6510 0.6706,
0.6510 0.6510 0.6706,
0.6510 0.6510 0.6706,
0.6510 0.6510 0.6706,
0.6510 0.6510 0.6706,
0.6510 0.6510 0.6706,
0.6510 0.6510 0.6706,
0.6510 0.6510 0.6706,
0.6510 0.6510 0.6706,
0.6510 0.6510 0.6706,
0.6510 0.6510 0.6706,
0.6510 0.6510 0.6706,
0.6510 0.6510 0.6706,
0.6510 0.6510 0.6706,
0.6510 0.6510 0.6706,
0.6510 0.6510 0.6706,
0.6510 0.6510 0.6706,
0.6510 0.6510 0.6706,
0.6510 0.6510 0.6706,
0.6510 0.6510 0.6706,
0.6510 0.6510 0.6706,
0.6510 0.6510 0.6706,
0.6510 0.6510 0.6706,
0.6510 0.6510 0.6706,
0.6510 0.6510 0.6706,
0.6510 0.6510 0.6706,
0.6510 0.6510 0.6706,
0.6510 0.6510 0.6706,
0.6510 0.6510 0.6706,
0.6510 0.6510 0.6706,
0.6510 0.6510 0.6706,
0.6510 0.6510 0.6706,
0.6510 0.6510 0.6706,
0.6510 0.6510 0.6706,
0.6510 0.6510 0.6706,
0.6510 0.6510 0.6706,
0.6510 0.6510 0.6706,
0.6510 0.6510 0.6706,
0.6510 0.6510 0.6706,
0.6510 0.6510 0.6706,
0.6510 0.6510 0.6706,
0.6510 0.6510 0.6706,
0.6510 0.6510 0.6706,
0.6510 0.6510 0.6706,
0.6510 0.6510 0.6706,
0.6510 0.6510 0.6706,
0.6510 0.6510 0.6706,
0.6510 0.6510 0.6706,
0.6510 0.6510 0.6706,
0.6510 0.6510 0.6706,
0.6510 0.6510 0.6706,
0.6510 0.6510 0.6706,
0.6510 0.6510 0.6706,
0.6510 0.6510 0.6706,
0.6510 0.6510 0.6706,
0.6510 0.6510 0.6706,
0.6510 0.6510 0.6706,
0.6510 0.6510 0.6706,
0.6510 0.6510 0.6706,
0.6510 0.6510 0.6706,
0.6510 0.6510 0.6706,
0.6510 0.6510 0.6706,
0.6510 0.6510 0.6706,
0.6510 0.6510 0.6706,
0.6510 0.6510 0.6706,
0.6510 0.6510 0.6706,
0.6510 0.6510 0.6706,
0.6510 0.6510 0.6706,
0.6510 0.6510 0.6706,
0.6510 0.6510 0.6706,
0.6510 0.6510 0.6706,
0.6510 0.6510 0.6706,
0.6510 0.6510 0.6706,
0.6510 0.6510 0.6706,
0.6510 0.6510 0.6706,
0.6510 0.6510 0.6706,
0.6510 0.6510 0.6706,
0.6510 0.6510 0.6706,
0.6510 0.6510 0.6706,
0.6510 0.6510 0.6706,
0.6510 0.6510 0.6706,
0.6510 0.6510 0.6706,
0.6510 0.6510 0.6706,
0.6510 0.6510 0.6706,
0.6510 0.6510 0.6706,
0.6510 0.6510 0.6706,
0.6510 0.6510 0.6706,
0.6510 0.6510 0.6706,
0.6510 0.6510 0.6706,
0.6510 0.6510 0.6706,
0.6510 0.6510 0.6706,
0.6510 0.6510 0.6706,
0.6510 0.6510 0.6706,
0.6510 0.6510 0.6706,
0.6510 0.6510 0.6706,
0.6510 0.6510 0.6706,
0.6510 0.6510 0.6706,
0.6510 0.6510 0.6706,
0.6510 0.6510 0.6706,
0.6510 0.6510 0.6706,
0.6510 0.6510 0.6706,
0.6510 0.6510 0.6706,
0.6510 0.6510 0.6706,
0.6510 0.6510 0.6706,
0.6510 0.6510 0.6706,
0.6510 0.6510 0.6706,
0.6510 0.6510 0.6706,
0.6510 0.6510 0.6706,
0.6510 0.6510 0.6706,
0.6510 0.6510 0.6706,
0.6510 0.6510 0.6706,
0.6510 0.6510 0.6706,
0.6510 0.6510 0.6706,
0.6510 0.6510 0.6706,
0.6510 0.6510 0.6706,
0.6510 0.6510 0.6706,
0.6510 0.6510 0.6706,
0.6510 0.6510 0.6706,
0.6510 0.6510 0.6706,
0.6510 0.6510 0.6706,
0.6510 0.6510 0.6706,
0.6510 0.6510 0.6706,
0.6510 0.6510 0.6706,
0.6510 0.6510 0.6706,
0.6510 0.6510 0.6706,
0.6510 0.6510 0.6706,
0.6510 0.6510 0.6706,
0.6510 0.6510 0.6706,
0.6510 0.6510 0.6706,
0.6510 0.6510 0.6706,
0.6510 0.6510 0.6706,
0.6510 0.6510 0.6706,
0.6510 0.6510 0.6706,
0.6510 0.6510 0.6706,
0.6510 0.6510 0.6706,
0.6510 0.6510 0.6706,
0.6510 0.6510 0.6706,
0.6510 0.6510 0.6706,
0.6510 0.6510 0.6706,
0.6510 0.6510 0.6706,
0.6510 0.6510 0.6706,
0.6510 0.6510 0.6706,
0.6510 0.6510 0.6706,
0.6510 0.6510 0.6706,
0.6510 0.6510 0.6706,
0.6510 0.6510 0.6706,
0.6510 0.6510 0.6706,
0.6510 0.6510 0.6706,
0.6510 0.6510 0.6706,
0.6510 0.6510 0.6706,
0.6510 0.6510 0.6706,
0.6510 0.6510 0.6706,
0.6510 0.6510 0.6706,
0.6510 0.6510 0.6706,
0.6510 0.6510 0.6706,
0.6510 0.6510 0.6706,
0.6510 0.6510 0.6706,
0.6510 0.6510 0.6706,
0.6510 0.6510 0.6706,
0.6510 0.6510 0.6706,
0.6510 0.6510 0.6706,
0.6510 0.6510 0.6706,
0.6510 0.6510 0.6706,
0.6510 0.6510 0.6706,
0.6510 0.6510 0.6706,
0.6510 0.6510 0.6706,
0.6510 0.6510 0.6706,
0.6510 0.6510 0.6706,
0.6510 0.6510 0.6706,
0.6510 0.6510 0.6706,
0.6510 0.6510 0.6706,
0.6510 0.6510 0.6706,
0.6510 0.6510 0.6706,
0.6510 0.6510 0.6706,
0.6510 0.6510 0.6706,
0.6510 0.6510 0.6706,
0.6510 0.6510 0.6706,
0.6510 0.6510 0.6706,
0.6510 0.6510 0.6706,
0.6510 0.6510 0.6706,
0.6510 0.6510 0.6706,
0.6510 0.6510 0.6706,
0.6510 0.6510 0.6706,
0.6510 0.6510 0.6706,
0.6510 0.6510 0.6706,
0.6510 0.6510 0.6706,
0.6510 0.6510 0.6706,
0.6510 0.6510 0.6706,
0.6510 0.6510 0.6706,
0.6510 0.6510 0.6706,
0.6510 0.6510 0.6706,
0.6510 0.6510 0.6706,
0.6510 0.6510 0.6706,
0.6510 0.6510 0.6706,
0.6510 0.6510 0.6706,
0.6510 0.6510 0.6706,
0.6510 0.6510 0.6706,
0.6510 0.6510 0.6706,
0.6510 0.6510 0.6706,
0.6510 0.6510 0.6706,
0.6510 0.6510 0.6706,
0.6510 0.6510 0.6706,
0.6510 0.6510 0.6706,
0.6510 0.6510 0.6706,
0.6510 0.6510 0.6706,
0.6510 0.6510 0.6706,
0.6510 0.6510 0.6706,
0.6510 0.6510 0.6706,
0.6510 0.6510 0.6706,
0.6510 0.6510 0.6706,
0.6510 0.6510 0.6706,
0.6510 0.6510 0.6706,
0.6510 0.6510 0.6706,
0.6510 0.6510 0.6706,
0.6510 0.6510 0.6706,
0.6510 0.6510 0.6706,
0.6510 0.6510 0.6706,
0.6510 0.6510 0.6706,
0.6510 0.6510 0.6706,
0.6510 0.6510 0.6706,
0.6510 0.6510 0.6706,
0.6510 0.6510 0.6706,
0.6510 0.6510 0.6706,
0.6510 0.6510 0.6706,
0.6510 0.6510 0.6706,
0.6510 0.6510 0.6706,
0.6510 0.6510 0.6706,
0.6510 0.6510 0.6706,
0.6510 0.6510 0.6706,
0.6510 0.6510 0.6706,
0.6510 0.6510 0.6706,
0.6510 0.6510 0.6706,
0.6510 0.6510 0.6706,
0.6510 0.6510 0.6706,
0.6510 0.6510 0.6706,
0.6510 0.6510 0.6706,
0.6510 0.6510 0.6706,
0.6510 0.6510 0.6706,
0.6510 0.6510 0.6706,
0.6510 0.6510 0.6706,
0.6510 0.6510 0.6706,
0.6510 0.6510 0.6706,
0.6510 0.6510 0.6706,
0.6510 0.6510 0.6706,
0.6510 0.6510 0.6706,
0.6510 0.6510 0.6706,
0.6510 0.6510 0.6706,
0.6510 0.6510 0.6706,
0.6510 0.6510 0.6706,
0.6510 0.6510 0.6706,
0.6510 0.6510 0.6706,
0.6510 0.6510 0.6706,
0.6510 0.6510 0.6706,
0.6510 0.6510 0.6706,
0.6510 0.6510 0.6706,
0.6510 0.6510 0.6706,
0.6510 0.6510 0.6706,
0.6510 0.6510 0.6706,
0.6510 0.6510 0.6706,
0.6510 0.6510 0.6706,
0.6510 0.6510 0.6706,
0.6510 0.6510 0.6706,
0.6510 0.6510 0.6706,
0.6510 0.6510 0.6706,
0.6510 0.6510 0.6706,
0.6510 0.6510 0.6706,
0.6510 0.6510 0.6706,
0.6510 0.6510 0.6706,
0.6510 0.6510 0.6706,
0.6510 0.6510 0.6706,
0.6510 0.6510 0.6706,
0.6510 0.6510 0.6706,
0.6510 0.6510 0.6706,
0.6510 0.6510 0.6706,
0.6510 0.6510 0.6706,
0.6510 0.6510 0.6706,
0.6510 0.6510 0.6706,
0.6510 0.6510 0.6706,
0.6510 0.6510 0.6706,
0.6510 0.6510 0.6706,
0.6510 0.6510 0.6706,
0.6510 0.6510 0.6706,
0.6510 0.6510 0.6706,
0.6510 0.6510 0.6706,
0.6510 0.6510 0.6706,
0.6510 0.6510 0.6706,
0.6510 0.6510 0.6706,
0.6510 0.6510 0.6706,
0.6510 0.6510 0.6706,
0.6510 0.6510 0.6706,
0.6510 0.6510 0.6706,
0.6510 0.6510 0.6706,
0.6510 0.6510 0.6706,
0.6510 0.6510 0.6706,
0.6510 0.6510 0.6706,
0.6510 0.6510 0.6706,
0.6510 0.6510 0.6706,
0.6510 0.6510 0.6706,
0.6510 0.6510 0.6706,
0.6510 0.6510 0.6706,
0.6510 0.6510 0.6706,
0.6510 0.6510 0.6706,
0.6510 0.6510 0.6706,
0.6510 0.6510 0.6706,
0.6510 0.6510 0.6706,
0.6510 0.6510 0.6706,
0.6510 0.6510 0.6706,
0.6510 0.6510 0.6706,
0.6510 0.6510 0.6706,
0.6510 0.6510 0.6706,
0.6510 0.6510 0.6706,
0.6510 0.6510 0.6706,
0.6510 0.6510 0.6706,
0.6510 0.6510 0.6706,
0.6510 0.6510 0.6706,
0.6510 0.6510 0.6706,
0.6510 0.6510 0.6706,
0.6510 0.6510 0.6706,
0.6510 0.6510 0.6706,
0.6510 0.6510 0.6706,
0.6510 0.6510 0.6706,
0.6510 0.6510 0.6706,
0.6510 0.6510 0.6706,
0.6510 0.6510 0.6706,
0.6510 0.6510 0.6706,
0.6510 0.6510 0.6706,
0.6510 0.6510 0.6706,
0.6510 0.6510 0.6706,
0.6510 0.6510 0.6706,
0.6510 0.6510 0.6706,
0.6510 0.6510 0.6706,
0.6510 0.6510 0.6706,
0.6510 0.6510 0.6706,
0.6510 0.6510 0.6706,
0.6510 0.6510 0.6706,
0.6510 0.6510 0.6706,
0.6510 0.6510 0.6706,
0.6510 0.6510 0.6706,
0.6510 0.6510 0.6706,
0.6510 0.6510 0.6706,
0.6510 0.6510 0.6706,
0.6510 0.6510 0.6706,
0.6510 0.6510 0.6706,
0.6510 0.6510 0.6706,
0.6510 0.6510 0.6706,
0.6510 0.6510 0.6706,
0.6510 0.6510 0.6706,
0.6510 0.6510 0.6706,
0.6510 0.6510 0.6706,
0.6510 0.6510 0.6706,
0.6510 0.6510 0.6706,
0.6510 0.6510 0.6706,
0.6510 0.6510 0.6706,
0.6510 0.6510 0.6706,
0.6510 0.6510 0.6706,
0.6510 0.6510 0.6706,
0.6510 0.6510 0.6706,
0.6510 0.6510 0.6706,
0.6510 0.6510 0.6706,
0.6510 0.6510 0.6706,
0.6510 0.6510 0.6706,
0.6510 0.6510 0.6706,
0.6510 0.6510 0.6706,
0.6510 0.6510 0.6706,
0.6510 0.6510 0.6706,
0.6510 0.6510 0.6706,
0.6510 0.6510 0.6706,
0.6510 0.6510 0.6706,
0.6510 0.6510 0.6706,
0.6510 0.6510 0.6706,
0.6510 0.6510 0.6706,
0.6510 0.6510 0.6706,
0.6510 0.6510 0.6706,
0.6510 0.6510 0.6706,
0.6510 0.6510 0.6706,
0.6510 0.6510 0.6706,
0.6510 0.6510 0.6706,
0.6510 0.6510 0.6706,
0.6510 0.6510 0.6706,
0.6510 0.6510 0.6706,
0.6510 0.6510 0.6706,
0.6510 0.6510 0.6706,
0.6510 0.6510 0.6706,
0.6510 0.6510 0.6706,
0.6510 0.6510 0.6706,
0.6510 0.6510 0.6706,
0.6510 0.6510 0.6706,
0.6510 0.6510 0.6706,
0.6510 0.6510 0.6706,
0.6510 0.6510 0.6706,
0.6510 0.6510 0.6706,
0.6510 0.6510 0.6706,
0.6510 0.6510 0.6706,
0.6510 0.6510 0.6706,
0.6510 0.6510 0.6706,
0.6510 0.6510 0.6706,
0.6510 0.6510 0.6706,
0.6510 0.6510 0.6706,
0.6510 0.6510 0.6706,
0.6510 0.6510 0.6706,
0.6510 0.6510 0.6706,
0.6510 0.6510 0.6706,
0.6510 0.6510 0.6706,
0.6510 0.6510 0.6706,
0.6510 0.6510 0.6706,
0.6510 0.6510 0.6706,
0.6510 0.6510 0.6706,
0.6510 0.6510 0.6706,
0.6510 0.6510 0.6706,
0.6510 0.6510 0.6706,
0.6510 0.6510 0.6706,
0.6510 0.6510 0.6706,
0.6510 0.6510 0.6706,
0.6510 0.6510 0.6706,
0.6510 0.6510 0.6706,
0.6510 0.6510 0.6706,
0.6510 0.6510 0.6706,
0.6510 0.6510 0.6706,
0.6510 0.6510 0.6706,
0.6510 0.6510 0.6706,
0.6510 0.6510 0.6706,
0.6510 0.6510 0.6706,
0.6510 0.6510 0.6706,
0.6510 0.6510 0.6706,
0.6510 0.6510 0.6706,
0.6510 0.6510 0.6706,
0.6510 0.6510 0.6706,
0.6510 0.6510 0.6706,
0.6510 0.6510 0.6706,
0.6510 0.6510 0.6706,
0.6510 0.6510 0.6706,
0.6510 0.6510 0.6706,
0.6510 0.6510 0.6706,
0.6510 0.6510 0.6706,
0.6510 0.6510 0.6706,
0.6510 0.6510 0.6706,
0.6510 0.6510 0.6706,
0.6510 0.6510 0.6706,
0.6510 0.6510 0.6706,
0.6510 0.6510 0.6706,
0.6510 0.6510 0.6706,
0.6510 0.6510 0.6706,
0.6510 0.6510 0.6706,
0.6510 0.6510 0.6706,
0.6510 0.6510 0.6706,
0.6510 0.6510 0.6706,
0.6510 0.6510 0.6706,
0.6510 0.6510 0.6706,
0.6510 0.6510 0.6706,
0.6510 0.6510 0.6706,
0.6510 0.6510 0.6706,
0.6510 0.6510 0.6706,
0.6510 0.6510 0.6706,
0.6510 0.6510 0.6706,
0.6510 0.6510 0.6706,
0.6510 0.6510 0.6706,
0.6510 0.6510 0.6706,
0.6510 0.6510 0.6706,
0.6510 0.6510 0.6706,
0.6510 0.6510 0.6706,
0.6510 0.6510 0.6706,
0.6510 0.6510 0.6706,
0.6510 0.6510 0.6706,
0.6510 0.6510 0.6706,
0.6510 0.6510 0.6706,
0.6510 0.6510 0.6706,
0.6510 0.6510 0.6706,
0.6510 0.6510 0.6706,
0.6510 0.6510 0.6706,
0.6510 0.6510 0.6706,
0.6510 0.6510 0.6706,
0.6510 0.6510 0.6706,
0.6510 0.6510 0.6706,
0.6510 0.6510 0.6706,
0.6510 0.6510 0.6706,
0.6510 0.6510 0.6706,
0.6510 0.6510 0.6706,
0.6510 0.6510 0.6706,
0.6510 0.6510 0.6706,
0.6510 0.6510 0.6706,
0.6510 0.6510 0.6706,
0.6510 0.6510 0.6706,
0.6510 0.6510 0.6706,
0.6510 0.6510 0.6706,
0.6510 0.6510 0.6706,
0.6510 0.6510 0.6706,
0.6510 0.6510 0.6706,
0.6510 0.6510 0.6706,
0.6510 0.6510 0.6706,
0.6510 0.6510 0.6706,
0.6510 0.6510 0.6706,
0.6510 0.6510 0.6706,
0.6510 0.6510 0.6706,
0.6510 0.6510 0.6706,
0.6510 0.6510 0.6706,
0.6510 0.6510 0.6706,
0.6510 0.6510 0.6706,
0.6510 0.6510 0.6706,
0.6510 0.6510 0.6706,
0.6510 0.6510 0.6706,
0.6510 0.6510 0.6706,
0.6510 0.6510 0.6706,
0.6510 0.6510 0.6706,
0.6510 0.6510 0.6706,
0.6510 0.6510 0.6706,
0.6510 0.6510 0.6706,
0.6510 0.6510 0.6706,
0.6510 0.6510 0.6706,
0.6510 0.6510 0.6706,
0.6510 0.6510 0.6706,
0.6510 0.6510 0.6706,
0.6510 0.6510 0.6706,
0.6510 0.6510 0.6706,
0.6510 0.6510 0.6706,
0.6510 0.6510 0.6706,
0.6510 0.6510 0.6706,
0.6510 0.6510 0.6706,
0.6510 0.6510 0.6706,
0.6510 0.6510 0.6706,
0.6510 0.6510 0.6706,
0.6510 0.6510 0.6706,
0.6510 0.6510 0.6706,
0.6510 0.6510 0.6706,
0.6510 0.6510 0.6706,
0.6510 0.6510 0.6706,
0.6510 0.6510 0.6706,
0.6510 0.6510 0.6706,
0.6510 0.6510 0.6706,
0.6510 0.6510 0.6706,
0.6510 0.6510 0.6706,
0.6510 0.6510 0.6706,
0.6510 0.6510 0.6706,
0.6510 0.6510 0.6706,
0.6510 0.6510 0.6706,
0.6510 0.6510 0.6706,
0.6510 0.6510 0.6706,
0.6510 0.6510 0.6706,
0.6510 0.6510 0.6706,
0.6510 0.6510 0.6706,
0.6510 0.6510 0.6706,
0.6510 0.6510 0.6706,
0.6510 0.6510 0.6706,
0.6510 0.6510 0.6706,
0.6510 0.6510 0.6706,
0.6510 0.6510 0.6706,
0.6510 0.6510 0.6706,
0.6510 0.6510 0.6706,
0.6510 0.6510 0.6706,
0.6510 0.6510 0.6706,
0.6510 0.6510 0.6706,
0.6510 0.6510 0.6706,
0.6510 0.6510 0.6706,
0.6510 0.6510 0.6706,
0.6510 0.6510 0.6706,
0.6510 0.6510 0.6706,
0.6510 0.6510 0.6706,
0.6510 0.6510 0.6706,
0.6510 0.6510 0.6706,
0.6510 0.6510 0.6706,
0.6510 0.6510 0.6706,
0.6510 0.6510 0.6706,
0.6510 0.6510 0.6706,
0.6510 0.6510 0.6706,
0.6510 0.6510 0.6706,
0.6510 0.6510 0.6706,
0.6510 0.6510 0.6706,
0.6510 0.6510 0.6706,
0.6510 0.6510 0.6706,
0.6510 0.6510 0.6706,
0.6510 0.6510 0.6706,
0.6510 0.6510 0.6706,
0.6510 0.6510 0.6706,
0.6510 0.6510 0.6706,
0.6510 0.6510 0.6706,
0.6510 0.6510 0.6706,
0.6510 0.6510 0.6706,
0.6510 0.6510 0.6706,
0.6510 0.6510 0.6706,
0.6510 0.6510 0.6706,
0.6510 0.6510 0.6706,
0.6510 0.6510 0.6706,
0.6510 0.6510 0.6706,
0.6510 0.6510 0.6706,
0.6510 0.6510 0.6706,
0.6510 0.6510 0.6706,
0.6510 0.6510 0.6706,
0.6510 0.6510 0.6706,
0.6510 0.6510 0.6706,
0.6510 0.6510 0.6706,
0.6510 0.6510 0.6706,
0.6510 0.6510 0.6706,
0.6510 0.6510 0.6706,
0.6510 0.6510 0.6706,
0.6510 0.6510 0.6706,
0.6510 0.6510 0.6706,
0.6510 0.6510 0.6706,
0.6510 0.6510 0.6706,
0.6510 0.6510 0.6706,
0.6510 0.6510 0.6706,
0.6510 0.6510 0.6706,
0.6510 0.6510 0.6706,
0.6510 0.6510 0.6706,
0.6510 0.6510 0.6706,
0.6510 0.6510 0.6706,
0.6510 0.6510 0.6706,
0.6510 0.6510 0.6706,
0.6510 0.6510 0.6706,
0.6510 0.6510 0.6706,
0.6510 0.6510 0.6706,
0.6510 0.6510 0.6706,
0.6510 0.6510 0.6706,
0.6510 0.6510 0.6706,
0.6510 0.6510 0.6706,
0.6510 0.6510 0.6706,
0.6510 0.6510 0.6706,
0.6510 0.6510 0.6706,
0.6510 0.6510 0.6706,
0.6510 0.6510 0.6706,
0.6510 0.6510 0.6706,
0.6510 0.6510 0.6706,
0.6510 0.6510 0.6706,
0.6510 0.6510 0.6706,
0.6510 0.6510 0.6706,
0.6510 0.6510 0.6706,
0.6510 0.6510 0.6706,
0.6510 0.6510 0.6706,
0.6510 0.6510 0.6706,
0.6510 0.6510 0.6706,
0.6510 0.6510 0.6706,
0.6510 0.6510 0.6706,
0.6510 0.6510 0.6706,
0.6510 0.6510 0.6706,
0.6510 0.6510 0.6706,
0.6510 0.6510 0.6706,
0.6510 0.6510 0.6706,
0.6510 0.6510 0.6706,
0.6510 0.6510 0.6706,
0.6510 0.6510 0.6706,
0.6510 0.6510 0.6706,
0.6510 0.6510 0.6706,
0.6510 0.6510 0.6706,
0.6510 0.6510 0.6706,
0.6510 0.6510 0.6706,
0.6510 0.6510 0.6706,
0.6510 0.6510 0.6706,
0.6510 0.6510 0.6706,
0.6510 0.6510 0.6706,
0.6510 0.6510 0.6706,
0.6510 0.6510 0.6706,
0.6510 0.6510 0.6706,
0.6510 0.6510 0.6706,
0.6510 0.6510 0.6706,
0.6510 0.6510 0.6706,
0.6510 0.6510 0.6706,
0.6510 0.6510 0.6706,
0.6510 0.6510 0.6706,
0.6510 0.6510 0.6706,
0.6510 0.6510 0.6706,
0.6510 0.6510 0.6706,
0.6510 0.6510 0.6706,
0.6510 0.6510 0.6706,
0.6510 0.6510 0.6706,
0.6510 0.6510 0.6706,
0.6510 0.6510 0.6706,
0.6510 0.6510 0.6706,
0.6510 0.6510 0.6706,
0.6510 0.6510 0.6706,
0.6510 0.6510 0.6706,
0.6510 0.6510 0.6706,
0.6510 0.6510 0.6706,
0.6510 0.6510 0.6706,
0.6510 0.6510 0.6706,
0.6510 0.6510 0.6706,
0.6510 0.6510 0.6706,
0.6510 0.6510 0.6706,
0.6510 0.6510 0.6706,
0.6510 0.6510 0.6706,
0.6510 0.6510 0.6706,
0.6510 0.6510 0.6706,
0.6510 0.6510 0.6706,
0.6510 0.6510 0.6706,
0.6510 0.6510 0.6706,
0.6510 0.6510 0.6706,
0.6510 0.6510 0.6706,
0.6510 0.6510 0.6706,
0.6510 0.6510 0.6706,
0.6510 0.6510 0.6706,
0.6510 0.6510 0.6706,
0.6510 0.6510 0.6706,
0.6510 0.6510 0.6706,
0.6510 0.6510 0.6706,
0.6510 0.6510 0.6706,
0.6510 0.6510 0.6706,
0.6510 0.6510 0.6706,
0.6510 0.6510 0.6706,
0.6510 0.6510 0.6706,
0.6510 0.6510 0.6706,
0.6510 0.6510 0.6706,
0.6510 0.6510 0.6706,
0.6510 0.6510 0.6706,
0.6510 0.6510 0.6706,
0.6510 0.6510 0.6706,
0.6510 0.6510 0.6706,
0.6510 0.6510 0.6706,
0.6510 0.6510 0.6706,
0.6510 0.6510 0.6706,
0.6510 0.6510 0.6706,
0.6510 0.6510 0.6706,
0.6510 0.6510 0.6706,
0.6510 0.6510 0.6706,
0.6510 0.6510 0.6706,
0.6510 0.6510 0.6706,
0.6510 0.6510 0.6706,
0.6510 0.6510 0.6706,
0.6510 0.6510 0.6706,
0.6510 0.6510 0.6706,
0.6510 0.6510 0.6706,
0.6510 0.6510 0.6706,
0.6510 0.6510 0.6706,
0.6510 0.6510 0.6706,
0.6510 0.6510 0.6706,
0.6510 0.6510 0.6706,
0.6510 0.6510 0.6706,
0.6510 0.6510 0.6706,
0.6510 0.6510 0.6706,
0.6510 0.6510 0.6706,
0.6510 0.6510 0.6706,
0.6510 0.6510 0.6706,
0.6510 0.6510 0.6706,
0.6510 0.6510 0.6706,
0.6510 0.6510 0.6706,
0.6510 0.6510 0.6706,
0.6510 0.6510 0.6706,
0.6510 0.6510 0.6706,
0.6510 0.6510 0.6706,
0.6510 0.6510 0.6706,
0.6510 0.6510 0.6706,
0.6510 0.6510 0.6706,
0.6510 0.6510 0.6706,
0.6510 0.6510 0.6706,
0.6510 0.6510 0.6706,
0.6510 0.6510 0.6706,
0.6510 0.6510 0.6706,
0.6510 0.6510 0.6706,
0.6510 0.6510 0.6706,
0.6510 0.6510 0.6706,
0.6510 0.6510 0.6706,
0.6510 0.6510 0.6706,
0.6510 0.6510 0.6706,
0.6510 0.6510 0.6706,
0.6510 0.6510 0.6706,
0.6510 0.6510 0.6706,
0.6510 0.6510 0.6706,
0.6510 0.6510 0.6706,
0.6510 0.6510 0.6706,
0.6510 0.6510 0.6706,
0.6510 0.6510 0.6706,
0.6510 0.6510 0.6706,
0.6510 0.6510 0.6706,
0.6510 0.6510 0.6706,
0.6510 0.6510 0.6706,
0.6510 0.6510 0.6706,
0.6510 0.6510 0.6706,
0.6510 0.6510 0.6706,
0.6510 0.6510 0.6706,
0.6510 0.6510 0.6706,
0.6510 0.6510 0.6706,
0.6510 0.6510 0.6706,
0.6510 0.6510 0.6706,
0.6510 0.6510 0.6706,
0.6510 0.6510 0.6706,
0.6510 0.6510 0.6706,
0.6510 0.6510 0.6706,
0.6510 0.6510 0.6706,
0.6510 0.6510 0.6706,
0.6510 0.6510 0.6706,
0.6510 0.6510 0.6706,
0.6510 0.6510 0.6706,
0.6510 0.6510 0.6706,
0.6510 0.6510 0.6706,
0.6510 0.6510 0.6706,
0.6510 0.6510 0.6706,
0.6510 0.6510 0.6706,
0.6510 0.6510 0.6706,
0.6510 0.6510 0.6706,
0.6510 0.6510 0.6706,
0.6510 0.6510 0.6706,
0.6510 0.6510 0.6706,
0.6510 0.6510 0.6706,
0.6510 0.6510 0.6706,
0.6510 0.6510 0.6706,
0.6510 0.6510 0.6706,
0.6510 0.6510 0.6706,
0.6510 0.6510 0.6706,
0.6510 0.6510 0.6706,
0.6510 0.6510 0.6706,
0.6510 0.6510 0.6706,
0.6510 0.6510 0.6706,
0.6510 0.6510 0.6706,
0.6510 0.6510 0.6706,
0.6510 0.6510 0.6706,
0.6510 0.6510 0.6706,
0.6510 0.6510 0.6706,
0.6510 0.6510 0.6706,
0.6510 0.6510 0.6706,
0.6510 0.6510 0.6706,
0.6510 0.6510 0.6706,
0.6510 0.6510 0.6706,
0.6510 0.6510 0.6706,
0.6510 0.6510 0.6706,
0.6510 0.6510 0.6706,
0.6510 0.6510 0.6706,
0.6510 0.6510 0.6706,
0.6510 0.6510 0.6706,
0.6510 0.6510 0.6706,
0.6510 0.6510 0.6706,
0.6510 0.6510 0.6706,
0.6510 0.6510 0.6706,
0.6510 0.6510 0.6706,
0.6510 0.6510 0.6706,
0.6510 0.6510 0.6706,
0.6510 0.6510 0.6706,
0.6510 0.6510 0.6706,
0.6510 0.6510 0.6706,
0.6510 0.6510 0.6706,
0.6510 0.6510 0.6706,
0.6510 0.6510 0.6706,
0.6510 0.6510 0.6706,
0.6510 0.6510 0.6706,
0.6510 0.6510 0.6706,
0.6510 0.6510 0.6706,
0.6510 0.6510 0.6706,
0.6510 0.6510 0.6706,
0.6510 0.6510 0.6706,
0.6510 0.6510 0.6706,
0.6510 0.6510 0.6706,
0.6510 0.6510 0.6706,
0.6510 0.6510 0.6706,
0.6510 0.6510 0.6706,
0.6510 0.6510 0.6706,
0.6510 0.6510 0.6706,
0.6510 0.6510 0.6706,
0.6510 0.6510 0.6706,
0.6510 0.6510 0.6706,
0.6510 0.6510 0.6706,
0.6510 0.6510 0.6706,
0.6510 0.6510 0.6706,
0.6510 0.6510 0.6706,
0.6510 0.6510 0.6706,
0.6510 0.6510 0.6706,
0.6510 0.6510 0.6706,
0.6510 0.6510 0.6706,
0.6510 0.6510 0.6706,
0.6510 0.6510 0.6706,
0.6510 0.6510 0.6706,
0.6510 0.6510 0.6706,
0.6510 0.6510 0.6706,
0.6510 0.6510 0.6706,
0.6510 0.6510 0.6706,
0.6510 0.6510 0.6706,
0.6510 0.6510 0.6706,
0.6510 0.6510 0.6706,
0.6510 0.6510 0.6706,
0.6510 0.6510 0.6706,
0.6510 0.6510 0.6706,
0.6510 0.6510 0.6706,
0.6510 0.6510 0.6706,
0.6510 0.6510 0.6706,
0.6510 0.6510 0.6706,
0.6510 0.6510 0.6706,
0.6510 0.6510 0.6706,
0.6510 0.6510 0.6706,
0.6510 0.6510 0.6706,
0.6510 0.6510 0.6706,
0.6510 0.6510 0.6706,
0.6510 0.6510 0.6706,
0.6510 0.6510 0.6706,
0.6510 0.6510 0.6706,
0.6510 0.6510 0.6706,
0.6510 0.6510 0.6706,
0.6510 0.6510 0.6706,
0.6510 0.6510 0.6706,
0.6510 0.6510 0.6706,
0.6510 0.6510 0.6706,
0.6510 0.6510 0.6706,
0.6510 0.6510 0.6706,
0.6510 0.6510 0.6706,
0.6510 0.6510 0.6706,
0.6510 0.6510 0.6706,
0.6510 0.6510 0.6706,
0.6510 0.6510 0.6706,
0.6510 0.6510 0.6706,
0.6510 0.6510 0.6706,
0.6510 0.6510 0.6706,
0.6510 0.6510 0.6706,
0.6510 0.6510 0.6706,
0.6510 0.6510 0.6706,
0.6510 0.6510 0.6706,
0.6510 0.6510 0.6706,
0.6510 0.6510 0.6706,
0.6510 0.6510 0.6706,
0.6510 0.6510 0.6706,
0.6510 0.6510 0.6706,
0.6510 0.6510 0.6706,
0.6510 0.6510 0.6706,
0.6510 0.6510 0.6706,
0.6510 0.6510 0.6706,
0.6510 0.6510 0.6706,
0.6510 0.6510 0.6706,
0.6510 0.6510 0.6706,
0.6510 0.6510 0.6706,
0.6510 0.6510 0.6706,
0.6510 0.6510 0.6706,
0.6510 0.6510 0.6706,
0.6510 0.6510 0.6706,
0.6510 0.6510 0.6706,
0.6510 0.6510 0.6706,
0.6510 0.6510 0.6706,
0.6510 0.6510 0.6706,
0.6510 0.6510 0.6706,
0.6510 0.6510 0.6706,
0.6510 0.6510 0.6706,
0.6510 0.6510 0.6706,
0.6510 0.6510 0.6706,
0.6510 0.6510 0.6706,
0.6510 0.6510 0.6706,
0.6510 0.6510 0.6706,
0.6510 0.6510 0.6706,
0.6510 0.6510 0.6706,
0.6510 0.6510 0.6706,
0.6510 0.6510 0.6706,
0.6510 0.6510 0.6706,
0.6510 0.6510 0.6706,
0.6510 0.6510 0.6706,
0.6510 0.6510 0.6706,
0.6510 0.6510 0.6706,
0.6510 0.6510 0.6706,
0.6510 0.6510 0.6706,
0.6510 0.6510 0.6706,
0.6510 0.6510 0.6706,
0.6510 0.6510 0.6706,
0.6510 0.6510 0.6706,
0.6510 0.6510 0.6706,
0.6510 0.6510 0.6706,
0.6510 0.6510 0.6706,
0.6510 0.6510 0.6706,
0.6510 0.6510 0.6706,
0.6510 0.6510 0.6706,
0.6510 0.6510 0.6706,
0.6510 0.6510 0.6706,
0.6510 0.6510 0.6706,
0.6510 0.6510 0.6706,
0.6510 0.6510 0.6706,
0.6510 0.6510 0.6706,
0.6510 0.6510 0.6706,
0.6510 0.6510 0.6706,
0.6510 0.6510 0.6706,
0.6510 0.6510 0.6706,
0.6510 0.6510 0.6706,
0.6510 0.6510 0.6706,
0.6510 0.6510 0.6706,
0.6510 0.6510 0.6706,
0.6510 0.6510 0.6706,
0.6510 0.6510 0.6706,
0.6510 0.6510 0.6706,
0.6510 0.6510 0.6706,
0.6510 0.6510 0.6706,
0.6510 0.6510 0.6706,
0.6510 0.6510 0.6706,
0.6510 0.6510 0.6706,
0.6510 0.6510 0.6706,
0.6510 0.6510 0.6706,
0.6510 0.6510 0.6706,
0.6510 0.6510 0.6706,
0.6510 0.6510 0.6706,
0.6510 0.6510 0.6706,
0.6510 0.6510 0.6706,
0.6510 0.6510 0.6706,
0.6510 0.6510 0.6706,
0.6510 0.6510 0.6706,
0.6510 0.6510 0.6706,
0.6510 0.6510 0.6706,
0.6510 0.6510 0.6706,
0.6510 0.6510 0.6706,
0.6510 0.6510 0.6706,
0.6510 0.6510 0.6706,
0.6510 0.6510 0.6706,
0.6510 0.6510 0.6706,
0.6510 0.6510 0.6706,
0.6510 0.6510 0.6706,
0.6510 0.6510 0.6706,
0.6510 0.6510 0.6706,
0.6510 0.6510 0.6706,
0.6510 0.6510 0.6706,
0.6510 0.6510 0.6706,
0.6510 0.6510 0.6706,
0.6510 0.6510 0.6706,
0.6510 0.6510 0.6706,
0.6510 0.6510 0.6706,
0.6510 0.6510 0.6706,
0.6510 0.6510 0.6706,
0.6510 0.6510 0.6706,
0.6510 0.6510 0.6706,
0.6510 0.6510 0.6706,
0.6510 0.6510 0.6706,
0.6510 0.6510 0.6706,
0.6510 0.6510 0.6706,
0.6510 0.6510 0.6706,
0.6510 0.6510 0.6706,
0.6510 0.6510 0.6706,
0.6510 0.6510 0.6706,
0.6510 0.6510 0.6706,
0.6510 0.6510 0.6706,
0.6510 0.6510 0.6706,
0.6510 0.6510 0.6706,
0.6510 0.6510 0.6706,
0.6510 0.6510 0.6706,
0.6510 0.6510 0.6706,
0.6510 0.6510 0.6706,
0.6510 0.6510 0.6706,
0.6510 0.6510 0.6706,
0.6510 0.6510 0.6706,
0.6510 0.6510 0.6706,
0.6510 0.6510 0.6706,
0.6510 0.6510 0.6706,
0.6510 0.6510 0.6706,
0.6510 0.6510 0.6706,
0.6510 0.6510 0.6706,
0.6510 0.6510 0.6706,
0.6510 0.6510 0.6706,
0.6510 0.6510 0.6706,
0.6510 0.6510 0.6706,
0.6510 0.6510 0.6706,
0.6510 0.6510 0.6706,
0.6510 0.6510 0.6706,
0.6510 0.6510 0.6706,
0.6510 0.6510 0.6706,
0.6510 0.6510 0.6706,
0.6510 0.6510 0.6706,
0.6510 0.6510 0.6706,
0.6510 0.6510 0.6706,
0.6510 0.6510 0.6706,
0.6510 0.6510 0.6706,
0.6510 0.6510 0.6706,
0.6510 0.6510 0.6706,
0.6510 0.6510 0.6706,
0.6510 0.6510 0.6706,
0.6510 0.6510 0.6706,
0.6510 0.6510 0.6706,
0.6510 0.6510 0.6706,
0.6510 0.6510 0.6706,
0.6510 0.6510 0.6706,
0.6510 0.6510 0.6706,
0.6510 0.6510 0.6706,
0.6510 0.6510 0.6706,
0.6510 0.6510 0.6706,
0.6510 0.6510 0.6706,
0.6510 0.6510 0.6706,
0.6510 0.6510 0.6706,
0.6510 0.6510 0.6706,
0.6510 0.6510 0.6706,
0.6510 0.6510 0.6706,
0.6510 0.6510 0.6706,
0.6510 0.6510 0.6706,
0.6510 0.6510 0.6706,
0.6510 0.6510 0.6706,
0.6510 0.6510 0.6706,
0.6510 0.6510 0.6706,
0.6510 0.6510 0.6706,
0.6510 0.6510 0.6706,
0.6510 0.6510 0.6706,
0.6510 0.6510 0.6706,
0.6510 0.6510 0.6706,
0.6510 0.6510 0.6706,
0.6510 0.6510 0.6706,
0.6510 0.6510 0.6706,
0.6510 0.6510 0.6706,
0.6510 0.6510 0.6706,
0.6510 0.6510 0.6706,
0.6510 0.6510 0.6706,
0.6510 0.6510 0.6706,
0.6510 0.6510 0.6706,
0.6510 0.6510 0.6706,
0.6510 0.6510 0.6706,
0.6510 0.6510 0.6706,
0.6510 0.6510 0.6706,
0.6510 0.6510 0.6706,
0.6510 0.6510 0.6706,
0.6510 0.6510 0.6706,
0.6510 0.6510 0.6706,
0.6510 0.6510 0.6706,
0.6510 0.6510 0.6706,
0.6510 0.6510 0.6706,
0.6510 0.6510 0.6706,
0.6510 0.6510 0.6706,
0.6510 0.6510 0.6706,
0.6510 0.6510 0.6706,
0.6510 0.6510 0.6706,
0.6510 0.6510 0.6706,
0.6510 0.6510 0.6706,
0.6510 0.6510 0.6706,
0.6510 0.6510 0.6706,
0.6510 0.6510 0.6706,
0.6510 0.6510 0.6706,
0.6510 0.6510 0.6706,
0.6510 0.6510 0.6706,
0.6510 0.6510 0.6706,
0.6510 0.6510 0.6706,
0.6510 0.6510 0.6706,
0.6510 0.6510 0.6706,
0.6510 0.6510 0.6706,
0.6510 0.6510 0.6706,
0.6510 0.6510 0.6706,
0.6510 0.6510 0.6706,
0.6510 0.6510 0.6706,
0.6510 0.6510 0.6706,
0.6510 0.6510 0.6706,
0.6510 0.6510 0.6706,
  ] } 
  normalPerVertex TRUE
  normal Normal {
   vector [
-0.8444 0.0243 0.5352,
-0.8133 -0.0904 0.5748,
-0.7065 -0.1192 0.6976,
-0.7663 0.0786 0.6377,
-0.7065 -0.1192 0.6976,
-0.8133 -0.0904 0.5748,
-0.9280 -0.0357 0.3709,
-0.7663 0.0786 0.6377,
-0.8133 -0.0904 0.5748,
-0.8444 0.0243 0.5352,
-0.9280 -0.0357 0.3709,
-0.8133 -0.0904 0.5748,
-0.5269 -0.1015 0.8439,
-0.7065 -0.1192 0.6976,
-0.7663 0.0786 0.6377,
-0.5962 -0.1193 0.7939,
-0.7065 -0.1192 0.6976,
-0.5269 -0.1015 0.8439,
-0.5013 -0.2761 0.8201,
-0.5962 -0.1193 0.7939,
-0.5269 -0.1015 0.8439,
-0.2364 -0.3133 0.9198,
-0.5013 -0.2761 0.8201,
-0.5269 -0.1015 0.8439,
-0.3971 -0.4748 0.7854,
-0.5013 -0.2761 0.8201,
-0.2364 -0.3133 0.9198,
-0.1570 -0.3077 0.9385,
-0.5013 -0.2761 0.8201,
-0.3971 -0.4748 0.7854,
-0.0183 -0.3908 0.9203,
-0.1570 -0.3077 0.9385,
-0.3971 -0.4748 0.7854,
-0.0312 -0.6364 0.7707,
-0.0183 -0.3908 0.9203,
-0.3971 -0.4748 0.7854,
-0.0264 -0.5707 0.8207,
-0.0312 -0.6364 0.7707,
-0.3971 -0.4748 0.7854,
-0.2364 -0.3133 0.9198,
-0.0264 -0.5707 0.8207,
-0.3971 -0.4748 0.7854,
0.2353 -0.1552 0.9595,
-0.0264 -0.5707 0.8207,
-0.2364 -0.3133 0.9198,
-0.1756 0.0600 0.9826,
0.2353 -0.1552 0.9595,
-0.2364 -0.3133 0.9198,
-0.5269 -0.1015 0.8439,
-0.1756 0.0600 0.9826,
-0.2364 -0.3133 0.9198,
0.0792 -0.1424 0.9866,
0.2353 -0.1552 0.9595,
-0.1756 0.0600 0.9826,
-0.2843 0.2301 0.9307,
0.0792 -0.1424 0.9866,
-0.1756 0.0600 0.9826,
-0.4087 -0.1743 0.8959,
0.0792 -0.1424 0.9866,
-0.2843 0.2301 0.9307,
-0.6998 0.2888 0.6533,
-0.4087 -0.1743 0.8959,
-0.2843 0.2301 0.9307,
-0.6120 0.3066 0.7290,
-0.6998 0.2888 0.6533,
-0.2843 0.2301 0.9307,
-0.1756 0.0600 0.9826,
-0.6120 0.3066 0.7290,
-0.2843 0.2301 0.9307,
-0.5269 -0.1015 0.8439,
-0.6120 0.3066 0.7290,
-0.1756 0.0600 0.9826,
-0.7663 0.0786 0.6377,
-0.6120 0.3066 0.7290,
-0.5269 -0.1015 0.8439,
-0.9405 0.2296 0.2505,
-0.6120 0.3066 0.7290,
-0.7663 0.0786 0.6377,
-0.8493 0.4970 0.1782,
-0.6120 0.3066 0.7290,
-0.9405 0.2296 0.2505,
-0.8791 0.3779 -0.2906,
-0.8493 0.4970 0.1782,
-0.9405 0.2296 0.2505,
-0.9976 -0.0560 -0.0407,
-0.8791 0.3779 -0.2906,
-0.9405 0.2296 0.2505,
-0.8719 0.4007 -0.2815,
-0.8493 0.4970 0.1782,
-0.8791 0.3779 -0.2906,
-0.6907 0.1774 -0.7010,
-0.8719 0.4007 -0.2815,
-0.8791 0.3779 -0.2906,
-0.8387 -0.0905 -0.5370,
-0.6907 0.1774 -0.7010,
-0.8791 0.3779 -0.2906,
-0.2977 -0.1325 -0.9454,
-0.6907 0.1774 -0.7010,
-0.8387 -0.0905 -0.5370,
-0.4326 -0.3902 -0.8127,
-0.2977 -0.1325 -0.9454,
-0.8387 -0.0905 -0.5370,
-0.6959 -0.3843 -0.6067,
-0.4326 -0.3902 -0.8127,
-0.8387 -0.0905 -0.5370,
-0.5165 -0.5702 -0.6388,
-0.4326 -0.3902 -0.8127,
-0.6959 -0.3843 -0.6067,
-0.6794 -0.4118 -0.6073,
-0.5165 -0.5702 -0.6388,
-0.6959 -0.3843 -0.6067,
-0.5270 -0.4587 -0.7154,
-0.5165 -0.5702 -0.6388,
-0.6794 -0.4118 -0.6073,
-0.6658 -0.3281 -0.6701,
-0.5270 -0.4587 -0.7154,
-0.6794 -0.4118 -0.6073,
-0.4798 -0.2800 -0.8315,
-0.5270 -0.4587 -0.7154,
-0.6658 -0.3281 -0.6701,
-0.4330 -0.0433 -0.9004,
-0.4798 -0.2800 -0.8315,
-0.6658 -0.3281 -0.6701,
-0.6969 -0.0071 -0.7171,
-0.4330 -0.0433 -0.9004,
-0.6658 -0.3281 -0.6701,
-0.8349 -0.2016 -0.5122,
-0.6969 -0.0071 -0.7171,
-0.6658 -0.3281 -0.6701,
-0.8720 0.0940 -0.4804,
-0.6969 -0.0071 -0.7171,
-0.8349 -0.2016 -0.5122,
-0.9011 -0.0789 -0.4264,
-0.8720 0.0940 -0.4804,
-0.8349 -0.2016 -0.5122,
-0.7976 -0.2818 -0.5334,
-0.9011 -0.0789 -0.4264,
-0.8349 -0.2016 -0.5122,
-0.9561 -0.1617 -0.2445,
-0.9011 -0.0789 -0.4264,
-0.7976 -0.2818 -0.5334,
-0.9619 0.0892 -0.2585,
-0.9011 -0.0789 -0.4264,
-0.9561 -0.1617 -0.2445,
-0.8734 0.1531 -0.4623,
-0.9011 -0.0789 -0.4264,
-0.9619 0.0892 -0.2585,
-0.8720 0.0940 -0.4804,
-0.9011 -0.0789 -0.4264,
-0.8734 0.1531 -0.4623,
-0.7747 0.0854 -0.6266,
-0.6969 -0.0071 -0.7171,
-0.8720 0.0940 -0.4804,
-0.4843 0.1515 -0.8617,
-0.6969 -0.0071 -0.7171,
-0.7747 0.0854 -0.6266,
-0.4735 -0.0320 -0.8802,
-0.4843 0.1515 -0.8617,
-0.7747 0.0854 -0.6266,
-0.6667 -0.2601 -0.6984,
-0.4735 -0.0320 -0.8802,
-0.7747 0.0854 -0.6266,
-0.4343 -0.3537 -0.8284,
-0.4735 -0.0320 -0.8802,
-0.6667 -0.2601 -0.6984,
-0.7530 -0.4064 -0.5175,
-0.4343 -0.3537 -0.8284,
-0.6667 -0.2601 -0.6984,
-0.9042 -0.1848 -0.3852,
-0.7530 -0.4064 -0.5175,
-0.6667 -0.2601 -0.6984,
-0.9773 -0.2062 -0.0487,
-0.7530 -0.4064 -0.5175,
-0.9042 -0.1848 -0.3852,
-0.9977 0.0548 0.0404,
-0.9773 -0.2062 -0.0487,
-0.9042 -0.1848 -0.3852,
-0.9367 0.0518 -0.3463,
-0.9977 0.0548 0.0404,
-0.9042 -0.1848 -0.3852,
-0.9709 0.2225 -0.0886,
-0.9977 0.0548 0.0404,
-0.9367 0.0518 -0.3463,
-0.8970 0.3927 0.2028,
-0.9977 0.0548 0.0404,
-0.9709 0.2225 -0.0886,
-0.9481 0.3077 0.0807,
-0.8970 0.3927 0.2028,
-0.9709 0.2225 -0.0886,
-0.9716 0.2347 0.0306,
-0.9481 0.3077 0.0807,
-0.9709 0.2225 -0.0886,
-0.9967 0.0151 -0.0794,
-0.9716 0.2347 0.0306,
-0.9709 0.2225 -0.0886,
-0.9781 0.1523 0.1415,
-0.9716 0.2347 0.0306,
-0.9967 0.0151 -0.0794,
-0.9806 -0.0540 0.1884,
-0.9781 0.1523 0.1415,
-0.9967 0.0151 -0.0794,
-0.9224 0.0790 0.3781,
-0.9781 0.1523 0.1415,
-0.9806 -0.0540 0.1884,
-0.9450 0.1294 0.3002,
-0.9781 0.1523 0.1415,
-0.9224 0.0790 0.3781,
-0.9481 0.3077 0.0807,
-0.9716 0.2347 0.0306,
-0.9781 0.1523 0.1415,
-0.9450 0.1294 0.3002,
-0.9481 0.3077 0.0807,
-0.9781 0.1523 0.1415,
-0.8399 0.4205 0.3431,
-0.9481 0.3077 0.0807,
-0.9450 0.1294 0.3002,
-0.8243 0.1658 0.5413,
-0.8399 0.4205 0.3431,
-0.9450 0.1294 0.3002,
-0.9224 0.0790 0.3781,
-0.8243 0.1658 0.5413,
-0.9450 0.1294 0.3002,
-0.6380 0.5729 0.5146,
-0.8399 0.4205 0.3431,
-0.8243 0.1658 0.5413,
-0.7311 0.3044 0.6106,
-0.6380 0.5729 0.5146,
-0.8243 0.1658 0.5413,
-0.7067 0.0930 0.7014,
-0.7311 0.3044 0.6106,
-0.8243 0.1658 0.5413,
-0.6613 0.6769 0.3231,
-0.8399 0.4205 0.3431,
-0.6380 0.5729 0.5146,
-0.6099 0.6531 0.4489,
-0.6613 0.6769 0.3231,
-0.6380 0.5729 0.5146,
-0.7106 0.5913 0.3813,
-0.6613 0.6769 0.3231,
-0.6099 0.6531 0.4489,
-0.7816 0.5830 0.2217,
-0.6613 0.6769 0.3231,
-0.7106 0.5913 0.3813,
-0.8399 0.4205 0.3431,
-0.6613 0.6769 0.3231,
-0.7816 0.5830 0.2217,
-0.9481 0.3077 0.0807,
-0.8399 0.4205 0.3431,
-0.7816 0.5830 0.2217,
-0.7816 0.5830 0.2217,
-0.8970 0.3927 0.2028,
-0.9481 0.3077 0.0807,
-0.7106 0.5913 0.3813,
-0.8970 0.3927 0.2028,
-0.7816 0.5830 0.2217,
-0.6590 0.4487 0.6036,
-0.8970 0.3927 0.2028,
-0.7106 0.5913 0.3813,
-0.9035 0.2495 0.3486,
-0.8970 0.3927 0.2028,
-0.6590 0.4487 0.6036,
-0.9122 0.0343 0.4082,
-0.9035 0.2495 0.3486,
-0.6590 0.4487 0.6036,
-0.6902 0.3602 0.6276,
-0.9122 0.0343 0.4082,
-0.6590 0.4487 0.6036,
-0.2137 0.5432 0.8120,
-0.6902 0.3602 0.6276,
-0.6590 0.4487 0.6036,
-0.1949 0.7987 0.5693,
-0.2137 0.5432 0.8120,
-0.6590 0.4487 0.6036,
-0.5001 0.7238 0.4754,
-0.1949 0.7987 0.5693,
-0.6590 0.4487 0.6036,
-0.7106 0.5913 0.3813,
-0.5001 0.7238 0.4754,
-0.6590 0.4487 0.6036,
-0.6099 0.6531 0.4489,
-0.5001 0.7238 0.4754,
-0.7106 0.5913 0.3813,
-0.3749 0.8188 0.4347,
-0.5001 0.7238 0.4754,
-0.6099 0.6531 0.4489,
-0.0998 0.8862 0.4524,
-0.5001 0.7238 0.4754,
-0.3749 0.8188 0.4347,
-0.1094 0.9071 0.4066,
-0.0998 0.8862 0.4524,
-0.3749 0.8188 0.4347,
0.0823 0.9135 0.3984,
-0.0998 0.8862 0.4524,
-0.1094 0.9071 0.4066,
0.2345 0.9677 0.0920,
0.0823 0.9135 0.3984,
-0.1094 0.9071 0.4066,
0.1861 0.9451 0.2687,
0.2345 0.9677 0.0920,
-0.1094 0.9071 0.4066,
-0.0404 0.8860 0.4620,
0.1861 0.9451 0.2687,
-0.1094 0.9071 0.4066,
0.4055 0.7944 0.4522,
0.1861 0.9451 0.2687,
-0.0404 0.8860 0.4620,
0.2474 0.8047 0.5397,
0.4055 0.7944 0.4522,
-0.0404 0.8860 0.4620,
0.4008 0.6778 0.6165,
0.4055 0.7944 0.4522,
0.2474 0.8047 0.5397,
0.4776 0.8562 0.1970,
0.1861 0.9451 0.2687,
0.4055 0.7944 0.4522,
0.5135 0.8131 0.2741,
0.4776 0.8562 0.1970,
0.4055 0.7944 0.4522,
0.5270 0.6982 0.4845,
0.5135 0.8131 0.2741,
0.4055 0.7944 0.4522,
0.4008 0.6778 0.6165,
0.5270 0.6982 0.4845,
0.4055 0.7944 0.4522,
0.5153 0.4813 0.7091,
0.5270 0.6982 0.4845,
0.4008 0.6778 0.6165,
0.4758 0.5787 0.6623,
0.5153 0.4813 0.7091,
0.4008 0.6778 0.6165,
0.2474 0.8047 0.5397,
0.4758 0.5787 0.6623,
0.4008 0.6778 0.6165,
0.2158 0.7489 0.6266,
0.4758 0.5787 0.6623,
0.2474 0.8047 0.5397,
-0.0994 0.8976 0.4296,
0.2158 0.7489 0.6266,
0.2474 0.8047 0.5397,
-0.0404 0.8860 0.4620,
-0.0994 0.8976 0.4296,
0.2474 0.8047 0.5397,
-0.3070 0.6928 0.6525,
0.2158 0.7489 0.6266,
-0.0994 0.8976 0.4296,
-0.6186 0.6240 0.4774,
-0.3070 0.6928 0.6525,
-0.0994 0.8976 0.4296,
-0.6578 0.3022 0.6899,
-0.3070 0.6928 0.6525,
-0.6186 0.6240 0.4774,
-0.1247 0.3742 0.9189,
-0.3070 0.6928 0.6525,
-0.6578 0.3022 0.6899,
-0.4226 -0.1284 0.8972,
-0.1247 0.3742 0.9189,
-0.6578 0.3022 0.6899,
-0.6669 -0.0056 0.7452,
-0.4226 -0.1284 0.8972,
-0.6578 0.3022 0.6899,
-0.4385 -0.2313 0.8685,
-0.4226 -0.1284 0.8972,
-0.6669 -0.0056 0.7452,
-0.0959 -0.3330 0.9380,
-0.4226 -0.1284 0.8972,
-0.4385 -0.2313 0.8685,
0.0832 -0.0215 0.9963,
-0.4226 -0.1284 0.8972,
-0.0959 -0.3330 0.9380,
0.4113 -0.0744 0.9084,
0.0832 -0.0215 0.9963,
-0.0959 -0.3330 0.9380,
0.1487 -0.3432 0.9274,
0.4113 -0.0744 0.9084,
-0.0959 -0.3330 0.9380,
0.4510 0.3182 0.8339,
0.0832 -0.0215 0.9963,
0.4113 -0.0744 0.9084,
0.5400 0.2690 0.7976,
0.4510 0.3182 0.8339,
0.4113 -0.0744 0.9084,
0.5048 0.0551 0.8615,
0.5400 0.2690 0.7976,
0.4113 -0.0744 0.9084,
0.4121 -0.2110 0.8864,
0.5048 0.0551 0.8615,
0.4113 -0.0744 0.9084,
0.1487 -0.3432 0.9274,
0.4121 -0.2110 0.8864,
0.4113 -0.0744 0.9084,
0.3652 -0.3449 0.8647,
0.4121 -0.2110 0.8864,
0.1487 -0.3432 0.9274,
0.1647 -0.4499 0.8778,
0.3652 -0.3449 0.8647,
0.1487 -0.3432 0.9274,
0.0150 -0.3694 0.9292,
0.1647 -0.4499 0.8778,
0.1487 -0.3432 0.9274,
0.0784 -0.5896 0.8039,
0.1647 -0.4499 0.8778,
0.0150 -0.3694 0.9292,
0.0940 -0.7761 0.6236,
0.1647 -0.4499 0.8778,
0.0784 -0.5896 0.8039,
0.0436 -0.7416 0.6694,
0.0940 -0.7761 0.6236,
0.0784 -0.5896 0.8039,
0.3680 -0.6217 0.6914,
0.1647 -0.4499 0.8778,
0.0940 -0.7761 0.6236,
0.3004 -0.8305 0.4690,
0.3680 -0.6217 0.6914,
0.0940 -0.7761 0.6236,
0.2080 -0.8533 0.4782,
0.3004 -0.8305 0.4690,
0.0940 -0.7761 0.6236,
0.1973 -0.7649 0.6131,
0.2080 -0.8533 0.4782,
0.0940 -0.7761 0.6236,
0.0436 -0.7416 0.6694,
0.1973 -0.7649 0.6131,
0.0940 -0.7761 0.6236,
0.2347 -0.9231 0.3046,
0.2080 -0.8533 0.4782,
0.1973 -0.7649 0.6131,
0.5072 -0.7968 0.3283,
0.2347 -0.9231 0.3046,
0.1973 -0.7649 0.6131,
0.4668 -0.4966 0.7317,
0.5072 -0.7968 0.3283,
0.1973 -0.7649 0.6131,
0.7044 -0.6298 0.3274,
0.5072 -0.7968 0.3283,
0.4668 -0.4966 0.7317,
0.4762 -0.4290 0.7676,
0.7044 -0.6298 0.3274,
0.4668 -0.4966 0.7317,
0.4416 -0.8085 0.3891,
0.7044 -0.6298 0.3274,
0.4762 -0.4290 0.7676,
0.0203 -0.6074 0.7942,
0.4416 -0.8085 0.3891,
0.4762 -0.4290 0.7676,
-0.0915 -0.9266 0.3649,
0.4416 -0.8085 0.3891,
0.0203 -0.6074 0.7942,
-0.5366 -0.6561 0.5306,
-0.0915 -0.9266 0.3649,
0.0203 -0.6074 0.7942,
-0.4595 -0.8874 -0.0373,
-0.0915 -0.9266 0.3649,
-0.5366 -0.6561 0.5306,
-0.8885 -0.4543 0.0644,
-0.4595 -0.8874 -0.0373,
-0.5366 -0.6561 0.5306,
-0.8214 -0.1897 0.5379,
-0.8885 -0.4543 0.0644,
-0.5366 -0.6561 0.5306,
-0.9781 0.1523 0.1415,
-0.8885 -0.4543 0.0644,
-0.8214 -0.1897 0.5379,
-0.9011 -0.0789 -0.4264,
-0.8885 -0.4543 0.0644,
-0.9781 0.1523 0.1415,
-0.6903 -0.5832 -0.4283,
-0.8885 -0.4543 0.0644,
-0.9011 -0.0789 -0.4264,
-0.4798 -0.2800 -0.8315,
-0.6903 -0.5832 -0.4283,
-0.9011 -0.0789 -0.4264,
-0.2069 -0.7797 -0.5910,
-0.6903 -0.5832 -0.4283,
-0.4798 -0.2800 -0.8315,
0.0083 -0.4806 -0.8769,
-0.2069 -0.7797 -0.5910,
-0.4798 -0.2800 -0.8315,
0.2939 -0.7762 -0.5579,
-0.2069 -0.7797 -0.5910,
0.0083 -0.4806 -0.8769,
0.4305 -0.7397 -0.5172,
0.2939 -0.7762 -0.5579,
0.0083 -0.4806 -0.8769,
-0.0469 -0.4865 -0.8724,
0.4305 -0.7397 -0.5172,
0.0083 -0.4806 -0.8769,
0.0780 -0.8091 -0.5824,
0.4305 -0.7397 -0.5172,
-0.0469 -0.4865 -0.8724,
-0.2856 -0.6624 -0.6926,
0.0780 -0.8091 -0.5824,
-0.0469 -0.4865 -0.8724,
-0.0428 -0.8335 -0.5508,
0.0780 -0.8091 -0.5824,
-0.2856 -0.6624 -0.6926,
-0.3770 -0.6610 -0.6488,
-0.0428 -0.8335 -0.5508,
-0.2856 -0.6624 -0.6926,
-0.2068 -0.7821 -0.5878,
-0.0428 -0.8335 -0.5508,
-0.3770 -0.6610 -0.6488,
-0.3435 -0.6977 -0.6287,
-0.2068 -0.7821 -0.5878,
-0.3770 -0.6610 -0.6488,
-0.0680 -0.7408 -0.6683,
-0.2068 -0.7821 -0.5878,
-0.3435 -0.6977 -0.6287,
-0.2005 -0.5116 -0.8355,
-0.0680 -0.7408 -0.6683,
-0.3435 -0.6977 -0.6287,
-0.5070 -0.5004 -0.7019,
-0.2005 -0.5116 -0.8355,
-0.3435 -0.6977 -0.6287,
-0.3770 -0.6610 -0.6488,
-0.5070 -0.5004 -0.7019,
-0.3435 -0.6977 -0.6287,
-0.2636 -0.2144 -0.9405,
-0.2005 -0.5116 -0.8355,
-0.5070 -0.5004 -0.7019,
-0.0124 -0.2929 -0.9561,
-0.2005 -0.5116 -0.8355,
-0.2636 -0.2144 -0.9405,
-0.0662 -0.2160 -0.9741,
-0.0124 -0.2929 -0.9561,
-0.2636 -0.2144 -0.9405,
-0.2704 -0.0420 -0.9618,
-0.0662 -0.2160 -0.9741,
-0.2636 -0.2144 -0.9405,
-0.4012 -0.1868 -0.8967,
-0.2704 -0.0420 -0.9618,
-0.2636 -0.2144 -0.9405,
0.0458 -0.0219 -0.9987,
-0.0662 -0.2160 -0.9741,
-0.2704 -0.0420 -0.9618,
-0.1261 0.1067 -0.9863,
0.0458 -0.0219 -0.9987,
-0.2704 -0.0420 -0.9618,
-0.2709 0.0605 -0.9607,
-0.1261 0.1067 -0.9863,
-0.2704 -0.0420 -0.9618,
0.0037 0.1936 -0.9811,
-0.1261 0.1067 -0.9863,
-0.2709 0.0605 -0.9607,
0.0510 0.2280 -0.9723,
-0.1261 0.1067 -0.9863,
0.0037 0.1936 -0.9811,
0.0458 -0.0219 -0.9987,
-0.1261 0.1067 -0.9863,
0.0510 0.2280 -0.9723,
0.1334 -0.1315 -0.9823,
-0.0662 -0.2160 -0.9741,
0.0458 -0.0219 -0.9987,
0.1247 -0.3742 -0.9189,
-0.0662 -0.2160 -0.9741,
0.1334 -0.1315 -0.9823,
0.3250 -0.4824 -0.8134,
0.1247 -0.3742 -0.9189,
0.1334 -0.1315 -0.9823,
0.4336 -0.1874 -0.8814,
0.3250 -0.4824 -0.8134,
0.1334 -0.1315 -0.9823,
0.2884 0.0798 -0.9542,
0.4336 -0.1874 -0.8814,
0.1334 -0.1315 -0.9823,
0.5421 0.1024 -0.8340,
0.4336 -0.1874 -0.8814,
0.2884 0.0798 -0.9542,
0.4087 0.1743 -0.8959,
0.5421 0.1024 -0.8340,
0.2884 0.0798 -0.9542,
0.1987 0.0577 -0.9784,
0.4087 0.1743 -0.8959,
0.2884 0.0798 -0.9542,
0.1826 0.2714 -0.9450,
0.4087 0.1743 -0.8959,
0.1987 0.0577 -0.9784,
0.5179 0.2643 -0.8136,
0.4087 0.1743 -0.8959,
0.1826 0.2714 -0.9450,
0.3198 0.5250 -0.7887,
0.5179 0.2643 -0.8136,
0.1826 0.2714 -0.9450,
0.1937 0.3904 -0.9000,
0.3198 0.5250 -0.7887,
0.1826 0.2714 -0.9450,
0.1021 0.2286 -0.9682,
0.1937 0.3904 -0.9000,
0.1826 0.2714 -0.9450,
0.3647 0.1239 -0.9228,
0.1937 0.3904 -0.9000,
0.1021 0.2286 -0.9682,
-0.0378 -0.0663 -0.9971,
0.3647 0.1239 -0.9228,
0.1021 0.2286 -0.9682,
0.5012 0.5647 -0.6557,
0.1937 0.3904 -0.9000,
0.3647 0.1239 -0.9228,
0.3198 0.5250 -0.7887,
0.1937 0.3904 -0.9000,
0.5012 0.5647 -0.6557,
0.3691 0.7367 -0.5667,
0.3198 0.5250 -0.7887,
0.5012 0.5647 -0.6557,
0.5064 0.7641 -0.3997,
0.3691 0.7367 -0.5667,
0.5012 0.5647 -0.6557,
0.8212 0.4547 -0.3447,
0.5064 0.7641 -0.3997,
0.5012 0.5647 -0.6557,
0.5284 0.0812 -0.8451,
0.8212 0.4547 -0.3447,
0.5012 0.5647 -0.6557,
0.3647 0.1239 -0.9228,
0.5284 0.0812 -0.8451,
0.5012 0.5647 -0.6557,
0.7885 0.2692 -0.5529,
0.8212 0.4547 -0.3447,
0.5284 0.0812 -0.8451,
0.3836 0.2071 -0.9000,
0.7885 0.2692 -0.5529,
0.5284 0.0812 -0.8451,
0.0373 -0.2114 -0.9767,
0.3836 0.2071 -0.9000,
0.5284 0.0812 -0.8451,
-0.1261 0.1067 -0.9863,
0.3836 0.2071 -0.9000,
0.0373 -0.2114 -0.9767,
-0.4922 -0.2407 -0.8365,
-0.1261 0.1067 -0.9863,
0.0373 -0.2114 -0.9767,
-0.5694 0.3266 -0.7544,
-0.1261 0.1067 -0.9863,
-0.4922 -0.2407 -0.8365,
-0.9011 -0.0789 -0.4264,
-0.5694 0.3266 -0.7544,
-0.4922 -0.2407 -0.8365,
-0.8427 0.4489 -0.2971,
-0.5694 0.3266 -0.7544,
-0.9011 -0.0789 -0.4264,
-0.9781 0.1523 0.1415,
-0.8427 0.4489 -0.2971,
-0.9011 -0.0789 -0.4264,
-0.6942 0.7008 0.1646,
-0.8427 0.4489 -0.2971,
-0.9781 0.1523 0.1415,
-0.4416 0.8085 -0.3891,
-0.8427 0.4489 -0.2971,
-0.6942 0.7008 0.1646,
-0.1450 0.9815 0.1248,
-0.4416 0.8085 -0.3891,
-0.6942 0.7008 0.1646,
-0.3382 0.7433 0.5771,
-0.1450 0.9815 0.1248,
-0.6942 0.7008 0.1646,
0.1875 0.8008 0.5687,
-0.1450 0.9815 0.1248,
-0.3382 0.7433 0.5771,
0.4595 0.8874 0.0373,
-0.1450 0.9815 0.1248,
0.1875 0.8008 0.5687,
0.6061 0.7126 0.3533,
0.4595 0.8874 0.0373,
0.1875 0.8008 0.5687,
0.2541 0.7220 0.6436,
0.6061 0.7126 0.3533,
0.1875 0.8008 0.5687,
0.6617 0.7447 0.0871,
0.6061 0.7126 0.3533,
0.2541 0.7220 0.6436,
0.8577 0.5059 -0.0918,
0.6061 0.7126 0.3533,
0.6617 0.7447 0.0871,
0.4595 0.8874 0.0373,
0.6061 0.7126 0.3533,
0.8577 0.5059 -0.0918,
0.5366 0.6561 -0.5306,
0.4595 0.8874 0.0373,
0.8577 0.5059 -0.0918,
0.0915 0.9266 -0.3649,
0.4595 0.8874 0.0373,
0.5366 0.6561 -0.5306,
-0.0203 0.6074 -0.7942,
0.0915 0.9266 -0.3649,
0.5366 0.6561 -0.5306,
-0.1450 0.9815 0.1248,
0.4595 0.8874 0.0373,
0.0915 0.9266 -0.3649,
-0.4416 0.8085 -0.3891,
-0.1450 0.9815 0.1248,
0.0915 0.9266 -0.3649,
-0.0203 0.6074 -0.7942,
-0.4416 0.8085 -0.3891,
0.0915 0.9266 -0.3649,
-0.5694 0.3266 -0.7544,
-0.8427 0.4489 -0.2971,
-0.4416 0.8085 -0.3891,
-0.0203 0.6074 -0.7942,
-0.5694 0.3266 -0.7544,
-0.4416 0.8085 -0.3891,
-0.1261 0.1067 -0.9863,
-0.5694 0.3266 -0.7544,
-0.0203 0.6074 -0.7942,
0.3836 0.2071 -0.9000,
-0.1261 0.1067 -0.9863,
-0.0203 0.6074 -0.7942,
0.5366 0.6561 -0.5306,
0.3836 0.2071 -0.9000,
-0.0203 0.6074 -0.7942,
0.7885 0.2692 -0.5529,
0.3836 0.2071 -0.9000,
0.5366 0.6561 -0.5306,
0.8577 0.5059 -0.0918,
0.7885 0.2692 -0.5529,
0.5366 0.6561 -0.5306,
0.8212 0.4547 -0.3447,
0.7885 0.2692 -0.5529,
0.8577 0.5059 -0.0918,
0.6617 0.7447 0.0871,
0.8212 0.4547 -0.3447,
0.8577 0.5059 -0.0918,
0.5064 0.7641 -0.3997,
0.8212 0.4547 -0.3447,
0.6617 0.7447 0.0871,
0.3827 0.9111 -0.1534,
0.5064 0.7641 -0.3997,
0.6617 0.7447 0.0871,
0.4023 0.8251 -0.3967,
0.5064 0.7641 -0.3997,
0.3827 0.9111 -0.1534,
0.4047 0.8906 -0.2075,
0.4023 0.8251 -0.3967,
0.3827 0.9111 -0.1534,
0.3766 0.9240 -0.0671,
0.4047 0.8906 -0.2075,
0.3827 0.9111 -0.1534,
0.2723 0.9617 -0.0326,
0.3766 0.9240 -0.0671,
0.3827 0.9111 -0.1534,
0.4595 0.8874 0.0373,
0.3766 0.9240 -0.0671,
0.2723 0.9617 -0.0326,
0.4047 0.8906 -0.2075,
0.3766 0.9240 -0.0671,
0.4595 0.8874 0.0373,
0.6070 0.7876 0.1062,
0.4047 0.8906 -0.2075,
0.4595 0.8874 0.0373,
0.6720 0.7131 -0.1998,
0.4047 0.8906 -0.2075,
0.6070 0.7876 0.1062,
0.6847 0.7281 0.0324,
0.6720 0.7131 -0.1998,
0.6070 0.7876 0.1062,
0.6145 0.7464 0.2556,
0.6847 0.7281 0.0324,
0.6070 0.7876 0.1062,
0.5377 0.7924 0.2881,
0.6847 0.7281 0.0324,
0.6145 0.7464 0.2556,
0.5570 0.6506 0.5162,
0.5377 0.7924 0.2881,
0.6145 0.7464 0.2556,
0.5089 0.4491 0.7344,
0.5377 0.7924 0.2881,
0.5570 0.6506 0.5162,
0.5734 0.5325 0.6226,
0.5089 0.4491 0.7344,
0.5570 0.6506 0.5162,
0.2762 0.6323 0.7238,
0.5377 0.7924 0.2881,
0.5089 0.4491 0.7344,
0.1939 0.2662 0.9442,
0.2762 0.6323 0.7238,
0.5089 0.4491 0.7344,
0.5474 0.1235 0.8277,
0.1939 0.2662 0.9442,
0.5089 0.4491 0.7344,
0.4770 -0.0042 0.8789,
0.1939 0.2662 0.9442,
0.5474 0.1235 0.8277,
0.0875 -0.2366 0.9677,
0.1939 0.2662 0.9442,
0.4770 -0.0042 0.8789,
0.3832 -0.5299 0.7565,
0.0875 -0.2366 0.9677,
0.4770 -0.0042 0.8789,
0.5256 -0.2682 0.8073,
0.3832 -0.5299 0.7565,
0.4770 -0.0042 0.8789,
0.6007 -0.1064 0.7923,
0.5256 -0.2682 0.8073,
0.4770 -0.0042 0.8789,
0.5757 -0.5435 0.6109,
0.3832 -0.5299 0.7565,
0.5256 -0.2682 0.8073,
0.0865 -0.7887 0.6087,
0.0875 -0.2366 0.9677,
0.3832 -0.5299 0.7565,
0.4796 -0.7637 0.4322,
0.0865 -0.7887 0.6087,
0.3832 -0.5299 0.7565,
0.5757 -0.5435 0.6109,
0.4796 -0.7637 0.4322,
0.3832 -0.5299 0.7565,
0.5813 -0.6671 0.4660,
0.4796 -0.7637 0.4322,
0.5757 -0.5435 0.6109,
0.5599 -0.7381 0.3765,
0.4796 -0.7637 0.4322,
0.5813 -0.6671 0.4660,
0.4416 -0.8085 0.3891,
0.5599 -0.7381 0.3765,
0.5813 -0.6671 0.4660,
0.5841 -0.7604 0.2839,
0.5599 -0.7381 0.3765,
0.4416 -0.8085 0.3891,
0.2815 -0.9131 0.2949,
0.5841 -0.7604 0.2839,
0.4416 -0.8085 0.3891,
0.4570 -0.8888 0.0356,
0.5841 -0.7604 0.2839,
0.2815 -0.9131 0.2949,
0.1331 -0.9861 0.0991,
0.4570 -0.8888 0.0356,
0.2815 -0.9131 0.2949,
0.3390 -0.9032 -0.2633,
0.4570 -0.8888 0.0356,
0.1331 -0.9861 0.0991,
0.1980 -0.9789 -0.0498,
0.3390 -0.9032 -0.2633,
0.1331 -0.9861 0.0991,
0.3171 -0.9455 0.0740,
0.1980 -0.9789 -0.0498,
0.1331 -0.9861 0.0991,
0.3549 -0.9257 -0.1309,
0.1980 -0.9789 -0.0498,
0.3171 -0.9455 0.0740,
0.6161 -0.7859 -0.0526,
0.3549 -0.9257 -0.1309,
0.3171 -0.9455 0.0740,
0.1392 -0.9123 -0.3851,
0.1980 -0.9789 -0.0498,
0.3549 -0.9257 -0.1309,
0.2000 -0.9481 -0.2472,
0.1980 -0.9789 -0.0498,
0.1392 -0.9123 -0.3851,
0.3390 -0.9032 -0.2633,
0.1980 -0.9789 -0.0498,
0.2000 -0.9481 -0.2472,
0.5729 -0.7851 -0.2354,
0.4570 -0.8888 0.0356,
0.3390 -0.9032 -0.2633,
0.5091 -0.8054 -0.3035,
0.5729 -0.7851 -0.2354,
0.3390 -0.9032 -0.2633,
0.3275 -0.8556 -0.4009,
0.5091 -0.8054 -0.3035,
0.3390 -0.9032 -0.2633,
0.2000 -0.9481 -0.2472,
0.3275 -0.8556 -0.4009,
0.3390 -0.9032 -0.2633,
0.1392 -0.9123 -0.3851,
0.3275 -0.8556 -0.4009,
0.2000 -0.9481 -0.2472,
0.5294 -0.6887 -0.4954,
0.5091 -0.8054 -0.3035,
0.3275 -0.8556 -0.4009,
0.3382 -0.7433 -0.5771,
0.5294 -0.6887 -0.4954,
0.3275 -0.8556 -0.4009,
0.1518 -0.8302 -0.5364,
0.3382 -0.7433 -0.5771,
0.3275 -0.8556 -0.4009,
0.2665 -0.6252 -0.7336,
0.3382 -0.7433 -0.5771,
0.1518 -0.8302 -0.5364,
0.4384 -0.6557 -0.6148,
0.3382 -0.7433 -0.5771,
0.2665 -0.6252 -0.7336,
0.5294 -0.6887 -0.4954,
0.3382 -0.7433 -0.5771,
0.4384 -0.6557 -0.6148,
0.5894 -0.6712 -0.4496,
0.5091 -0.8054 -0.3035,
0.5294 -0.6887 -0.4954,
0.5873 -0.7902 -0.1753,
0.5091 -0.8054 -0.3035,
0.5894 -0.6712 -0.4496,
0.3719 -0.8594 -0.3509,
0.5873 -0.7902 -0.1753,
0.5894 -0.6712 -0.4496,
0.5505 -0.5580 -0.6210,
0.3719 -0.8594 -0.3509,
0.5894 -0.6712 -0.4496,
0.6467 -0.4487 -0.6167,
0.5505 -0.5580 -0.6210,
0.5894 -0.6712 -0.4496,
0.5684 -0.1499 -0.8090,
0.5505 -0.5580 -0.6210,
0.6467 -0.4487 -0.6167,
0.6597 -0.2101 -0.7216,
0.5684 -0.1499 -0.8090,
0.6467 -0.4487 -0.6167,
0.6839 -0.3267 -0.6524,
0.6597 -0.2101 -0.7216,
0.6467 -0.4487 -0.6167,
0.5373 -0.5467 -0.6422,
0.6839 -0.3267 -0.6524,
0.6467 -0.4487 -0.6167,
0.5608 -0.4190 -0.7141,
0.6839 -0.3267 -0.6524,
0.5373 -0.5467 -0.6422,
0.6906 -0.0826 -0.7185,
0.6839 -0.3267 -0.6524,
0.5608 -0.4190 -0.7141,
0.6597 -0.2101 -0.7216,
0.6839 -0.3267 -0.6524,
0.6906 -0.0826 -0.7185,
0.6986 0.0752 -0.7115,
0.5684 -0.1499 -0.8090,
0.6597 -0.2101 -0.7216,
0.6906 -0.0826 -0.7185,
0.6986 0.0752 -0.7115,
0.6597 -0.2101 -0.7216,
0.6307 0.1889 -0.7527,
0.6986 0.0752 -0.7115,
0.6906 -0.0826 -0.7185,
0.7374 0.1913 -0.6478,
0.6986 0.0752 -0.7115,
0.6307 0.1889 -0.7527,
0.7395 0.2742 -0.6148,
0.6986 0.0752 -0.7115,
0.7374 0.1913 -0.6478,
0.7090 0.3586 -0.6072,
0.7395 0.2742 -0.6148,
0.7374 0.1913 -0.6478,
0.7129 0.4549 -0.5337,
0.7395 0.2742 -0.6148,
0.7090 0.3586 -0.6072,
0.6966 0.5491 -0.4619,
0.7129 0.4549 -0.5337,
0.7090 0.3586 -0.6072,
0.6272 0.5532 -0.5483,
0.6966 0.5491 -0.4619,
0.7090 0.3586 -0.6072,
0.6119 0.4492 -0.6510,
0.6272 0.5532 -0.5483,
0.7090 0.3586 -0.6072,
0.5366 0.6561 -0.5306,
0.6272 0.5532 -0.5483,
0.6119 0.4492 -0.6510,
0.6966 0.5491 -0.4619,
0.6272 0.5532 -0.5483,
0.5366 0.6561 -0.5306,
0.4713 0.7691 -0.4317,
0.6966 0.5491 -0.4619,
0.5366 0.6561 -0.5306,
0.7312 0.6103 -0.3048,
0.7129 0.4549 -0.5337,
0.6966 0.5491 -0.4619,
0.4908 0.6991 -0.5199,
0.7129 0.4549 -0.5337,
0.7312 0.6103 -0.3048,
0.4935 0.8561 -0.1534,
0.4908 0.6991 -0.5199,
0.7312 0.6103 -0.3048,
0.2946 0.8831 -0.3651,
0.4908 0.6991 -0.5199,
0.4935 0.8561 -0.1534,
0.2958 0.9399 0.1709,
0.2946 0.8831 -0.3651,
0.4935 0.8561 -0.1534,
0.4956 0.8680 0.0306,
0.2946 0.8831 -0.3651,
0.2958 0.9399 0.1709,
0.2648 0.7391 0.6194,
0.4956 0.8680 0.0306,
0.2958 0.9399 0.1709,
0.6903 0.5832 0.4283,
0.4956 0.8680 0.0306,
0.2648 0.7391 0.6194,
0.4433 0.2931 0.8471,
0.6903 0.5832 0.4283,
0.2648 0.7391 0.6194,
0.0610 0.3657 0.9287,
0.4433 0.2931 0.8471,
0.2648 0.7391 0.6194,
0.1646 -0.0573 0.9847,
0.4433 0.2931 0.8471,
0.0610 0.3657 0.9287,
0.5694 -0.3266 0.7544,
0.4433 0.2931 0.8471,
0.1646 -0.0573 0.9847,
0.0902 -0.6136 0.7845,
0.5694 -0.3266 0.7544,
0.1646 -0.0573 0.9847,
0.4416 -0.8085 0.3891,
0.5694 -0.3266 0.7544,
0.0902 -0.6136 0.7845,
0.0314 -0.9317 0.3619,
0.4416 -0.8085 0.3891,
0.0902 -0.6136 0.7845,
0.2026 -0.9744 -0.0971,
0.4416 -0.8085 0.3891,
0.0314 -0.9317 0.3619,
0.1206 -0.9906 0.0639,
0.2026 -0.9744 -0.0971,
0.0314 -0.9317 0.3619,
0.1543 -0.8537 -0.4974,
0.2026 -0.9744 -0.0971,
0.1206 -0.9906 0.0639,
0.3926 -0.7257 -0.5650,
0.2026 -0.9744 -0.0971,
0.1543 -0.8537 -0.4974,
0.3070 -0.3717 -0.8761,
0.3926 -0.7257 -0.5650,
0.1543 -0.8537 -0.4974,
0.3021 -0.4943 -0.8151,
0.3070 -0.3717 -0.8761,
0.1543 -0.8537 -0.4974,
0.3204 0.0857 -0.9434,
0.3070 -0.3717 -0.8761,
0.3021 -0.4943 -0.8151,
0.4452 0.1773 -0.8777,
0.3070 -0.3717 -0.8761,
0.3204 0.0857 -0.9434,
0.3040 0.5684 -0.7646,
0.4452 0.1773 -0.8777,
0.3204 0.0857 -0.9434,
0.5145 0.3497 -0.7830,
0.3040 0.5684 -0.7646,
0.3204 0.0857 -0.9434,
0.5366 0.6561 -0.5306,
0.4452 0.1773 -0.8777,
0.3040 0.5684 -0.7646,
0.8214 0.1897 -0.5379,
0.4452 0.1773 -0.8777,
0.5366 0.6561 -0.5306,
0.8885 0.4543 -0.0644,
0.8214 0.1897 -0.5379,
0.5366 0.6561 -0.5306,
0.9781 -0.1523 -0.1415,
0.8214 0.1897 -0.5379,
0.8885 0.4543 -0.0644,
0.9011 0.0789 0.4264,
0.9781 -0.1523 -0.1415,
0.8885 0.4543 -0.0644,
0.8427 -0.4489 0.2971,
0.9781 -0.1523 -0.1415,
0.9011 0.0789 0.4264,
0.6942 -0.7008 -0.1646,
0.9781 -0.1523 -0.1415,
0.8427 -0.4489 0.2971,
0.6816 -0.3254 -0.6554,
0.9781 -0.1523 -0.1415,
0.6942 -0.7008 -0.1646,
0.8214 0.1897 -0.5379,
0.9781 -0.1523 -0.1415,
0.6816 -0.3254 -0.6554,
0.4452 0.1773 -0.8777,
0.8214 0.1897 -0.5379,
0.6816 -0.3254 -0.6554,
0.3070 -0.3717 -0.8761,
0.4452 0.1773 -0.8777,
0.6816 -0.3254 -0.6554,
0.3926 -0.7257 -0.5650,
0.3070 -0.3717 -0.8761,
0.6816 -0.3254 -0.6554,
0.6942 -0.7008 -0.1646,
0.3926 -0.7257 -0.5650,
0.6816 -0.3254 -0.6554,
0.2026 -0.9744 -0.0971,
0.3926 -0.7257 -0.5650,
0.6942 -0.7008 -0.1646,
0.4416 -0.8085 0.3891,
0.2026 -0.9744 -0.0971,
0.6942 -0.7008 -0.1646,
0.8427 -0.4489 0.2971,
0.4416 -0.8085 0.3891,
0.6942 -0.7008 -0.1646,
0.5694 -0.3266 0.7544,
0.4416 -0.8085 0.3891,
0.8427 -0.4489 0.2971,
0.9011 0.0789 0.4264,
0.5694 -0.3266 0.7544,
0.8427 -0.4489 0.2971,
0.4433 0.2931 0.8471,
0.5694 -0.3266 0.7544,
0.9011 0.0789 0.4264,
0.6903 0.5832 0.4283,
0.4433 0.2931 0.8471,
0.9011 0.0789 0.4264,
0.8885 0.4543 -0.0644,
0.6903 0.5832 0.4283,
0.9011 0.0789 0.4264,
0.4956 0.8680 0.0306,
0.6903 0.5832 0.4283,
0.8885 0.4543 -0.0644,
0.5366 0.6561 -0.5306,
0.4956 0.8680 0.0306,
0.8885 0.4543 -0.0644,
0.2946 0.8831 -0.3651,
0.4956 0.8680 0.0306,
0.5366 0.6561 -0.5306,
0.3040 0.5684 -0.7646,
0.2946 0.8831 -0.3651,
0.5366 0.6561 -0.5306,
0.4908 0.6991 -0.5199,
0.2946 0.8831 -0.3651,
0.3040 0.5684 -0.7646,
0.5145 0.3497 -0.7830,
0.4908 0.6991 -0.5199,
0.3040 0.5684 -0.7646,
0.7129 0.4549 -0.5337,
0.4908 0.6991 -0.5199,
0.5145 0.3497 -0.7830,
0.7395 0.2742 -0.6148,
0.7129 0.4549 -0.5337,
0.5145 0.3497 -0.7830,
0.6986 0.0752 -0.7115,
0.7395 0.2742 -0.6148,
0.5145 0.3497 -0.7830,
0.5145 0.3497 -0.7830,
0.5684 -0.1499 -0.8090,
0.6986 0.0752 -0.7115,
0.3204 0.0857 -0.9434,
0.5684 -0.1499 -0.8090,
0.5145 0.3497 -0.7830,
0.3021 -0.4943 -0.8151,
0.5684 -0.1499 -0.8090,
0.3204 0.0857 -0.9434,
0.5505 -0.5580 -0.6210,
0.5684 -0.1499 -0.8090,
0.3021 -0.4943 -0.8151,
0.3719 -0.8594 -0.3509,
0.5505 -0.5580 -0.6210,
0.3021 -0.4943 -0.8151,
0.1543 -0.8537 -0.4974,
0.3719 -0.8594 -0.3509,
0.3021 -0.4943 -0.8151,
0.1206 -0.9906 0.0639,
0.3719 -0.8594 -0.3509,
0.1543 -0.8537 -0.4974,
0.5027 -0.8605 0.0830,
0.3719 -0.8594 -0.3509,
0.1206 -0.9906 0.0639,
0.5873 -0.7902 -0.1753,
0.3719 -0.8594 -0.3509,
0.5027 -0.8605 0.0830,
0.6575 -0.7528 -0.0319,
0.5873 -0.7902 -0.1753,
0.5027 -0.8605 0.0830,
0.5729 -0.7851 -0.2354,
0.5091 -0.8054 -0.3035,
0.5873 -0.7902 -0.1753,
0.6575 -0.7528 -0.0319,
0.5729 -0.7851 -0.2354,
0.5873 -0.7902 -0.1753,
0.4570 -0.8888 0.0356,
0.5729 -0.7851 -0.2354,
0.6575 -0.7528 -0.0319,
0.5841 -0.7604 0.2839,
0.4570 -0.8888 0.0356,
0.6575 -0.7528 -0.0319,
0.5027 -0.8605 0.0830,
0.5841 -0.7604 0.2839,
0.6575 -0.7528 -0.0319,
0.5841 -0.7604 0.2839,
0.4796 -0.7637 0.4322,
0.5599 -0.7381 0.3765,
0.3691 0.7367 -0.5667,
0.5064 0.7641 -0.3997,
0.4023 0.8251 -0.3967,
0.1844 -0.4821 -0.8565,
0.1247 -0.3742 -0.9189,
0.3250 -0.4824 -0.8134,
0.1085 -0.5933 -0.7976,
0.1247 -0.3742 -0.9189,
0.1844 -0.4821 -0.8565,
-0.0124 -0.2929 -0.9561,
-0.0662 -0.2160 -0.9741,
0.1247 -0.3742 -0.9189,
0.1085 -0.5933 -0.7976,
-0.0124 -0.2929 -0.9561,
0.1247 -0.3742 -0.9189,
-0.2005 -0.5116 -0.8355,
-0.0124 -0.2929 -0.9561,
0.1085 -0.5933 -0.7976,
-0.0680 -0.7408 -0.6683,
-0.2005 -0.5116 -0.8355,
0.1085 -0.5933 -0.7976,
0.0264 -0.7329 -0.6798,
-0.0680 -0.7408 -0.6683,
0.1085 -0.5933 -0.7976,
-0.2068 -0.7821 -0.5878,
-0.0680 -0.7408 -0.6683,
0.0264 -0.7329 -0.6798,
-0.0428 -0.8335 -0.5508,
-0.2068 -0.7821 -0.5878,
0.0264 -0.7329 -0.6798,
0.6436 -0.7544 -0.1289,
0.2939 -0.7762 -0.5579,
0.4305 -0.7397 -0.5172,
0.1450 -0.9815 -0.1248,
0.2939 -0.7762 -0.5579,
0.6436 -0.7544 -0.1289,
-0.2069 -0.7797 -0.5910,
0.2939 -0.7762 -0.5579,
0.1450 -0.9815 -0.1248,
-0.4595 -0.8874 -0.0373,
-0.8885 -0.4543 0.0644,
-0.6903 -0.5832 -0.4283,
-0.2069 -0.7797 -0.5910,
-0.4595 -0.8874 -0.0373,
-0.6903 -0.5832 -0.4283,
0.1450 -0.9815 -0.1248,
-0.4595 -0.8874 -0.0373,
-0.2069 -0.7797 -0.5910,
-0.0915 -0.9266 0.3649,
-0.4595 -0.8874 -0.0373,
0.1450 -0.9815 -0.1248,
0.4416 -0.8085 0.3891,
-0.0915 -0.9266 0.3649,
0.1450 -0.9815 -0.1248,
0.6436 -0.7544 -0.1289,
0.4416 -0.8085 0.3891,
0.1450 -0.9815 -0.1248,
0.7044 -0.6298 0.3274,
0.4416 -0.8085 0.3891,
0.6436 -0.7544 -0.1289,
0.3652 -0.3449 0.8647,
0.1647 -0.4499 0.8778,
0.3680 -0.6217 0.6914,
0.6192 0.1943 0.7609,
0.5400 0.2690 0.7976,
0.5048 0.0551 0.8615,
-0.1247 0.3742 0.9189,
-0.4226 -0.1284 0.8972,
0.0832 -0.0215 0.9963,
0.4510 0.3182 0.8339,
-0.1247 0.3742 0.9189,
0.0832 -0.0215 0.9963,
0.2158 0.7489 0.6266,
-0.3070 0.6928 0.6525,
-0.1247 0.3742 0.9189,
0.4510 0.3182 0.8339,
0.2158 0.7489 0.6266,
-0.1247 0.3742 0.9189,
0.4758 0.5787 0.6623,
0.2158 0.7489 0.6266,
0.4510 0.3182 0.8339,
0.5400 0.2690 0.7976,
0.4758 0.5787 0.6623,
0.4510 0.3182 0.8339,
0.5153 0.4813 0.7091,
0.4758 0.5787 0.6623,
0.5400 0.2690 0.7976,
0.6192 0.1943 0.7609,
0.5153 0.4813 0.7091,
0.5400 0.2690 0.7976,
-0.1949 0.7987 0.5693,
-0.5001 0.7238 0.4754,
-0.0998 0.8862 0.4524,
0.0823 0.9135 0.3984,
-0.1949 0.7987 0.5693,
-0.0998 0.8862 0.4524,
-0.9977 0.0548 0.0404,
-0.8970 0.3927 0.2028,
-0.9035 0.2495 0.3486,
-0.9122 0.0343 0.4082,
-0.9977 0.0548 0.0404,
-0.9035 0.2495 0.3486,
-0.9773 -0.2062 -0.0487,
-0.9977 0.0548 0.0404,
-0.9122 0.0343 0.4082,
-0.4330 -0.0433 -0.9004,
-0.6969 -0.0071 -0.7171,
-0.4843 0.1515 -0.8617,
-0.4735 -0.0320 -0.8802,
-0.4330 -0.0433 -0.9004,
-0.4843 0.1515 -0.8617,
-0.6998 0.2888 0.6533,
-0.6120 0.3066 0.7290,
-0.8493 0.4970 0.1782,
0.4796 -0.7637 0.4322,
0.5841 -0.7604 0.2839,
0.5027 -0.8605 0.0830,
0.1206 -0.9906 0.0639,
0.4796 -0.7637 0.4322,
0.5027 -0.8605 0.0830,
0.0865 -0.7887 0.6087,
0.4796 -0.7637 0.4322,
0.1206 -0.9906 0.0639,
0.0314 -0.9317 0.3619,
0.0865 -0.7887 0.6087,
0.1206 -0.9906 0.0639,
0.0902 -0.6136 0.7845,
0.0865 -0.7887 0.6087,
0.0314 -0.9317 0.3619,
0.0875 -0.2366 0.9677,
0.0865 -0.7887 0.6087,
0.0902 -0.6136 0.7845,
0.1646 -0.0573 0.9847,
0.0875 -0.2366 0.9677,
0.0902 -0.6136 0.7845,
0.0610 0.3657 0.9287,
0.0875 -0.2366 0.9677,
0.1646 -0.0573 0.9847,
0.1939 0.2662 0.9442,
0.0875 -0.2366 0.9677,
0.0610 0.3657 0.9287,
0.2762 0.6323 0.7238,
0.1939 0.2662 0.9442,
0.0610 0.3657 0.9287,
0.2648 0.7391 0.6194,
0.2762 0.6323 0.7238,
0.0610 0.3657 0.9287,
0.2958 0.9399 0.1709,
0.2762 0.6323 0.7238,
0.2648 0.7391 0.6194,
0.5377 0.7924 0.2881,
0.2762 0.6323 0.7238,
0.2958 0.9399 0.1709,
0.4935 0.8561 -0.1534,
0.5377 0.7924 0.2881,
0.2958 0.9399 0.1709,
0.6847 0.7281 0.0324,
0.5377 0.7924 0.2881,
0.4935 0.8561 -0.1534,
0.7312 0.6103 -0.3048,
0.6847 0.7281 0.0324,
0.4935 0.8561 -0.1534,
0.6720 0.7131 -0.1998,
0.6847 0.7281 0.0324,
0.7312 0.6103 -0.3048,
0.6966 0.5491 -0.4619,
0.6720 0.7131 -0.1998,
0.7312 0.6103 -0.3048,
0.4713 0.7691 -0.4317,
0.6720 0.7131 -0.1998,
0.6966 0.5491 -0.4619,
0.4047 0.8906 -0.2075,
0.6720 0.7131 -0.1998,
0.4713 0.7691 -0.4317,
0.4023 0.8251 -0.3967,
0.4047 0.8906 -0.2075,
0.4713 0.7691 -0.4317,
0.5366 0.6561 -0.5306,
0.4023 0.8251 -0.3967,
0.4713 0.7691 -0.4317,
0.3691 0.7367 -0.5667,
0.4023 0.8251 -0.3967,
0.5366 0.6561 -0.5306,
0.6119 0.4492 -0.6510,
0.3691 0.7367 -0.5667,
0.5366 0.6561 -0.5306,
0.3198 0.5250 -0.7887,
0.3691 0.7367 -0.5667,
0.6119 0.4492 -0.6510,
0.5179 0.2643 -0.8136,
0.3198 0.5250 -0.7887,
0.6119 0.4492 -0.6510,
-0.3749 0.8188 0.4347,
-0.6099 0.6531 0.4489,
-0.6380 0.5729 0.5146,
0.6307 0.1889 -0.7527,
0.7090 0.3586 -0.6072,
0.7374 0.1913 -0.6478,
0.6119 0.4492 -0.6510,
0.7090 0.3586 -0.6072,
0.6307 0.1889 -0.7527,
0.5179 0.2643 -0.8136,
0.6119 0.4492 -0.6510,
0.6307 0.1889 -0.7527,
0.4087 0.1743 -0.8959,
0.5179 0.2643 -0.8136,
0.6307 0.1889 -0.7527,
0.5421 0.1024 -0.8340,
0.4087 0.1743 -0.8959,
0.6307 0.1889 -0.7527,
0.5421 0.1024 -0.8340,
0.6307 0.1889 -0.7527,
0.6906 -0.0826 -0.7185,
0.4336 -0.1874 -0.8814,
0.5421 0.1024 -0.8340,
0.6906 -0.0826 -0.7185,
0.5608 -0.4190 -0.7141,
0.4336 -0.1874 -0.8814,
0.6906 -0.0826 -0.7185,
0.3250 -0.4824 -0.8134,
0.4336 -0.1874 -0.8814,
0.5608 -0.4190 -0.7141,
0.5373 -0.5467 -0.6422,
0.3250 -0.4824 -0.8134,
0.5608 -0.4190 -0.7141,
0.5373 -0.5467 -0.6422,
0.6467 -0.4487 -0.6167,
0.5894 -0.6712 -0.4496,
0.5294 -0.6887 -0.4954,
0.5373 -0.5467 -0.6422,
0.5894 -0.6712 -0.4496,
0.4384 -0.6557 -0.6148,
0.5373 -0.5467 -0.6422,
0.5294 -0.6887 -0.4954,
0.2665 -0.6252 -0.7336,
0.5373 -0.5467 -0.6422,
0.4384 -0.6557 -0.6148,
0.3250 -0.4824 -0.8134,
0.5373 -0.5467 -0.6422,
0.2665 -0.6252 -0.7336,
0.1844 -0.4821 -0.8565,
0.3250 -0.4824 -0.8134,
0.2665 -0.6252 -0.7336,
0.1085 -0.5933 -0.7976,
0.1844 -0.4821 -0.8565,
0.2665 -0.6252 -0.7336,
0.0264 -0.7329 -0.6798,
0.1085 -0.5933 -0.7976,
0.2665 -0.6252 -0.7336,
0.1518 -0.8302 -0.5364,
0.0264 -0.7329 -0.6798,
0.2665 -0.6252 -0.7336,
-0.0428 -0.8335 -0.5508,
0.0264 -0.7329 -0.6798,
0.1518 -0.8302 -0.5364,
0.1518 -0.8302 -0.5364,
0.3275 -0.8556 -0.4009,
0.1392 -0.9123 -0.3851,
-0.0428 -0.8335 -0.5508,
0.1518 -0.8302 -0.5364,
0.1392 -0.9123 -0.3851,
0.0780 -0.8091 -0.5824,
-0.0428 -0.8335 -0.5508,
0.1392 -0.9123 -0.3851,
0.3549 -0.9257 -0.1309,
0.0780 -0.8091 -0.5824,
0.1392 -0.9123 -0.3851,
0.4305 -0.7397 -0.5172,
0.0780 -0.8091 -0.5824,
0.3549 -0.9257 -0.1309,
0.6161 -0.7859 -0.0526,
0.4305 -0.7397 -0.5172,
0.3549 -0.9257 -0.1309,
0.6436 -0.7544 -0.1289,
0.4305 -0.7397 -0.5172,
0.6161 -0.7859 -0.0526,
0.7044 -0.6298 0.3274,
0.6436 -0.7544 -0.1289,
0.6161 -0.7859 -0.0526,
0.5072 -0.7968 0.3283,
0.7044 -0.6298 0.3274,
0.6161 -0.7859 -0.0526,
0.3171 -0.9455 0.0740,
0.5072 -0.7968 0.3283,
0.6161 -0.7859 -0.0526,
0.2347 -0.9231 0.3046,
0.5072 -0.7968 0.3283,
0.3171 -0.9455 0.0740,
0.1987 0.0577 -0.9784,
0.2884 0.0798 -0.9542,
0.1334 -0.1315 -0.9823,
0.0458 -0.0219 -0.9987,
0.1987 0.0577 -0.9784,
0.1334 -0.1315 -0.9823,
0.0510 0.2280 -0.9723,
0.1987 0.0577 -0.9784,
0.0458 -0.0219 -0.9987,
0.1826 0.2714 -0.9450,
0.1987 0.0577 -0.9784,
0.0510 0.2280 -0.9723,
0.1021 0.2286 -0.9682,
0.1826 0.2714 -0.9450,
0.0510 0.2280 -0.9723,
0.0037 0.1936 -0.9811,
0.1021 0.2286 -0.9682,
0.0510 0.2280 -0.9723,
-0.0378 -0.0663 -0.9971,
0.1021 0.2286 -0.9682,
0.0037 0.1936 -0.9811,
-0.2709 0.0605 -0.9607,
-0.0378 -0.0663 -0.9971,
0.0037 0.1936 -0.9811,
-0.0404 0.8860 0.4620,
-0.1094 0.9071 0.4066,
-0.3749 0.8188 0.4347,
-0.0994 0.8976 0.4296,
-0.0404 0.8860 0.4620,
-0.3749 0.8188 0.4347,
-0.6186 0.6240 0.4774,
-0.0994 0.8976 0.4296,
-0.3749 0.8188 0.4347,
-0.6380 0.5729 0.5146,
-0.6186 0.6240 0.4774,
-0.3749 0.8188 0.4347,
-0.7311 0.3044 0.6106,
-0.6186 0.6240 0.4774,
-0.6380 0.5729 0.5146,
-0.6578 0.3022 0.6899,
-0.6186 0.6240 0.4774,
-0.7311 0.3044 0.6106,
-0.6669 -0.0056 0.7452,
-0.6578 0.3022 0.6899,
-0.7311 0.3044 0.6106,
-0.7067 0.0930 0.7014,
-0.6669 -0.0056 0.7452,
-0.7311 0.3044 0.6106,
0.2347 -0.9231 0.3046,
0.3171 -0.9455 0.0740,
0.1331 -0.9861 0.0991,
0.2815 -0.9131 0.2949,
0.2347 -0.9231 0.3046,
0.1331 -0.9861 0.0991,
0.2080 -0.8533 0.4782,
0.2347 -0.9231 0.3046,
0.2815 -0.9131 0.2949,
0.4416 -0.8085 0.3891,
0.2080 -0.8533 0.4782,
0.2815 -0.9131 0.2949,
0.3004 -0.8305 0.4690,
0.2080 -0.8533 0.4782,
0.4416 -0.8085 0.3891,
0.5813 -0.6671 0.4660,
0.3004 -0.8305 0.4690,
0.4416 -0.8085 0.3891,
0.3680 -0.6217 0.6914,
0.3004 -0.8305 0.4690,
0.5813 -0.6671 0.4660,
0.5757 -0.5435 0.6109,
0.3680 -0.6217 0.6914,
0.5813 -0.6671 0.4660,
0.3652 -0.3449 0.8647,
0.3680 -0.6217 0.6914,
0.5757 -0.5435 0.6109,
0.5256 -0.2682 0.8073,
0.3652 -0.3449 0.8647,
0.5757 -0.5435 0.6109,
0.4121 -0.2110 0.8864,
0.3652 -0.3449 0.8647,
0.5256 -0.2682 0.8073,
0.6007 -0.1064 0.7923,
0.4121 -0.2110 0.8864,
0.5256 -0.2682 0.8073,
0.5048 0.0551 0.8615,
0.4121 -0.2110 0.8864,
0.6007 -0.1064 0.7923,
0.6192 0.1943 0.7609,
0.5048 0.0551 0.8615,
0.6007 -0.1064 0.7923,
0.4770 -0.0042 0.8789,
0.6192 0.1943 0.7609,
0.6007 -0.1064 0.7923,
0.5474 0.1235 0.8277,
0.6192 0.1943 0.7609,
0.4770 -0.0042 0.8789,
0.5089 0.4491 0.7344,
0.6192 0.1943 0.7609,
0.5474 0.1235 0.8277,
0.5734 0.5325 0.6226,
0.6192 0.1943 0.7609,
0.5089 0.4491 0.7344,
0.5153 0.4813 0.7091,
0.6192 0.1943 0.7609,
0.5734 0.5325 0.6226,
0.5270 0.6982 0.4845,
0.5153 0.4813 0.7091,
0.5734 0.5325 0.6226,
0.5570 0.6506 0.5162,
0.5270 0.6982 0.4845,
0.5734 0.5325 0.6226,
0.6145 0.7464 0.2556,
0.5270 0.6982 0.4845,
0.5570 0.6506 0.5162,
0.5135 0.8131 0.2741,
0.5270 0.6982 0.4845,
0.6145 0.7464 0.2556,
-0.9280 -0.0357 0.3709,
-0.9405 0.2296 0.2505,
-0.7663 0.0786 0.6377,
-0.9976 -0.0560 -0.0407,
-0.9405 0.2296 0.2505,
-0.9280 -0.0357 0.3709,
0.5284 0.0812 -0.8451,
0.3647 0.1239 -0.9228,
-0.0378 -0.0663 -0.9971,
0.0373 -0.2114 -0.9767,
0.5284 0.0812 -0.8451,
-0.0378 -0.0663 -0.9971,
-0.8734 0.1531 -0.4623,
-0.7747 0.0854 -0.6266,
-0.8720 0.0940 -0.4804,
-0.9042 -0.1848 -0.3852,
-0.6667 -0.2601 -0.6984,
-0.7747 0.0854 -0.6266,
-0.9367 0.0518 -0.3463,
-0.9042 -0.1848 -0.3852,
-0.7747 0.0854 -0.6266,
-0.8734 0.1531 -0.4623,
-0.9367 0.0518 -0.3463,
-0.7747 0.0854 -0.6266,
-0.9619 0.0892 -0.2585,
-0.9367 0.0518 -0.3463,
-0.8734 0.1531 -0.4623,
-0.9619 0.0892 -0.2585,
-0.9709 0.2225 -0.0886,
-0.9367 0.0518 -0.3463,
-0.9967 0.0151 -0.0794,
-0.9709 0.2225 -0.0886,
-0.9619 0.0892 -0.2585,
-0.9561 -0.1617 -0.2445,
-0.9967 0.0151 -0.0794,
-0.9619 0.0892 -0.2585,
0.5135 0.8131 0.2741,
0.6145 0.7464 0.2556,
0.6070 0.7876 0.1062,
0.4595 0.8874 0.0373,
0.5135 0.8131 0.2741,
0.6070 0.7876 0.1062,
0.4776 0.8562 0.1970,
0.5135 0.8131 0.2741,
0.4595 0.8874 0.0373,
0.2723 0.9617 -0.0326,
0.4776 0.8562 0.1970,
0.4595 0.8874 0.0373,
0.1861 0.9451 0.2687,
0.4776 0.8562 0.1970,
0.2723 0.9617 -0.0326,
0.2345 0.9677 0.0920,
0.1861 0.9451 0.2687,
0.2723 0.9617 -0.0326,
0.3827 0.9111 -0.1534,
0.2345 0.9677 0.0920,
0.2723 0.9617 -0.0326,
0.6617 0.7447 0.0871,
0.2345 0.9677 0.0920,
0.3827 0.9111 -0.1534,
0.0823 0.9135 0.3984,
0.2345 0.9677 0.0920,
0.6617 0.7447 0.0871,
0.2541 0.7220 0.6436,
0.0823 0.9135 0.3984,
0.6617 0.7447 0.0871,
-0.1949 0.7987 0.5693,
0.0823 0.9135 0.3984,
0.2541 0.7220 0.6436,
-0.2137 0.5432 0.8120,
-0.1949 0.7987 0.5693,
0.2541 0.7220 0.6436,
0.1875 0.8008 0.5687,
-0.2137 0.5432 0.8120,
0.2541 0.7220 0.6436,
-0.3382 0.7433 0.5771,
-0.2137 0.5432 0.8120,
0.1875 0.8008 0.5687,
-0.6902 0.3602 0.6276,
-0.2137 0.5432 0.8120,
-0.3382 0.7433 0.5771,
-0.6942 0.7008 0.1646,
-0.6902 0.3602 0.6276,
-0.3382 0.7433 0.5771,
-0.9781 0.1523 0.1415,
-0.6902 0.3602 0.6276,
-0.6942 0.7008 0.1646,
-0.9122 0.0343 0.4082,
-0.6902 0.3602 0.6276,
-0.9781 0.1523 0.1415,
-0.9773 -0.2062 -0.0487,
-0.9122 0.0343 0.4082,
-0.9781 0.1523 0.1415,
-0.9011 -0.0789 -0.4264,
-0.9773 -0.2062 -0.0487,
-0.9781 0.1523 0.1415,
-0.7530 -0.4064 -0.5175,
-0.9773 -0.2062 -0.0487,
-0.9011 -0.0789 -0.4264,
-0.4922 -0.2407 -0.8365,
-0.7530 -0.4064 -0.5175,
-0.9011 -0.0789 -0.4264,
-0.4343 -0.3537 -0.8284,
-0.7530 -0.4064 -0.5175,
-0.4922 -0.2407 -0.8365,
0.0373 -0.2114 -0.9767,
-0.4343 -0.3537 -0.8284,
-0.4922 -0.2407 -0.8365,
-0.0378 -0.0663 -0.9971,
-0.4343 -0.3537 -0.8284,
0.0373 -0.2114 -0.9767,
-0.4735 -0.0320 -0.8802,
-0.4343 -0.3537 -0.8284,
-0.0378 -0.0663 -0.9971,
-0.2709 0.0605 -0.9607,
-0.4735 -0.0320 -0.8802,
-0.0378 -0.0663 -0.9971,
-0.2704 -0.0420 -0.9618,
-0.4735 -0.0320 -0.8802,
-0.2709 0.0605 -0.9607,
-0.4330 -0.0433 -0.9004,
-0.4735 -0.0320 -0.8802,
-0.2704 -0.0420 -0.9618,
-0.4012 -0.1868 -0.8967,
-0.4330 -0.0433 -0.9004,
-0.2704 -0.0420 -0.9618,
-0.4798 -0.2800 -0.8315,
-0.4330 -0.0433 -0.9004,
-0.4012 -0.1868 -0.8967,
-0.2636 -0.2144 -0.9405,
-0.4798 -0.2800 -0.8315,
-0.4012 -0.1868 -0.8967,
-0.5070 -0.5004 -0.7019,
-0.4798 -0.2800 -0.8315,
-0.2636 -0.2144 -0.9405,
-0.5270 -0.4587 -0.7154,
-0.4798 -0.2800 -0.8315,
-0.5070 -0.5004 -0.7019,
-0.9781 0.1523 0.1415,
-0.8493 0.4970 0.1782,
-0.8719 0.4007 -0.2815,
-0.9011 -0.0789 -0.4264,
-0.9781 0.1523 0.1415,
-0.8719 0.4007 -0.2815,
-0.6907 0.1774 -0.7010,
-0.9011 -0.0789 -0.4264,
-0.8719 0.4007 -0.2815,
-0.4798 -0.2800 -0.8315,
-0.9011 -0.0789 -0.4264,
-0.6907 0.1774 -0.7010,
-0.2977 -0.1325 -0.9454,
-0.4798 -0.2800 -0.8315,
-0.6907 0.1774 -0.7010,
0.0083 -0.4806 -0.8769,
-0.4798 -0.2800 -0.8315,
-0.2977 -0.1325 -0.9454,
-0.0469 -0.4865 -0.8724,
0.0083 -0.4806 -0.8769,
-0.2977 -0.1325 -0.9454,
-0.4326 -0.3902 -0.8127,
-0.0469 -0.4865 -0.8724,
-0.2977 -0.1325 -0.9454,
-0.2856 -0.6624 -0.6926,
-0.0469 -0.4865 -0.8724,
-0.4326 -0.3902 -0.8127,
-0.5165 -0.5702 -0.6388,
-0.2856 -0.6624 -0.6926,
-0.4326 -0.3902 -0.8127,
-0.3770 -0.6610 -0.6488,
-0.2856 -0.6624 -0.6926,
-0.5165 -0.5702 -0.6388,
-0.6998 0.2888 0.6533,
-0.8493 0.4970 0.1782,
-0.9781 0.1523 0.1415,
-0.8214 -0.1897 0.5379,
-0.6998 0.2888 0.6533,
-0.9781 0.1523 0.1415,
-0.4087 -0.1743 0.8959,
-0.6998 0.2888 0.6533,
-0.8214 -0.1897 0.5379,
-0.5366 -0.6561 0.5306,
-0.4087 -0.1743 0.8959,
-0.8214 -0.1897 0.5379,
0.0203 -0.6074 0.7942,
-0.4087 -0.1743 0.8959,
-0.5366 -0.6561 0.5306,
0.0792 -0.1424 0.9866,
-0.4087 -0.1743 0.8959,
0.0203 -0.6074 0.7942,
0.4762 -0.4290 0.7676,
0.0792 -0.1424 0.9866,
0.0203 -0.6074 0.7942,
0.2353 -0.1552 0.9595,
0.0792 -0.1424 0.9866,
0.4762 -0.4290 0.7676,
0.4668 -0.4966 0.7317,
0.2353 -0.1552 0.9595,
0.4762 -0.4290 0.7676,
-0.0264 -0.5707 0.8207,
0.2353 -0.1552 0.9595,
0.4668 -0.4966 0.7317,
0.1973 -0.7649 0.6131,
-0.0264 -0.5707 0.8207,
0.4668 -0.4966 0.7317,
0.0436 -0.7416 0.6694,
-0.0264 -0.5707 0.8207,
0.1973 -0.7649 0.6131,
-0.0312 -0.6364 0.7707,
-0.0264 -0.5707 0.8207,
0.0436 -0.7416 0.6694,
0.0784 -0.5896 0.8039,
-0.0312 -0.6364 0.7707,
0.0436 -0.7416 0.6694,
-0.0183 -0.3908 0.9203,
-0.0312 -0.6364 0.7707,
0.0784 -0.5896 0.8039,
0.0150 -0.3694 0.9292,
-0.0183 -0.3908 0.9203,
0.0784 -0.5896 0.8039,
-0.1570 -0.3077 0.9385,
-0.0183 -0.3908 0.9203,
0.0150 -0.3694 0.9292,
0.1487 -0.3432 0.9274,
-0.1570 -0.3077 0.9385,
0.0150 -0.3694 0.9292,
-0.0959 -0.3330 0.9380,
-0.1570 -0.3077 0.9385,
0.1487 -0.3432 0.9274,
-0.4385 -0.2313 0.8685,
-0.1570 -0.3077 0.9385,
-0.0959 -0.3330 0.9380,
-0.5013 -0.2761 0.8201,
-0.1570 -0.3077 0.9385,
-0.4385 -0.2313 0.8685,
-0.5962 -0.1193 0.7939,
-0.5013 -0.2761 0.8201,
-0.4385 -0.2313 0.8685,
-0.6669 -0.0056 0.7452,
-0.5962 -0.1193 0.7939,
-0.4385 -0.2313 0.8685,
-0.7067 0.0930 0.7014,
-0.5962 -0.1193 0.7939,
-0.6669 -0.0056 0.7452,
-0.7065 -0.1192 0.6976,
-0.5962 -0.1193 0.7939,
-0.7067 0.0930 0.7014,
-0.8444 0.0243 0.5352,
-0.7065 -0.1192 0.6976,
-0.7067 0.0930 0.7014,
-0.8243 0.1658 0.5413,
-0.8444 0.0243 0.5352,
-0.7067 0.0930 0.7014,
-0.9224 0.0790 0.3781,
-0.8444 0.0243 0.5352,
-0.8243 0.1658 0.5413,
-0.9280 -0.0357 0.3709,
-0.8444 0.0243 0.5352,
-0.9224 0.0790 0.3781,
-0.9806 -0.0540 0.1884,
-0.9280 -0.0357 0.3709,
-0.9224 0.0790 0.3781,
-0.9976 -0.0560 -0.0407,
-0.9280 -0.0357 0.3709,
-0.9806 -0.0540 0.1884,
-0.9967 0.0151 -0.0794,
-0.9976 -0.0560 -0.0407,
-0.9806 -0.0540 0.1884,
-0.9561 -0.1617 -0.2445,
-0.9976 -0.0560 -0.0407,
-0.9967 0.0151 -0.0794,
-0.8387 -0.0905 -0.5370,
-0.8791 0.3779 -0.2906,
-0.9976 -0.0560 -0.0407,
-0.9561 -0.1617 -0.2445,
-0.8387 -0.0905 -0.5370,
-0.9976 -0.0560 -0.0407,
-0.6959 -0.3843 -0.6067,
-0.8387 -0.0905 -0.5370,
-0.9561 -0.1617 -0.2445,
-0.7976 -0.2818 -0.5334,
-0.6959 -0.3843 -0.6067,
-0.9561 -0.1617 -0.2445,
-0.6794 -0.4118 -0.6073,
-0.6959 -0.3843 -0.6067,
-0.7976 -0.2818 -0.5334,
-0.6658 -0.3281 -0.6701,
-0.6794 -0.4118 -0.6073,
-0.7976 -0.2818 -0.5334,
-0.8349 -0.2016 -0.5122,
-0.6658 -0.3281 -0.6701,
-0.7976 -0.2818 -0.5334,
-0.5165 -0.5702 -0.6388,
-0.5270 -0.4587 -0.7154,
-0.5070 -0.5004 -0.7019,
-0.3770 -0.6610 -0.6488,
-0.5165 -0.5702 -0.6388,
-0.5070 -0.5004 -0.7019,
-0.9990 -0.0072 0.0447,
-0.9675 -0.2273 0.1108,
-0.6549 0.2108 0.7257,
-0.9059 -0.1425 -0.3988,
-0.9675 -0.2273 0.1108,
-0.9990 -0.0072 0.0447,
-0.9739 0.2252 -0.0276,
-0.9990 -0.0072 0.0447,
-0.6549 0.2108 0.7257,
-0.9675 -0.2273 0.1108,
-0.6549 0.2108 0.7257,
-0.9739 0.2252 -0.0276,
-0.9739 0.2252 -0.0276,
-0.9059 -0.1425 -0.3988,
-0.9990 -0.0072 0.0447,
-0.9675 -0.2273 0.1108,
-0.9739 0.2252 -0.0276,
-0.9059 -0.1425 -0.3988,
  ] }
  normalIndex [ 
0 1 2 -1,
3 4 5 -1,
6 7 8 -1,
9 10 11 -1,
12 13 14 -1,
15 16 17 -1,
18 19 20 -1,
21 22 23 -1,
24 25 26 -1,
27 28 29 -1,
30 31 32 -1,
33 34 35 -1,
36 37 38 -1,
39 40 41 -1,
42 43 44 -1,
45 46 47 -1,
48 49 50 -1,
51 52 53 -1,
54 55 56 -1,
57 58 59 -1,
60 61 62 -1,
63 64 65 -1,
66 67 68 -1,
69 70 71 -1,
72 73 74 -1,
75 76 77 -1,
78 79 80 -1,
81 82 83 -1,
84 85 86 -1,
87 88 89 -1,
90 91 92 -1,
93 94 95 -1,
96 97 98 -1,
99 100 101 -1,
102 103 104 -1,
105 106 107 -1,
108 109 110 -1,
111 112 113 -1,
114 115 116 -1,
117 118 119 -1,
120 121 122 -1,
123 124 125 -1,
126 127 128 -1,
129 130 131 -1,
132 133 134 -1,
135 136 137 -1,
138 139 140 -1,
141 142 143 -1,
144 145 146 -1,
147 148 149 -1,
150 151 152 -1,
153 154 155 -1,
156 157 158 -1,
159 160 161 -1,
162 163 164 -1,
165 166 167 -1,
168 169 170 -1,
171 172 173 -1,
174 175 176 -1,
177 178 179 -1,
180 181 182 -1,
183 184 185 -1,
186 187 188 -1,
189 190 191 -1,
192 193 194 -1,
195 196 197 -1,
198 199 200 -1,
201 202 203 -1,
204 205 206 -1,
207 208 209 -1,
210 211 212 -1,
213 214 215 -1,
216 217 218 -1,
219 220 221 -1,
222 223 224 -1,
225 226 227 -1,
228 229 230 -1,
231 232 233 -1,
234 235 236 -1,
237 238 239 -1,
240 241 242 -1,
243 244 245 -1,
246 247 248 -1,
249 250 251 -1,
252 253 254 -1,
255 256 257 -1,
258 259 260 -1,
261 262 263 -1,
264 265 266 -1,
267 268 269 -1,
270 271 272 -1,
273 274 275 -1,
276 277 278 -1,
279 280 281 -1,
282 283 284 -1,
285 286 287 -1,
288 289 290 -1,
291 292 293 -1,
294 295 296 -1,
297 298 299 -1,
300 301 302 -1,
303 304 305 -1,
306 307 308 -1,
309 310 311 -1,
312 313 314 -1,
315 316 317 -1,
318 319 320 -1,
321 322 323 -1,
324 325 326 -1,
327 328 329 -1,
330 331 332 -1,
333 334 335 -1,
336 337 338 -1,
339 340 341 -1,
342 343 344 -1,
345 346 347 -1,
348 349 350 -1,
351 352 353 -1,
354 355 356 -1,
357 358 359 -1,
360 361 362 -1,
363 364 365 -1,
366 367 368 -1,
369 370 371 -1,
372 373 374 -1,
375 376 377 -1,
378 379 380 -1,
381 382 383 -1,
384 385 386 -1,
387 388 389 -1,
390 391 392 -1,
393 394 395 -1,
396 397 398 -1,
399 400 401 -1,
402 403 404 -1,
405 406 407 -1,
408 409 410 -1,
411 412 413 -1,
414 415 416 -1,
417 418 419 -1,
420 421 422 -1,
423 424 425 -1,
426 427 428 -1,
429 430 431 -1,
432 433 434 -1,
435 436 437 -1,
438 439 440 -1,
441 442 443 -1,
444 445 446 -1,
447 448 449 -1,
450 451 452 -1,
453 454 455 -1,
456 457 458 -1,
459 460 461 -1,
462 463 464 -1,
465 466 467 -1,
468 469 470 -1,
471 472 473 -1,
474 475 476 -1,
477 478 479 -1,
480 481 482 -1,
483 484 485 -1,
486 487 488 -1,
489 490 491 -1,
492 493 494 -1,
495 496 497 -1,
498 499 500 -1,
501 502 503 -1,
504 505 506 -1,
507 508 509 -1,
510 511 512 -1,
513 514 515 -1,
516 517 518 -1,
519 520 521 -1,
522 523 524 -1,
525 526 527 -1,
528 529 530 -1,
531 532 533 -1,
534 535 536 -1,
537 538 539 -1,
540 541 542 -1,
543 544 545 -1,
546 547 548 -1,
549 550 551 -1,
552 553 554 -1,
555 556 557 -1,
558 559 560 -1,
561 562 563 -1,
564 565 566 -1,
567 568 569 -1,
570 571 572 -1,
573 574 575 -1,
576 577 578 -1,
579 580 581 -1,
582 583 584 -1,
585 586 587 -1,
588 589 590 -1,
591 592 593 -1,
594 595 596 -1,
597 598 599 -1,
600 601 602 -1,
603 604 605 -1,
606 607 608 -1,
609 610 611 -1,
612 613 614 -1,
615 616 617 -1,
618 619 620 -1,
621 622 623 -1,
624 625 626 -1,
627 628 629 -1,
630 631 632 -1,
633 634 635 -1,
636 637 638 -1,
639 640 641 -1,
642 643 644 -1,
645 646 647 -1,
648 649 650 -1,
651 652 653 -1,
654 655 656 -1,
657 658 659 -1,
660 661 662 -1,
663 664 665 -1,
666 667 668 -1,
669 670 671 -1,
672 673 674 -1,
675 676 677 -1,
678 679 680 -1,
681 682 683 -1,
684 685 686 -1,
687 688 689 -1,
690 691 692 -1,
693 694 695 -1,
696 697 698 -1,
699 700 701 -1,
702 703 704 -1,
705 706 707 -1,
708 709 710 -1,
711 712 713 -1,
714 715 716 -1,
717 718 719 -1,
720 721 722 -1,
723 724 725 -1,
726 727 728 -1,
729 730 731 -1,
732 733 734 -1,
735 736 737 -1,
738 739 740 -1,
741 742 743 -1,
744 745 746 -1,
747 748 749 -1,
750 751 752 -1,
753 754 755 -1,
756 757 758 -1,
759 760 761 -1,
762 763 764 -1,
765 766 767 -1,
768 769 770 -1,
771 772 773 -1,
774 775 776 -1,
777 778 779 -1,
780 781 782 -1,
783 784 785 -1,
786 787 788 -1,
789 790 791 -1,
792 793 794 -1,
795 796 797 -1,
798 799 800 -1,
801 802 803 -1,
804 805 806 -1,
807 808 809 -1,
810 811 812 -1,
813 814 815 -1,
816 817 818 -1,
819 820 821 -1,
822 823 824 -1,
825 826 827 -1,
828 829 830 -1,
831 832 833 -1,
834 835 836 -1,
837 838 839 -1,
840 841 842 -1,
843 844 845 -1,
846 847 848 -1,
849 850 851 -1,
852 853 854 -1,
855 856 857 -1,
858 859 860 -1,
861 862 863 -1,
864 865 866 -1,
867 868 869 -1,
870 871 872 -1,
873 874 875 -1,
876 877 878 -1,
879 880 881 -1,
882 883 884 -1,
885 886 887 -1,
888 889 890 -1,
891 892 893 -1,
894 895 896 -1,
897 898 899 -1,
900 901 902 -1,
903 904 905 -1,
906 907 908 -1,
909 910 911 -1,
912 913 914 -1,
915 916 917 -1,
918 919 920 -1,
921 922 923 -1,
924 925 926 -1,
927 928 929 -1,
930 931 932 -1,
933 934 935 -1,
936 937 938 -1,
939 940 941 -1,
942 943 944 -1,
945 946 947 -1,
948 949 950 -1,
951 952 953 -1,
954 955 956 -1,
957 958 959 -1,
960 961 962 -1,
963 964 965 -1,
966 967 968 -1,
969 970 971 -1,
972 973 974 -1,
975 976 977 -1,
978 979 980 -1,
981 982 983 -1,
984 985 986 -1,
987 988 989 -1,
990 991 992 -1,
993 994 995 -1,
996 997 998 -1,
999 1000 1001 -1,
1002 1003 1004 -1,
1005 1006 1007 -1,
1008 1009 1010 -1,
1011 1012 1013 -1,
1014 1015 1016 -1,
1017 1018 1019 -1,
1020 1021 1022 -1,
1023 1024 1025 -1,
1026 1027 1028 -1,
1029 1030 1031 -1,
1032 1033 1034 -1,
1035 1036 1037 -1,
1038 1039 1040 -1,
1041 1042 1043 -1,
1044 1045 1046 -1,
1047 1048 1049 -1,
1050 1051 1052 -1,
1053 1054 1055 -1,
1056 1057 1058 -1,
1059 1060 1061 -1,
1062 1063 1064 -1,
1065 1066 1067 -1,
1068 1069 1070 -1,
1071 1072 1073 -1,
1074 1075 1076 -1,
1077 1078 1079 -1,
1080 1081 1082 -1,
1083 1084 1085 -1,
1086 1087 1088 -1,
1089 1090 1091 -1,
1092 1093 1094 -1,
1095 1096 1097 -1,
1098 1099 1100 -1,
1101 1102 1103 -1,
1104 1105 1106 -1,
1107 1108 1109 -1,
1110 1111 1112 -1,
1113 1114 1115 -1,
1116 1117 1118 -1,
1119 1120 1121 -1,
1122 1123 1124 -1,
1125 1126 1127 -1,
1128 1129 1130 -1,
1131 1132 1133 -1,
1134 1135 1136 -1,
1137 1138 1139 -1,
1140 1141 1142 -1,
1143 1144 1145 -1,
1146 1147 1148 -1,
1149 1150 1151 -1,
1152 1153 1154 -1,
1155 1156 1157 -1,
1158 1159 1160 -1,
1161 1162 1163 -1,
1164 1165 1166 -1,
1167 1168 1169 -1,
1170 1171 1172 -1,
1173 1174 1175 -1,
1176 1177 1178 -1,
1179 1180 1181 -1,
1182 1183 1184 -1,
1185 1186 1187 -1,
1188 1189 1190 -1,
1191 1192 1193 -1,
1194 1195 1196 -1,
1197 1198 1199 -1,
1200 1201 1202 -1,
1203 1204 1205 -1,
1206 1207 1208 -1,
1209 1210 1211 -1,
1212 1213 1214 -1,
1215 1216 1217 -1,
1218 1219 1220 -1,
1221 1222 1223 -1,
1224 1225 1226 -1,
1227 1228 1229 -1,
1230 1231 1232 -1,
1233 1234 1235 -1,
1236 1237 1238 -1,
1239 1240 1241 -1,
1242 1243 1244 -1,
1245 1246 1247 -1,
1248 1249 1250 -1,
1251 1252 1253 -1,
1254 1255 1256 -1,
1257 1258 1259 -1,
1260 1261 1262 -1,
1263 1264 1265 -1,
1266 1267 1268 -1,
1269 1270 1271 -1,
1272 1273 1274 -1,
1275 1276 1277 -1,
1278 1279 1280 -1,
1281 1282 1283 -1,
1284 1285 1286 -1,
1287 1288 1289 -1,
1290 1291 1292 -1,
1293 1294 1295 -1,
1296 1297 1298 -1,
1299 1300 1301 -1,
1302 1303 1304 -1,
1305 1306 1307 -1,
1308 1309 1310 -1,
1311 1312 1313 -1,
1314 1315 1316 -1,
1317 1318 1319 -1,
1320 1321 1322 -1,
1323 1324 1325 -1,
1326 1327 1328 -1,
1329 1330 1331 -1,
1332 1333 1334 -1,
1335 1336 1337 -1,
1338 1339 1340 -1,
1341 1342 1343 -1,
1344 1345 1346 -1,
1347 1348 1349 -1,
1350 1351 1352 -1,
1353 1354 1355 -1,
1356 1357 1358 -1,
1359 1360 1361 -1,
1362 1363 1364 -1,
1365 1366 1367 -1,
1368 1369 1370 -1,
1371 1372 1373 -1,
1374 1375 1376 -1,
1377 1378 1379 -1,
1380 1381 1382 -1,
1383 1384 1385 -1,
1386 1387 1388 -1,
1389 1390 1391 -1,
1392 1393 1394 -1,
1395 1396 1397 -1,
1398 1399 1400 -1,
1401 1402 1403 -1,
1404 1405 1406 -1,
1407 1408 1409 -1,
1410 1411 1412 -1,
1413 1414 1415 -1,
1416 1417 1418 -1,
1419 1420 1421 -1,
1422 1423 1424 -1,
1425 1426 1427 -1,
1428 1429 1430 -1,
1431 1432 1433 -1,
1434 1435 1436 -1,
1437 1438 1439 -1,
1440 1441 1442 -1,
1443 1444 1445 -1,
1446 1447 1448 -1,
1449 1450 1451 -1,
1452 1453 1454 -1,
1455 1456 1457 -1,
1458 1459 1460 -1,
1461 1462 1463 -1,
1464 1465 1466 -1,
1467 1468 1469 -1,
1470 1471 1472 -1,
1473 1474 1475 -1,
1476 1477 1478 -1,
1479 1480 1481 -1,
1482 1483 1484 -1,
1485 1486 1487 -1,
1488 1489 1490 -1,
1491 1492 1493 -1,
1494 1495 1496 -1,
1497 1498 1499 -1,
1500 1501 1502 -1,
1503 1504 1505 -1,
1506 1507 1508 -1,
1509 1510 1511 -1,
1512 1513 1514 -1,
1515 1516 1517 -1,
1518 1519 1520 -1,
1521 1522 1523 -1,
1524 1525 1526 -1,
1527 1528 1529 -1,
1530 1531 1532 -1,
1533 1534 1535 -1,
1536 1537 1538 -1,
1539 1540 1541 -1,
1542 1543 1544 -1,
1545 1546 1547 -1,
1548 1549 1550 -1,
1551 1552 1553 -1,
1554 1555 1556 -1,
1557 1558 1559 -1,
1560 1561 1562 -1,
1563 1564 1565 -1,
1566 1567 1568 -1,
1569 1570 1571 -1,
1572 1573 1574 -1,
1575 1576 1577 -1,
1578 1579 1580 -1,
1581 1582 1583 -1,
1584 1585 1586 -1,
1587 1588 1589 -1,
1590 1591 1592 -1,
1593 1594 1595 -1,
1596 1597 1598 -1,
1599 1600 1601 -1,
1602 1603 1604 -1,
1605 1606 1607 -1,
1608 1609 1610 -1,
1611 1612 1613 -1,
1614 1615 1616 -1,
1617 1618 1619 -1,
1620 1621 1622 -1,
1623 1624 1625 -1,
1626 1627 1628 -1,
1629 1630 1631 -1,
1632 1633 1634 -1,
1635 1636 1637 -1,
1638 1639 1640 -1,
1641 1642 1643 -1,
1644 1645 1646 -1,
1647 1648 1649 -1,
1650 1651 1652 -1,
1653 1654 1655 -1,
1656 1657 1658 -1,
1659 1660 1661 -1,
1662 1663 1664 -1,
1665 1666 1667 -1,
1668 1669 1670 -1,
1671 1672 1673 -1,
1674 1675 1676 -1,
1677 1678 1679 -1,
1680 1681 1682 -1,
1683 1684 1685 -1,
1686 1687 1688 -1,
1689 1690 1691 -1,
1692 1693 1694 -1,
1695 1696 1697 -1,
1698 1699 1700 -1,
1701 1702 1703 -1,
1704 1705 1706 -1,
1707 1708 1709 -1,
1710 1711 1712 -1,
1713 1714 1715 -1,
1716 1717 1718 -1,
1719 1720 1721 -1,
1722 1723 1724 -1,
1725 1726 1727 -1,
1728 1729 1730 -1,
1731 1732 1733 -1,
1734 1735 1736 -1,
1737 1738 1739 -1,
1740 1741 1742 -1,
1743 1744 1745 -1,
1746 1747 1748 -1,
1749 1750 1751 -1,
1752 1753 1754 -1,
1755 1756 1757 -1,
1758 1759 1760 -1,
1761 1762 1763 -1,
1764 1765 1766 -1,
1767 1768 1769 -1,
1770 1771 1772 -1,
1773 1774 1775 -1,
1776 1777 1778 -1,
1779 1780 1781 -1,
1782 1783 1784 -1,
1785 1786 1787 -1,
1788 1789 1790 -1,
1791 1792 1793 -1,
1794 1795 1796 -1,
1797 1798 1799 -1,
1800 1801 1802 -1,
1803 1804 1805 -1,
1806 1807 1808 -1,
1809 1810 1811 -1,
1812 1813 1814 -1,
1815 1816 1817 -1,
1818 1819 1820 -1,
1821 1822 1823 -1,
1824 1825 1826 -1,
1827 1828 1829 -1,
1830 1831 1832 -1,
1833 1834 1835 -1,
1836 1837 1838 -1,
1839 1840 1841 -1,
1842 1843 1844 -1,
1845 1846 1847 -1,
1848 1849 1850 -1,
1851 1852 1853 -1,
1854 1855 1856 -1,
1857 1858 1859 -1,
1860 1861 1862 -1,
1863 1864 1865 -1,
1866 1867 1868 -1,
1869 1870 1871 -1,
1872 1873 1874 -1,
1875 1876 1877 -1,
1878 1879 1880 -1,
1881 1882 1883 -1,
1884 1885 1886 -1,
1887 1888 1889 -1,
 ] 
 }
}
