#VRML V2.0 utf8

Viewpoint {
 position 0 0 85.00107574
 orientation 1 0 0 0
 description "Z view"
 fieldOfView 0.800655
}
DirectionalLight {
 direction -0.348155 -0.348155   -0.870
}
NavigationInfo {
 headlight TRUE
 type "EXAMINE"
}
Shape {
 appearance Appearance {
  material Material { diffuseColor 1.0 1.0 1.0 }
 }
 geometry IndexedFaceSet {
  coord Coordinate {
   point [
2.650148 -0.112736 2.720970,
3.048250 0.711208 2.604218,
2.645529 0.687492 2.911346,
2.289377 0.389246 3.148247,
2.650148 -0.112736 2.720970,
2.645529 0.687492 2.911346,
3.188608 0.192787 2.343819,
3.048250 0.711208 2.604218,
2.650148 -0.112736 2.720970,
2.645529 0.687492 2.911346,
3.188608 0.192787 2.343819,
3.048250 0.711208 2.604218,
3.188608 0.192787 2.343819,
2.289377 0.389246 3.148247,
2.650148 -0.112736 2.720970,
2.645529 0.687492 2.911346,
2.289377 0.389246 3.148247,
3.188608 0.192787 2.343819,
2.127802 2.971952 2.263191,
1.729420 3.505844 1.813965,
1.343136 3.445534 2.158249,
1.484968 3.055901 2.587608,
2.127802 2.971952 2.263191,
1.343136 3.445534 2.158249,
2.215160 3.325203 1.760979,
1.729420 3.505844 1.813965,
2.127802 2.971952 2.263191,
1.343136 3.445534 2.158249,
2.215160 3.325203 1.760979,
1.729420 3.505844 1.813965,
2.215160 3.325203 1.760979,
1.343136 3.445534 2.158249,
1.484968 3.055901 2.587608,
2.127802 2.971952 2.263191,
2.215160 3.325203 1.760979,
1.484968 3.055901 2.587608,
2.751965 2.531437 -1.309883,
3.076775 2.637373 -0.792282,
3.310558 2.176033 -0.854675,
3.303879 1.798548 -1.213623,
2.751965 2.531437 -1.309883,
3.310558 2.176033 -0.854675,
2.915709 1.913740 -1.652168,
2.751965 2.531437 -1.309883,
3.303879 1.798548 -1.213623,
3.303879 1.798548 -1.213623,
3.076775 2.637373 -0.792282,
3.310558 2.176033 -0.854675,
3.076775 2.637373 -0.792282,
3.303879 1.798548 -1.213623,
2.915709 1.913740 -1.652168,
2.751965 2.531437 -1.309883,
3.076775 2.637373 -0.792282,
2.915709 1.913740 -1.652168,
1.811708 3.369186 -1.123894,
1.513548 3.777132 -0.499214,
1.996819 3.599594 -0.578667,
1.069706 3.789154 -0.771690,
1.513548 3.777132 -0.499214,
1.811708 3.369186 -1.123894,
1.122408 3.511536 -1.297447,
1.069706 3.789154 -0.771690,
1.811708 3.369186 -1.123894,
1.513548 3.777132 -0.499214,
1.122408 3.511536 -1.297447,
1.069706 3.789154 -0.771690,
1.122408 3.511536 -1.297447,
1.513548 3.777132 -0.499214,
1.996819 3.599594 -0.578667,
1.811708 3.369186 -1.123894,
1.122408 3.511536 -1.297447,
1.996819 3.599594 -0.578667,
-0.053677 3.388998 2.098419,
0.512539 3.615358 1.985313,
0.341715 3.789576 1.525040,
-0.115536 3.801741 1.275726,
-0.053677 3.388998 2.098419,
0.341715 3.789576 1.525040,
-0.546686 3.529263 1.585785,
-0.053677 3.388998 2.098419,
-0.115536 3.801741 1.275726,
-0.115536 3.801741 1.275726,
0.512539 3.615358 1.985313,
0.341715 3.789576 1.525040,
0.512539 3.615358 1.985313,
-0.115536 3.801741 1.275726,
-0.546686 3.529263 1.585785,
-0.053677 3.388998 2.098419,
0.512539 3.615358 1.985313,
-0.546686 3.529263 1.585785,
1.307739 -0.991846 2.913544,
1.914330 -1.270868 2.466621,
1.913206 -0.891790 2.823944,
1.567326 -1.613466 2.283310,
1.914330 -1.270868 2.466621,
1.307739 -0.991846 2.913544,
1.028385 -1.539097 2.528831,
1.567326 -1.613466 2.283310,
1.307739 -0.991846 2.913544,
0.856724 -1.993067 1.921379,
1.567326 -1.613466 2.283310,
1.028385 -1.539097 2.528831,
0.173059 -1.768860 2.212593,
0.856724 -1.993067 1.921379,
1.028385 -1.539097 2.528831,
0.308586 -0.919664 3.025108,
0.173059 -1.768860 2.212593,
1.028385 -1.539097 2.528831,
1.307739 -0.991846 2.913544,
0.308586 -0.919664 3.025108,
1.028385 -1.539097 2.528831,
1.170803 -0.065924 3.446938,
0.308586 -0.919664 3.025108,
1.307739 -0.991846 2.913544,
1.913206 -0.891790 2.823944,
1.170803 -0.065924 3.446938,
1.307739 -0.991846 2.913544,
1.846512 0.223251 3.472015,
1.170803 -0.065924 3.446938,
1.913206 -0.891790 2.823944,
0.651722 0.431593 3.539459,
1.170803 -0.065924 3.446938,
1.846512 0.223251 3.472015,
0.856039 1.013708 3.602921,
0.651722 0.431593 3.539459,
1.846512 0.223251 3.472015,
-0.040678 -0.453079 3.174683,
0.308586 -0.919664 3.025108,
1.170803 -0.065924 3.446938,
0.651722 0.431593 3.539459,
-0.040678 -0.453079 3.174683,
1.170803 -0.065924 3.446938,
-0.570295 0.681448 3.285034,
-0.040678 -0.453079 3.174683,
0.651722 0.431593 3.539459,
0.856039 1.013708 3.602921,
-0.570295 0.681448 3.285034,
0.651722 0.431593 3.539459,
0.030237 1.944384 3.332253,
-0.570295 0.681448 3.285034,
0.856039 1.013708 3.602921,
0.603226 1.827229 3.451553,
0.030237 1.944384 3.332253,
0.856039 1.013708 3.602921,
1.574232 1.664164 3.648087,
0.603226 1.827229 3.451553,
0.856039 1.013708 3.602921,
2.063591 1.014196 3.708931,
1.574232 1.664164 3.648087,
0.856039 1.013708 3.602921,
1.846512 0.223251 3.472015,
2.063591 1.014196 3.708931,
0.856039 1.013708 3.602921,
1.137354 2.233519 3.474419,
0.603226 1.827229 3.451553,
1.574232 1.664164 3.648087,
2.064049 2.224640 2.936584,
1.137354 2.233519 3.474419,
1.574232 1.664164 3.648087,
0.859974 2.660917 3.037071,
0.603226 1.827229 3.451553,
1.137354 2.233519 3.474419,
0.248816 2.558022 3.014114,
0.603226 1.827229 3.451553,
0.859974 2.660917 3.037071,
0.030237 1.944384 3.332253,
0.603226 1.827229 3.451553,
0.248816 2.558022 3.014114,
-0.716064 2.442427 2.746506,
0.030237 1.944384 3.332253,
0.248816 2.558022 3.014114,
-0.853966 2.821260 2.329048,
-0.716064 2.442427 2.746506,
0.248816 2.558022 3.014114,
-1.190643 2.132324 2.544838,
-0.716064 2.442427 2.746506,
-0.853966 2.821260 2.329048,
-1.326733 2.623644 2.056580,
-1.190643 2.132324 2.544838,
-0.853966 2.821260 2.329048,
-0.993296 1.319765 3.041763,
0.030237 1.944384 3.332253,
-0.716064 2.442427 2.746506,
-1.190643 2.132324 2.544838,
-0.993296 1.319765 3.041763,
-0.716064 2.442427 2.746506,
-1.334295 0.971823 2.857269,
-0.993296 1.319765 3.041763,
-1.190643 2.132324 2.544838,
-1.933399 1.598743 1.979645,
-1.334295 0.971823 2.857269,
-1.190643 2.132324 2.544838,
-1.326733 2.623644 2.056580,
-1.933399 1.598743 1.979645,
-1.190643 2.132324 2.544838,
-1.882252 2.487913 1.137665,
-1.933399 1.598743 1.979645,
-1.326733 2.623644 2.056580,
-1.482124 2.938326 1.208214,
-1.882252 2.487913 1.137665,
-1.326733 2.623644 2.056580,
-2.104616 2.710878 0.440323,
-1.882252 2.487913 1.137665,
-1.482124 2.938326 1.208214,
-1.637518 3.253002 0.359856,
-2.104616 2.710878 0.440323,
-1.482124 2.938326 1.208214,
-1.001951 3.553936 0.786362,
-1.637518 3.253002 0.359856,
-1.482124 2.938326 1.208214,
-1.094185 3.819147 0.157600,
-1.637518 3.253002 0.359856,
-1.001951 3.553936 0.786362,
-0.195389 3.902096 0.420044,
-1.094185 3.819147 0.157600,
-1.001951 3.553936 0.786362,
-0.843487 3.699551 -0.511871,
-1.094185 3.819147 0.157600,
-0.195389 3.902096 0.420044,
0.150604 3.876184 -0.216469,
-0.843487 3.699551 -0.511871,
-0.195389 3.902096 0.420044,
-0.197779 3.693707 -0.696014,
-0.843487 3.699551 -0.511871,
0.150604 3.876184 -0.216469,
-1.105654 3.440386 -1.229492,
-0.843487 3.699551 -0.511871,
-0.197779 3.693707 -0.696014,
-0.121384 3.291275 -1.458145,
-1.105654 3.440386 -1.229492,
-0.197779 3.693707 -0.696014,
-1.374733 3.829660 -0.697754,
-0.843487 3.699551 -0.511871,
-1.105654 3.440386 -1.229492,
-1.094185 3.819147 0.157600,
-0.843487 3.699551 -0.511871,
-1.374733 3.829660 -0.697754,
-1.912403 3.824116 -0.242249,
-1.094185 3.819147 0.157600,
-1.374733 3.829660 -0.697754,
-1.637518 3.253002 0.359856,
-1.094185 3.819147 0.157600,
-1.912403 3.824116 -0.242249,
-2.325605 3.300215 0.028580,
-1.637518 3.253002 0.359856,
-1.912403 3.824116 -0.242249,
-2.637405 4.065825 -0.205185,
-2.325605 3.300215 0.028580,
-1.912403 3.824116 -0.242249,
-2.723850 4.616108 -0.561607,
-2.637405 4.065825 -0.205185,
-1.912403 3.824116 -0.242249,
-3.264023 4.274731 -0.173149,
-2.637405 4.065825 -0.205185,
-2.723850 4.616108 -0.561607,
-3.441719 4.762884 -0.711075,
-3.264023 4.274731 -0.173149,
-2.723850 4.616108 -0.561607,
-2.939728 4.896322 -1.120361,
-3.441719 4.762884 -0.711075,
-2.723850 4.616108 -0.561607,
-2.349197 4.612129 -1.208794,
-2.939728 4.896322 -1.120361,
-2.723850 4.616108 -0.561607,
-2.835520 4.756447 -1.758240,
-2.939728 4.896322 -1.120361,
-2.349197 4.612129 -1.208794,
-2.283171 4.264315 -1.867500,
-2.835520 4.756447 -1.758240,
-2.349197 4.612129 -1.208794,
-2.827396 4.304583 -2.241005,
-2.835520 4.756447 -1.758240,
-2.283171 4.264315 -1.867500,
-2.550989 3.705515 -2.286110,
-2.827396 4.304583 -2.241005,
-2.283171 4.264315 -1.867500,
-3.268862 3.852293 -2.435577,
-2.827396 4.304583 -2.241005,
-2.550989 3.705515 -2.286110,
-3.050358 3.149176 -2.304749,
-3.268862 3.852293 -2.435577,
-2.550989 3.705515 -2.286110,
-2.079105 2.847229 -1.815796,
-3.050358 3.149176 -2.304749,
-2.550989 3.705515 -2.286110,
-2.830387 2.576105 -1.826546,
-3.050358 3.149176 -2.304749,
-2.079105 2.847229 -1.815796,
-2.327084 2.358482 -1.660522,
-2.830387 2.576105 -1.826546,
-2.079105 2.847229 -1.815796,
-1.602077 2.116772 -1.697594,
-2.327084 2.358482 -1.660522,
-2.079105 2.847229 -1.815796,
-1.248508 2.677404 -1.642860,
-1.602077 2.116772 -1.697594,
-2.079105 2.847229 -1.815796,
-1.045046 1.925903 -2.020340,
-1.602077 2.116772 -1.697594,
-1.248508 2.677404 -1.642860,
-0.467262 2.569601 -1.998779,
-1.045046 1.925903 -2.020340,
-1.248508 2.677404 -1.642860,
-1.075981 1.316946 -2.133690,
-1.602077 2.116772 -1.697594,
-1.045046 1.925903 -2.020340,
-1.602308 0.966600 -1.779053,
-1.602077 2.116772 -1.697594,
-1.075981 1.316946 -2.133690,
-0.892475 0.336060 -2.275696,
-1.602308 0.966600 -1.779053,
-1.075981 1.316946 -2.133690,
-0.368473 0.263756 -2.514412,
-0.892475 0.336060 -2.275696,
-1.075981 1.316946 -2.133690,
0.073429 1.158342 -2.657326,
-0.368473 0.263756 -2.514412,
-1.075981 1.316946 -2.133690,
0.589903 0.664099 -2.777756,
-0.368473 0.263756 -2.514412,
0.073429 1.158342 -2.657326,
0.988483 1.108156 -2.762878,
0.589903 0.664099 -2.777756,
0.073429 1.158342 -2.657326,
0.763039 1.570107 -2.678246,
0.988483 1.108156 -2.762878,
0.073429 1.158342 -2.657326,
0.275137 1.743732 -2.621773,
0.763039 1.570107 -2.678246,
0.073429 1.158342 -2.657326,
-0.198900 -0.281904 -2.412888,
-0.368473 0.263756 -2.514412,
0.589903 0.664099 -2.777756,
0.701801 -0.454351 -2.456230,
-0.198900 -0.281904 -2.412888,
0.589903 0.664099 -2.777756,
1.331493 0.126701 -2.687241,
0.701801 -0.454351 -2.456230,
0.589903 0.664099 -2.777756,
0.988483 1.108156 -2.762878,
1.331493 0.126701 -2.687241,
0.589903 0.664099 -2.777756,
1.819080 0.938334 -2.589951,
1.331493 0.126701 -2.687241,
0.988483 1.108156 -2.762878,
0.763039 1.570107 -2.678246,
1.819080 0.938334 -2.589951,
0.988483 1.108156 -2.762878,
1.830935 1.979509 -2.337135,
1.819080 0.938334 -2.589951,
0.763039 1.570107 -2.678246,
1.279110 2.411394 -2.251923,
1.830935 1.979509 -2.337135,
0.763039 1.570107 -2.678246,
0.071678 2.495234 -2.244301,
1.279110 2.411394 -2.251923,
0.763039 1.570107 -2.678246,
0.275137 1.743732 -2.621773,
0.071678 2.495234 -2.244301,
0.763039 1.570107 -2.678246,
0.311142 3.030493 -1.818062,
1.279110 2.411394 -2.251923,
0.071678 2.495234 -2.244301,
1.610123 2.795092 -1.927475,
1.279110 2.411394 -2.251923,
0.311142 3.030493 -1.818062,
2.038776 2.413170 -2.012268,
1.279110 2.411394 -2.251923,
1.610123 2.795092 -1.927475,
1.830935 1.979509 -2.337135,
1.279110 2.411394 -2.251923,
2.038776 2.413170 -2.012268,
2.409615 1.160793 -2.233154,
1.819080 0.938334 -2.589951,
1.830935 1.979509 -2.337135,
2.780239 0.705984 -2.032097,
1.819080 0.938334 -2.589951,
2.409615 1.160793 -2.233154,
2.595856 0.129274 -2.322426,
1.819080 0.938334 -2.589951,
2.780239 0.705984 -2.032097,
2.011337 0.030428 -2.739449,
1.819080 0.938334 -2.589951,
2.595856 0.129274 -2.322426,
2.803879 -0.355764 -2.557304,
2.011337 0.030428 -2.739449,
2.595856 0.129274 -2.322426,
3.161734 -0.303843 -1.944176,
2.803879 -0.355764 -2.557304,
2.595856 0.129274 -2.322426,
2.780239 0.705984 -2.032097,
3.161734 -0.303843 -1.944176,
2.595856 0.129274 -2.322426,
3.342930 0.539009 -1.396385,
3.161734 -0.303843 -1.944176,
2.780239 0.705984 -2.032097,
2.365551 -0.794622 -2.891785,
2.011337 0.030428 -2.739449,
2.803879 -0.355764 -2.557304,
1.602499 -0.626799 -2.499565,
2.011337 0.030428 -2.739449,
2.365551 -0.794622 -2.891785,
1.911552 -1.306417 -2.667046,
1.602499 -0.626799 -2.499565,
2.365551 -0.794622 -2.891785,
2.402651 -1.393538 -3.366501,
1.911552 -1.306417 -2.667046,
2.365551 -0.794622 -2.891785,
2.934084 -1.354832 -3.758163,
2.402651 -1.393538 -3.366501,
2.365551 -0.794622 -2.891785,
2.434715 -1.911171 -3.776794,
2.402651 -1.393538 -3.366501,
2.934084 -1.354832 -3.758163,
3.109934 -2.004343 -4.084404,
2.434715 -1.911171 -3.776794,
2.934084 -1.354832 -3.758163,
3.551401 -1.552052 -3.889839,
3.109934 -2.004343 -4.084404,
2.934084 -1.354832 -3.758163,
3.543276 -1.100187 -3.407066,
3.551401 -1.552052 -3.889839,
2.934084 -1.354832 -3.758163,
4.095625 -1.592321 -3.516327,
3.551401 -1.552052 -3.889839,
3.543276 -1.100187 -3.407066,
4.029598 -1.244507 -2.857628,
4.095625 -1.592321 -3.516327,
3.543276 -1.100187 -3.407066,
4.378784 -1.797579 -2.955070,
4.095625 -1.592321 -3.516327,
4.029598 -1.244507 -2.857628,
4.207300 -1.732660 -2.319702,
4.378784 -1.797579 -2.955070,
4.029598 -1.244507 -2.857628,
4.383146 -2.382172 -2.645943,
4.378784 -1.797579 -2.955070,
4.207300 -1.732660 -2.319702,
4.008493 -2.378193 -1.998764,
4.383146 -2.382172 -2.645943,
4.207300 -1.732660 -2.319702,
3.466005 -1.489473 -1.563484,
4.008493 -2.378193 -1.998764,
4.207300 -1.732660 -2.319702,
4.029598 -1.244507 -2.857628,
3.466005 -1.489473 -1.563484,
4.207300 -1.732660 -2.319702,
3.136278 -1.852320 -1.273491,
4.008493 -2.378193 -1.998764,
3.466005 -1.489473 -1.563484,
3.099178 -1.253407 -0.798767,
3.136278 -1.852320 -1.273491,
3.466005 -1.489473 -1.563484,
3.262543 -0.737972 -1.186012,
3.099178 -1.253407 -0.798767,
3.466005 -1.489473 -1.563484,
3.342398 -0.838327 -0.330330,
3.099178 -1.253407 -0.798767,
3.262543 -0.737972 -1.186012,
3.572418 -0.091431 -0.701668,
3.342398 -0.838327 -0.330330,
3.262543 -0.737972 -1.186012,
3.223454 -1.074900 0.230492,
3.099178 -1.253407 -0.798767,
3.342398 -0.838327 -0.330330,
2.752567 -1.626053 0.235893,
3.099178 -1.253407 -0.798767,
3.223454 -1.074900 0.230492,
2.999655 -1.231081 1.200806,
2.752567 -1.626053 0.235893,
3.223454 -1.074900 0.230492,
3.707361 -0.261013 0.744316,
2.999655 -1.231081 1.200806,
3.223454 -1.074900 0.230492,
3.342398 -0.838327 -0.330330,
3.707361 -0.261013 0.744316,
3.223454 -1.074900 0.230492,
3.786184 0.354589 -0.367538,
3.707361 -0.261013 0.744316,
3.342398 -0.838327 -0.330330,
3.572418 -0.091431 -0.701668,
3.786184 0.354589 -0.367538,
3.342398 -0.838327 -0.330330,
3.592083 0.809893 -0.897217,
3.786184 0.354589 -0.367538,
3.572418 -0.091431 -0.701668,
3.866039 0.254234 0.488152,
3.707361 -0.261013 0.744316,
3.786184 0.354589 -0.367538,
3.866360 0.649187 0.827843,
3.866039 0.254234 0.488152,
3.786184 0.354589 -0.367538,
3.636721 0.100931 1.368439,
3.866039 0.254234 0.488152,
3.866360 0.649187 0.827843,
3.780769 0.703428 1.338844,
3.636721 0.100931 1.368439,
3.866360 0.649187 0.827843,
3.707361 -0.261013 0.744316,
3.866039 0.254234 0.488152,
3.636721 0.100931 1.368439,
3.207499 -0.797422 1.525673,
2.999655 -1.231081 1.200806,
3.707361 -0.261013 0.744316,
3.636721 0.100931 1.368439,
3.207499 -0.797422 1.525673,
3.707361 -0.261013 0.744316,
2.627808 -1.325905 1.664268,
2.999655 -1.231081 1.200806,
3.207499 -0.797422 1.525673,
2.916746 -0.794333 2.027924,
2.627808 -1.325905 1.664268,
3.207499 -0.797422 1.525673,
2.041962 -1.943226 1.193298,
2.752567 -1.626053 0.235893,
2.999655 -1.231081 1.200806,
2.627808 -1.325905 1.664268,
2.041962 -1.943226 1.193298,
2.999655 -1.231081 1.200806,
1.643721 -2.015896 1.521179,
2.041962 -1.943226 1.193298,
2.627808 -1.325905 1.664268,
1.295340 -2.198378 1.041634,
2.041962 -1.943226 1.193298,
1.643721 -2.015896 1.521179,
2.127575 -2.021034 0.685356,
2.041962 -1.943226 1.193298,
1.295340 -2.198378 1.041634,
1.641331 -2.224285 0.405128,
2.127575 -2.021034 0.685356,
1.295340 -2.198378 1.041634,
2.127575 -2.021034 0.685356,
2.752567 -1.626053 0.235893,
2.041962 -1.943226 1.193298,
1.641331 -2.224285 0.405128,
2.752567 -1.626053 0.235893,
2.127575 -2.021034 0.685356,
2.567987 -1.650171 -0.667564,
3.099178 -1.253407 -0.798767,
2.752567 -1.626053 0.235893,
3.136278 -1.852320 -1.273491,
3.099178 -1.253407 -0.798767,
2.567987 -1.650171 -0.667564,
2.444233 -2.136263 -1.545044,
3.136278 -1.852320 -1.273491,
2.567987 -1.650171 -0.667564,
1.587933 -1.965794 -1.394775,
2.444233 -2.136263 -1.545044,
2.567987 -1.650171 -0.667564,
1.561478 -2.123932 -0.450562,
1.587933 -1.965794 -1.394775,
2.567987 -1.650171 -0.667564,
1.104225 -2.111769 -0.699875,
1.587933 -1.965794 -1.394775,
1.561478 -2.123932 -0.450562,
0.933405 -1.937548 -1.160149,
1.587933 -1.965794 -1.394775,
1.104225 -2.111769 -0.699875,
1.820736 -1.951239 -2.249458,
2.444233 -2.136263 -1.545044,
1.587933 -1.965794 -1.394775,
1.317532 -1.222971 -2.213333,
1.820736 -1.951239 -2.249458,
1.587933 -1.965794 -1.394775,
0.933405 -1.937548 -1.160149,
1.317532 -1.222971 -2.213333,
1.587933 -1.965794 -1.394775,
2.347588 -2.697042 -2.259232,
2.444233 -2.136263 -1.545044,
1.820736 -1.951239 -2.249458,
2.064428 -2.491783 -2.820488,
2.347588 -2.697042 -2.259232,
1.820736 -1.951239 -2.249458,
2.060062 -1.907192 -3.129616,
2.064428 -2.491783 -2.820488,
1.820736 -1.951239 -2.249458,
2.235914 -2.556704 -3.455856,
2.064428 -2.491783 -2.820488,
2.060062 -1.907192 -3.129616,
2.413610 -3.044857 -2.917931,
2.064428 -2.491783 -2.820488,
2.235914 -2.556704 -3.455856,
2.788263 -3.048836 -3.565117,
2.413610 -3.044857 -2.917931,
2.235914 -2.556704 -3.455856,
2.701824 -2.498552 -3.921547,
2.788263 -3.048836 -3.565117,
2.235914 -2.556704 -3.455856,
3.328438 -2.707460 -3.953583,
2.788263 -3.048836 -3.565117,
2.701824 -2.498552 -3.921547,
3.506136 -3.195614 -3.415657,
2.788263 -3.048836 -3.565117,
3.328438 -2.707460 -3.953583,
3.923143 -2.748264 -3.667259,
3.506136 -3.195614 -3.415657,
3.328438 -2.707460 -3.953583,
3.827806 -2.151121 -3.934944,
3.923143 -2.748264 -3.667259,
3.328438 -2.707460 -3.953583,
4.314129 -2.295439 -3.385498,
3.923143 -2.748264 -3.667259,
3.827806 -2.151121 -3.934944,
4.115328 -2.940969 -3.064560,
3.923143 -2.748264 -3.667259,
4.314129 -2.295439 -3.385498,
3.506136 -3.195614 -3.415657,
3.923143 -2.748264 -3.667259,
4.115328 -2.940969 -3.064560,
3.575153 -3.282349 -2.676094,
3.506136 -3.195614 -3.415657,
4.115328 -2.940969 -3.064560,
4.040562 -2.895826 -2.409058,
3.575153 -3.282349 -2.676094,
4.115328 -2.940969 -3.064560,
3.509129 -2.934532 -2.017395,
3.575153 -3.282349 -2.676094,
4.040562 -2.895826 -2.409058,
2.899937 -3.189177 -2.368492,
3.575153 -3.282349 -2.676094,
3.509129 -2.934532 -2.017395,
2.891811 -2.737312 -1.885719,
2.899937 -3.189177 -2.368492,
3.509129 -2.934532 -2.017395,
3.358631 -2.280790 -1.582047,
2.891811 -2.737312 -1.885719,
3.509129 -2.934532 -2.017395,
3.004143 -3.329054 -3.006371,
3.575153 -3.282349 -2.676094,
2.899937 -3.189177 -2.368492,
3.506136 -3.195614 -3.415657,
3.575153 -3.282349 -2.676094,
3.004143 -3.329054 -3.006371,
2.788263 -3.048836 -3.565117,
3.506136 -3.195614 -3.415657,
3.004143 -3.329054 -3.006371,
2.413610 -3.044857 -2.917931,
2.788263 -3.048836 -3.565117,
3.004143 -3.329054 -3.006371,
2.899937 -3.189177 -2.368492,
2.413610 -3.044857 -2.917931,
3.004143 -3.329054 -3.006371,
2.347588 -2.697042 -2.259232,
2.064428 -2.491783 -2.820488,
2.413610 -3.044857 -2.917931,
2.899937 -3.189177 -2.368492,
2.347588 -2.697042 -2.259232,
2.413610 -3.044857 -2.917931,
2.891811 -2.737312 -1.885719,
2.347588 -2.697042 -2.259232,
2.899937 -3.189177 -2.368492,
2.444233 -2.136263 -1.545044,
2.347588 -2.697042 -2.259232,
2.891811 -2.737312 -1.885719,
3.358631 -2.280790 -1.582047,
2.444233 -2.136263 -1.545044,
2.891811 -2.737312 -1.885719,
3.136278 -1.852320 -1.273491,
2.444233 -2.136263 -1.545044,
3.358631 -2.280790 -1.582047,
3.358631 -2.280790 -1.582047,
4.008493 -2.378193 -1.998764,
3.136278 -1.852320 -1.273491,
3.509129 -2.934532 -2.017395,
4.008493 -2.378193 -1.998764,
3.358631 -2.280790 -1.582047,
4.040562 -2.895826 -2.409058,
4.008493 -2.378193 -1.998764,
3.509129 -2.934532 -2.017395,
4.383146 -2.382172 -2.645943,
4.008493 -2.378193 -1.998764,
4.040562 -2.895826 -2.409058,
4.115328 -2.940969 -3.064560,
4.383146 -2.382172 -2.645943,
4.040562 -2.895826 -2.409058,
4.314129 -2.295439 -3.385498,
4.383146 -2.382172 -2.645943,
4.115328 -2.940969 -3.064560,
4.378784 -1.797579 -2.955070,
4.383146 -2.382172 -2.645943,
4.314129 -2.295439 -3.385498,
4.095625 -1.592321 -3.516327,
4.378784 -1.797579 -2.955070,
4.314129 -2.295439 -3.385498,
3.827806 -2.151121 -3.934944,
4.095625 -1.592321 -3.516327,
4.314129 -2.295439 -3.385498,
3.551401 -1.552052 -3.889839,
4.095625 -1.592321 -3.516327,
3.827806 -2.151121 -3.934944,
3.109934 -2.004343 -4.084404,
3.551401 -1.552052 -3.889839,
3.827806 -2.151121 -3.934944,
3.328438 -2.707460 -3.953583,
3.109934 -2.004343 -4.084404,
3.827806 -2.151121 -3.934944,
2.701824 -2.498552 -3.921547,
3.109934 -2.004343 -4.084404,
3.328438 -2.707460 -3.953583,
2.434715 -1.911171 -3.776794,
3.109934 -2.004343 -4.084404,
2.701824 -2.498552 -3.921547,
2.235914 -2.556704 -3.455856,
2.434715 -1.911171 -3.776794,
2.701824 -2.498552 -3.921547,
2.060062 -1.907192 -3.129616,
2.434715 -1.911171 -3.776794,
2.235914 -2.556704 -3.455856,
2.402651 -1.393538 -3.366501,
2.434715 -1.911171 -3.776794,
2.060062 -1.907192 -3.129616,
1.911552 -1.306417 -2.667046,
2.402651 -1.393538 -3.366501,
2.060062 -1.907192 -3.129616,
1.820736 -1.951239 -2.249458,
1.911552 -1.306417 -2.667046,
2.060062 -1.907192 -3.129616,
1.317532 -1.222971 -2.213333,
1.911552 -1.306417 -2.667046,
1.820736 -1.951239 -2.249458,
1.602499 -0.626799 -2.499565,
1.911552 -1.306417 -2.667046,
1.317532 -1.222971 -2.213333,
1.331493 0.126701 -2.687241,
1.819080 0.938334 -2.589951,
2.011337 0.030428 -2.739449,
1.602499 -0.626799 -2.499565,
1.331493 0.126701 -2.687241,
2.011337 0.030428 -2.739449,
0.701801 -0.454351 -2.456230,
1.331493 0.126701 -2.687241,
1.602499 -0.626799 -2.499565,
1.317532 -1.222971 -2.213333,
0.701801 -0.454351 -2.456230,
1.602499 -0.626799 -2.499565,
0.592524 -0.981260 -2.176262,
0.701801 -0.454351 -2.456230,
1.317532 -1.222971 -2.213333,
-0.198900 -0.281904 -2.412888,
0.701801 -0.454351 -2.456230,
0.592524 -0.981260 -2.176262,
-0.518093 -1.183525 -1.699028,
-0.198900 -0.281904 -2.412888,
0.592524 -0.981260 -2.176262,
-0.039026 -1.378092 -1.762436,
-0.518093 -1.183525 -1.699028,
0.592524 -0.981260 -2.176262,
-0.116280 -1.710251 -1.244423,
-0.518093 -1.183525 -1.699028,
-0.039026 -1.378092 -1.762436,
-0.911053 -1.257763 -1.365173,
-0.518093 -1.183525 -1.699028,
-0.116280 -1.710251 -1.244423,
-0.769218 -1.647392 -0.935814,
-0.911053 -1.257763 -1.365173,
-0.116280 -1.710251 -1.244423,
-1.409075 -1.320686 -0.638489,
-0.911053 -1.257763 -1.365173,
-0.769218 -1.647392 -0.935814,
-1.114323 -1.756521 -0.067833,
-1.409075 -1.320686 -0.638489,
-0.769218 -1.647392 -0.935814,
-1.736469 -1.202204 0.055229,
-1.409075 -1.320686 -0.638489,
-1.114323 -1.756521 -0.067833,
-1.570898 -1.864470 0.992699,
-1.736469 -1.202204 0.055229,
-1.114323 -1.756521 -0.067833,
-0.711943 -2.277842 0.864067,
-1.570898 -1.864470 0.992699,
-1.114323 -1.756521 -0.067833,
0.294737 -2.219999 -0.171547,
-0.711943 -2.277842 0.864067,
-1.114323 -1.756521 -0.067833,
-0.769218 -1.647392 -0.935814,
0.294737 -2.219999 -0.171547,
-1.114323 -1.756521 -0.067833,
-0.116280 -1.710251 -1.244423,
0.294737 -2.219999 -0.171547,
-0.769218 -1.647392 -0.935814,
0.576969 -2.333471 0.347618,
-0.711943 -2.277842 0.864067,
0.294737 -2.219999 -0.171547,
0.247427 -2.160629 1.470657,
-0.711943 -2.277842 0.864067,
0.576969 -2.333471 0.347618,
-0.863518 -2.074387 1.791885,
-0.711943 -2.277842 0.864067,
0.247427 -2.160629 1.470657,
-1.570898 -1.864470 0.992699,
-0.711943 -2.277842 0.864067,
-0.863518 -2.074387 1.791885,
-1.666935 -1.358557 1.950813,
-1.570898 -1.864470 0.992699,
-0.863518 -2.074387 1.791885,
-0.875332 -1.417130 2.494102,
-1.666935 -1.358557 1.950813,
-0.863518 -2.074387 1.791885,
-1.373573 -0.390844 2.518524,
-1.666935 -1.358557 1.950813,
-0.875332 -1.417130 2.494102,
-1.921347 -0.228287 1.899651,
-1.666935 -1.358557 1.950813,
-1.373573 -0.390844 2.518524,
-1.716694 0.299795 2.430420,
-1.921347 -0.228287 1.899651,
-1.373573 -0.390844 2.518524,
-1.159889 0.410610 2.961693,
-1.716694 0.299795 2.430420,
-1.373573 -0.390844 2.518524,
-2.110750 0.692781 1.887421,
-1.921347 -0.228287 1.899651,
-1.716694 0.299795 2.430420,
-1.896986 1.138800 2.221550,
-2.110750 0.692781 1.887421,
-1.716694 0.299795 2.430420,
-2.260885 1.183134 1.375023,
-2.110750 0.692781 1.887421,
-1.896986 1.138800 2.221550,
-2.361809 0.284925 0.928917,
-1.921347 -0.228287 1.899651,
-2.110750 0.692781 1.887421,
-2.260885 1.183134 1.375023,
-2.361809 0.284925 0.928917,
-2.110750 0.692781 1.887421,
-2.420095 1.423574 0.337013,
-2.361809 0.284925 0.928917,
-2.260885 1.183134 1.375023,
-2.126478 1.769239 1.526833,
-2.420095 1.423574 0.337013,
-2.260885 1.183134 1.375023,
-2.420418 1.028622 -0.002678,
-2.361809 0.284925 0.928917,
-2.420095 1.423574 0.337013,
-2.512157 1.860559 -0.196678,
-2.420418 1.028622 -0.002678,
-2.420095 1.423574 0.337013,
-2.334827 0.974380 -0.513680,
-2.420418 1.028622 -0.002678,
-2.512157 1.860559 -0.196678,
-2.337835 0.125570 0.349190,
-2.361809 0.284925 0.928917,
-2.420418 1.028622 -0.002678,
-2.334827 0.974380 -0.513680,
-2.337835 0.125570 0.349190,
-2.420418 1.028622 -0.002678,
-2.131367 0.222879 -0.891151,
-2.337835 0.125570 0.349190,
-2.334827 0.974380 -0.513680,
-2.078804 -1.059999 1.134438,
-1.921347 -0.228287 1.899651,
-2.361809 0.284925 0.928917,
-2.337835 0.125570 0.349190,
-2.078804 -1.059999 1.134438,
-2.361809 0.284925 0.928917,
-1.666935 -1.358557 1.950813,
-1.921347 -0.228287 1.899651,
-2.078804 -1.059999 1.134438,
-1.570898 -1.864470 0.992699,
-1.666935 -1.358557 1.950813,
-2.078804 -1.059999 1.134438,
-1.736469 -1.202204 0.055229,
-1.570898 -1.864470 0.992699,
-2.078804 -1.059999 1.134438,
-2.337835 0.125570 0.349190,
-1.736469 -1.202204 0.055229,
-2.078804 -1.059999 1.134438,
-1.895298 -0.453495 -0.780136,
-1.736469 -1.202204 0.055229,
-2.337835 0.125570 0.349190,
-2.131367 0.222879 -0.891151,
-1.895298 -0.453495 -0.780136,
-2.337835 0.125570 0.349190,
-1.832325 0.219704 -1.407715,
-1.895298 -0.453495 -0.780136,
-2.131367 0.222879 -0.891151,
-1.585835 -0.232189 -1.487816,
-1.895298 -0.453495 -0.780136,
-1.832325 0.219704 -1.407715,
-1.550133 -0.688353 -1.238762,
-1.895298 -0.453495 -0.780136,
-1.585835 -0.232189 -1.487816,
-1.409075 -1.320686 -0.638489,
-1.736469 -1.202204 0.055229,
-1.895298 -0.453495 -0.780136,
-1.550133 -0.688353 -1.238762,
-1.409075 -1.320686 -0.638489,
-1.895298 -0.453495 -0.780136,
-0.911053 -1.257763 -1.365173,
-1.409075 -1.320686 -0.638489,
-1.550133 -0.688353 -1.238762,
-0.518093 -1.183525 -1.699028,
-0.911053 -1.257763 -1.365173,
-1.550133 -0.688353 -1.238762,
-0.722918 -0.331572 -2.121346,
-0.518093 -1.183525 -1.699028,
-1.550133 -0.688353 -1.238762,
-1.585835 -0.232189 -1.487816,
-0.722918 -0.331572 -2.121346,
-1.550133 -0.688353 -1.238762,
-0.198900 -0.281904 -2.412888,
-0.518093 -1.183525 -1.699028,
-0.722918 -0.331572 -2.121346,
-0.368473 0.263756 -2.514412,
-0.198900 -0.281904 -2.412888,
-0.722918 -0.331572 -2.121346,
-0.892475 0.336060 -2.275696,
-0.368473 0.263756 -2.514412,
-0.722918 -0.331572 -2.121346,
-1.941528 1.682482 -1.306473,
-1.602077 2.116772 -1.697594,
-1.602308 0.966600 -1.779053,
-2.327084 2.358482 -1.660522,
-1.602077 2.116772 -1.697594,
-1.941528 1.682482 -1.306473,
-2.703701 2.253202 -0.967430,
-2.327084 2.358482 -1.660522,
-1.941528 1.682482 -1.306473,
-2.830387 2.576105 -1.826546,
-2.327084 2.358482 -1.660522,
-2.703701 2.253202 -0.967430,
-3.374655 2.527580 -1.357536,
-2.830387 2.576105 -1.826546,
-2.703701 2.253202 -0.967430,
-3.478859 2.667458 -0.719658,
-3.374655 2.527580 -1.357536,
-2.703701 2.253202 -0.967430,
-2.788349 2.699116 -0.122940,
-3.478859 2.667458 -0.719658,
-2.703701 2.253202 -0.967430,
-3.486984 3.119322 -0.236893,
-3.478859 2.667458 -0.719658,
-2.788349 2.699116 -0.122940,
-3.045519 3.571613 -0.042320,
-3.486984 3.119322 -0.236893,
-2.788349 2.699116 -0.122940,
-3.763390 3.718391 -0.191780,
-3.486984 3.119322 -0.236893,
-3.045519 3.571613 -0.042320,
-4.031210 3.159592 -0.610397,
-3.486984 3.119322 -0.236893,
-3.763390 3.718391 -0.191780,
-4.249714 3.862709 -0.741226,
-4.031210 3.159592 -0.610397,
-3.763390 3.718391 -0.191780,
-3.858727 4.315535 -0.459465,
-4.249714 3.862709 -0.741226,
-3.763390 3.718391 -0.191780,
-4.050911 4.508242 -1.062164,
-4.249714 3.862709 -0.741226,
-3.858727 4.315535 -0.459465,
-4.318733 3.949444 -1.480782,
-4.249714 3.862709 -0.741226,
-4.050911 4.508242 -1.062164,
-3.976147 4.463097 -1.717674,
-4.318733 3.949444 -1.480782,
-4.050911 4.508242 -1.062164,
-3.510738 4.849619 -1.450630,
-3.976147 4.463097 -1.717674,
-4.050911 4.508242 -1.062164,
-3.444712 4.501802 -2.109329,
-3.976147 4.463097 -1.717674,
-3.510738 4.849619 -1.450630,
-3.944080 3.945463 -2.127968,
-3.976147 4.463097 -1.717674,
-3.444712 4.501802 -2.109329,
-4.318733 3.949444 -1.480782,
-3.976147 4.463097 -1.717674,
-3.944080 3.945463 -2.127968,
-4.142883 3.299932 -1.807030,
-4.318733 3.949444 -1.480782,
-3.944080 3.945463 -2.127968,
-3.676973 3.358080 -2.272713,
-4.142883 3.299932 -1.807030,
-3.944080 3.945463 -2.127968,
-3.590532 2.807798 -1.916283,
-4.142883 3.299932 -1.807030,
-3.676973 3.358080 -2.272713,
-3.965185 2.811777 -1.269096,
-4.142883 3.299932 -1.807030,
-3.590532 2.807798 -1.916283,
-4.314369 3.364851 -1.171661,
-4.142883 3.299932 -1.807030,
-3.965185 2.811777 -1.269096,
-4.318733 3.949444 -1.480782,
-4.142883 3.299932 -1.807030,
-4.314369 3.364851 -1.171661,
-4.249714 3.862709 -0.741226,
-4.318733 3.949444 -1.480782,
-4.314369 3.364851 -1.171661,
-4.031210 3.159592 -0.610397,
-4.249714 3.862709 -0.741226,
-4.314369 3.364851 -1.171661,
-3.965185 2.811777 -1.269096,
-4.031210 3.159592 -0.610397,
-4.314369 3.364851 -1.171661,
-3.478859 2.667458 -0.719658,
-3.486984 3.119322 -0.236893,
-4.031210 3.159592 -0.610397,
-3.965185 2.811777 -1.269096,
-3.478859 2.667458 -0.719658,
-4.031210 3.159592 -0.610397,
-3.374655 2.527580 -1.357536,
-3.478859 2.667458 -0.719658,
-3.965185 2.811777 -1.269096,
-3.590532 2.807798 -1.916283,
-3.374655 2.527580 -1.357536,
-3.965185 2.811777 -1.269096,
-2.830387 2.576105 -1.826546,
-3.374655 2.527580 -1.357536,
-3.590532 2.807798 -1.916283,
-3.050358 3.149176 -2.304749,
-2.830387 2.576105 -1.826546,
-3.590532 2.807798 -1.916283,
-3.676973 3.358080 -2.272713,
-3.050358 3.149176 -2.304749,
-3.590532 2.807798 -1.916283,
-3.268862 3.852293 -2.435577,
-3.050358 3.149176 -2.304749,
-3.676973 3.358080 -2.272713,
-3.944080 3.945463 -2.127968,
-3.268862 3.852293 -2.435577,
-3.676973 3.358080 -2.272713,
-3.444712 4.501802 -2.109329,
-3.268862 3.852293 -2.435577,
-3.944080 3.945463 -2.127968,
-2.827396 4.304583 -2.241005,
-3.268862 3.852293 -2.435577,
-3.444712 4.501802 -2.109329,
-2.835520 4.756447 -1.758240,
-2.827396 4.304583 -2.241005,
-3.444712 4.501802 -2.109329,
-3.510738 4.849619 -1.450630,
-2.835520 4.756447 -1.758240,
-3.444712 4.501802 -2.109329,
-2.939728 4.896322 -1.120361,
-2.835520 4.756447 -1.758240,
-3.510738 4.849619 -1.450630,
-3.441719 4.762884 -0.711075,
-2.939728 4.896322 -1.120361,
-3.510738 4.849619 -1.450630,
-4.050911 4.508242 -1.062164,
-3.441719 4.762884 -0.711075,
-3.510738 4.849619 -1.450630,
-3.858727 4.315535 -0.459465,
-3.441719 4.762884 -0.711075,
-4.050911 4.508242 -1.062164,
-3.264023 4.274731 -0.173149,
-3.441719 4.762884 -0.711075,
-3.858727 4.315535 -0.459465,
-3.763390 3.718391 -0.191780,
-3.264023 4.274731 -0.173149,
-3.858727 4.315535 -0.459465,
-3.045519 3.571613 -0.042320,
-3.264023 4.274731 -0.173149,
-3.763390 3.718391 -0.191780,
-2.637405 4.065825 -0.205185,
-3.264023 4.274731 -0.173149,
-3.045519 3.571613 -0.042320,
-2.325605 3.300215 0.028580,
-2.637405 4.065825 -0.205185,
-3.045519 3.571613 -0.042320,
-2.788349 2.699116 -0.122940,
-2.325605 3.300215 0.028580,
-3.045519 3.571613 -0.042320,
-2.104616 2.710878 0.440323,
-1.637518 3.253002 0.359856,
-2.325605 3.300215 0.028580,
-2.788349 2.699116 -0.122940,
-2.104616 2.710878 0.440323,
-2.325605 3.300215 0.028580,
-0.547543 1.300688 3.310692,
0.030237 1.944384 3.332253,
-0.993296 1.319765 3.041763,
-0.547543 1.300688 3.310692,
-0.570295 0.681448 3.285034,
0.030237 1.944384 3.332253,
-0.993296 1.319765 3.041763,
-0.570295 0.681448 3.285034,
-0.547543 1.300688 3.310692,
-1.334295 0.971823 2.857269,
-0.570295 0.681448 3.285034,
-0.993296 1.319765 3.041763,
-0.892475 0.336060 -2.275696,
-0.722918 -0.331572 -2.121346,
-1.585835 -0.232189 -1.487816,
-1.602308 0.966600 -1.779053,
-0.892475 0.336060 -2.275696,
-1.585835 -0.232189 -1.487816,
-1.832325 0.219704 -1.407715,
-1.602308 0.966600 -1.779053,
-1.585835 -0.232189 -1.487816,
-2.131367 0.222879 -0.891151,
-1.602308 0.966600 -1.779053,
-1.832325 0.219704 -1.407715,
2.916746 -0.794333 2.027924,
3.207499 -0.797422 1.525673,
3.636721 0.100931 1.368439,
-1.482124 2.938326 1.208214,
-1.326733 2.623644 2.056580,
-0.853966 2.821260 2.329048,
-2.334827 0.974380 -0.513680,
-1.602308 0.966600 -1.779053,
-2.131367 0.222879 -0.891151,
-1.941528 1.682482 -1.306473,
-1.602308 0.966600 -1.779053,
-2.334827 0.974380 -0.513680,
-2.512157 1.860559 -0.196678,
-1.941528 1.682482 -1.306473,
-2.334827 0.974380 -0.513680,
-2.703701 2.253202 -0.967430,
-1.941528 1.682482 -1.306473,
-2.512157 1.860559 -0.196678,
-2.788349 2.699116 -0.122940,
-2.703701 2.253202 -0.967430,
-2.512157 1.860559 -0.196678,
-2.104616 2.710878 0.440323,
-2.788349 2.699116 -0.122940,
-2.512157 1.860559 -0.196678,
-2.420095 1.423574 0.337013,
-2.104616 2.710878 0.440323,
-2.512157 1.860559 -0.196678,
-1.882252 2.487913 1.137665,
-2.104616 2.710878 0.440323,
-2.420095 1.423574 0.337013,
-2.126478 1.769239 1.526833,
-1.882252 2.487913 1.137665,
-2.420095 1.423574 0.337013,
-1.933399 1.598743 1.979645,
-1.882252 2.487913 1.137665,
-2.126478 1.769239 1.526833,
-2.260885 1.183134 1.375023,
-1.933399 1.598743 1.979645,
-2.126478 1.769239 1.526833,
-1.896986 1.138800 2.221550,
-1.933399 1.598743 1.979645,
-2.260885 1.183134 1.375023,
-1.334295 0.971823 2.857269,
-1.933399 1.598743 1.979645,
-1.896986 1.138800 2.221550,
-1.716694 0.299795 2.430420,
-1.334295 0.971823 2.857269,
-1.896986 1.138800 2.221550,
-1.159889 0.410610 2.961693,
-1.334295 0.971823 2.857269,
-1.716694 0.299795 2.430420,
-0.570295 0.681448 3.285034,
-1.334295 0.971823 2.857269,
-1.159889 0.410610 2.961693,
-0.040678 -0.453079 3.174683,
-0.570295 0.681448 3.285034,
-1.159889 0.410610 2.961693,
-1.373573 -0.390844 2.518524,
-0.040678 -0.453079 3.174683,
-1.159889 0.410610 2.961693,
-0.875332 -1.417130 2.494102,
-0.040678 -0.453079 3.174683,
-1.373573 -0.390844 2.518524,
0.308586 -0.919664 3.025108,
-0.040678 -0.453079 3.174683,
-0.875332 -1.417130 2.494102,
0.173059 -1.768860 2.212593,
0.308586 -0.919664 3.025108,
-0.875332 -1.417130 2.494102,
-0.863518 -2.074387 1.791885,
0.173059 -1.768860 2.212593,
-0.875332 -1.417130 2.494102,
0.247427 -2.160629 1.470657,
0.173059 -1.768860 2.212593,
-0.863518 -2.074387 1.791885,
0.856724 -1.993067 1.921379,
0.173059 -1.768860 2.212593,
0.247427 -2.160629 1.470657,
3.861313 1.325575 0.470184,
3.866360 0.649187 0.827843,
3.786184 0.354589 -0.367538,
3.692936 1.749537 -0.068535,
3.861313 1.325575 0.470184,
3.786184 0.354589 -0.367538,
3.592083 0.809893 -0.897217,
3.692936 1.749537 -0.068535,
3.786184 0.354589 -0.367538,
3.724842 1.829632 0.723366,
3.861313 1.325575 0.470184,
3.692936 1.749537 -0.068535,
3.586941 2.208466 0.305908,
3.724842 1.829632 0.723366,
3.692936 1.749537 -0.068535,
3.780769 0.703428 1.338844,
3.866360 0.649187 0.827843,
3.861313 1.325575 0.470184,
3.724842 1.829632 0.723366,
3.780769 0.703428 1.338844,
3.861313 1.325575 0.470184,
3.577309 1.454929 1.716316,
3.780769 0.703428 1.338844,
3.724842 1.829632 0.723366,
3.341238 2.131304 1.605301,
3.577309 1.454929 1.716316,
3.724842 1.829632 0.723366,
3.089514 2.927792 0.924965,
3.341238 2.131304 1.605301,
3.724842 1.829632 0.723366,
3.586941 2.208466 0.305908,
3.089514 2.927792 0.924965,
3.724842 1.829632 0.723366,
3.182924 2.848387 0.418648,
3.089514 2.927792 0.924965,
3.586941 2.208466 0.305908,
3.000380 3.039806 -0.030151,
3.182924 2.848387 0.418648,
3.586941 2.208466 0.305908,
2.635994 3.321123 0.769272,
3.182924 2.848387 0.418648,
3.000380 3.039806 -0.030151,
2.559509 3.432615 0.057060,
2.635994 3.321123 0.769272,
3.000380 3.039806 -0.030151,
3.089514 2.927792 0.924965,
3.182924 2.848387 0.418648,
2.635994 3.321123 0.769272,
2.996078 2.366161 2.063927,
3.341238 2.131304 1.605301,
3.089514 2.927792 0.924965,
2.635994 3.321123 0.769272,
2.996078 2.366161 2.063927,
3.089514 2.927792 0.924965,
3.278271 1.458105 2.232887,
3.341238 2.131304 1.605301,
2.996078 2.366161 2.063927,
3.577309 1.454929 1.716316,
3.341238 2.131304 1.605301,
3.278271 1.458105 2.232887,
3.278271 1.458105 2.232887,
3.780769 0.703428 1.338844,
3.577309 1.454929 1.716316,
3.636721 0.100931 1.368439,
3.780769 0.703428 1.338844,
3.278271 1.458105 2.232887,
2.916746 -0.794333 2.027924,
3.636721 0.100931 1.368439,
3.278271 1.458105 2.232887,
2.837624 1.597448 2.974869,
2.916746 -0.794333 2.027924,
3.278271 1.458105 2.232887,
2.996078 2.366161 2.063927,
2.837624 1.597448 2.974869,
3.278271 1.458105 2.232887,
0.859974 2.660917 3.037071,
-0.853966 2.821260 2.329048,
0.248816 2.558022 3.014114,
0.859974 2.660917 3.037071,
1.137354 2.233519 3.474419,
2.064049 2.224640 2.936584,
0.071678 2.495234 -2.244301,
0.275137 1.743732 -2.621773,
0.073429 1.158342 -2.657326,
2.038776 2.413170 -2.012268,
2.409615 1.160793 -2.233154,
1.830935 1.979509 -2.337135,
3.342930 0.539009 -1.396385,
2.780239 0.705984 -2.032097,
2.409615 1.160793 -2.233154,
-0.467262 2.569601 -1.998779,
-1.075981 1.316946 -2.133690,
-1.045046 1.925903 -2.020340,
-0.467262 2.569601 -1.998779,
0.073429 1.158342 -2.657326,
-1.075981 1.316946 -2.133690,
0.071678 2.495234 -2.244301,
0.073429 1.158342 -2.657326,
-0.467262 2.569601 -1.998779,
0.311142 3.030493 -1.818062,
0.071678 2.495234 -2.244301,
-0.467262 2.569601 -1.998779,
1.561478 -2.123932 -0.450562,
2.567987 -1.650171 -0.667564,
2.752567 -1.626053 0.235893,
1.641331 -2.224285 0.405128,
1.561478 -2.123932 -0.450562,
2.752567 -1.626053 0.235893,
1.104225 -2.111769 -0.699875,
1.561478 -2.123932 -0.450562,
1.641331 -2.224285 0.405128,
2.365551 -0.794622 -2.891785,
2.803879 -0.355764 -2.557304,
3.161734 -0.303843 -1.944176,
-0.116280 -1.710251 -1.244423,
-0.039026 -1.378092 -1.762436,
0.592524 -0.981260 -2.176262,
0.592524 -0.981260 -2.176262,
1.317532 -1.222971 -2.213333,
0.933405 -1.937548 -1.160149,
-0.116280 -1.710251 -1.244423,
0.592524 -0.981260 -2.176262,
0.933405 -1.937548 -1.160149,
0.294737 -2.219999 -0.171547,
-0.116280 -1.710251 -1.244423,
0.933405 -1.937548 -1.160149,
1.104225 -2.111769 -0.699875,
0.294737 -2.219999 -0.171547,
0.933405 -1.937548 -1.160149,
0.576969 -2.333471 0.347618,
0.294737 -2.219999 -0.171547,
1.104225 -2.111769 -0.699875,
1.641331 -2.224285 0.405128,
0.576969 -2.333471 0.347618,
1.104225 -2.111769 -0.699875,
1.295340 -2.198378 1.041634,
0.576969 -2.333471 0.347618,
1.641331 -2.224285 0.405128,
0.247427 -2.160629 1.470657,
0.576969 -2.333471 0.347618,
1.295340 -2.198378 1.041634,
0.856724 -1.993067 1.921379,
0.247427 -2.160629 1.470657,
1.295340 -2.198378 1.041634,
1.643721 -2.015896 1.521179,
0.856724 -1.993067 1.921379,
1.295340 -2.198378 1.041634,
1.567326 -1.613466 2.283310,
0.856724 -1.993067 1.921379,
1.643721 -2.015896 1.521179,
1.914330 -1.270868 2.466621,
1.567326 -1.613466 2.283310,
1.643721 -2.015896 1.521179,
2.627808 -1.325905 1.664268,
1.914330 -1.270868 2.466621,
1.643721 -2.015896 1.521179,
2.916746 -0.794333 2.027924,
1.914330 -1.270868 2.466621,
2.627808 -1.325905 1.664268,
1.913206 -0.891790 2.823944,
1.914330 -1.270868 2.466621,
2.916746 -0.794333 2.027924,
2.837624 1.597448 2.974869,
1.913206 -0.891790 2.823944,
2.916746 -0.794333 2.027924,
1.846512 0.223251 3.472015,
1.913206 -0.891790 2.823944,
2.837624 1.597448 2.974869,
2.063591 1.014196 3.708931,
1.846512 0.223251 3.472015,
2.837624 1.597448 2.974869,
1.574232 1.664164 3.648087,
2.063591 1.014196 3.708931,
2.837624 1.597448 2.974869,
2.365551 -0.794622 -2.891785,
3.543276 -1.100187 -3.407066,
2.934084 -1.354832 -3.758163,
2.472935 1.853865 3.643127,
2.064049 2.224640 2.936584,
1.574232 1.664164 3.648087,
-2.283171 4.264315 -1.867500,
-2.079105 2.847229 -1.815796,
-2.550989 3.705515 -2.286110,
-1.912403 3.824116 -0.242249,
-2.349197 4.612129 -1.208794,
-2.723850 4.616108 -0.561607,
-1.374733 3.829660 -0.697754,
-2.349197 4.612129 -1.208794,
-1.912403 3.824116 -0.242249,
-2.283171 4.264315 -1.867500,
-2.349197 4.612129 -1.208794,
-1.374733 3.829660 -0.697754,
-1.105654 3.440386 -1.229492,
-2.283171 4.264315 -1.867500,
-1.374733 3.829660 -0.697754,
-2.079105 2.847229 -1.815796,
-2.283171 4.264315 -1.867500,
-1.105654 3.440386 -1.229492,
-1.248508 2.677404 -1.642860,
-2.079105 2.847229 -1.815796,
-1.105654 3.440386 -1.229492,
-0.121384 3.291275 -1.458145,
-1.248508 2.677404 -1.642860,
-1.105654 3.440386 -1.229492,
-0.467262 2.569601 -1.998779,
-1.248508 2.677404 -1.642860,
-0.121384 3.291275 -1.458145,
0.311142 3.030493 -1.818062,
-0.467262 2.569601 -1.998779,
-0.121384 3.291275 -1.458145,
-0.197779 3.693707 -0.696014,
0.311142 3.030493 -1.818062,
-0.121384 3.291275 -1.458145,
0.150604 3.876184 -0.216469,
0.311142 3.030493 -1.818062,
-0.197779 3.693707 -0.696014,
-0.853966 2.821260 2.329048,
-1.001951 3.553936 0.786362,
-1.482124 2.938326 1.208214,
-0.195389 3.902096 0.420044,
-1.001951 3.553936 0.786362,
-0.853966 2.821260 2.329048,
0.985147 3.959942 0.680748,
-0.195389 3.902096 0.420044,
-0.853966 2.821260 2.329048,
1.479645 3.830057 1.167480,
0.985147 3.959942 0.680748,
-0.853966 2.821260 2.329048,
1.770397 3.826971 0.665230,
0.985147 3.959942 0.680748,
1.479645 3.830057 1.167480,
1.392979 3.938971 0.238831,
0.985147 3.959942 0.680748,
1.770397 3.826971 0.665230,
0.150604 3.876184 -0.216469,
-0.195389 3.902096 0.420044,
0.985147 3.959942 0.680748,
1.392979 3.938971 0.238831,
0.150604 3.876184 -0.216469,
0.985147 3.959942 0.680748,
3.692936 1.749537 -0.068535,
3.000380 3.039806 -0.030151,
3.586941 2.208466 0.305908,
1.610123 2.795092 -1.927475,
0.311142 3.030493 -1.818062,
0.150604 3.876184 -0.216469,
1.392979 3.938971 0.238831,
1.610123 2.795092 -1.927475,
0.150604 3.876184 -0.216469,
2.837624 1.597448 2.974869,
2.064049 2.224640 2.936584,
2.472935 1.853865 3.643127,
2.996078 2.366161 2.063927,
2.064049 2.224640 2.936584,
2.837624 1.597448 2.974869,
3.161734 -0.303843 -1.944176,
4.029598 -1.244507 -2.857628,
3.543276 -1.100187 -3.407066,
3.466005 -1.489473 -1.563484,
4.029598 -1.244507 -2.857628,
3.161734 -0.303843 -1.944176,
3.262543 -0.737972 -1.186012,
3.466005 -1.489473 -1.563484,
3.161734 -0.303843 -1.944176,
3.342930 0.539009 -1.396385,
3.262543 -0.737972 -1.186012,
3.161734 -0.303843 -1.944176,
3.572418 -0.091431 -0.701668,
3.262543 -0.737972 -1.186012,
3.342930 0.539009 -1.396385,
3.592083 0.809893 -0.897217,
3.572418 -0.091431 -0.701668,
3.342930 0.539009 -1.396385,
3.342930 0.539009 -1.396385,
3.692936 1.749537 -0.068535,
3.592083 0.809893 -0.897217,
3.000380 3.039806 -0.030151,
3.692936 1.749537 -0.068535,
3.342930 0.539009 -1.396385,
2.409615 1.160793 -2.233154,
3.000380 3.039806 -0.030151,
3.342930 0.539009 -1.396385,
2.038776 2.413170 -2.012268,
3.000380 3.039806 -0.030151,
2.409615 1.160793 -2.233154,
1.610123 2.795092 -1.927475,
3.000380 3.039806 -0.030151,
2.038776 2.413170 -2.012268,
2.559509 3.432615 0.057060,
3.000380 3.039806 -0.030151,
1.610123 2.795092 -1.927475,
2.559509 3.432615 0.057060,
1.610123 2.795092 -1.927475,
1.392979 3.938971 0.238831,
1.770397 3.826971 0.665230,
2.559509 3.432615 0.057060,
1.392979 3.938971 0.238831,
2.635994 3.321123 0.769272,
2.559509 3.432615 0.057060,
1.770397 3.826971 0.665230,
1.479645 3.830057 1.167480,
2.635994 3.321123 0.769272,
1.770397 3.826971 0.665230,
2.996078 2.366161 2.063927,
2.635994 3.321123 0.769272,
1.479645 3.830057 1.167480,
2.064049 2.224640 2.936584,
2.996078 2.366161 2.063927,
1.479645 3.830057 1.167480,
2.064049 2.224640 2.936584,
1.479645 3.830057 1.167480,
-0.853966 2.821260 2.329048,
0.859974 2.660917 3.037071,
2.064049 2.224640 2.936584,
-0.853966 2.821260 2.329048,
2.365551 -0.794622 -2.891785,
3.161734 -0.303843 -1.944176,
3.543276 -1.100187 -3.407066,
1.574232 1.664164 3.648087,
2.472935 1.853865 3.643127,
2.837624 1.597448 2.974869,
   ]
  }
  coordIndex [
0 1 2 -1,
3 4 5 -1,
6 7 8 -1,
9 10 11 -1,
12 13 14 -1,
15 16 17 -1,
18 19 20 -1,
21 22 23 -1,
24 25 26 -1,
27 28 29 -1,
30 31 32 -1,
33 34 35 -1,
36 37 38 -1,
39 40 41 -1,
42 43 44 -1,
45 46 47 -1,
48 49 50 -1,
51 52 53 -1,
54 55 56 -1,
57 58 59 -1,
60 61 62 -1,
63 64 65 -1,
66 67 68 -1,
69 70 71 -1,
72 73 74 -1,
75 76 77 -1,
78 79 80 -1,
81 82 83 -1,
84 85 86 -1,
87 88 89 -1,
90 91 92 -1,
93 94 95 -1,
96 97 98 -1,
99 100 101 -1,
102 103 104 -1,
105 106 107 -1,
108 109 110 -1,
111 112 113 -1,
114 115 116 -1,
117 118 119 -1,
120 121 122 -1,
123 124 125 -1,
126 127 128 -1,
129 130 131 -1,
132 133 134 -1,
135 136 137 -1,
138 139 140 -1,
141 142 143 -1,
144 145 146 -1,
147 148 149 -1,
150 151 152 -1,
153 154 155 -1,
156 157 158 -1,
159 160 161 -1,
162 163 164 -1,
165 166 167 -1,
168 169 170 -1,
171 172 173 -1,
174 175 176 -1,
177 178 179 -1,
180 181 182 -1,
183 184 185 -1,
186 187 188 -1,
189 190 191 -1,
192 193 194 -1,
195 196 197 -1,
198 199 200 -1,
201 202 203 -1,
204 205 206 -1,
207 208 209 -1,
210 211 212 -1,
213 214 215 -1,
216 217 218 -1,
219 220 221 -1,
222 223 224 -1,
225 226 227 -1,
228 229 230 -1,
231 232 233 -1,
234 235 236 -1,
237 238 239 -1,
240 241 242 -1,
243 244 245 -1,
246 247 248 -1,
249 250 251 -1,
252 253 254 -1,
255 256 257 -1,
258 259 260 -1,
261 262 263 -1,
264 265 266 -1,
267 268 269 -1,
270 271 272 -1,
273 274 275 -1,
276 277 278 -1,
279 280 281 -1,
282 283 284 -1,
285 286 287 -1,
288 289 290 -1,
291 292 293 -1,
294 295 296 -1,
297 298 299 -1,
300 301 302 -1,
303 304 305 -1,
306 307 308 -1,
309 310 311 -1,
312 313 314 -1,
315 316 317 -1,
318 319 320 -1,
321 322 323 -1,
324 325 326 -1,
327 328 329 -1,
330 331 332 -1,
333 334 335 -1,
336 337 338 -1,
339 340 341 -1,
342 343 344 -1,
345 346 347 -1,
348 349 350 -1,
351 352 353 -1,
354 355 356 -1,
357 358 359 -1,
360 361 362 -1,
363 364 365 -1,
366 367 368 -1,
369 370 371 -1,
372 373 374 -1,
375 376 377 -1,
378 379 380 -1,
381 382 383 -1,
384 385 386 -1,
387 388 389 -1,
390 391 392 -1,
393 394 395 -1,
396 397 398 -1,
399 400 401 -1,
402 403 404 -1,
405 406 407 -1,
408 409 410 -1,
411 412 413 -1,
414 415 416 -1,
417 418 419 -1,
420 421 422 -1,
423 424 425 -1,
426 427 428 -1,
429 430 431 -1,
432 433 434 -1,
435 436 437 -1,
438 439 440 -1,
441 442 443 -1,
444 445 446 -1,
447 448 449 -1,
450 451 452 -1,
453 454 455 -1,
456 457 458 -1,
459 460 461 -1,
462 463 464 -1,
465 466 467 -1,
468 469 470 -1,
471 472 473 -1,
474 475 476 -1,
477 478 479 -1,
480 481 482 -1,
483 484 485 -1,
486 487 488 -1,
489 490 491 -1,
492 493 494 -1,
495 496 497 -1,
498 499 500 -1,
501 502 503 -1,
504 505 506 -1,
507 508 509 -1,
510 511 512 -1,
513 514 515 -1,
516 517 518 -1,
519 520 521 -1,
522 523 524 -1,
525 526 527 -1,
528 529 530 -1,
531 532 533 -1,
534 535 536 -1,
537 538 539 -1,
540 541 542 -1,
543 544 545 -1,
546 547 548 -1,
549 550 551 -1,
552 553 554 -1,
555 556 557 -1,
558 559 560 -1,
561 562 563 -1,
564 565 566 -1,
567 568 569 -1,
570 571 572 -1,
573 574 575 -1,
576 577 578 -1,
579 580 581 -1,
582 583 584 -1,
585 586 587 -1,
588 589 590 -1,
591 592 593 -1,
594 595 596 -1,
597 598 599 -1,
600 601 602 -1,
603 604 605 -1,
606 607 608 -1,
609 610 611 -1,
612 613 614 -1,
615 616 617 -1,
618 619 620 -1,
621 622 623 -1,
624 625 626 -1,
627 628 629 -1,
630 631 632 -1,
633 634 635 -1,
636 637 638 -1,
639 640 641 -1,
642 643 644 -1,
645 646 647 -1,
648 649 650 -1,
651 652 653 -1,
654 655 656 -1,
657 658 659 -1,
660 661 662 -1,
663 664 665 -1,
666 667 668 -1,
669 670 671 -1,
672 673 674 -1,
675 676 677 -1,
678 679 680 -1,
681 682 683 -1,
684 685 686 -1,
687 688 689 -1,
690 691 692 -1,
693 694 695 -1,
696 697 698 -1,
699 700 701 -1,
702 703 704 -1,
705 706 707 -1,
708 709 710 -1,
711 712 713 -1,
714 715 716 -1,
717 718 719 -1,
720 721 722 -1,
723 724 725 -1,
726 727 728 -1,
729 730 731 -1,
732 733 734 -1,
735 736 737 -1,
738 739 740 -1,
741 742 743 -1,
744 745 746 -1,
747 748 749 -1,
750 751 752 -1,
753 754 755 -1,
756 757 758 -1,
759 760 761 -1,
762 763 764 -1,
765 766 767 -1,
768 769 770 -1,
771 772 773 -1,
774 775 776 -1,
777 778 779 -1,
780 781 782 -1,
783 784 785 -1,
786 787 788 -1,
789 790 791 -1,
792 793 794 -1,
795 796 797 -1,
798 799 800 -1,
801 802 803 -1,
804 805 806 -1,
807 808 809 -1,
810 811 812 -1,
813 814 815 -1,
816 817 818 -1,
819 820 821 -1,
822 823 824 -1,
825 826 827 -1,
828 829 830 -1,
831 832 833 -1,
834 835 836 -1,
837 838 839 -1,
840 841 842 -1,
843 844 845 -1,
846 847 848 -1,
849 850 851 -1,
852 853 854 -1,
855 856 857 -1,
858 859 860 -1,
861 862 863 -1,
864 865 866 -1,
867 868 869 -1,
870 871 872 -1,
873 874 875 -1,
876 877 878 -1,
879 880 881 -1,
882 883 884 -1,
885 886 887 -1,
888 889 890 -1,
891 892 893 -1,
894 895 896 -1,
897 898 899 -1,
900 901 902 -1,
903 904 905 -1,
906 907 908 -1,
909 910 911 -1,
912 913 914 -1,
915 916 917 -1,
918 919 920 -1,
921 922 923 -1,
924 925 926 -1,
927 928 929 -1,
930 931 932 -1,
933 934 935 -1,
936 937 938 -1,
939 940 941 -1,
942 943 944 -1,
945 946 947 -1,
948 949 950 -1,
951 952 953 -1,
954 955 956 -1,
957 958 959 -1,
960 961 962 -1,
963 964 965 -1,
966 967 968 -1,
969 970 971 -1,
972 973 974 -1,
975 976 977 -1,
978 979 980 -1,
981 982 983 -1,
984 985 986 -1,
987 988 989 -1,
990 991 992 -1,
993 994 995 -1,
996 997 998 -1,
999 1000 1001 -1,
1002 1003 1004 -1,
1005 1006 1007 -1,
1008 1009 1010 -1,
1011 1012 1013 -1,
1014 1015 1016 -1,
1017 1018 1019 -1,
1020 1021 1022 -1,
1023 1024 1025 -1,
1026 1027 1028 -1,
1029 1030 1031 -1,
1032 1033 1034 -1,
1035 1036 1037 -1,
1038 1039 1040 -1,
1041 1042 1043 -1,
1044 1045 1046 -1,
1047 1048 1049 -1,
1050 1051 1052 -1,
1053 1054 1055 -1,
1056 1057 1058 -1,
1059 1060 1061 -1,
1062 1063 1064 -1,
1065 1066 1067 -1,
1068 1069 1070 -1,
1071 1072 1073 -1,
1074 1075 1076 -1,
1077 1078 1079 -1,
1080 1081 1082 -1,
1083 1084 1085 -1,
1086 1087 1088 -1,
1089 1090 1091 -1,
1092 1093 1094 -1,
1095 1096 1097 -1,
1098 1099 1100 -1,
1101 1102 1103 -1,
1104 1105 1106 -1,
1107 1108 1109 -1,
1110 1111 1112 -1,
1113 1114 1115 -1,
1116 1117 1118 -1,
1119 1120 1121 -1,
1122 1123 1124 -1,
1125 1126 1127 -1,
1128 1129 1130 -1,
1131 1132 1133 -1,
1134 1135 1136 -1,
1137 1138 1139 -1,
1140 1141 1142 -1,
1143 1144 1145 -1,
1146 1147 1148 -1,
1149 1150 1151 -1,
1152 1153 1154 -1,
1155 1156 1157 -1,
1158 1159 1160 -1,
1161 1162 1163 -1,
1164 1165 1166 -1,
1167 1168 1169 -1,
1170 1171 1172 -1,
1173 1174 1175 -1,
1176 1177 1178 -1,
1179 1180 1181 -1,
1182 1183 1184 -1,
1185 1186 1187 -1,
1188 1189 1190 -1,
1191 1192 1193 -1,
1194 1195 1196 -1,
1197 1198 1199 -1,
1200 1201 1202 -1,
1203 1204 1205 -1,
1206 1207 1208 -1,
1209 1210 1211 -1,
1212 1213 1214 -1,
1215 1216 1217 -1,
1218 1219 1220 -1,
1221 1222 1223 -1,
1224 1225 1226 -1,
1227 1228 1229 -1,
1230 1231 1232 -1,
1233 1234 1235 -1,
1236 1237 1238 -1,
1239 1240 1241 -1,
1242 1243 1244 -1,
1245 1246 1247 -1,
1248 1249 1250 -1,
1251 1252 1253 -1,
1254 1255 1256 -1,
1257 1258 1259 -1,
1260 1261 1262 -1,
1263 1264 1265 -1,
1266 1267 1268 -1,
1269 1270 1271 -1,
1272 1273 1274 -1,
1275 1276 1277 -1,
1278 1279 1280 -1,
1281 1282 1283 -1,
1284 1285 1286 -1,
1287 1288 1289 -1,
1290 1291 1292 -1,
1293 1294 1295 -1,
1296 1297 1298 -1,
1299 1300 1301 -1,
1302 1303 1304 -1,
1305 1306 1307 -1,
1308 1309 1310 -1,
1311 1312 1313 -1,
1314 1315 1316 -1,
1317 1318 1319 -1,
1320 1321 1322 -1,
1323 1324 1325 -1,
1326 1327 1328 -1,
1329 1330 1331 -1,
1332 1333 1334 -1,
1335 1336 1337 -1,
1338 1339 1340 -1,
1341 1342 1343 -1,
1344 1345 1346 -1,
1347 1348 1349 -1,
1350 1351 1352 -1,
1353 1354 1355 -1,
1356 1357 1358 -1,
1359 1360 1361 -1,
1362 1363 1364 -1,
1365 1366 1367 -1,
1368 1369 1370 -1,
1371 1372 1373 -1,
1374 1375 1376 -1,
1377 1378 1379 -1,
1380 1381 1382 -1,
1383 1384 1385 -1,
1386 1387 1388 -1,
1389 1390 1391 -1,
1392 1393 1394 -1,
1395 1396 1397 -1,
1398 1399 1400 -1,
1401 1402 1403 -1,
1404 1405 1406 -1,
1407 1408 1409 -1,
1410 1411 1412 -1,
1413 1414 1415 -1,
1416 1417 1418 -1,
1419 1420 1421 -1,
1422 1423 1424 -1,
1425 1426 1427 -1,
1428 1429 1430 -1,
1431 1432 1433 -1,
1434 1435 1436 -1,
1437 1438 1439 -1,
1440 1441 1442 -1,
1443 1444 1445 -1,
1446 1447 1448 -1,
1449 1450 1451 -1,
1452 1453 1454 -1,
1455 1456 1457 -1,
1458 1459 1460 -1,
1461 1462 1463 -1,
1464 1465 1466 -1,
1467 1468 1469 -1,
1470 1471 1472 -1,
1473 1474 1475 -1,
1476 1477 1478 -1,
1479 1480 1481 -1,
1482 1483 1484 -1,
1485 1486 1487 -1,
1488 1489 1490 -1,
1491 1492 1493 -1,
  ]
  colorPerVertex TRUE
  color Color {
   color [
0.6510 0.6510 0.6706,
0.6510 0.6510 0.6706,
0.6510 0.6510 0.6706,
0.6510 0.6510 0.6706,
0.6510 0.6510 0.6706,
0.6510 0.6510 0.6706,
0.6510 0.6510 0.6706,
0.6510 0.6510 0.6706,
0.6510 0.6510 0.6706,
0.6510 0.6510 0.6706,
0.6510 0.6510 0.6706,
0.6510 0.6510 0.6706,
0.6510 0.6510 0.6706,
0.6510 0.6510 0.6706,
0.6510 0.6510 0.6706,
0.6510 0.6510 0.6706,
0.6510 0.6510 0.6706,
0.6510 0.6510 0.6706,
0.6510 0.6510 0.6706,
0.6510 0.6510 0.6706,
0.6510 0.6510 0.6706,
0.6510 0.6510 0.6706,
0.6510 0.6510 0.6706,
0.6510 0.6510 0.6706,
0.6510 0.6510 0.6706,
0.6510 0.6510 0.6706,
0.6510 0.6510 0.6706,
0.6510 0.6510 0.6706,
0.6510 0.6510 0.6706,
0.6510 0.6510 0.6706,
0.6510 0.6510 0.6706,
0.6510 0.6510 0.6706,
0.6510 0.6510 0.6706,
0.6510 0.6510 0.6706,
0.6510 0.6510 0.6706,
0.6510 0.6510 0.6706,
0.6510 0.6510 0.6706,
0.6510 0.6510 0.6706,
0.6510 0.6510 0.6706,
0.6510 0.6510 0.6706,
0.6510 0.6510 0.6706,
0.6510 0.6510 0.6706,
0.6510 0.6510 0.6706,
0.6510 0.6510 0.6706,
0.6510 0.6510 0.6706,
0.6510 0.6510 0.6706,
0.6510 0.6510 0.6706,
0.6510 0.6510 0.6706,
0.6510 0.6510 0.6706,
0.6510 0.6510 0.6706,
0.6510 0.6510 0.6706,
0.6510 0.6510 0.6706,
0.6510 0.6510 0.6706,
0.6510 0.6510 0.6706,
0.6510 0.6510 0.6706,
0.6510 0.6510 0.6706,
0.6510 0.6510 0.6706,
0.6510 0.6510 0.6706,
0.6510 0.6510 0.6706,
0.6510 0.6510 0.6706,
0.6510 0.6510 0.6706,
0.6510 0.6510 0.6706,
0.6510 0.6510 0.6706,
0.6510 0.6510 0.6706,
0.6510 0.6510 0.6706,
0.6510 0.6510 0.6706,
0.6510 0.6510 0.6706,
0.6510 0.6510 0.6706,
0.6510 0.6510 0.6706,
0.6510 0.6510 0.6706,
0.6510 0.6510 0.6706,
0.6510 0.6510 0.6706,
0.6510 0.6510 0.6706,
0.6510 0.6510 0.6706,
0.6510 0.6510 0.6706,
0.6510 0.6510 0.6706,
0.6510 0.6510 0.6706,
0.6510 0.6510 0.6706,
0.6510 0.6510 0.6706,
0.6510 0.6510 0.6706,
0.6510 0.6510 0.6706,
0.6510 0.6510 0.6706,
0.6510 0.6510 0.6706,
0.6510 0.6510 0.6706,
0.6510 0.6510 0.6706,
0.6510 0.6510 0.6706,
0.6510 0.6510 0.6706,
0.6510 0.6510 0.6706,
0.6510 0.6510 0.6706,
0.6510 0.6510 0.6706,
0.6510 0.6510 0.6706,
0.6510 0.6510 0.6706,
0.6510 0.6510 0.6706,
0.6510 0.6510 0.6706,
0.6510 0.6510 0.6706,
0.6510 0.6510 0.6706,
0.6510 0.6510 0.6706,
0.6510 0.6510 0.6706,
0.6510 0.6510 0.6706,
0.6510 0.6510 0.6706,
0.6510 0.6510 0.6706,
0.6510 0.6510 0.6706,
0.6510 0.6510 0.6706,
0.6510 0.6510 0.6706,
0.6510 0.6510 0.6706,
0.6510 0.6510 0.6706,
0.6510 0.6510 0.6706,
0.6510 0.6510 0.6706,
0.6510 0.6510 0.6706,
0.6510 0.6510 0.6706,
0.6510 0.6510 0.6706,
0.6510 0.6510 0.6706,
0.6510 0.6510 0.6706,
0.6510 0.6510 0.6706,
0.6510 0.6510 0.6706,
0.6510 0.6510 0.6706,
0.6510 0.6510 0.6706,
0.6510 0.6510 0.6706,
0.6510 0.6510 0.6706,
0.6510 0.6510 0.6706,
0.6510 0.6510 0.6706,
0.6510 0.6510 0.6706,
0.6510 0.6510 0.6706,
0.6510 0.6510 0.6706,
0.6510 0.6510 0.6706,
0.6510 0.6510 0.6706,
0.6510 0.6510 0.6706,
0.6510 0.6510 0.6706,
0.6510 0.6510 0.6706,
0.6510 0.6510 0.6706,
0.6510 0.6510 0.6706,
0.6510 0.6510 0.6706,
0.6510 0.6510 0.6706,
0.6510 0.6510 0.6706,
0.6510 0.6510 0.6706,
0.6510 0.6510 0.6706,
0.6510 0.6510 0.6706,
0.6510 0.6510 0.6706,
0.6510 0.6510 0.6706,
0.6510 0.6510 0.6706,
0.6510 0.6510 0.6706,
0.6510 0.6510 0.6706,
0.6510 0.6510 0.6706,
0.6510 0.6510 0.6706,
0.6510 0.6510 0.6706,
0.6510 0.6510 0.6706,
0.6510 0.6510 0.6706,
0.6510 0.6510 0.6706,
0.6510 0.6510 0.6706,
0.6510 0.6510 0.6706,
0.6510 0.6510 0.6706,
0.6510 0.6510 0.6706,
0.6510 0.6510 0.6706,
0.6510 0.6510 0.6706,
0.6510 0.6510 0.6706,
0.6510 0.6510 0.6706,
0.6510 0.6510 0.6706,
0.6510 0.6510 0.6706,
0.6510 0.6510 0.6706,
0.6510 0.6510 0.6706,
0.6510 0.6510 0.6706,
0.6510 0.6510 0.6706,
0.6510 0.6510 0.6706,
0.6510 0.6510 0.6706,
0.6510 0.6510 0.6706,
0.6510 0.6510 0.6706,
0.6510 0.6510 0.6706,
0.6510 0.6510 0.6706,
0.6510 0.6510 0.6706,
0.6510 0.6510 0.6706,
0.6510 0.6510 0.6706,
0.6510 0.6510 0.6706,
0.6510 0.6510 0.6706,
0.6510 0.6510 0.6706,
0.6510 0.6510 0.6706,
0.6510 0.6510 0.6706,
0.6510 0.6510 0.6706,
0.6510 0.6510 0.6706,
0.6510 0.6510 0.6706,
0.6510 0.6510 0.6706,
0.6510 0.6510 0.6706,
0.6510 0.6510 0.6706,
0.6510 0.6510 0.6706,
0.6510 0.6510 0.6706,
0.6510 0.6510 0.6706,
0.6510 0.6510 0.6706,
0.6510 0.6510 0.6706,
0.6510 0.6510 0.6706,
0.6510 0.6510 0.6706,
0.6510 0.6510 0.6706,
0.6510 0.6510 0.6706,
0.6510 0.6510 0.6706,
0.6510 0.6510 0.6706,
0.6510 0.6510 0.6706,
0.6510 0.6510 0.6706,
0.6510 0.6510 0.6706,
0.6510 0.6510 0.6706,
0.6510 0.6510 0.6706,
0.6510 0.6510 0.6706,
0.6510 0.6510 0.6706,
0.6510 0.6510 0.6706,
0.6510 0.6510 0.6706,
0.6510 0.6510 0.6706,
0.6510 0.6510 0.6706,
0.6510 0.6510 0.6706,
0.6510 0.6510 0.6706,
0.6510 0.6510 0.6706,
0.6510 0.6510 0.6706,
0.6510 0.6510 0.6706,
0.6510 0.6510 0.6706,
0.6510 0.6510 0.6706,
0.6510 0.6510 0.6706,
0.6510 0.6510 0.6706,
0.6510 0.6510 0.6706,
0.6510 0.6510 0.6706,
0.6510 0.6510 0.6706,
0.6510 0.6510 0.6706,
0.6510 0.6510 0.6706,
0.6510 0.6510 0.6706,
0.6510 0.6510 0.6706,
0.6510 0.6510 0.6706,
0.6510 0.6510 0.6706,
0.6510 0.6510 0.6706,
0.6510 0.6510 0.6706,
0.6510 0.6510 0.6706,
0.6510 0.6510 0.6706,
0.6510 0.6510 0.6706,
0.6510 0.6510 0.6706,
0.6510 0.6510 0.6706,
0.6510 0.6510 0.6706,
0.6510 0.6510 0.6706,
0.6510 0.6510 0.6706,
0.6510 0.6510 0.6706,
0.6510 0.6510 0.6706,
0.6510 0.6510 0.6706,
0.6510 0.6510 0.6706,
0.6510 0.6510 0.6706,
0.6510 0.6510 0.6706,
0.6510 0.6510 0.6706,
0.6510 0.6510 0.6706,
0.6510 0.6510 0.6706,
0.6510 0.6510 0.6706,
0.6510 0.6510 0.6706,
0.6510 0.6510 0.6706,
0.6510 0.6510 0.6706,
0.6510 0.6510 0.6706,
0.6510 0.6510 0.6706,
0.6510 0.6510 0.6706,
0.6510 0.6510 0.6706,
0.6510 0.6510 0.6706,
0.6510 0.6510 0.6706,
0.6510 0.6510 0.6706,
0.6510 0.6510 0.6706,
0.6510 0.6510 0.6706,
0.6510 0.6510 0.6706,
0.6510 0.6510 0.6706,
0.6510 0.6510 0.6706,
0.6510 0.6510 0.6706,
0.6510 0.6510 0.6706,
0.6510 0.6510 0.6706,
0.6510 0.6510 0.6706,
0.6510 0.6510 0.6706,
0.6510 0.6510 0.6706,
0.6510 0.6510 0.6706,
0.6510 0.6510 0.6706,
0.6510 0.6510 0.6706,
0.6510 0.6510 0.6706,
0.6510 0.6510 0.6706,
0.6510 0.6510 0.6706,
0.6510 0.6510 0.6706,
0.6510 0.6510 0.6706,
0.6510 0.6510 0.6706,
0.6510 0.6510 0.6706,
0.6510 0.6510 0.6706,
0.6510 0.6510 0.6706,
0.6510 0.6510 0.6706,
0.6510 0.6510 0.6706,
0.6510 0.6510 0.6706,
0.6510 0.6510 0.6706,
0.6510 0.6510 0.6706,
0.6510 0.6510 0.6706,
0.6510 0.6510 0.6706,
0.6510 0.6510 0.6706,
0.6510 0.6510 0.6706,
0.6510 0.6510 0.6706,
0.6510 0.6510 0.6706,
0.6510 0.6510 0.6706,
0.6510 0.6510 0.6706,
0.6510 0.6510 0.6706,
0.6510 0.6510 0.6706,
0.6510 0.6510 0.6706,
0.6510 0.6510 0.6706,
0.6510 0.6510 0.6706,
0.6510 0.6510 0.6706,
0.6510 0.6510 0.6706,
0.6510 0.6510 0.6706,
0.6510 0.6510 0.6706,
0.6510 0.6510 0.6706,
0.6510 0.6510 0.6706,
0.6510 0.6510 0.6706,
0.6510 0.6510 0.6706,
0.6510 0.6510 0.6706,
0.6510 0.6510 0.6706,
0.6510 0.6510 0.6706,
0.6510 0.6510 0.6706,
0.6510 0.6510 0.6706,
0.6510 0.6510 0.6706,
0.6510 0.6510 0.6706,
0.6510 0.6510 0.6706,
0.6510 0.6510 0.6706,
0.6510 0.6510 0.6706,
0.6510 0.6510 0.6706,
0.6510 0.6510 0.6706,
0.6510 0.6510 0.6706,
0.6510 0.6510 0.6706,
0.6510 0.6510 0.6706,
0.6510 0.6510 0.6706,
0.6510 0.6510 0.6706,
0.6510 0.6510 0.6706,
0.6510 0.6510 0.6706,
0.6510 0.6510 0.6706,
0.6510 0.6510 0.6706,
0.6510 0.6510 0.6706,
0.6510 0.6510 0.6706,
0.6510 0.6510 0.6706,
0.6510 0.6510 0.6706,
0.6510 0.6510 0.6706,
0.6510 0.6510 0.6706,
0.6510 0.6510 0.6706,
0.6510 0.6510 0.6706,
0.6510 0.6510 0.6706,
0.6510 0.6510 0.6706,
0.6510 0.6510 0.6706,
0.6510 0.6510 0.6706,
0.6510 0.6510 0.6706,
0.6510 0.6510 0.6706,
0.6510 0.6510 0.6706,
0.6510 0.6510 0.6706,
0.6510 0.6510 0.6706,
0.6510 0.6510 0.6706,
0.6510 0.6510 0.6706,
0.6510 0.6510 0.6706,
0.6510 0.6510 0.6706,
0.6510 0.6510 0.6706,
0.6510 0.6510 0.6706,
0.6510 0.6510 0.6706,
0.6510 0.6510 0.6706,
0.6510 0.6510 0.6706,
0.6510 0.6510 0.6706,
0.6510 0.6510 0.6706,
0.6510 0.6510 0.6706,
0.6510 0.6510 0.6706,
0.6510 0.6510 0.6706,
0.6510 0.6510 0.6706,
0.6510 0.6510 0.6706,
0.6510 0.6510 0.6706,
0.6510 0.6510 0.6706,
0.6510 0.6510 0.6706,
0.6510 0.6510 0.6706,
0.6510 0.6510 0.6706,
0.6510 0.6510 0.6706,
0.6510 0.6510 0.6706,
0.6510 0.6510 0.6706,
0.6510 0.6510 0.6706,
0.6510 0.6510 0.6706,
0.6510 0.6510 0.6706,
0.6510 0.6510 0.6706,
0.6510 0.6510 0.6706,
0.6510 0.6510 0.6706,
0.6510 0.6510 0.6706,
0.6510 0.6510 0.6706,
0.6510 0.6510 0.6706,
0.6510 0.6510 0.6706,
0.6510 0.6510 0.6706,
0.6510 0.6510 0.6706,
0.6510 0.6510 0.6706,
0.6510 0.6510 0.6706,
0.6510 0.6510 0.6706,
0.6510 0.6510 0.6706,
0.6510 0.6510 0.6706,
0.6510 0.6510 0.6706,
0.6510 0.6510 0.6706,
0.6510 0.6510 0.6706,
0.6510 0.6510 0.6706,
0.6510 0.6510 0.6706,
0.6510 0.6510 0.6706,
0.6510 0.6510 0.6706,
0.6510 0.6510 0.6706,
0.6510 0.6510 0.6706,
0.6510 0.6510 0.6706,
0.6510 0.6510 0.6706,
0.6510 0.6510 0.6706,
0.6510 0.6510 0.6706,
0.6510 0.6510 0.6706,
0.6510 0.6510 0.6706,
0.6510 0.6510 0.6706,
0.6510 0.6510 0.6706,
0.6510 0.6510 0.6706,
0.6510 0.6510 0.6706,
0.6510 0.6510 0.6706,
0.6510 0.6510 0.6706,
0.6510 0.6510 0.6706,
0.6510 0.6510 0.6706,
0.6510 0.6510 0.6706,
0.6510 0.6510 0.6706,
0.6510 0.6510 0.6706,
0.6510 0.6510 0.6706,
0.6510 0.6510 0.6706,
0.6510 0.6510 0.6706,
0.6510 0.6510 0.6706,
0.6510 0.6510 0.6706,
0.6510 0.6510 0.6706,
0.6510 0.6510 0.6706,
0.6510 0.6510 0.6706,
0.6510 0.6510 0.6706,
0.6510 0.6510 0.6706,
0.6510 0.6510 0.6706,
0.6510 0.6510 0.6706,
0.6510 0.6510 0.6706,
0.6510 0.6510 0.6706,
0.6510 0.6510 0.6706,
0.6510 0.6510 0.6706,
0.6510 0.6510 0.6706,
0.6510 0.6510 0.6706,
0.6510 0.6510 0.6706,
0.6510 0.6510 0.6706,
0.6510 0.6510 0.6706,
0.6510 0.6510 0.6706,
0.6510 0.6510 0.6706,
0.6510 0.6510 0.6706,
0.6510 0.6510 0.6706,
0.6510 0.6510 0.6706,
0.6510 0.6510 0.6706,
0.6510 0.6510 0.6706,
0.6510 0.6510 0.6706,
0.6510 0.6510 0.6706,
0.6510 0.6510 0.6706,
0.6510 0.6510 0.6706,
0.6510 0.6510 0.6706,
0.6510 0.6510 0.6706,
0.6510 0.6510 0.6706,
0.6510 0.6510 0.6706,
0.6510 0.6510 0.6706,
0.6510 0.6510 0.6706,
0.6510 0.6510 0.6706,
0.6510 0.6510 0.6706,
0.6510 0.6510 0.6706,
0.6510 0.6510 0.6706,
0.6510 0.6510 0.6706,
0.6510 0.6510 0.6706,
0.6510 0.6510 0.6706,
0.6510 0.6510 0.6706,
0.6510 0.6510 0.6706,
0.6510 0.6510 0.6706,
0.6510 0.6510 0.6706,
0.6510 0.6510 0.6706,
0.6510 0.6510 0.6706,
0.6510 0.6510 0.6706,
0.6510 0.6510 0.6706,
0.6510 0.6510 0.6706,
0.6510 0.6510 0.6706,
0.6510 0.6510 0.6706,
0.6510 0.6510 0.6706,
0.6510 0.6510 0.6706,
0.6510 0.6510 0.6706,
0.6510 0.6510 0.6706,
0.6510 0.6510 0.6706,
0.6510 0.6510 0.6706,
0.6510 0.6510 0.6706,
0.6510 0.6510 0.6706,
0.6510 0.6510 0.6706,
0.6510 0.6510 0.6706,
0.6510 0.6510 0.6706,
0.6510 0.6510 0.6706,
0.6510 0.6510 0.6706,
0.6510 0.6510 0.6706,
0.6510 0.6510 0.6706,
0.6510 0.6510 0.6706,
0.6510 0.6510 0.6706,
0.6510 0.6510 0.6706,
0.6510 0.6510 0.6706,
0.6510 0.6510 0.6706,
0.6510 0.6510 0.6706,
0.6510 0.6510 0.6706,
0.6510 0.6510 0.6706,
0.6510 0.6510 0.6706,
0.6510 0.6510 0.6706,
0.6510 0.6510 0.6706,
0.6510 0.6510 0.6706,
0.6510 0.6510 0.6706,
0.6510 0.6510 0.6706,
0.6510 0.6510 0.6706,
0.6510 0.6510 0.6706,
0.6510 0.6510 0.6706,
0.6510 0.6510 0.6706,
0.6510 0.6510 0.6706,
0.6510 0.6510 0.6706,
0.6510 0.6510 0.6706,
0.6510 0.6510 0.6706,
0.6510 0.6510 0.6706,
0.6510 0.6510 0.6706,
0.6510 0.6510 0.6706,
0.6510 0.6510 0.6706,
0.6510 0.6510 0.6706,
0.6510 0.6510 0.6706,
0.6510 0.6510 0.6706,
0.6510 0.6510 0.6706,
0.6510 0.6510 0.6706,
0.6510 0.6510 0.6706,
0.6510 0.6510 0.6706,
0.6510 0.6510 0.6706,
0.6510 0.6510 0.6706,
0.6510 0.6510 0.6706,
0.6510 0.6510 0.6706,
0.6510 0.6510 0.6706,
0.6510 0.6510 0.6706,
0.6510 0.6510 0.6706,
0.6510 0.6510 0.6706,
0.6510 0.6510 0.6706,
0.6510 0.6510 0.6706,
0.6510 0.6510 0.6706,
0.6510 0.6510 0.6706,
0.6510 0.6510 0.6706,
0.6510 0.6510 0.6706,
0.6510 0.6510 0.6706,
0.6510 0.6510 0.6706,
0.6510 0.6510 0.6706,
0.6510 0.6510 0.6706,
0.6510 0.6510 0.6706,
0.6510 0.6510 0.6706,
0.6510 0.6510 0.6706,
0.6510 0.6510 0.6706,
0.6510 0.6510 0.6706,
0.6510 0.6510 0.6706,
0.6510 0.6510 0.6706,
0.6510 0.6510 0.6706,
0.6510 0.6510 0.6706,
0.6510 0.6510 0.6706,
0.6510 0.6510 0.6706,
0.6510 0.6510 0.6706,
0.6510 0.6510 0.6706,
0.6510 0.6510 0.6706,
0.6510 0.6510 0.6706,
0.6510 0.6510 0.6706,
0.6510 0.6510 0.6706,
0.6510 0.6510 0.6706,
0.6510 0.6510 0.6706,
0.6510 0.6510 0.6706,
0.6510 0.6510 0.6706,
0.6510 0.6510 0.6706,
0.6510 0.6510 0.6706,
0.6510 0.6510 0.6706,
0.6510 0.6510 0.6706,
0.6510 0.6510 0.6706,
0.6510 0.6510 0.6706,
0.6510 0.6510 0.6706,
0.6510 0.6510 0.6706,
0.6510 0.6510 0.6706,
0.6510 0.6510 0.6706,
0.6510 0.6510 0.6706,
0.6510 0.6510 0.6706,
0.6510 0.6510 0.6706,
0.6510 0.6510 0.6706,
0.6510 0.6510 0.6706,
0.6510 0.6510 0.6706,
0.6510 0.6510 0.6706,
0.6510 0.6510 0.6706,
0.6510 0.6510 0.6706,
0.6510 0.6510 0.6706,
0.6510 0.6510 0.6706,
0.6510 0.6510 0.6706,
0.6510 0.6510 0.6706,
0.6510 0.6510 0.6706,
0.6510 0.6510 0.6706,
0.6510 0.6510 0.6706,
0.6510 0.6510 0.6706,
0.6510 0.6510 0.6706,
0.6510 0.6510 0.6706,
0.6510 0.6510 0.6706,
0.6510 0.6510 0.6706,
0.6510 0.6510 0.6706,
0.6510 0.6510 0.6706,
0.6510 0.6510 0.6706,
0.6510 0.6510 0.6706,
0.6510 0.6510 0.6706,
0.6510 0.6510 0.6706,
0.6510 0.6510 0.6706,
0.6510 0.6510 0.6706,
0.6510 0.6510 0.6706,
0.6510 0.6510 0.6706,
0.6510 0.6510 0.6706,
0.6510 0.6510 0.6706,
0.6510 0.6510 0.6706,
0.6510 0.6510 0.6706,
0.6510 0.6510 0.6706,
0.6510 0.6510 0.6706,
0.6510 0.6510 0.6706,
0.6510 0.6510 0.6706,
0.6510 0.6510 0.6706,
0.6510 0.6510 0.6706,
0.6510 0.6510 0.6706,
0.6510 0.6510 0.6706,
0.6510 0.6510 0.6706,
0.6510 0.6510 0.6706,
0.6510 0.6510 0.6706,
0.6510 0.6510 0.6706,
0.6510 0.6510 0.6706,
0.6510 0.6510 0.6706,
0.6510 0.6510 0.6706,
0.6510 0.6510 0.6706,
0.6510 0.6510 0.6706,
0.6510 0.6510 0.6706,
0.6510 0.6510 0.6706,
0.6510 0.6510 0.6706,
0.6510 0.6510 0.6706,
0.6510 0.6510 0.6706,
0.6510 0.6510 0.6706,
0.6510 0.6510 0.6706,
0.6510 0.6510 0.6706,
0.6510 0.6510 0.6706,
0.6510 0.6510 0.6706,
0.6510 0.6510 0.6706,
0.6510 0.6510 0.6706,
0.6510 0.6510 0.6706,
0.6510 0.6510 0.6706,
0.6510 0.6510 0.6706,
0.6510 0.6510 0.6706,
0.6510 0.6510 0.6706,
0.6510 0.6510 0.6706,
0.6510 0.6510 0.6706,
0.6510 0.6510 0.6706,
0.6510 0.6510 0.6706,
0.6510 0.6510 0.6706,
0.6510 0.6510 0.6706,
0.6510 0.6510 0.6706,
0.6510 0.6510 0.6706,
0.6510 0.6510 0.6706,
0.6510 0.6510 0.6706,
0.6510 0.6510 0.6706,
0.6510 0.6510 0.6706,
0.6510 0.6510 0.6706,
0.6510 0.6510 0.6706,
0.6510 0.6510 0.6706,
0.6510 0.6510 0.6706,
0.6510 0.6510 0.6706,
0.6510 0.6510 0.6706,
0.6510 0.6510 0.6706,
0.6510 0.6510 0.6706,
0.6510 0.6510 0.6706,
0.6510 0.6510 0.6706,
0.6510 0.6510 0.6706,
0.6510 0.6510 0.6706,
0.6510 0.6510 0.6706,
0.6510 0.6510 0.6706,
0.6510 0.6510 0.6706,
0.6510 0.6510 0.6706,
0.6510 0.6510 0.6706,
0.6510 0.6510 0.6706,
0.6510 0.6510 0.6706,
0.6510 0.6510 0.6706,
0.6510 0.6510 0.6706,
0.6510 0.6510 0.6706,
0.6510 0.6510 0.6706,
0.6510 0.6510 0.6706,
0.6510 0.6510 0.6706,
0.6510 0.6510 0.6706,
0.6510 0.6510 0.6706,
0.6510 0.6510 0.6706,
0.6510 0.6510 0.6706,
0.6510 0.6510 0.6706,
0.6510 0.6510 0.6706,
0.6510 0.6510 0.6706,
0.6510 0.6510 0.6706,
0.6510 0.6510 0.6706,
0.6510 0.6510 0.6706,
0.6510 0.6510 0.6706,
0.6510 0.6510 0.6706,
0.6510 0.6510 0.6706,
0.6510 0.6510 0.6706,
0.6510 0.6510 0.6706,
0.6510 0.6510 0.6706,
0.6510 0.6510 0.6706,
0.6510 0.6510 0.6706,
0.6510 0.6510 0.6706,
0.6510 0.6510 0.6706,
0.6510 0.6510 0.6706,
0.6510 0.6510 0.6706,
0.6510 0.6510 0.6706,
0.6510 0.6510 0.6706,
0.6510 0.6510 0.6706,
0.6510 0.6510 0.6706,
0.6510 0.6510 0.6706,
0.6510 0.6510 0.6706,
0.6510 0.6510 0.6706,
0.6510 0.6510 0.6706,
0.6510 0.6510 0.6706,
0.6510 0.6510 0.6706,
0.6510 0.6510 0.6706,
0.6510 0.6510 0.6706,
0.6510 0.6510 0.6706,
0.6510 0.6510 0.6706,
0.6510 0.6510 0.6706,
0.6510 0.6510 0.6706,
0.6510 0.6510 0.6706,
0.6510 0.6510 0.6706,
0.6510 0.6510 0.6706,
0.6510 0.6510 0.6706,
0.6510 0.6510 0.6706,
0.6510 0.6510 0.6706,
0.6510 0.6510 0.6706,
0.6510 0.6510 0.6706,
0.6510 0.6510 0.6706,
0.6510 0.6510 0.6706,
0.6510 0.6510 0.6706,
0.6510 0.6510 0.6706,
0.6510 0.6510 0.6706,
0.6510 0.6510 0.6706,
0.6510 0.6510 0.6706,
0.6510 0.6510 0.6706,
0.6510 0.6510 0.6706,
0.6510 0.6510 0.6706,
0.6510 0.6510 0.6706,
0.6510 0.6510 0.6706,
0.6510 0.6510 0.6706,
0.6510 0.6510 0.6706,
0.6510 0.6510 0.6706,
0.6510 0.6510 0.6706,
0.6510 0.6510 0.6706,
0.6510 0.6510 0.6706,
0.6510 0.6510 0.6706,
0.6510 0.6510 0.6706,
0.6510 0.6510 0.6706,
0.6510 0.6510 0.6706,
0.6510 0.6510 0.6706,
0.6510 0.6510 0.6706,
0.6510 0.6510 0.6706,
0.6510 0.6510 0.6706,
0.6510 0.6510 0.6706,
0.6510 0.6510 0.6706,
0.6510 0.6510 0.6706,
0.6510 0.6510 0.6706,
0.6510 0.6510 0.6706,
0.6510 0.6510 0.6706,
0.6510 0.6510 0.6706,
0.6510 0.6510 0.6706,
0.6510 0.6510 0.6706,
0.6510 0.6510 0.6706,
0.6510 0.6510 0.6706,
0.6510 0.6510 0.6706,
0.6510 0.6510 0.6706,
0.6510 0.6510 0.6706,
0.6510 0.6510 0.6706,
0.6510 0.6510 0.6706,
0.6510 0.6510 0.6706,
0.6510 0.6510 0.6706,
0.6510 0.6510 0.6706,
0.6510 0.6510 0.6706,
0.6510 0.6510 0.6706,
0.6510 0.6510 0.6706,
0.6510 0.6510 0.6706,
0.6510 0.6510 0.6706,
0.6510 0.6510 0.6706,
0.6510 0.6510 0.6706,
0.6510 0.6510 0.6706,
0.6510 0.6510 0.6706,
0.6510 0.6510 0.6706,
0.6510 0.6510 0.6706,
0.6510 0.6510 0.6706,
0.6510 0.6510 0.6706,
0.6510 0.6510 0.6706,
0.6510 0.6510 0.6706,
0.6510 0.6510 0.6706,
0.6510 0.6510 0.6706,
0.6510 0.6510 0.6706,
0.6510 0.6510 0.6706,
0.6510 0.6510 0.6706,
0.6510 0.6510 0.6706,
0.6510 0.6510 0.6706,
0.6510 0.6510 0.6706,
0.6510 0.6510 0.6706,
0.6510 0.6510 0.6706,
0.6510 0.6510 0.6706,
0.6510 0.6510 0.6706,
0.6510 0.6510 0.6706,
0.6510 0.6510 0.6706,
0.6510 0.6510 0.6706,
0.6510 0.6510 0.6706,
0.6510 0.6510 0.6706,
0.6510 0.6510 0.6706,
0.6510 0.6510 0.6706,
0.6510 0.6510 0.6706,
0.6510 0.6510 0.6706,
0.6510 0.6510 0.6706,
0.6510 0.6510 0.6706,
0.6510 0.6510 0.6706,
0.6510 0.6510 0.6706,
0.6510 0.6510 0.6706,
0.6510 0.6510 0.6706,
0.6510 0.6510 0.6706,
0.6510 0.6510 0.6706,
0.6510 0.6510 0.6706,
0.6510 0.6510 0.6706,
0.6510 0.6510 0.6706,
0.6510 0.6510 0.6706,
0.6510 0.6510 0.6706,
0.6510 0.6510 0.6706,
0.6510 0.6510 0.6706,
0.6510 0.6510 0.6706,
0.6510 0.6510 0.6706,
0.6510 0.6510 0.6706,
0.6510 0.6510 0.6706,
0.6510 0.6510 0.6706,
0.6510 0.6510 0.6706,
0.6510 0.6510 0.6706,
0.6510 0.6510 0.6706,
0.6510 0.6510 0.6706,
0.6510 0.6510 0.6706,
0.6510 0.6510 0.6706,
0.6510 0.6510 0.6706,
0.6510 0.6510 0.6706,
0.6510 0.6510 0.6706,
0.6510 0.6510 0.6706,
0.6510 0.6510 0.6706,
0.6510 0.6510 0.6706,
0.6510 0.6510 0.6706,
0.6510 0.6510 0.6706,
0.6510 0.6510 0.6706,
0.6510 0.6510 0.6706,
0.6510 0.6510 0.6706,
0.6510 0.6510 0.6706,
0.6510 0.6510 0.6706,
0.6510 0.6510 0.6706,
0.6510 0.6510 0.6706,
0.6510 0.6510 0.6706,
0.6510 0.6510 0.6706,
0.6510 0.6510 0.6706,
0.6510 0.6510 0.6706,
0.6510 0.6510 0.6706,
0.6510 0.6510 0.6706,
0.6510 0.6510 0.6706,
0.6510 0.6510 0.6706,
0.6510 0.6510 0.6706,
0.6510 0.6510 0.6706,
0.6510 0.6510 0.6706,
0.6510 0.6510 0.6706,
0.6510 0.6510 0.6706,
0.6510 0.6510 0.6706,
0.6510 0.6510 0.6706,
0.6510 0.6510 0.6706,
0.6510 0.6510 0.6706,
0.6510 0.6510 0.6706,
0.6510 0.6510 0.6706,
0.6510 0.6510 0.6706,
0.6510 0.6510 0.6706,
0.6510 0.6510 0.6706,
0.6510 0.6510 0.6706,
0.6510 0.6510 0.6706,
0.6510 0.6510 0.6706,
0.6510 0.6510 0.6706,
0.6510 0.6510 0.6706,
0.6510 0.6510 0.6706,
0.6510 0.6510 0.6706,
0.6510 0.6510 0.6706,
0.6510 0.6510 0.6706,
0.6510 0.6510 0.6706,
0.6510 0.6510 0.6706,
0.6510 0.6510 0.6706,
0.6510 0.6510 0.6706,
0.6510 0.6510 0.6706,
0.6510 0.6510 0.6706,
0.6510 0.6510 0.6706,
0.6510 0.6510 0.6706,
0.6510 0.6510 0.6706,
0.6510 0.6510 0.6706,
0.6510 0.6510 0.6706,
0.6510 0.6510 0.6706,
0.6510 0.6510 0.6706,
0.6510 0.6510 0.6706,
0.6510 0.6510 0.6706,
0.6510 0.6510 0.6706,
0.6510 0.6510 0.6706,
0.6510 0.6510 0.6706,
0.6510 0.6510 0.6706,
0.6510 0.6510 0.6706,
0.6510 0.6510 0.6706,
0.6510 0.6510 0.6706,
0.6510 0.6510 0.6706,
0.6510 0.6510 0.6706,
0.6510 0.6510 0.6706,
0.6510 0.6510 0.6706,
0.6510 0.6510 0.6706,
0.6510 0.6510 0.6706,
0.6510 0.6510 0.6706,
0.6510 0.6510 0.6706,
0.6510 0.6510 0.6706,
0.6510 0.6510 0.6706,
0.6510 0.6510 0.6706,
0.6510 0.6510 0.6706,
0.6510 0.6510 0.6706,
0.6510 0.6510 0.6706,
0.6510 0.6510 0.6706,
0.6510 0.6510 0.6706,
0.6510 0.6510 0.6706,
0.6510 0.6510 0.6706,
0.6510 0.6510 0.6706,
0.6510 0.6510 0.6706,
0.6510 0.6510 0.6706,
0.6510 0.6510 0.6706,
0.6510 0.6510 0.6706,
0.6510 0.6510 0.6706,
0.6510 0.6510 0.6706,
0.6510 0.6510 0.6706,
0.6510 0.6510 0.6706,
0.6510 0.6510 0.6706,
0.6510 0.6510 0.6706,
0.6510 0.6510 0.6706,
0.6510 0.6510 0.6706,
0.6510 0.6510 0.6706,
0.6510 0.6510 0.6706,
0.6510 0.6510 0.6706,
0.6510 0.6510 0.6706,
0.6510 0.6510 0.6706,
0.6510 0.6510 0.6706,
0.6510 0.6510 0.6706,
0.6510 0.6510 0.6706,
0.6510 0.6510 0.6706,
0.6510 0.6510 0.6706,
0.6510 0.6510 0.6706,
0.6510 0.6510 0.6706,
0.6510 0.6510 0.6706,
0.6510 0.6510 0.6706,
0.6510 0.6510 0.6706,
0.6510 0.6510 0.6706,
0.6510 0.6510 0.6706,
0.6510 0.6510 0.6706,
0.6510 0.6510 0.6706,
0.6510 0.6510 0.6706,
0.6510 0.6510 0.6706,
0.6510 0.6510 0.6706,
0.6510 0.6510 0.6706,
0.6510 0.6510 0.6706,
0.6510 0.6510 0.6706,
0.6510 0.6510 0.6706,
0.6510 0.6510 0.6706,
0.6510 0.6510 0.6706,
0.6510 0.6510 0.6706,
0.6510 0.6510 0.6706,
0.6510 0.6510 0.6706,
0.6510 0.6510 0.6706,
0.6510 0.6510 0.6706,
0.6510 0.6510 0.6706,
0.6510 0.6510 0.6706,
0.6510 0.6510 0.6706,
0.6510 0.6510 0.6706,
0.6510 0.6510 0.6706,
0.6510 0.6510 0.6706,
0.6510 0.6510 0.6706,
0.6510 0.6510 0.6706,
0.6510 0.6510 0.6706,
0.6510 0.6510 0.6706,
0.6510 0.6510 0.6706,
0.6510 0.6510 0.6706,
0.6510 0.6510 0.6706,
0.6510 0.6510 0.6706,
0.6510 0.6510 0.6706,
0.6510 0.6510 0.6706,
0.6510 0.6510 0.6706,
0.6510 0.6510 0.6706,
0.6510 0.6510 0.6706,
0.6510 0.6510 0.6706,
0.6510 0.6510 0.6706,
0.6510 0.6510 0.6706,
0.6510 0.6510 0.6706,
0.6510 0.6510 0.6706,
0.6510 0.6510 0.6706,
0.6510 0.6510 0.6706,
0.6510 0.6510 0.6706,
0.6510 0.6510 0.6706,
0.6510 0.6510 0.6706,
0.6510 0.6510 0.6706,
0.6510 0.6510 0.6706,
0.6510 0.6510 0.6706,
0.6510 0.6510 0.6706,
0.6510 0.6510 0.6706,
0.6510 0.6510 0.6706,
0.6510 0.6510 0.6706,
0.6510 0.6510 0.6706,
0.6510 0.6510 0.6706,
0.6510 0.6510 0.6706,
0.6510 0.6510 0.6706,
0.6510 0.6510 0.6706,
0.6510 0.6510 0.6706,
0.6510 0.6510 0.6706,
0.6510 0.6510 0.6706,
0.6510 0.6510 0.6706,
0.6510 0.6510 0.6706,
0.6510 0.6510 0.6706,
0.6510 0.6510 0.6706,
0.6510 0.6510 0.6706,
0.6510 0.6510 0.6706,
0.6510 0.6510 0.6706,
0.6510 0.6510 0.6706,
0.6510 0.6510 0.6706,
0.6510 0.6510 0.6706,
0.6510 0.6510 0.6706,
0.6510 0.6510 0.6706,
0.6510 0.6510 0.6706,
0.6510 0.6510 0.6706,
0.6510 0.6510 0.6706,
0.6510 0.6510 0.6706,
0.6510 0.6510 0.6706,
0.6510 0.6510 0.6706,
0.6510 0.6510 0.6706,
0.6510 0.6510 0.6706,
0.6510 0.6510 0.6706,
0.6510 0.6510 0.6706,
0.6510 0.6510 0.6706,
0.6510 0.6510 0.6706,
0.6510 0.6510 0.6706,
0.6510 0.6510 0.6706,
0.6510 0.6510 0.6706,
0.6510 0.6510 0.6706,
0.6510 0.6510 0.6706,
0.6510 0.6510 0.6706,
0.6510 0.6510 0.6706,
0.6510 0.6510 0.6706,
0.6510 0.6510 0.6706,
0.6510 0.6510 0.6706,
0.6510 0.6510 0.6706,
0.6510 0.6510 0.6706,
0.6510 0.6510 0.6706,
0.6510 0.6510 0.6706,
0.6510 0.6510 0.6706,
0.6510 0.6510 0.6706,
0.6510 0.6510 0.6706,
0.6510 0.6510 0.6706,
0.6510 0.6510 0.6706,
0.6510 0.6510 0.6706,
0.6510 0.6510 0.6706,
0.6510 0.6510 0.6706,
0.6510 0.6510 0.6706,
0.6510 0.6510 0.6706,
0.6510 0.6510 0.6706,
0.6510 0.6510 0.6706,
0.6510 0.6510 0.6706,
0.6510 0.6510 0.6706,
0.6510 0.6510 0.6706,
0.6510 0.6510 0.6706,
0.6510 0.6510 0.6706,
0.6510 0.6510 0.6706,
0.6510 0.6510 0.6706,
0.6510 0.6510 0.6706,
0.6510 0.6510 0.6706,
0.6510 0.6510 0.6706,
0.6510 0.6510 0.6706,
0.6510 0.6510 0.6706,
0.6510 0.6510 0.6706,
0.6510 0.6510 0.6706,
0.6510 0.6510 0.6706,
0.6510 0.6510 0.6706,
0.6510 0.6510 0.6706,
0.6510 0.6510 0.6706,
0.6510 0.6510 0.6706,
0.6510 0.6510 0.6706,
0.6510 0.6510 0.6706,
0.6510 0.6510 0.6706,
0.6510 0.6510 0.6706,
0.6510 0.6510 0.6706,
0.6510 0.6510 0.6706,
0.6510 0.6510 0.6706,
0.6510 0.6510 0.6706,
0.6510 0.6510 0.6706,
0.6510 0.6510 0.6706,
0.6510 0.6510 0.6706,
0.6510 0.6510 0.6706,
0.6510 0.6510 0.6706,
0.6510 0.6510 0.6706,
0.6510 0.6510 0.6706,
0.6510 0.6510 0.6706,
0.6510 0.6510 0.6706,
0.6510 0.6510 0.6706,
0.6510 0.6510 0.6706,
0.6510 0.6510 0.6706,
0.6510 0.6510 0.6706,
0.6510 0.6510 0.6706,
0.6510 0.6510 0.6706,
0.6510 0.6510 0.6706,
0.6510 0.6510 0.6706,
0.6510 0.6510 0.6706,
0.6510 0.6510 0.6706,
0.6510 0.6510 0.6706,
0.6510 0.6510 0.6706,
0.6510 0.6510 0.6706,
0.6510 0.6510 0.6706,
0.6510 0.6510 0.6706,
0.6510 0.6510 0.6706,
0.6510 0.6510 0.6706,
0.6510 0.6510 0.6706,
0.6510 0.6510 0.6706,
0.6510 0.6510 0.6706,
0.6510 0.6510 0.6706,
0.6510 0.6510 0.6706,
0.6510 0.6510 0.6706,
0.6510 0.6510 0.6706,
0.6510 0.6510 0.6706,
0.6510 0.6510 0.6706,
0.6510 0.6510 0.6706,
0.6510 0.6510 0.6706,
0.6510 0.6510 0.6706,
0.6510 0.6510 0.6706,
0.6510 0.6510 0.6706,
0.6510 0.6510 0.6706,
0.6510 0.6510 0.6706,
0.6510 0.6510 0.6706,
0.6510 0.6510 0.6706,
0.6510 0.6510 0.6706,
0.6510 0.6510 0.6706,
0.6510 0.6510 0.6706,
0.6510 0.6510 0.6706,
0.6510 0.6510 0.6706,
0.6510 0.6510 0.6706,
0.6510 0.6510 0.6706,
0.6510 0.6510 0.6706,
0.6510 0.6510 0.6706,
0.6510 0.6510 0.6706,
0.6510 0.6510 0.6706,
0.6510 0.6510 0.6706,
0.6510 0.6510 0.6706,
0.6510 0.6510 0.6706,
0.6510 0.6510 0.6706,
0.6510 0.6510 0.6706,
0.6510 0.6510 0.6706,
0.6510 0.6510 0.6706,
0.6510 0.6510 0.6706,
0.6510 0.6510 0.6706,
0.6510 0.6510 0.6706,
0.6510 0.6510 0.6706,
0.6510 0.6510 0.6706,
0.6510 0.6510 0.6706,
0.6510 0.6510 0.6706,
0.6510 0.6510 0.6706,
0.6510 0.6510 0.6706,
0.6510 0.6510 0.6706,
0.6510 0.6510 0.6706,
0.6510 0.6510 0.6706,
0.6510 0.6510 0.6706,
0.6510 0.6510 0.6706,
0.6510 0.6510 0.6706,
0.6510 0.6510 0.6706,
0.6510 0.6510 0.6706,
0.6510 0.6510 0.6706,
0.6510 0.6510 0.6706,
0.6510 0.6510 0.6706,
0.6510 0.6510 0.6706,
0.6510 0.6510 0.6706,
0.6510 0.6510 0.6706,
0.6510 0.6510 0.6706,
0.6510 0.6510 0.6706,
0.6510 0.6510 0.6706,
0.6510 0.6510 0.6706,
0.6510 0.6510 0.6706,
0.6510 0.6510 0.6706,
0.6510 0.6510 0.6706,
0.6510 0.6510 0.6706,
0.6510 0.6510 0.6706,
0.6510 0.6510 0.6706,
0.6510 0.6510 0.6706,
0.6510 0.6510 0.6706,
0.6510 0.6510 0.6706,
0.6510 0.6510 0.6706,
0.6510 0.6510 0.6706,
0.6510 0.6510 0.6706,
0.6510 0.6510 0.6706,
0.6510 0.6510 0.6706,
0.6510 0.6510 0.6706,
0.6510 0.6510 0.6706,
0.6510 0.6510 0.6706,
0.6510 0.6510 0.6706,
0.6510 0.6510 0.6706,
0.6510 0.6510 0.6706,
0.6510 0.6510 0.6706,
0.6510 0.6510 0.6706,
0.6510 0.6510 0.6706,
0.6510 0.6510 0.6706,
0.6510 0.6510 0.6706,
0.6510 0.6510 0.6706,
0.6510 0.6510 0.6706,
0.6510 0.6510 0.6706,
0.6510 0.6510 0.6706,
0.6510 0.6510 0.6706,
0.6510 0.6510 0.6706,
0.6510 0.6510 0.6706,
0.6510 0.6510 0.6706,
0.6510 0.6510 0.6706,
0.6510 0.6510 0.6706,
0.6510 0.6510 0.6706,
0.6510 0.6510 0.6706,
0.6510 0.6510 0.6706,
0.6510 0.6510 0.6706,
0.6510 0.6510 0.6706,
0.6510 0.6510 0.6706,
0.6510 0.6510 0.6706,
0.6510 0.6510 0.6706,
0.6510 0.6510 0.6706,
0.6510 0.6510 0.6706,
0.6510 0.6510 0.6706,
0.6510 0.6510 0.6706,
0.6510 0.6510 0.6706,
0.6510 0.6510 0.6706,
0.6510 0.6510 0.6706,
0.6510 0.6510 0.6706,
0.6510 0.6510 0.6706,
0.6510 0.6510 0.6706,
0.6510 0.6510 0.6706,
0.6510 0.6510 0.6706,
0.6510 0.6510 0.6706,
0.6510 0.6510 0.6706,
0.6510 0.6510 0.6706,
0.6510 0.6510 0.6706,
0.6510 0.6510 0.6706,
0.6510 0.6510 0.6706,
0.6510 0.6510 0.6706,
0.6510 0.6510 0.6706,
0.6510 0.6510 0.6706,
0.6510 0.6510 0.6706,
0.6510 0.6510 0.6706,
0.6510 0.6510 0.6706,
0.6510 0.6510 0.6706,
0.6510 0.6510 0.6706,
0.6510 0.6510 0.6706,
0.6510 0.6510 0.6706,
0.6510 0.6510 0.6706,
0.6510 0.6510 0.6706,
0.6510 0.6510 0.6706,
0.6510 0.6510 0.6706,
0.6510 0.6510 0.6706,
0.6510 0.6510 0.6706,
0.6510 0.6510 0.6706,
0.6510 0.6510 0.6706,
0.6510 0.6510 0.6706,
0.6510 0.6510 0.6706,
0.6510 0.6510 0.6706,
0.6510 0.6510 0.6706,
0.6510 0.6510 0.6706,
0.6510 0.6510 0.6706,
0.6510 0.6510 0.6706,
0.6510 0.6510 0.6706,
0.6510 0.6510 0.6706,
0.6510 0.6510 0.6706,
0.6510 0.6510 0.6706,
0.6510 0.6510 0.6706,
0.6510 0.6510 0.6706,
0.6510 0.6510 0.6706,
0.6510 0.6510 0.6706,
0.6510 0.6510 0.6706,
0.6510 0.6510 0.6706,
0.6510 0.6510 0.6706,
0.6510 0.6510 0.6706,
0.6510 0.6510 0.6706,
0.6510 0.6510 0.6706,
0.6510 0.6510 0.6706,
0.6510 0.6510 0.6706,
0.6510 0.6510 0.6706,
0.6510 0.6510 0.6706,
0.6510 0.6510 0.6706,
0.6510 0.6510 0.6706,
0.6510 0.6510 0.6706,
0.6510 0.6510 0.6706,
0.6510 0.6510 0.6706,
0.6510 0.6510 0.6706,
0.6510 0.6510 0.6706,
0.6510 0.6510 0.6706,
0.6510 0.6510 0.6706,
0.6510 0.6510 0.6706,
0.6510 0.6510 0.6706,
0.6510 0.6510 0.6706,
0.6510 0.6510 0.6706,
0.6510 0.6510 0.6706,
0.6510 0.6510 0.6706,
0.6510 0.6510 0.6706,
0.6510 0.6510 0.6706,
0.6510 0.6510 0.6706,
0.6510 0.6510 0.6706,
0.6510 0.6510 0.6706,
0.6510 0.6510 0.6706,
0.6510 0.6510 0.6706,
0.6510 0.6510 0.6706,
0.6510 0.6510 0.6706,
0.6510 0.6510 0.6706,
0.6510 0.6510 0.6706,
0.6510 0.6510 0.6706,
0.6510 0.6510 0.6706,
0.6510 0.6510 0.6706,
0.6510 0.6510 0.6706,
0.6510 0.6510 0.6706,
0.6510 0.6510 0.6706,
0.6510 0.6510 0.6706,
0.6510 0.6510 0.6706,
0.6510 0.6510 0.6706,
0.6510 0.6510 0.6706,
0.6510 0.6510 0.6706,
0.6510 0.6510 0.6706,
0.6510 0.6510 0.6706,
0.6510 0.6510 0.6706,
0.6510 0.6510 0.6706,
0.6510 0.6510 0.6706,
0.6510 0.6510 0.6706,
0.6510 0.6510 0.6706,
0.6510 0.6510 0.6706,
0.6510 0.6510 0.6706,
0.6510 0.6510 0.6706,
0.6510 0.6510 0.6706,
0.6510 0.6510 0.6706,
0.6510 0.6510 0.6706,
0.6510 0.6510 0.6706,
0.6510 0.6510 0.6706,
0.6510 0.6510 0.6706,
0.6510 0.6510 0.6706,
0.6510 0.6510 0.6706,
0.6510 0.6510 0.6706,
0.6510 0.6510 0.6706,
0.6510 0.6510 0.6706,
0.6510 0.6510 0.6706,
0.6510 0.6510 0.6706,
0.6510 0.6510 0.6706,
0.6510 0.6510 0.6706,
0.6510 0.6510 0.6706,
0.6510 0.6510 0.6706,
0.6510 0.6510 0.6706,
0.6510 0.6510 0.6706,
0.6510 0.6510 0.6706,
0.6510 0.6510 0.6706,
0.6510 0.6510 0.6706,
0.6510 0.6510 0.6706,
0.6510 0.6510 0.6706,
0.6510 0.6510 0.6706,
0.6510 0.6510 0.6706,
0.6510 0.6510 0.6706,
0.6510 0.6510 0.6706,
0.6510 0.6510 0.6706,
0.6510 0.6510 0.6706,
0.6510 0.6510 0.6706,
0.6510 0.6510 0.6706,
0.6510 0.6510 0.6706,
0.6510 0.6510 0.6706,
0.6510 0.6510 0.6706,
0.6510 0.6510 0.6706,
0.6510 0.6510 0.6706,
0.6510 0.6510 0.6706,
0.6510 0.6510 0.6706,
0.6510 0.6510 0.6706,
0.6510 0.6510 0.6706,
0.6510 0.6510 0.6706,
0.6510 0.6510 0.6706,
0.6510 0.6510 0.6706,
0.6510 0.6510 0.6706,
0.6510 0.6510 0.6706,
0.6510 0.6510 0.6706,
0.6510 0.6510 0.6706,
0.6510 0.6510 0.6706,
0.6510 0.6510 0.6706,
0.6510 0.6510 0.6706,
0.6510 0.6510 0.6706,
0.6510 0.6510 0.6706,
0.6510 0.6510 0.6706,
0.6510 0.6510 0.6706,
0.6510 0.6510 0.6706,
0.6510 0.6510 0.6706,
0.6510 0.6510 0.6706,
0.6510 0.6510 0.6706,
0.6510 0.6510 0.6706,
0.6510 0.6510 0.6706,
0.6510 0.6510 0.6706,
0.6510 0.6510 0.6706,
0.6510 0.6510 0.6706,
0.6510 0.6510 0.6706,
0.6510 0.6510 0.6706,
0.6510 0.6510 0.6706,
0.6510 0.6510 0.6706,
0.6510 0.6510 0.6706,
0.6510 0.6510 0.6706,
0.6510 0.6510 0.6706,
0.6510 0.6510 0.6706,
0.6510 0.6510 0.6706,
0.6510 0.6510 0.6706,
0.6510 0.6510 0.6706,
0.6510 0.6510 0.6706,
0.6510 0.6510 0.6706,
0.6510 0.6510 0.6706,
0.6510 0.6510 0.6706,
0.6510 0.6510 0.6706,
0.6510 0.6510 0.6706,
0.6510 0.6510 0.6706,
0.6510 0.6510 0.6706,
0.6510 0.6510 0.6706,
0.6510 0.6510 0.6706,
0.6510 0.6510 0.6706,
0.6510 0.6510 0.6706,
0.6510 0.6510 0.6706,
0.6510 0.6510 0.6706,
0.6510 0.6510 0.6706,
0.6510 0.6510 0.6706,
0.6510 0.6510 0.6706,
0.6510 0.6510 0.6706,
0.6510 0.6510 0.6706,
0.6510 0.6510 0.6706,
0.6510 0.6510 0.6706,
0.6510 0.6510 0.6706,
0.6510 0.6510 0.6706,
0.6510 0.6510 0.6706,
0.6510 0.6510 0.6706,
0.6510 0.6510 0.6706,
0.6510 0.6510 0.6706,
0.6510 0.6510 0.6706,
0.6510 0.6510 0.6706,
0.6510 0.6510 0.6706,
0.6510 0.6510 0.6706,
0.6510 0.6510 0.6706,
0.6510 0.6510 0.6706,
0.6510 0.6510 0.6706,
0.6510 0.6510 0.6706,
0.6510 0.6510 0.6706,
0.6510 0.6510 0.6706,
0.6510 0.6510 0.6706,
0.6510 0.6510 0.6706,
0.6510 0.6510 0.6706,
0.6510 0.6510 0.6706,
0.6510 0.6510 0.6706,
0.6510 0.6510 0.6706,
0.6510 0.6510 0.6706,
0.6510 0.6510 0.6706,
0.6510 0.6510 0.6706,
0.6510 0.6510 0.6706,
0.6510 0.6510 0.6706,
0.6510 0.6510 0.6706,
0.6510 0.6510 0.6706,
0.6510 0.6510 0.6706,
0.6510 0.6510 0.6706,
0.6510 0.6510 0.6706,
0.6510 0.6510 0.6706,
0.6510 0.6510 0.6706,
0.6510 0.6510 0.6706,
0.6510 0.6510 0.6706,
0.6510 0.6510 0.6706,
0.6510 0.6510 0.6706,
0.6510 0.6510 0.6706,
0.6510 0.6510 0.6706,
0.6510 0.6510 0.6706,
0.6510 0.6510 0.6706,
0.6510 0.6510 0.6706,
0.6510 0.6510 0.6706,
0.6510 0.6510 0.6706,
0.6510 0.6510 0.6706,
0.6510 0.6510 0.6706,
0.6510 0.6510 0.6706,
0.6510 0.6510 0.6706,
0.6510 0.6510 0.6706,
0.6510 0.6510 0.6706,
0.6510 0.6510 0.6706,
0.6510 0.6510 0.6706,
0.6510 0.6510 0.6706,
0.6510 0.6510 0.6706,
0.6510 0.6510 0.6706,
0.6510 0.6510 0.6706,
0.6510 0.6510 0.6706,
0.6510 0.6510 0.6706,
0.6510 0.6510 0.6706,
0.6510 0.6510 0.6706,
0.6510 0.6510 0.6706,
0.6510 0.6510 0.6706,
0.6510 0.6510 0.6706,
0.6510 0.6510 0.6706,
0.6510 0.6510 0.6706,
0.6510 0.6510 0.6706,
0.6510 0.6510 0.6706,
0.6510 0.6510 0.6706,
0.6510 0.6510 0.6706,
0.6510 0.6510 0.6706,
0.6510 0.6510 0.6706,
0.6510 0.6510 0.6706,
0.6510 0.6510 0.6706,
0.6510 0.6510 0.6706,
0.6510 0.6510 0.6706,
0.6510 0.6510 0.6706,
0.6510 0.6510 0.6706,
0.6510 0.6510 0.6706,
0.6510 0.6510 0.6706,
0.6510 0.6510 0.6706,
0.6510 0.6510 0.6706,
0.6510 0.6510 0.6706,
0.6510 0.6510 0.6706,
0.6510 0.6510 0.6706,
0.6510 0.6510 0.6706,
0.6510 0.6510 0.6706,
  ] } 
  normalPerVertex TRUE
  normal Normal {
   vector [
0.6286 -0.1861 0.7551,
0.6151 -0.1997 0.7627,
0.6227 -0.1820 0.7610,
0.6370 -0.1749 0.7508,
0.6286 -0.1861 0.7551,
0.6227 -0.1820 0.7610,
0.6295 -0.1903 0.7534,
0.6151 -0.1997 0.7627,
0.6286 -0.1861 0.7551,
0.6227 -0.1820 0.7610,
0.6295 -0.1903 0.7534,
0.6151 -0.1997 0.7627,
0.6295 -0.1903 0.7534,
0.6370 -0.1749 0.7508,
0.6286 -0.1861 0.7551,
0.6227 -0.1820 0.7610,
0.6370 -0.1749 0.7508,
0.6295 -0.1903 0.7534,
0.3705 0.7383 0.5636,
0.3570 0.7503 0.5564,
0.3660 0.7495 0.5516,
0.3711 0.7394 0.5618,
0.3705 0.7383 0.5636,
0.3660 0.7495 0.5516,
0.3598 0.7432 0.5641,
0.3570 0.7503 0.5564,
0.3705 0.7383 0.5636,
0.3660 0.7495 0.5516,
0.3598 0.7432 0.5641,
0.3570 0.7503 0.5564,
0.3598 0.7432 0.5641,
0.3660 0.7495 0.5516,
0.3711 0.7394 0.5618,
0.3705 0.7383 0.5636,
0.3598 0.7432 0.5641,
0.3711 0.7394 0.5618,
0.7122 0.4679 -0.5232,
0.7183 0.4579 -0.5239,
0.7254 0.4556 -0.5160,
0.7235 0.4643 -0.5109,
0.7122 0.4679 -0.5232,
0.7254 0.4556 -0.5160,
0.7132 0.4686 -0.5213,
0.7122 0.4679 -0.5232,
0.7235 0.4643 -0.5109,
0.7235 0.4643 -0.5109,
0.7183 0.4579 -0.5239,
0.7254 0.4556 -0.5160,
0.7183 0.4579 -0.5239,
0.7235 0.4643 -0.5109,
0.7132 0.4686 -0.5213,
0.7122 0.4679 -0.5232,
0.7183 0.4579 -0.5239,
0.7132 0.4686 -0.5213,
0.2771 0.8556 -0.4372,
0.2656 0.8646 -0.4266,
0.2624 0.8605 -0.4367,
0.2844 0.8592 -0.4253,
0.2656 0.8646 -0.4266,
0.2771 0.8556 -0.4372,
0.2762 0.8598 -0.4296,
0.2844 0.8592 -0.4253,
0.2771 0.8556 -0.4372,
0.2656 0.8646 -0.4266,
0.2762 0.8598 -0.4296,
0.2844 0.8592 -0.4253,
0.2762 0.8598 -0.4296,
0.2656 0.8646 -0.4266,
0.2624 0.8605 -0.4367,
0.2771 0.8556 -0.4372,
0.2762 0.8598 -0.4296,
0.2624 0.8605 -0.4367,
-0.2365 0.8611 0.4500,
-0.2394 0.8657 0.4396,
-0.2317 0.8707 0.4338,
-0.2245 0.8690 0.4409,
-0.2365 0.8611 0.4500,
-0.2317 0.8707 0.4338,
-0.2343 0.8618 0.4500,
-0.2365 0.8611 0.4500,
-0.2245 0.8690 0.4409,
-0.2245 0.8690 0.4409,
-0.2394 0.8657 0.4396,
-0.2317 0.8707 0.4338,
-0.2394 0.8657 0.4396,
-0.2245 0.8690 0.4409,
-0.2343 0.8618 0.4500,
-0.2365 0.8611 0.4500,
-0.2394 0.8657 0.4396,
-0.2343 0.8618 0.4500,
0.1435 -0.5615 0.8150,
0.4559 -0.6922 0.5595,
0.5534 -0.3767 0.7429,
0.2626 -0.7637 0.5897,
0.4559 -0.6922 0.5595,
0.1435 -0.5615 0.8150,
0.0387 -0.7056 0.7075,
0.2626 -0.7637 0.5897,
0.1435 -0.5615 0.8150,
0.0773 -0.8971 0.4350,
0.2626 -0.7637 0.5897,
0.0387 -0.7056 0.7075,
-0.0353 -0.7685 0.6389,
0.0773 -0.8971 0.4350,
0.0387 -0.7056 0.7075,
-0.0495 -0.5648 0.8237,
-0.0353 -0.7685 0.6389,
0.0387 -0.7056 0.7075,
0.1435 -0.5615 0.8150,
-0.0495 -0.5648 0.8237,
0.0387 -0.7056 0.7075,
0.0443 -0.4027 0.9143,
-0.0495 -0.5648 0.8237,
0.1435 -0.5615 0.8150,
0.5534 -0.3767 0.7429,
0.0443 -0.4027 0.9143,
0.1435 -0.5615 0.8150,
0.4163 -0.3323 0.8463,
0.0443 -0.4027 0.9143,
0.5534 -0.3767 0.7429,
-0.1302 -0.1723 0.9764,
0.0443 -0.4027 0.9143,
0.4163 -0.3323 0.8463,
-0.1462 -0.0130 0.9892,
-0.1302 -0.1723 0.9764,
0.4163 -0.3323 0.8463,
-0.3001 -0.2980 0.9062,
-0.0495 -0.5648 0.8237,
0.0443 -0.4027 0.9143,
-0.1302 -0.1723 0.9764,
-0.3001 -0.2980 0.9062,
0.0443 -0.4027 0.9143,
-0.2928 -0.0687 0.9537,
-0.3001 -0.2980 0.9062,
-0.1302 -0.1723 0.9764,
-0.1462 -0.0130 0.9892,
-0.2928 -0.0687 0.9537,
-0.1302 -0.1723 0.9764,
-0.2784 0.2553 0.9259,
-0.2928 -0.0687 0.9537,
-0.1462 -0.0130 0.9892,
-0.1899 0.3033 0.9338,
-0.2784 0.2553 0.9259,
-0.1462 -0.0130 0.9892,
0.0490 0.5451 0.8369,
-0.1899 0.3033 0.9338,
-0.1462 -0.0130 0.9892,
0.3166 -0.0559 0.9469,
0.0490 0.5451 0.8369,
-0.1462 -0.0130 0.9892,
0.4163 -0.3323 0.8463,
0.3166 -0.0559 0.9469,
-0.1462 -0.0130 0.9892,
0.1249 0.5821 0.8035,
-0.1899 0.3033 0.9338,
0.0490 0.5451 0.8369,
0.2184 0.8050 0.5515,
0.1249 0.5821 0.8035,
0.0490 0.5451 0.8369,
0.0882 0.9308 0.3548,
-0.1899 0.3033 0.9338,
0.1249 0.5821 0.8035,
-0.1963 0.5955 0.7790,
-0.1899 0.3033 0.9338,
0.0882 0.9308 0.3548,
-0.2784 0.2553 0.9259,
-0.1899 0.3033 0.9338,
-0.1963 0.5955 0.7790,
-0.4207 0.4497 0.7879,
-0.2784 0.2553 0.9259,
-0.1963 0.5955 0.7790,
-0.1345 0.8471 0.5141,
-0.4207 0.4497 0.7879,
-0.1963 0.5955 0.7790,
-0.6551 0.3472 0.6710,
-0.4207 0.4497 0.7879,
-0.1345 0.8471 0.5141,
-0.7169 0.5113 0.4741,
-0.6551 0.3472 0.6710,
-0.1345 0.8471 0.5141,
-0.5123 0.2592 0.8188,
-0.2784 0.2553 0.9259,
-0.4207 0.4497 0.7879,
-0.6551 0.3472 0.6710,
-0.5123 0.2592 0.8188,
-0.4207 0.4497 0.7879,
-0.6637 0.1363 0.7354,
-0.5123 0.2592 0.8188,
-0.6551 0.3472 0.6710,
-0.7710 0.3332 0.5427,
-0.6637 0.1363 0.7354,
-0.6551 0.3472 0.6710,
-0.7169 0.5113 0.4741,
-0.7710 0.3332 0.5427,
-0.6551 0.3472 0.6710,
-0.8438 0.4168 0.3380,
-0.7710 0.3332 0.5427,
-0.7169 0.5113 0.4741,
-0.6297 0.6767 0.3815,
-0.8438 0.4168 0.3380,
-0.7169 0.5113 0.4741,
-0.7846 0.2743 0.5561,
-0.8438 0.4168 0.3380,
-0.6297 0.6767 0.3815,
-0.5050 0.6455 0.5729,
-0.7846 0.2743 0.5561,
-0.6297 0.6767 0.3815,
-0.4039 0.8148 0.4160,
-0.5050 0.6455 0.5729,
-0.6297 0.6767 0.3815,
-0.1826 0.9522 0.2448,
-0.5050 0.6455 0.5729,
-0.4039 0.8148 0.4160,
-0.1378 0.9523 0.2722,
-0.1826 0.9522 0.2448,
-0.4039 0.8148 0.4160,
0.0153 0.9736 -0.2276,
-0.1826 0.9522 0.2448,
-0.1378 0.9523 0.2722,
0.0683 0.9317 -0.3566,
0.0153 0.9736 -0.2276,
-0.1378 0.9523 0.2722,
0.0408 0.9109 -0.4105,
0.0153 0.9736 -0.2276,
0.0683 0.9317 -0.3566,
0.3291 0.5999 -0.7293,
0.0153 0.9736 -0.2276,
0.0408 0.9109 -0.4105,
-0.1062 0.7126 -0.6935,
0.3291 0.5999 -0.7293,
0.0408 0.9109 -0.4105,
0.4903 0.8685 -0.0725,
0.0153 0.9736 -0.2276,
0.3291 0.5999 -0.7293,
-0.1826 0.9522 0.2448,
0.0153 0.9736 -0.2276,
0.4903 0.8685 -0.0725,
0.1684 0.7757 0.6082,
-0.1826 0.9522 0.2448,
0.4903 0.8685 -0.0725,
-0.5050 0.6455 0.5729,
-0.1826 0.9522 0.2448,
0.1684 0.7757 0.6082,
-0.2269 0.3222 0.9191,
-0.5050 0.6455 0.5729,
0.1684 0.7757 0.6082,
0.1514 0.3995 0.9042,
-0.2269 0.3222 0.9191,
0.1684 0.7757 0.6082,
0.3266 0.7662 0.5534,
0.1514 0.3995 0.9042,
0.1684 0.7757 0.6082,
-0.0883 0.4651 0.8808,
0.1514 0.3995 0.9042,
0.3266 0.7662 0.5534,
-0.2352 0.8685 0.4363,
-0.0883 0.4651 0.8808,
0.3266 0.7662 0.5534,
0.1797 0.9788 0.0980,
-0.2352 0.8685 0.4363,
0.3266 0.7662 0.5534,
0.5750 0.8137 0.0847,
0.1797 0.9788 0.0980,
0.3266 0.7662 0.5534,
0.2658 0.8632 -0.4292,
0.1797 0.9788 0.0980,
0.5750 0.8137 0.0847,
0.6643 0.4408 -0.6037,
0.2658 0.8632 -0.4292,
0.5750 0.8137 0.0847,
0.2726 0.4898 -0.8281,
0.2658 0.8632 -0.4292,
0.6643 0.4408 -0.6037,
0.4843 -0.0053 -0.8749,
0.2726 0.4898 -0.8281,
0.6643 0.4408 -0.6037,
-0.0923 0.1160 -0.9890,
0.2726 0.4898 -0.8281,
0.4843 -0.0053 -0.8749,
0.0972 -0.4249 -0.9000,
-0.0923 0.1160 -0.9890,
0.4843 -0.0053 -0.8749,
0.3966 -0.0653 -0.9157,
0.0972 -0.4249 -0.9000,
0.4843 -0.0053 -0.8749,
-0.0818 -0.7917 -0.6054,
0.0972 -0.4249 -0.9000,
0.3966 -0.0653 -0.9157,
-0.3205 -0.6123 -0.7228,
-0.0818 -0.7917 -0.6054,
0.3966 -0.0653 -0.9157,
-0.3980 -0.0305 -0.9169,
-0.3205 -0.6123 -0.7228,
0.3966 -0.0653 -0.9157,
-0.1028 0.4250 -0.8993,
-0.3980 -0.0305 -0.9169,
0.3966 -0.0653 -0.9157,
-0.3487 0.2786 -0.8949,
-0.3980 -0.0305 -0.9169,
-0.1028 0.4250 -0.8993,
-0.3129 0.4162 -0.8538,
-0.3487 0.2786 -0.8949,
-0.1028 0.4250 -0.8993,
-0.4315 0.1360 -0.8918,
-0.3980 -0.0305 -0.9169,
-0.3487 0.2786 -0.8949,
-0.7513 -0.0434 -0.6585,
-0.3980 -0.0305 -0.9169,
-0.4315 0.1360 -0.8918,
-0.5736 -0.1532 -0.8047,
-0.7513 -0.0434 -0.6585,
-0.4315 0.1360 -0.8918,
-0.3519 -0.0769 -0.9329,
-0.5736 -0.1532 -0.8047,
-0.4315 0.1360 -0.8918,
-0.3260 0.1642 -0.9310,
-0.3519 -0.0769 -0.9329,
-0.4315 0.1360 -0.8918,
-0.1116 -0.1606 -0.9807,
-0.3519 -0.0769 -0.9329,
-0.3260 0.1642 -0.9310,
0.0835 0.0760 -0.9936,
-0.1116 -0.1606 -0.9807,
-0.3260 0.1642 -0.9310,
0.0973 0.3162 -0.9437,
0.0835 0.0760 -0.9936,
-0.3260 0.1642 -0.9310,
-0.2009 0.2889 -0.9360,
0.0973 0.3162 -0.9437,
-0.3260 0.1642 -0.9310,
-0.2232 -0.4031 -0.8875,
-0.3519 -0.0769 -0.9329,
-0.1116 -0.1606 -0.9807,
-0.1143 -0.3364 -0.9348,
-0.2232 -0.4031 -0.8875,
-0.1116 -0.1606 -0.9807,
-0.0057 -0.1277 -0.9918,
-0.1143 -0.3364 -0.9348,
-0.1116 -0.1606 -0.9807,
0.0835 0.0760 -0.9936,
-0.0057 -0.1277 -0.9918,
-0.1116 -0.1606 -0.9807,
0.3288 0.1820 -0.9267,
-0.0057 -0.1277 -0.9918,
0.0835 0.0760 -0.9936,
0.0973 0.3162 -0.9437,
0.3288 0.1820 -0.9267,
0.0835 0.0760 -0.9936,
0.3122 0.3008 -0.9011,
0.3288 0.1820 -0.9267,
0.0973 0.3162 -0.9437,
0.0955 0.5071 -0.8566,
0.3122 0.3008 -0.9011,
0.0973 0.3162 -0.9437,
-0.1321 0.4691 -0.8732,
0.0955 0.5071 -0.8566,
0.0973 0.3162 -0.9437,
-0.2009 0.2889 -0.9360,
-0.1321 0.4691 -0.8732,
0.0973 0.3162 -0.9437,
0.0516 0.7969 -0.6019,
0.0955 0.5071 -0.8566,
-0.1321 0.4691 -0.8732,
0.2618 0.8289 -0.4944,
0.0955 0.5071 -0.8566,
0.0516 0.7969 -0.6019,
0.6700 0.4543 -0.5871,
0.0955 0.5071 -0.8566,
0.2618 0.8289 -0.4944,
0.3122 0.3008 -0.9011,
0.0955 0.5071 -0.8566,
0.6700 0.4543 -0.5871,
0.7324 0.3397 -0.5901,
0.3288 0.1820 -0.9267,
0.3122 0.3008 -0.9011,
0.6487 0.2134 -0.7305,
0.3288 0.1820 -0.9267,
0.7324 0.3397 -0.5901,
0.5751 0.3220 -0.7521,
0.3288 0.1820 -0.9267,
0.6487 0.2134 -0.7305,
0.1177 0.1632 -0.9796,
0.3288 0.1820 -0.9267,
0.5751 0.3220 -0.7521,
0.5999 0.3060 -0.7392,
0.1177 0.1632 -0.9796,
0.5751 0.3220 -0.7521,
0.7991 0.5357 -0.2729,
0.5999 0.3060 -0.7392,
0.5751 0.3220 -0.7521,
0.6487 0.2134 -0.7305,
0.7991 0.5357 -0.2729,
0.5751 0.3220 -0.7521,
0.8084 0.2796 -0.5180,
0.7991 0.5357 -0.2729,
0.6487 0.2134 -0.7305,
-0.1012 0.5661 -0.8181,
0.1177 0.1632 -0.9796,
0.5999 0.3060 -0.7392,
-0.3076 -0.1869 -0.9330,
0.1177 0.1632 -0.9796,
-0.1012 0.5661 -0.8181,
-0.7417 0.0238 -0.6704,
-0.3076 -0.1869 -0.9330,
-0.1012 0.5661 -0.8181,
-0.6904 0.4007 -0.6023,
-0.7417 0.0238 -0.6704,
-0.1012 0.5661 -0.8181,
-0.2255 0.6282 -0.7447,
-0.6904 0.4007 -0.6023,
-0.1012 0.5661 -0.8181,
-0.6503 0.1930 -0.7347,
-0.6904 0.4007 -0.6023,
-0.2255 0.6282 -0.7447,
-0.0923 0.1160 -0.9890,
-0.6503 0.1930 -0.7347,
-0.2255 0.6282 -0.7447,
0.2726 0.4898 -0.8281,
-0.0923 0.1160 -0.9890,
-0.2255 0.6282 -0.7447,
0.2415 0.8441 -0.4788,
0.2726 0.4898 -0.8281,
-0.2255 0.6282 -0.7447,
0.7223 0.4565 -0.5195,
0.2726 0.4898 -0.8281,
0.2415 0.8441 -0.4788,
0.7744 0.6210 0.1214,
0.7223 0.4565 -0.5195,
0.2415 0.8441 -0.4788,
0.9564 0.2869 -0.0556,
0.7223 0.4565 -0.5195,
0.7744 0.6210 0.1214,
0.8230 0.3235 0.4669,
0.9564 0.2869 -0.0556,
0.7744 0.6210 0.1214,
0.9600 -0.1963 0.1999,
0.9564 0.2869 -0.0556,
0.8230 0.3235 0.4669,
0.6873 -0.1691 0.7065,
0.9600 -0.1963 0.1999,
0.8230 0.3235 0.4669,
0.8444 0.2458 0.4759,
0.6873 -0.1691 0.7065,
0.8230 0.3235 0.4669,
0.7744 0.6210 0.1214,
0.8444 0.2458 0.4759,
0.8230 0.3235 0.4669,
0.4719 -0.4977 0.7277,
0.6873 -0.1691 0.7065,
0.8444 0.2458 0.4759,
0.8319 -0.5183 0.1982,
0.4719 -0.4977 0.7277,
0.8444 0.2458 0.4759,
0.9899 -0.0960 -0.1046,
0.8319 -0.5183 0.1982,
0.8444 0.2458 0.4759,
0.9138 -0.3933 -0.1009,
0.8319 -0.5183 0.1982,
0.9899 -0.0960 -0.1046,
0.9282 -0.2070 -0.3091,
0.9138 -0.3933 -0.1009,
0.9899 -0.0960 -0.1046,
0.8153 -0.5776 0.0412,
0.8319 -0.5183 0.1982,
0.9138 -0.3933 -0.1009,
0.5785 -0.8157 0.0004,
0.8319 -0.5183 0.1982,
0.8153 -0.5776 0.0412,
0.7197 -0.6713 0.1773,
0.5785 -0.8157 0.0004,
0.8153 -0.5776 0.0412,
0.9029 -0.4266 0.0519,
0.7197 -0.6713 0.1773,
0.8153 -0.5776 0.0412,
0.9138 -0.3933 -0.1009,
0.9029 -0.4266 0.0519,
0.8153 -0.5776 0.0412,
0.9783 -0.1124 -0.1738,
0.9029 -0.4266 0.0519,
0.9138 -0.3933 -0.1009,
0.9282 -0.2070 -0.3091,
0.9783 -0.1124 -0.1738,
0.9138 -0.3933 -0.1009,
0.9206 0.0717 -0.3838,
0.9783 -0.1124 -0.1738,
0.9282 -0.2070 -0.3091,
0.9825 -0.1770 0.0587,
0.9029 -0.4266 0.0519,
0.9783 -0.1124 -0.1738,
0.9976 -0.0473 0.0508,
0.9825 -0.1770 0.0587,
0.9783 -0.1124 -0.1738,
0.8539 -0.2233 0.4701,
0.9825 -0.1770 0.0587,
0.9976 -0.0473 0.0508,
0.9456 0.0259 0.3243,
0.8539 -0.2233 0.4701,
0.9976 -0.0473 0.0508,
0.9029 -0.4266 0.0519,
0.9825 -0.1770 0.0587,
0.8539 -0.2233 0.4701,
0.8100 -0.4749 0.3441,
0.7197 -0.6713 0.1773,
0.9029 -0.4266 0.0519,
0.8539 -0.2233 0.4701,
0.8100 -0.4749 0.3441,
0.9029 -0.4266 0.0519,
0.5421 -0.7194 0.4342,
0.7197 -0.6713 0.1773,
0.8100 -0.4749 0.3441,
0.7153 -0.3066 0.6280,
0.5421 -0.7194 0.4342,
0.8100 -0.4749 0.3441,
0.5139 -0.8240 0.2387,
0.5785 -0.8157 0.0004,
0.7197 -0.6713 0.1773,
0.5421 -0.7194 0.4342,
0.5139 -0.8240 0.2387,
0.7197 -0.6713 0.1773,
0.3621 -0.8384 0.4075,
0.5139 -0.8240 0.2387,
0.5421 -0.7194 0.4342,
0.1313 -0.9731 0.1892,
0.5139 -0.8240 0.2387,
0.3621 -0.8384 0.4075,
0.4157 -0.9027 0.1106,
0.5139 -0.8240 0.2387,
0.1313 -0.9731 0.1892,
0.2497 -0.9656 -0.0726,
0.4157 -0.9027 0.1106,
0.1313 -0.9731 0.1892,
0.4157 -0.9027 0.1106,
0.5785 -0.8157 0.0004,
0.5139 -0.8240 0.2387,
0.2497 -0.9656 -0.0726,
0.5785 -0.8157 0.0004,
0.4157 -0.9027 0.1106,
0.3490 -0.9188 0.1845,
0.8319 -0.5183 0.1982,
0.5785 -0.8157 0.0004,
0.4719 -0.4977 0.7277,
0.8319 -0.5183 0.1982,
0.3490 -0.9188 0.1845,
-0.2259 -0.8126 0.5372,
0.4719 -0.4977 0.7277,
0.3490 -0.9188 0.1845,
-0.1528 -0.9784 -0.1391,
-0.2259 -0.8126 0.5372,
0.3490 -0.9188 0.1845,
0.3503 -0.9285 -0.1232,
-0.1528 -0.9784 -0.1391,
0.3490 -0.9188 0.1845,
0.0205 -0.9791 -0.2021,
-0.1528 -0.9784 -0.1391,
0.3503 -0.9285 -0.1232,
-0.1794 -0.8299 -0.5283,
-0.1528 -0.9784 -0.1391,
0.0205 -0.9791 -0.2021,
-0.8221 -0.5573 -0.1167,
-0.2259 -0.8126 0.5372,
-0.1528 -0.9784 -0.1391,
-0.4349 -0.5679 -0.6988,
-0.8221 -0.5573 -0.1167,
-0.1528 -0.9784 -0.1391,
-0.1794 -0.8299 -0.5283,
-0.4349 -0.5679 -0.6988,
-0.1528 -0.9784 -0.1391,
-0.6604 -0.6217 0.4212,
-0.2259 -0.8126 0.5372,
-0.8221 -0.5573 -0.1167,
-0.9162 -0.3966 -0.0572,
-0.6604 -0.6217 0.4212,
-0.8221 -0.5573 -0.1167,
-0.9177 0.0396 -0.3954,
-0.9162 -0.3966 -0.0572,
-0.8221 -0.5573 -0.1167,
-0.8146 -0.3405 -0.4695,
-0.9162 -0.3966 -0.0572,
-0.9177 0.0396 -0.3954,
-0.6678 -0.7440 -0.0249,
-0.9162 -0.3966 -0.0572,
-0.8146 -0.3405 -0.4695,
-0.3581 -0.7472 -0.5598,
-0.6678 -0.7440 -0.0249,
-0.8146 -0.3405 -0.4695,
-0.4296 -0.2925 -0.8544,
-0.3581 -0.7472 -0.5598,
-0.8146 -0.3405 -0.4695,
0.0883 -0.4651 -0.8808,
-0.3581 -0.7472 -0.5598,
-0.4296 -0.2925 -0.8544,
0.2352 -0.8685 -0.4363,
-0.3581 -0.7472 -0.5598,
0.0883 -0.4651 -0.8808,
0.5798 -0.4988 -0.6442,
0.2352 -0.8685 -0.4363,
0.0883 -0.4651 -0.8808,
0.5010 -0.0053 -0.8654,
0.5798 -0.4988 -0.6442,
0.0883 -0.4651 -0.8808,
0.9029 -0.1246 -0.4113,
0.5798 -0.4988 -0.6442,
0.5010 -0.0053 -0.8654,
0.7386 -0.6581 -0.1461,
0.5798 -0.4988 -0.6442,
0.9029 -0.1246 -0.4113,
0.2352 -0.8685 -0.4363,
0.5798 -0.4988 -0.6442,
0.7386 -0.6581 -0.1461,
0.2922 -0.9402 0.1749,
0.2352 -0.8685 -0.4363,
0.7386 -0.6581 -0.1461,
0.6768 -0.6208 0.3956,
0.2922 -0.9402 0.1749,
0.7386 -0.6581 -0.1461,
0.2449 -0.6789 0.6922,
0.2922 -0.9402 0.1749,
0.6768 -0.6208 0.3956,
-0.2658 -0.8632 0.4292,
0.2922 -0.9402 0.1749,
0.2449 -0.6789 0.6922,
-0.2138 -0.6382 0.7395,
-0.2658 -0.8632 0.4292,
0.2449 -0.6789 0.6922,
0.1448 -0.5139 0.8455,
-0.2138 -0.6382 0.7395,
0.2449 -0.6789 0.6922,
-0.1797 -0.9788 -0.0980,
0.2922 -0.9402 0.1749,
-0.2658 -0.8632 0.4292,
0.2352 -0.8685 -0.4363,
0.2922 -0.9402 0.1749,
-0.1797 -0.9788 -0.0980,
-0.3581 -0.7472 -0.5598,
0.2352 -0.8685 -0.4363,
-0.1797 -0.9788 -0.0980,
-0.6678 -0.7440 -0.0249,
-0.3581 -0.7472 -0.5598,
-0.1797 -0.9788 -0.0980,
-0.2658 -0.8632 0.4292,
-0.6678 -0.7440 -0.0249,
-0.1797 -0.9788 -0.0980,
-0.6604 -0.6217 0.4212,
-0.9162 -0.3966 -0.0572,
-0.6678 -0.7440 -0.0249,
-0.2658 -0.8632 0.4292,
-0.6604 -0.6217 0.4212,
-0.6678 -0.7440 -0.0249,
-0.2138 -0.6382 0.7395,
-0.6604 -0.6217 0.4212,
-0.2658 -0.8632 0.4292,
-0.2259 -0.8126 0.5372,
-0.6604 -0.6217 0.4212,
-0.2138 -0.6382 0.7395,
0.1448 -0.5139 0.8455,
-0.2259 -0.8126 0.5372,
-0.2138 -0.6382 0.7395,
0.4719 -0.4977 0.7277,
-0.2259 -0.8126 0.5372,
0.1448 -0.5139 0.8455,
0.1448 -0.5139 0.8455,
0.6873 -0.1691 0.7065,
0.4719 -0.4977 0.7277,
0.2449 -0.6789 0.6922,
0.6873 -0.1691 0.7065,
0.1448 -0.5139 0.8455,
0.6768 -0.6208 0.3956,
0.6873 -0.1691 0.7065,
0.2449 -0.6789 0.6922,
0.9600 -0.1963 0.1999,
0.6873 -0.1691 0.7065,
0.6768 -0.6208 0.3956,
0.7386 -0.6581 -0.1461,
0.9600 -0.1963 0.1999,
0.6768 -0.6208 0.3956,
0.9029 -0.1246 -0.4113,
0.9600 -0.1963 0.1999,
0.7386 -0.6581 -0.1461,
0.9564 0.2869 -0.0556,
0.9600 -0.1963 0.1999,
0.9029 -0.1246 -0.4113,
0.7223 0.4565 -0.5195,
0.9564 0.2869 -0.0556,
0.9029 -0.1246 -0.4113,
0.5010 -0.0053 -0.8654,
0.7223 0.4565 -0.5195,
0.9029 -0.1246 -0.4113,
0.2726 0.4898 -0.8281,
0.7223 0.4565 -0.5195,
0.5010 -0.0053 -0.8654,
-0.0923 0.1160 -0.9890,
0.2726 0.4898 -0.8281,
0.5010 -0.0053 -0.8654,
0.0883 -0.4651 -0.8808,
-0.0923 0.1160 -0.9890,
0.5010 -0.0053 -0.8654,
-0.4296 -0.2925 -0.8544,
-0.0923 0.1160 -0.9890,
0.0883 -0.4651 -0.8808,
-0.6503 0.1930 -0.7347,
-0.0923 0.1160 -0.9890,
-0.4296 -0.2925 -0.8544,
-0.8146 -0.3405 -0.4695,
-0.6503 0.1930 -0.7347,
-0.4296 -0.2925 -0.8544,
-0.9177 0.0396 -0.3954,
-0.6503 0.1930 -0.7347,
-0.8146 -0.3405 -0.4695,
-0.6904 0.4007 -0.6023,
-0.6503 0.1930 -0.7347,
-0.9177 0.0396 -0.3954,
-0.7417 0.0238 -0.6704,
-0.6904 0.4007 -0.6023,
-0.9177 0.0396 -0.3954,
-0.8221 -0.5573 -0.1167,
-0.7417 0.0238 -0.6704,
-0.9177 0.0396 -0.3954,
-0.4349 -0.5679 -0.6988,
-0.7417 0.0238 -0.6704,
-0.8221 -0.5573 -0.1167,
-0.3076 -0.1869 -0.9330,
-0.7417 0.0238 -0.6704,
-0.4349 -0.5679 -0.6988,
-0.0057 -0.1277 -0.9918,
0.3288 0.1820 -0.9267,
0.1177 0.1632 -0.9796,
-0.3076 -0.1869 -0.9330,
-0.0057 -0.1277 -0.9918,
0.1177 0.1632 -0.9796,
-0.1143 -0.3364 -0.9348,
-0.0057 -0.1277 -0.9918,
-0.3076 -0.1869 -0.9330,
-0.4349 -0.5679 -0.6988,
-0.1143 -0.3364 -0.9348,
-0.3076 -0.1869 -0.9330,
-0.1762 -0.6419 -0.7462,
-0.1143 -0.3364 -0.9348,
-0.4349 -0.5679 -0.6988,
-0.2232 -0.4031 -0.8875,
-0.1143 -0.3364 -0.9348,
-0.1762 -0.6419 -0.7462,
-0.3937 -0.5447 -0.7404,
-0.2232 -0.4031 -0.8875,
-0.1762 -0.6419 -0.7462,
-0.1632 -0.7130 -0.6819,
-0.3937 -0.5447 -0.7404,
-0.1762 -0.6419 -0.7462,
-0.1868 -0.8396 -0.5101,
-0.3937 -0.5447 -0.7404,
-0.1632 -0.7130 -0.6819,
-0.5064 -0.6593 -0.5557,
-0.3937 -0.5447 -0.7404,
-0.1868 -0.8396 -0.5101,
-0.3755 -0.8597 -0.3462,
-0.5064 -0.6593 -0.5557,
-0.1868 -0.8396 -0.5101,
-0.6894 -0.6337 -0.3510,
-0.5064 -0.6593 -0.5557,
-0.3755 -0.8597 -0.3462,
-0.4561 -0.8368 -0.3031,
-0.6894 -0.6337 -0.3510,
-0.3755 -0.8597 -0.3462,
-0.8411 -0.4852 -0.2390,
-0.6894 -0.6337 -0.3510,
-0.4561 -0.8368 -0.3031,
-0.6685 -0.7430 -0.0329,
-0.8411 -0.4852 -0.2390,
-0.4561 -0.8368 -0.3031,
-0.2202 -0.9730 -0.0691,
-0.6685 -0.7430 -0.0329,
-0.4561 -0.8368 -0.3031,
-0.2150 -0.9300 -0.2982,
-0.2202 -0.9730 -0.0691,
-0.4561 -0.8368 -0.3031,
-0.3755 -0.8597 -0.3462,
-0.2150 -0.9300 -0.2982,
-0.4561 -0.8368 -0.3031,
-0.1868 -0.8396 -0.5101,
-0.2150 -0.9300 -0.2982,
-0.3755 -0.8597 -0.3462,
0.0293 -0.9996 0.0013,
-0.2202 -0.9730 -0.0691,
-0.2150 -0.9300 -0.2982,
0.0197 -0.9639 0.2656,
-0.2202 -0.9730 -0.0691,
0.0293 -0.9996 0.0013,
-0.2581 -0.8648 0.4308,
-0.2202 -0.9730 -0.0691,
0.0197 -0.9639 0.2656,
-0.6685 -0.7430 -0.0329,
-0.2202 -0.9730 -0.0691,
-0.2581 -0.8648 0.4308,
-0.7242 -0.4495 0.5230,
-0.6685 -0.7430 -0.0329,
-0.2581 -0.8648 0.4308,
-0.3074 -0.5135 0.8012,
-0.7242 -0.4495 0.5230,
-0.2581 -0.8648 0.4308,
-0.5648 -0.2639 0.7819,
-0.7242 -0.4495 0.5230,
-0.3074 -0.5135 0.8012,
-0.8771 -0.1796 0.4455,
-0.7242 -0.4495 0.5230,
-0.5648 -0.2639 0.7819,
-0.7593 -0.1362 0.6363,
-0.8771 -0.1796 0.4455,
-0.5648 -0.2639 0.7819,
-0.4941 -0.2349 0.8370,
-0.7593 -0.1362 0.6363,
-0.5648 -0.2639 0.7819,
-0.9161 -0.0803 0.3929,
-0.8771 -0.1796 0.4455,
-0.7593 -0.1362 0.6363,
-0.8226 0.0941 0.5608,
-0.9161 -0.0803 0.3929,
-0.7593 -0.1362 0.6363,
-0.9606 0.0790 0.2666,
-0.9161 -0.0803 0.3929,
-0.8226 0.0941 0.5608,
-0.9767 -0.0989 0.1905,
-0.8771 -0.1796 0.4455,
-0.9161 -0.0803 0.3929,
-0.9606 0.0790 0.2666,
-0.9767 -0.0989 0.1905,
-0.9161 -0.0803 0.3929,
-0.9674 0.1566 0.1991,
-0.9767 -0.0989 0.1905,
-0.9606 0.0790 0.2666,
-0.9199 0.3105 0.2395,
-0.9674 0.1566 0.1991,
-0.9606 0.0790 0.2666,
-0.9946 -0.0976 -0.0352,
-0.9767 -0.0989 0.1905,
-0.9674 0.1566 0.1991,
-0.9695 -0.2409 0.0445,
-0.9946 -0.0976 -0.0352,
-0.9674 0.1566 0.1991,
-0.9261 -0.0775 -0.3692,
-0.9946 -0.0976 -0.0352,
-0.9695 -0.2409 0.0445,
-0.9482 -0.2797 -0.1505,
-0.9767 -0.0989 0.1905,
-0.9946 -0.0976 -0.0352,
-0.9261 -0.0775 -0.3692,
-0.9482 -0.2797 -0.1505,
-0.9946 -0.0976 -0.0352,
-0.9231 -0.1640 -0.3479,
-0.9482 -0.2797 -0.1505,
-0.9261 -0.0775 -0.3692,
-0.9408 -0.3310 0.0734,
-0.8771 -0.1796 0.4455,
-0.9767 -0.0989 0.1905,
-0.9482 -0.2797 -0.1505,
-0.9408 -0.3310 0.0734,
-0.9767 -0.0989 0.1905,
-0.7242 -0.4495 0.5230,
-0.8771 -0.1796 0.4455,
-0.9408 -0.3310 0.0734,
-0.6685 -0.7430 -0.0329,
-0.7242 -0.4495 0.5230,
-0.9408 -0.3310 0.0734,
-0.8411 -0.4852 -0.2390,
-0.6685 -0.7430 -0.0329,
-0.9408 -0.3310 0.0734,
-0.9482 -0.2797 -0.1505,
-0.8411 -0.4852 -0.2390,
-0.9408 -0.3310 0.0734,
-0.8700 -0.4030 -0.2840,
-0.8411 -0.4852 -0.2390,
-0.9482 -0.2797 -0.1505,
-0.9231 -0.1640 -0.3479,
-0.8700 -0.4030 -0.2840,
-0.9482 -0.2797 -0.1505,
-0.7988 -0.2271 -0.5571,
-0.8700 -0.4030 -0.2840,
-0.9231 -0.1640 -0.3479,
-0.6689 -0.2881 -0.6852,
-0.8700 -0.4030 -0.2840,
-0.7988 -0.2271 -0.5571,
-0.6371 -0.4866 -0.5978,
-0.8700 -0.4030 -0.2840,
-0.6689 -0.2881 -0.6852,
-0.6894 -0.6337 -0.3510,
-0.8411 -0.4852 -0.2390,
-0.8700 -0.4030 -0.2840,
-0.6371 -0.4866 -0.5978,
-0.6894 -0.6337 -0.3510,
-0.8700 -0.4030 -0.2840,
-0.5064 -0.6593 -0.5557,
-0.6894 -0.6337 -0.3510,
-0.6371 -0.4866 -0.5978,
-0.3937 -0.5447 -0.7404,
-0.5064 -0.6593 -0.5557,
-0.6371 -0.4866 -0.5978,
-0.5120 -0.4066 -0.7566,
-0.3937 -0.5447 -0.7404,
-0.6371 -0.4866 -0.5978,
-0.6689 -0.2881 -0.6852,
-0.5120 -0.4066 -0.7566,
-0.6371 -0.4866 -0.5978,
-0.2232 -0.4031 -0.8875,
-0.3937 -0.5447 -0.7404,
-0.5120 -0.4066 -0.7566,
-0.3519 -0.0769 -0.9329,
-0.2232 -0.4031 -0.8875,
-0.5120 -0.4066 -0.7566,
-0.5736 -0.1532 -0.8047,
-0.3519 -0.0769 -0.9329,
-0.5120 -0.4066 -0.7566,
-0.7898 -0.3213 -0.5224,
-0.3980 -0.0305 -0.9169,
-0.7513 -0.0434 -0.6585,
-0.3205 -0.6123 -0.7228,
-0.3980 -0.0305 -0.9169,
-0.7898 -0.3213 -0.5224,
-0.5820 -0.8081 -0.0910,
-0.3205 -0.6123 -0.7228,
-0.7898 -0.3213 -0.5224,
-0.0818 -0.7917 -0.6054,
-0.3205 -0.6123 -0.7228,
-0.5820 -0.8081 -0.0910,
-0.3482 -0.9262 -0.1447,
-0.0818 -0.7917 -0.6054,
-0.5820 -0.8081 -0.0910,
-0.4533 -0.8062 0.3803,
-0.3482 -0.9262 -0.1447,
-0.5820 -0.8081 -0.0910,
-0.5826 -0.3743 0.7214,
-0.4533 -0.8062 0.3803,
-0.5820 -0.8081 -0.0910,
-0.4136 -0.4106 0.8126,
-0.4533 -0.8062 0.3803,
-0.5826 -0.3743 0.7214,
-0.1212 0.0217 0.9924,
-0.4136 -0.4106 0.8126,
-0.5826 -0.3743 0.7214,
-0.5010 0.0053 0.8654,
-0.4136 -0.4106 0.8126,
-0.1212 0.0217 0.9924,
-0.7223 -0.4565 0.5195,
-0.4136 -0.4106 0.8126,
-0.5010 0.0053 0.8654,
-0.9029 0.1246 0.4113,
-0.7223 -0.4565 0.5195,
-0.5010 0.0053 0.8654,
-0.5798 0.4988 0.6442,
-0.9029 0.1246 0.4113,
-0.5010 0.0053 0.8654,
-0.7386 0.6581 0.1461,
-0.9029 0.1246 0.4113,
-0.5798 0.4988 0.6442,
-0.9600 0.1963 -0.1999,
-0.9029 0.1246 0.4113,
-0.7386 0.6581 0.1461,
-0.6768 0.6208 -0.3956,
-0.9600 0.1963 -0.1999,
-0.7386 0.6581 0.1461,
-0.2922 0.9402 -0.1749,
-0.6768 0.6208 -0.3956,
-0.7386 0.6581 0.1461,
-0.2376 0.6528 -0.7193,
-0.6768 0.6208 -0.3956,
-0.2922 0.9402 -0.1749,
-0.6503 0.1930 -0.7347,
-0.6768 0.6208 -0.3956,
-0.2376 0.6528 -0.7193,
-0.9600 0.1963 -0.1999,
-0.6768 0.6208 -0.3956,
-0.6503 0.1930 -0.7347,
-0.8146 -0.3405 -0.4695,
-0.9600 0.1963 -0.1999,
-0.6503 0.1930 -0.7347,
-0.4296 -0.2925 -0.8544,
-0.8146 -0.3405 -0.4695,
-0.6503 0.1930 -0.7347,
-0.3919 -0.7290 -0.5612,
-0.8146 -0.3405 -0.4695,
-0.4296 -0.2925 -0.8544,
-0.6678 -0.7440 -0.0249,
-0.8146 -0.3405 -0.4695,
-0.3919 -0.7290 -0.5612,
-0.9564 -0.2869 0.0556,
-0.8146 -0.3405 -0.4695,
-0.6678 -0.7440 -0.0249,
-0.9600 0.1963 -0.1999,
-0.8146 -0.3405 -0.4695,
-0.9564 -0.2869 0.0556,
-0.9029 0.1246 0.4113,
-0.9600 0.1963 -0.1999,
-0.9564 -0.2869 0.0556,
-0.7223 -0.4565 0.5195,
-0.9029 0.1246 0.4113,
-0.9564 -0.2869 0.0556,
-0.6678 -0.7440 -0.0249,
-0.7223 -0.4565 0.5195,
-0.9564 -0.2869 0.0556,
-0.4533 -0.8062 0.3803,
-0.4136 -0.4106 0.8126,
-0.7223 -0.4565 0.5195,
-0.6678 -0.7440 -0.0249,
-0.4533 -0.8062 0.3803,
-0.7223 -0.4565 0.5195,
-0.3482 -0.9262 -0.1447,
-0.4533 -0.8062 0.3803,
-0.6678 -0.7440 -0.0249,
-0.3919 -0.7290 -0.5612,
-0.3482 -0.9262 -0.1447,
-0.6678 -0.7440 -0.0249,
-0.0818 -0.7917 -0.6054,
-0.3482 -0.9262 -0.1447,
-0.3919 -0.7290 -0.5612,
0.0972 -0.4249 -0.9000,
-0.0818 -0.7917 -0.6054,
-0.3919 -0.7290 -0.5612,
-0.4296 -0.2925 -0.8544,
0.0972 -0.4249 -0.9000,
-0.3919 -0.7290 -0.5612,
-0.0923 0.1160 -0.9890,
0.0972 -0.4249 -0.9000,
-0.4296 -0.2925 -0.8544,
-0.6503 0.1930 -0.7347,
-0.0923 0.1160 -0.9890,
-0.4296 -0.2925 -0.8544,
-0.2376 0.6528 -0.7193,
-0.0923 0.1160 -0.9890,
-0.6503 0.1930 -0.7347,
0.2726 0.4898 -0.8281,
-0.0923 0.1160 -0.9890,
-0.2376 0.6528 -0.7193,
0.2658 0.8632 -0.4292,
0.2726 0.4898 -0.8281,
-0.2376 0.6528 -0.7193,
-0.2922 0.9402 -0.1749,
0.2658 0.8632 -0.4292,
-0.2376 0.6528 -0.7193,
0.1797 0.9788 0.0980,
0.2658 0.8632 -0.4292,
-0.2922 0.9402 -0.1749,
-0.2352 0.8685 0.4363,
0.1797 0.9788 0.0980,
-0.2922 0.9402 -0.1749,
-0.7386 0.6581 0.1461,
-0.2352 0.8685 0.4363,
-0.2922 0.9402 -0.1749,
-0.5798 0.4988 0.6442,
-0.2352 0.8685 0.4363,
-0.7386 0.6581 0.1461,
-0.0883 0.4651 0.8808,
-0.2352 0.8685 0.4363,
-0.5798 0.4988 0.6442,
-0.5010 0.0053 0.8654,
-0.0883 0.4651 0.8808,
-0.5798 0.4988 0.6442,
-0.1212 0.0217 0.9924,
-0.0883 0.4651 0.8808,
-0.5010 0.0053 0.8654,
0.1514 0.3995 0.9042,
-0.0883 0.4651 0.8808,
-0.1212 0.0217 0.9924,
-0.2269 0.3222 0.9191,
0.1514 0.3995 0.9042,
-0.1212 0.0217 0.9924,
-0.5826 -0.3743 0.7214,
-0.2269 0.3222 0.9191,
-0.1212 0.0217 0.9924,
-0.7846 0.2743 0.5561,
-0.5050 0.6455 0.5729,
-0.2269 0.3222 0.9191,
-0.5826 -0.3743 0.7214,
-0.7846 0.2743 0.5561,
-0.2269 0.3222 0.9191,
-0.3423 0.1279 0.9309,
-0.2784 0.2553 0.9259,
-0.5123 0.2592 0.8188,
-0.3423 0.1279 0.9309,
-0.2928 -0.0687 0.9537,
-0.2784 0.2553 0.9259,
-0.5123 0.2592 0.8188,
-0.2928 -0.0687 0.9537,
-0.3423 0.1279 0.9309,
-0.6637 0.1363 0.7354,
-0.2928 -0.0687 0.9537,
-0.5123 0.2592 0.8188,
-0.5736 -0.1532 -0.8047,
-0.5120 -0.4066 -0.7566,
-0.6689 -0.2881 -0.6852,
-0.7513 -0.0434 -0.6585,
-0.5736 -0.1532 -0.8047,
-0.6689 -0.2881 -0.6852,
-0.7988 -0.2271 -0.5571,
-0.7513 -0.0434 -0.6585,
-0.6689 -0.2881 -0.6852,
-0.9231 -0.1640 -0.3479,
-0.7513 -0.0434 -0.6585,
-0.7988 -0.2271 -0.5571,
0.7153 -0.3066 0.6280,
0.8100 -0.4749 0.3441,
0.8539 -0.2233 0.4701,
-0.6297 0.6767 0.3815,
-0.7169 0.5113 0.4741,
-0.1345 0.8471 0.5141,
-0.9261 -0.0775 -0.3692,
-0.7513 -0.0434 -0.6585,
-0.9231 -0.1640 -0.3479,
-0.7898 -0.3213 -0.5224,
-0.7513 -0.0434 -0.6585,
-0.9261 -0.0775 -0.3692,
-0.9695 -0.2409 0.0445,
-0.7898 -0.3213 -0.5224,
-0.9261 -0.0775 -0.3692,
-0.5820 -0.8081 -0.0910,
-0.7898 -0.3213 -0.5224,
-0.9695 -0.2409 0.0445,
-0.5826 -0.3743 0.7214,
-0.5820 -0.8081 -0.0910,
-0.9695 -0.2409 0.0445,
-0.7846 0.2743 0.5561,
-0.5826 -0.3743 0.7214,
-0.9695 -0.2409 0.0445,
-0.9674 0.1566 0.1991,
-0.7846 0.2743 0.5561,
-0.9695 -0.2409 0.0445,
-0.8438 0.4168 0.3380,
-0.7846 0.2743 0.5561,
-0.9674 0.1566 0.1991,
-0.9199 0.3105 0.2395,
-0.8438 0.4168 0.3380,
-0.9674 0.1566 0.1991,
-0.7710 0.3332 0.5427,
-0.8438 0.4168 0.3380,
-0.9199 0.3105 0.2395,
-0.9606 0.0790 0.2666,
-0.7710 0.3332 0.5427,
-0.9199 0.3105 0.2395,
-0.8226 0.0941 0.5608,
-0.7710 0.3332 0.5427,
-0.9606 0.0790 0.2666,
-0.6637 0.1363 0.7354,
-0.7710 0.3332 0.5427,
-0.8226 0.0941 0.5608,
-0.7593 -0.1362 0.6363,
-0.6637 0.1363 0.7354,
-0.8226 0.0941 0.5608,
-0.4941 -0.2349 0.8370,
-0.6637 0.1363 0.7354,
-0.7593 -0.1362 0.6363,
-0.2928 -0.0687 0.9537,
-0.6637 0.1363 0.7354,
-0.4941 -0.2349 0.8370,
-0.3001 -0.2980 0.9062,
-0.2928 -0.0687 0.9537,
-0.4941 -0.2349 0.8370,
-0.5648 -0.2639 0.7819,
-0.3001 -0.2980 0.9062,
-0.4941 -0.2349 0.8370,
-0.3074 -0.5135 0.8012,
-0.3001 -0.2980 0.9062,
-0.5648 -0.2639 0.7819,
-0.0495 -0.5648 0.8237,
-0.3001 -0.2980 0.9062,
-0.3074 -0.5135 0.8012,
-0.0353 -0.7685 0.6389,
-0.0495 -0.5648 0.8237,
-0.3074 -0.5135 0.8012,
-0.2581 -0.8648 0.4308,
-0.0353 -0.7685 0.6389,
-0.3074 -0.5135 0.8012,
0.0197 -0.9639 0.2656,
-0.0353 -0.7685 0.6389,
-0.2581 -0.8648 0.4308,
0.0773 -0.8971 0.4350,
-0.0353 -0.7685 0.6389,
0.0197 -0.9639 0.2656,
0.9942 0.1033 -0.0301,
0.9976 -0.0473 0.0508,
0.9783 -0.1124 -0.1738,
0.8670 0.3159 -0.3853,
0.9942 0.1033 -0.0301,
0.9783 -0.1124 -0.1738,
0.9206 0.0717 -0.3838,
0.8670 0.3159 -0.3853,
0.9783 -0.1124 -0.1738,
0.9312 0.3236 0.1679,
0.9942 0.1033 -0.0301,
0.8670 0.3159 -0.3853,
0.8816 0.4684 -0.0571,
0.9312 0.3236 0.1679,
0.8670 0.3159 -0.3853,
0.9456 0.0259 0.3243,
0.9976 -0.0473 0.0508,
0.9942 0.1033 -0.0301,
0.9312 0.3236 0.1679,
0.9456 0.0259 0.3243,
0.9942 0.1033 -0.0301,
0.9188 0.2219 0.3264,
0.9456 0.0259 0.3243,
0.9312 0.3236 0.1679,
0.8483 0.4219 0.3200,
0.9188 0.2219 0.3264,
0.9312 0.3236 0.1679,
0.7836 0.5753 0.2346,
0.8483 0.4219 0.3200,
0.9312 0.3236 0.1679,
0.8816 0.4684 -0.0571,
0.7836 0.5753 0.2346,
0.9312 0.3236 0.1679,
0.7612 0.6485 0.0050,
0.7836 0.5753 0.2346,
0.8816 0.4684 -0.0571,
0.7336 0.4842 -0.4768,
0.7612 0.6485 0.0050,
0.8816 0.4684 -0.0571,
0.5373 0.7954 0.2805,
0.7612 0.6485 0.0050,
0.7336 0.4842 -0.4768,
0.4262 0.8465 -0.3190,
0.5373 0.7954 0.2805,
0.7336 0.4842 -0.4768,
0.7836 0.5753 0.2346,
0.7612 0.6485 0.0050,
0.5373 0.7954 0.2805,
0.5483 0.6738 0.4953,
0.8483 0.4219 0.3200,
0.7836 0.5753 0.2346,
0.5373 0.7954 0.2805,
0.5483 0.6738 0.4953,
0.7836 0.5753 0.2346,
0.8353 -0.0347 0.5487,
0.8483 0.4219 0.3200,
0.5483 0.6738 0.4953,
0.9188 0.2219 0.3264,
0.8483 0.4219 0.3200,
0.8353 -0.0347 0.5487,
0.8353 -0.0347 0.5487,
0.9456 0.0259 0.3243,
0.9188 0.2219 0.3264,
0.8539 -0.2233 0.4701,
0.9456 0.0259 0.3243,
0.8353 -0.0347 0.5487,
0.7153 -0.3066 0.6280,
0.8539 -0.2233 0.4701,
0.8353 -0.0347 0.5487,
0.7442 0.4193 0.5199,
0.7153 -0.3066 0.6280,
0.8353 -0.0347 0.5487,
0.5483 0.6738 0.4953,
0.7442 0.4193 0.5199,
0.8353 -0.0347 0.5487,
0.0882 0.9308 0.3548,
-0.1345 0.8471 0.5141,
-0.1963 0.5955 0.7790,
0.0882 0.9308 0.3548,
0.1249 0.5821 0.8035,
0.2184 0.8050 0.5515,
-0.1321 0.4691 -0.8732,
-0.2009 0.2889 -0.9360,
-0.3260 0.1642 -0.9310,
0.6700 0.4543 -0.5871,
0.7324 0.3397 -0.5901,
0.3122 0.3008 -0.9011,
0.8084 0.2796 -0.5180,
0.6487 0.2134 -0.7305,
0.7324 0.3397 -0.5901,
-0.3129 0.4162 -0.8538,
-0.4315 0.1360 -0.8918,
-0.3487 0.2786 -0.8949,
-0.3129 0.4162 -0.8538,
-0.3260 0.1642 -0.9310,
-0.4315 0.1360 -0.8918,
-0.1321 0.4691 -0.8732,
-0.3260 0.1642 -0.9310,
-0.3129 0.4162 -0.8538,
0.0516 0.7969 -0.6019,
-0.1321 0.4691 -0.8732,
-0.3129 0.4162 -0.8538,
0.3503 -0.9285 -0.1232,
0.3490 -0.9188 0.1845,
0.5785 -0.8157 0.0004,
0.2497 -0.9656 -0.0726,
0.3503 -0.9285 -0.1232,
0.5785 -0.8157 0.0004,
0.0205 -0.9791 -0.2021,
0.3503 -0.9285 -0.1232,
0.2497 -0.9656 -0.0726,
-0.1012 0.5661 -0.8181,
0.5999 0.3060 -0.7392,
0.7991 0.5357 -0.2729,
-0.1868 -0.8396 -0.5101,
-0.1632 -0.7130 -0.6819,
-0.1762 -0.6419 -0.7462,
-0.1762 -0.6419 -0.7462,
-0.4349 -0.5679 -0.6988,
-0.1794 -0.8299 -0.5283,
-0.1868 -0.8396 -0.5101,
-0.1762 -0.6419 -0.7462,
-0.1794 -0.8299 -0.5283,
-0.2150 -0.9300 -0.2982,
-0.1868 -0.8396 -0.5101,
-0.1794 -0.8299 -0.5283,
0.0205 -0.9791 -0.2021,
-0.2150 -0.9300 -0.2982,
-0.1794 -0.8299 -0.5283,
0.0293 -0.9996 0.0013,
-0.2150 -0.9300 -0.2982,
0.0205 -0.9791 -0.2021,
0.2497 -0.9656 -0.0726,
0.0293 -0.9996 0.0013,
0.0205 -0.9791 -0.2021,
0.1313 -0.9731 0.1892,
0.0293 -0.9996 0.0013,
0.2497 -0.9656 -0.0726,
0.0197 -0.9639 0.2656,
0.0293 -0.9996 0.0013,
0.1313 -0.9731 0.1892,
0.0773 -0.8971 0.4350,
0.0197 -0.9639 0.2656,
0.1313 -0.9731 0.1892,
0.3621 -0.8384 0.4075,
0.0773 -0.8971 0.4350,
0.1313 -0.9731 0.1892,
0.2626 -0.7637 0.5897,
0.0773 -0.8971 0.4350,
0.3621 -0.8384 0.4075,
0.4559 -0.6922 0.5595,
0.2626 -0.7637 0.5897,
0.3621 -0.8384 0.4075,
0.5421 -0.7194 0.4342,
0.4559 -0.6922 0.5595,
0.3621 -0.8384 0.4075,
0.7153 -0.3066 0.6280,
0.4559 -0.6922 0.5595,
0.5421 -0.7194 0.4342,
0.5534 -0.3767 0.7429,
0.4559 -0.6922 0.5595,
0.7153 -0.3066 0.6280,
0.7442 0.4193 0.5199,
0.5534 -0.3767 0.7429,
0.7153 -0.3066 0.6280,
0.4163 -0.3323 0.8463,
0.5534 -0.3767 0.7429,
0.7442 0.4193 0.5199,
0.3166 -0.0559 0.9469,
0.4163 -0.3323 0.8463,
0.7442 0.4193 0.5199,
0.0490 0.5451 0.8369,
0.3166 -0.0559 0.9469,
0.7442 0.4193 0.5199,
-0.1012 0.5661 -0.8181,
0.2415 0.8441 -0.4788,
-0.2255 0.6282 -0.7447,
0.0948 0.9923 0.0795,
0.2184 0.8050 0.5515,
0.0490 0.5451 0.8369,
0.6643 0.4408 -0.6037,
0.3966 -0.0653 -0.9157,
0.4843 -0.0053 -0.8749,
0.1684 0.7757 0.6082,
0.5750 0.8137 0.0847,
0.3266 0.7662 0.5534,
0.4903 0.8685 -0.0725,
0.5750 0.8137 0.0847,
0.1684 0.7757 0.6082,
0.6643 0.4408 -0.6037,
0.5750 0.8137 0.0847,
0.4903 0.8685 -0.0725,
0.3291 0.5999 -0.7293,
0.6643 0.4408 -0.6037,
0.4903 0.8685 -0.0725,
0.3966 -0.0653 -0.9157,
0.6643 0.4408 -0.6037,
0.3291 0.5999 -0.7293,
-0.1028 0.4250 -0.8993,
0.3966 -0.0653 -0.9157,
0.3291 0.5999 -0.7293,
-0.1062 0.7126 -0.6935,
-0.1028 0.4250 -0.8993,
0.3291 0.5999 -0.7293,
-0.3129 0.4162 -0.8538,
-0.1028 0.4250 -0.8993,
-0.1062 0.7126 -0.6935,
0.0516 0.7969 -0.6019,
-0.3129 0.4162 -0.8538,
-0.1062 0.7126 -0.6935,
0.0408 0.9109 -0.4105,
0.0516 0.7969 -0.6019,
-0.1062 0.7126 -0.6935,
0.0683 0.9317 -0.3566,
0.0516 0.7969 -0.6019,
0.0408 0.9109 -0.4105,
-0.1345 0.8471 0.5141,
-0.4039 0.8148 0.4160,
-0.6297 0.6767 0.3815,
-0.1378 0.9523 0.2722,
-0.4039 0.8148 0.4160,
-0.1345 0.8471 0.5141,
-0.0967 0.9501 0.2966,
-0.1378 0.9523 0.2722,
-0.1345 0.8471 0.5141,
0.1629 0.8084 0.5657,
-0.0967 0.9501 0.2966,
-0.1345 0.8471 0.5141,
0.3756 0.9230 0.0840,
-0.0967 0.9501 0.2966,
0.1629 0.8084 0.5657,
0.2040 0.9105 -0.3597,
-0.0967 0.9501 0.2966,
0.3756 0.9230 0.0840,
0.0683 0.9317 -0.3566,
-0.1378 0.9523 0.2722,
-0.0967 0.9501 0.2966,
0.2040 0.9105 -0.3597,
0.0683 0.9317 -0.3566,
-0.0967 0.9501 0.2966,
0.8670 0.3159 -0.3853,
0.7336 0.4842 -0.4768,
0.8816 0.4684 -0.0571,
0.2618 0.8289 -0.4944,
0.0516 0.7969 -0.6019,
0.0683 0.9317 -0.3566,
0.2040 0.9105 -0.3597,
0.2618 0.8289 -0.4944,
0.0683 0.9317 -0.3566,
0.7442 0.4193 0.5199,
0.2184 0.8050 0.5515,
0.0948 0.9923 0.0795,
0.5483 0.6738 0.4953,
0.2184 0.8050 0.5515,
0.7442 0.4193 0.5199,
0.7991 0.5357 -0.2729,
0.7744 0.6210 0.1214,
0.2415 0.8441 -0.4788,
0.8444 0.2458 0.4759,
0.7744 0.6210 0.1214,
0.7991 0.5357 -0.2729,
0.9899 -0.0960 -0.1046,
0.8444 0.2458 0.4759,
0.7991 0.5357 -0.2729,
0.8084 0.2796 -0.5180,
0.9899 -0.0960 -0.1046,
0.7991 0.5357 -0.2729,
0.9282 -0.2070 -0.3091,
0.9899 -0.0960 -0.1046,
0.8084 0.2796 -0.5180,
0.9206 0.0717 -0.3838,
0.9282 -0.2070 -0.3091,
0.8084 0.2796 -0.5180,
0.8084 0.2796 -0.5180,
0.8670 0.3159 -0.3853,
0.9206 0.0717 -0.3838,
0.7336 0.4842 -0.4768,
0.8670 0.3159 -0.3853,
0.8084 0.2796 -0.5180,
0.7324 0.3397 -0.5901,
0.7336 0.4842 -0.4768,
0.8084 0.2796 -0.5180,
0.6700 0.4543 -0.5871,
0.7336 0.4842 -0.4768,
0.7324 0.3397 -0.5901,
0.2618 0.8289 -0.4944,
0.7336 0.4842 -0.4768,
0.6700 0.4543 -0.5871,
0.4262 0.8465 -0.3190,
0.7336 0.4842 -0.4768,
0.2618 0.8289 -0.4944,
0.4262 0.8465 -0.3190,
0.2618 0.8289 -0.4944,
0.2040 0.9105 -0.3597,
0.3756 0.9230 0.0840,
0.4262 0.8465 -0.3190,
0.2040 0.9105 -0.3597,
0.5373 0.7954 0.2805,
0.4262 0.8465 -0.3190,
0.3756 0.9230 0.0840,
0.1629 0.8084 0.5657,
0.5373 0.7954 0.2805,
0.3756 0.9230 0.0840,
0.5483 0.6738 0.4953,
0.5373 0.7954 0.2805,
0.1629 0.8084 0.5657,
0.2184 0.8050 0.5515,
0.5483 0.6738 0.4953,
0.1629 0.8084 0.5657,
0.2184 0.8050 0.5515,
0.1629 0.8084 0.5657,
-0.1345 0.8471 0.5141,
0.0882 0.9308 0.3548,
0.2184 0.8050 0.5515,
-0.1345 0.8471 0.5141,
-0.1012 0.5661 -0.8181,
0.7991 0.5357 -0.2729,
0.2415 0.8441 -0.4788,
0.0490 0.5451 0.8369,
0.0948 0.9923 0.0795,
0.7442 0.4193 0.5199,
  ] }
  normalIndex [ 
0 1 2 -1,
3 4 5 -1,
6 7 8 -1,
9 10 11 -1,
12 13 14 -1,
15 16 17 -1,
18 19 20 -1,
21 22 23 -1,
24 25 26 -1,
27 28 29 -1,
30 31 32 -1,
33 34 35 -1,
36 37 38 -1,
39 40 41 -1,
42 43 44 -1,
45 46 47 -1,
48 49 50 -1,
51 52 53 -1,
54 55 56 -1,
57 58 59 -1,
60 61 62 -1,
63 64 65 -1,
66 67 68 -1,
69 70 71 -1,
72 73 74 -1,
75 76 77 -1,
78 79 80 -1,
81 82 83 -1,
84 85 86 -1,
87 88 89 -1,
90 91 92 -1,
93 94 95 -1,
96 97 98 -1,
99 100 101 -1,
102 103 104 -1,
105 106 107 -1,
108 109 110 -1,
111 112 113 -1,
114 115 116 -1,
117 118 119 -1,
120 121 122 -1,
123 124 125 -1,
126 127 128 -1,
129 130 131 -1,
132 133 134 -1,
135 136 137 -1,
138 139 140 -1,
141 142 143 -1,
144 145 146 -1,
147 148 149 -1,
150 151 152 -1,
153 154 155 -1,
156 157 158 -1,
159 160 161 -1,
162 163 164 -1,
165 166 167 -1,
168 169 170 -1,
171 172 173 -1,
174 175 176 -1,
177 178 179 -1,
180 181 182 -1,
183 184 185 -1,
186 187 188 -1,
189 190 191 -1,
192 193 194 -1,
195 196 197 -1,
198 199 200 -1,
201 202 203 -1,
204 205 206 -1,
207 208 209 -1,
210 211 212 -1,
213 214 215 -1,
216 217 218 -1,
219 220 221 -1,
222 223 224 -1,
225 226 227 -1,
228 229 230 -1,
231 232 233 -1,
234 235 236 -1,
237 238 239 -1,
240 241 242 -1,
243 244 245 -1,
246 247 248 -1,
249 250 251 -1,
252 253 254 -1,
255 256 257 -1,
258 259 260 -1,
261 262 263 -1,
264 265 266 -1,
267 268 269 -1,
270 271 272 -1,
273 274 275 -1,
276 277 278 -1,
279 280 281 -1,
282 283 284 -1,
285 286 287 -1,
288 289 290 -1,
291 292 293 -1,
294 295 296 -1,
297 298 299 -1,
300 301 302 -1,
303 304 305 -1,
306 307 308 -1,
309 310 311 -1,
312 313 314 -1,
315 316 317 -1,
318 319 320 -1,
321 322 323 -1,
324 325 326 -1,
327 328 329 -1,
330 331 332 -1,
333 334 335 -1,
336 337 338 -1,
339 340 341 -1,
342 343 344 -1,
345 346 347 -1,
348 349 350 -1,
351 352 353 -1,
354 355 356 -1,
357 358 359 -1,
360 361 362 -1,
363 364 365 -1,
366 367 368 -1,
369 370 371 -1,
372 373 374 -1,
375 376 377 -1,
378 379 380 -1,
381 382 383 -1,
384 385 386 -1,
387 388 389 -1,
390 391 392 -1,
393 394 395 -1,
396 397 398 -1,
399 400 401 -1,
402 403 404 -1,
405 406 407 -1,
408 409 410 -1,
411 412 413 -1,
414 415 416 -1,
417 418 419 -1,
420 421 422 -1,
423 424 425 -1,
426 427 428 -1,
429 430 431 -1,
432 433 434 -1,
435 436 437 -1,
438 439 440 -1,
441 442 443 -1,
444 445 446 -1,
447 448 449 -1,
450 451 452 -1,
453 454 455 -1,
456 457 458 -1,
459 460 461 -1,
462 463 464 -1,
465 466 467 -1,
468 469 470 -1,
471 472 473 -1,
474 475 476 -1,
477 478 479 -1,
480 481 482 -1,
483 484 485 -1,
486 487 488 -1,
489 490 491 -1,
492 493 494 -1,
495 496 497 -1,
498 499 500 -1,
501 502 503 -1,
504 505 506 -1,
507 508 509 -1,
510 511 512 -1,
513 514 515 -1,
516 517 518 -1,
519 520 521 -1,
522 523 524 -1,
525 526 527 -1,
528 529 530 -1,
531 532 533 -1,
534 535 536 -1,
537 538 539 -1,
540 541 542 -1,
543 544 545 -1,
546 547 548 -1,
549 550 551 -1,
552 553 554 -1,
555 556 557 -1,
558 559 560 -1,
561 562 563 -1,
564 565 566 -1,
567 568 569 -1,
570 571 572 -1,
573 574 575 -1,
576 577 578 -1,
579 580 581 -1,
582 583 584 -1,
585 586 587 -1,
588 589 590 -1,
591 592 593 -1,
594 595 596 -1,
597 598 599 -1,
600 601 602 -1,
603 604 605 -1,
606 607 608 -1,
609 610 611 -1,
612 613 614 -1,
615 616 617 -1,
618 619 620 -1,
621 622 623 -1,
624 625 626 -1,
627 628 629 -1,
630 631 632 -1,
633 634 635 -1,
636 637 638 -1,
639 640 641 -1,
642 643 644 -1,
645 646 647 -1,
648 649 650 -1,
651 652 653 -1,
654 655 656 -1,
657 658 659 -1,
660 661 662 -1,
663 664 665 -1,
666 667 668 -1,
669 670 671 -1,
672 673 674 -1,
675 676 677 -1,
678 679 680 -1,
681 682 683 -1,
684 685 686 -1,
687 688 689 -1,
690 691 692 -1,
693 694 695 -1,
696 697 698 -1,
699 700 701 -1,
702 703 704 -1,
705 706 707 -1,
708 709 710 -1,
711 712 713 -1,
714 715 716 -1,
717 718 719 -1,
720 721 722 -1,
723 724 725 -1,
726 727 728 -1,
729 730 731 -1,
732 733 734 -1,
735 736 737 -1,
738 739 740 -1,
741 742 743 -1,
744 745 746 -1,
747 748 749 -1,
750 751 752 -1,
753 754 755 -1,
756 757 758 -1,
759 760 761 -1,
762 763 764 -1,
765 766 767 -1,
768 769 770 -1,
771 772 773 -1,
774 775 776 -1,
777 778 779 -1,
780 781 782 -1,
783 784 785 -1,
786 787 788 -1,
789 790 791 -1,
792 793 794 -1,
795 796 797 -1,
798 799 800 -1,
801 802 803 -1,
804 805 806 -1,
807 808 809 -1,
810 811 812 -1,
813 814 815 -1,
816 817 818 -1,
819 820 821 -1,
822 823 824 -1,
825 826 827 -1,
828 829 830 -1,
831 832 833 -1,
834 835 836 -1,
837 838 839 -1,
840 841 842 -1,
843 844 845 -1,
846 847 848 -1,
849 850 851 -1,
852 853 854 -1,
855 856 857 -1,
858 859 860 -1,
861 862 863 -1,
864 865 866 -1,
867 868 869 -1,
870 871 872 -1,
873 874 875 -1,
876 877 878 -1,
879 880 881 -1,
882 883 884 -1,
885 886 887 -1,
888 889 890 -1,
891 892 893 -1,
894 895 896 -1,
897 898 899 -1,
900 901 902 -1,
903 904 905 -1,
906 907 908 -1,
909 910 911 -1,
912 913 914 -1,
915 916 917 -1,
918 919 920 -1,
921 922 923 -1,
924 925 926 -1,
927 928 929 -1,
930 931 932 -1,
933 934 935 -1,
936 937 938 -1,
939 940 941 -1,
942 943 944 -1,
945 946 947 -1,
948 949 950 -1,
951 952 953 -1,
954 955 956 -1,
957 958 959 -1,
960 961 962 -1,
963 964 965 -1,
966 967 968 -1,
969 970 971 -1,
972 973 974 -1,
975 976 977 -1,
978 979 980 -1,
981 982 983 -1,
984 985 986 -1,
987 988 989 -1,
990 991 992 -1,
993 994 995 -1,
996 997 998 -1,
999 1000 1001 -1,
1002 1003 1004 -1,
1005 1006 1007 -1,
1008 1009 1010 -1,
1011 1012 1013 -1,
1014 1015 1016 -1,
1017 1018 1019 -1,
1020 1021 1022 -1,
1023 1024 1025 -1,
1026 1027 1028 -1,
1029 1030 1031 -1,
1032 1033 1034 -1,
1035 1036 1037 -1,
1038 1039 1040 -1,
1041 1042 1043 -1,
1044 1045 1046 -1,
1047 1048 1049 -1,
1050 1051 1052 -1,
1053 1054 1055 -1,
1056 1057 1058 -1,
1059 1060 1061 -1,
1062 1063 1064 -1,
1065 1066 1067 -1,
1068 1069 1070 -1,
1071 1072 1073 -1,
1074 1075 1076 -1,
1077 1078 1079 -1,
1080 1081 1082 -1,
1083 1084 1085 -1,
1086 1087 1088 -1,
1089 1090 1091 -1,
1092 1093 1094 -1,
1095 1096 1097 -1,
1098 1099 1100 -1,
1101 1102 1103 -1,
1104 1105 1106 -1,
1107 1108 1109 -1,
1110 1111 1112 -1,
1113 1114 1115 -1,
1116 1117 1118 -1,
1119 1120 1121 -1,
1122 1123 1124 -1,
1125 1126 1127 -1,
1128 1129 1130 -1,
1131 1132 1133 -1,
1134 1135 1136 -1,
1137 1138 1139 -1,
1140 1141 1142 -1,
1143 1144 1145 -1,
1146 1147 1148 -1,
1149 1150 1151 -1,
1152 1153 1154 -1,
1155 1156 1157 -1,
1158 1159 1160 -1,
1161 1162 1163 -1,
1164 1165 1166 -1,
1167 1168 1169 -1,
1170 1171 1172 -1,
1173 1174 1175 -1,
1176 1177 1178 -1,
1179 1180 1181 -1,
1182 1183 1184 -1,
1185 1186 1187 -1,
1188 1189 1190 -1,
1191 1192 1193 -1,
1194 1195 1196 -1,
1197 1198 1199 -1,
1200 1201 1202 -1,
1203 1204 1205 -1,
1206 1207 1208 -1,
1209 1210 1211 -1,
1212 1213 1214 -1,
1215 1216 1217 -1,
1218 1219 1220 -1,
1221 1222 1223 -1,
1224 1225 1226 -1,
1227 1228 1229 -1,
1230 1231 1232 -1,
1233 1234 1235 -1,
1236 1237 1238 -1,
1239 1240 1241 -1,
1242 1243 1244 -1,
1245 1246 1247 -1,
1248 1249 1250 -1,
1251 1252 1253 -1,
1254 1255 1256 -1,
1257 1258 1259 -1,
1260 1261 1262 -1,
1263 1264 1265 -1,
1266 1267 1268 -1,
1269 1270 1271 -1,
1272 1273 1274 -1,
1275 1276 1277 -1,
1278 1279 1280 -1,
1281 1282 1283 -1,
1284 1285 1286 -1,
1287 1288 1289 -1,
1290 1291 1292 -1,
1293 1294 1295 -1,
1296 1297 1298 -1,
1299 1300 1301 -1,
1302 1303 1304 -1,
1305 1306 1307 -1,
1308 1309 1310 -1,
1311 1312 1313 -1,
1314 1315 1316 -1,
1317 1318 1319 -1,
1320 1321 1322 -1,
1323 1324 1325 -1,
1326 1327 1328 -1,
1329 1330 1331 -1,
1332 1333 1334 -1,
1335 1336 1337 -1,
1338 1339 1340 -1,
1341 1342 1343 -1,
1344 1345 1346 -1,
1347 1348 1349 -1,
1350 1351 1352 -1,
1353 1354 1355 -1,
1356 1357 1358 -1,
1359 1360 1361 -1,
1362 1363 1364 -1,
1365 1366 1367 -1,
1368 1369 1370 -1,
1371 1372 1373 -1,
1374 1375 1376 -1,
1377 1378 1379 -1,
1380 1381 1382 -1,
1383 1384 1385 -1,
1386 1387 1388 -1,
1389 1390 1391 -1,
1392 1393 1394 -1,
1395 1396 1397 -1,
1398 1399 1400 -1,
1401 1402 1403 -1,
1404 1405 1406 -1,
1407 1408 1409 -1,
1410 1411 1412 -1,
1413 1414 1415 -1,
1416 1417 1418 -1,
1419 1420 1421 -1,
1422 1423 1424 -1,
1425 1426 1427 -1,
1428 1429 1430 -1,
1431 1432 1433 -1,
1434 1435 1436 -1,
1437 1438 1439 -1,
1440 1441 1442 -1,
1443 1444 1445 -1,
1446 1447 1448 -1,
1449 1450 1451 -1,
1452 1453 1454 -1,
1455 1456 1457 -1,
1458 1459 1460 -1,
1461 1462 1463 -1,
1464 1465 1466 -1,
1467 1468 1469 -1,
1470 1471 1472 -1,
1473 1474 1475 -1,
1476 1477 1478 -1,
1479 1480 1481 -1,
1482 1483 1484 -1,
1485 1486 1487 -1,
1488 1489 1490 -1,
1491 1492 1493 -1,
 ] 
 }
}
