#VRML V2.0 utf8

Viewpoint {
 position 0 0 85.00094604
 orientation 1 0 0 0
 description "Z view"
 fieldOfView 0.800655
}
DirectionalLight {
 direction -0.348155 -0.348155   -0.870
}
NavigationInfo {
 headlight TRUE
 type "EXAMINE"
}
Shape {
 appearance Appearance {
  material Material { diffuseColor 1.0 1.0 1.0 }
 }
 geometry IndexedFaceSet {
  coord Coordinate {
   point [
-1.220587 -0.499202 14.244148,
-1.946746 -0.947113 14.404137,
-1.470528 -1.011169 14.549355,
-2.376693 -1.401757 14.640732,
-1.470528 -1.011169 14.549355,
-1.946746 -0.947113 14.404137,
-2.687846 -0.879639 14.250397,
-2.376693 -1.401757 14.640732,
-1.946746 -0.947113 14.404137,
-2.813998 -0.785230 13.752151,
-2.687846 -0.879639 14.250397,
-1.946746 -0.947113 14.404137,
-3.511180 -0.604570 14.236938,
-2.687846 -0.879639 14.250397,
-2.813998 -0.785230 13.752151,
-3.566651 -0.742248 13.558907,
-3.511180 -0.604570 14.236938,
-2.813998 -0.785230 13.752151,
-2.915469 -1.019366 13.061104,
-3.566651 -0.742248 13.558907,
-2.813998 -0.785230 13.752151,
-2.235932 -0.730689 13.261955,
-2.915469 -1.019366 13.061104,
-2.813998 -0.785230 13.752151,
-2.345301 -0.856102 12.775940,
-2.915469 -1.019366 13.061104,
-2.235932 -0.730689 13.261955,
-1.762747 -0.237981 12.917305,
-2.345301 -0.856102 12.775940,
-2.235932 -0.730689 13.261955,
-1.556445 -0.144693 13.478180,
-1.762747 -0.237981 12.917305,
-2.235932 -0.730689 13.261955,
-0.947200 0.107628 12.917992,
-1.762747 -0.237981 12.917305,
-1.556445 -0.144693 13.478180,
-0.687533 -0.100899 13.866447,
-0.947200 0.107628 12.917992,
-1.556445 -0.144693 13.478180,
-0.190203 0.571719 13.356956,
-0.947200 0.107628 12.917992,
-0.687533 -0.100899 13.866447,
0.159929 0.317172 14.175835,
-0.190203 0.571719 13.356956,
-0.687533 -0.100899 13.866447,
-0.402466 -0.403198 14.508934,
0.159929 0.317172 14.175835,
-0.687533 -0.100899 13.866447,
0.073119 -0.254865 14.915413,
0.159929 0.317172 14.175835,
-0.402466 -0.403198 14.508934,
-0.639302 -0.737787 15.004288,
0.073119 -0.254865 14.915413,
-0.402466 -0.403198 14.508934,
0.064777 -0.965533 15.198822,
0.073119 -0.254865 14.915413,
-0.639302 -0.737787 15.004288,
-0.859202 -1.338755 15.066666,
0.064777 -0.965533 15.198822,
-0.639302 -0.737787 15.004288,
-0.559306 -1.429453 15.734077,
0.064777 -0.965533 15.198822,
-0.859202 -1.338755 15.066666,
-1.090531 -2.085791 15.584419,
-0.559306 -1.429453 15.734077,
-0.859202 -1.338755 15.066666,
-1.478869 -1.721836 14.832764,
-1.090531 -2.085791 15.584419,
-0.859202 -1.338755 15.066666,
-1.919757 -2.206585 15.140579,
-1.090531 -2.085791 15.584419,
-1.478869 -1.721836 14.832764,
-1.530734 -2.676507 15.277206,
-1.090531 -2.085791 15.584419,
-1.919757 -2.206585 15.140579,
-2.284846 -2.654084 15.013443,
-1.530734 -2.676507 15.277206,
-1.919757 -2.206585 15.140579,
-2.623835 -1.978840 14.946053,
-2.284846 -2.654084 15.013443,
-1.919757 -2.206585 15.140579,
-3.065120 -2.280358 15.001389,
-2.284846 -2.654084 15.013443,
-2.623835 -1.978840 14.946053,
-3.247233 -1.570764 15.120079,
-3.065120 -2.280358 15.001389,
-2.623835 -1.978840 14.946053,
-3.751193 -1.977684 15.369507,
-3.065120 -2.280358 15.001389,
-3.247233 -1.570764 15.120079,
-3.812747 -1.200580 15.277954,
-3.751193 -1.977684 15.369507,
-3.247233 -1.570764 15.120079,
-3.260070 -0.971690 14.769791,
-3.812747 -1.200580 15.277954,
-3.247233 -1.570764 15.120079,
-3.967891 -0.632666 14.758858,
-3.812747 -1.200580 15.277954,
-3.260070 -0.971690 14.769791,
-4.451447 -0.993983 15.101486,
-3.812747 -1.200580 15.277954,
-3.967891 -0.632666 14.758858,
-4.710040 -0.719754 14.518661,
-4.451447 -0.993983 15.101486,
-3.967891 -0.632666 14.758858,
-4.157364 -0.490864 14.010490,
-4.710040 -0.719754 14.518661,
-3.967891 -0.632666 14.758858,
-4.773804 -0.752733 13.828293,
-4.710040 -0.719754 14.518661,
-4.157364 -0.490864 14.010490,
-4.308800 -0.829338 13.318710,
-4.773804 -0.752733 13.828293,
-4.157364 -0.490864 14.010490,
-4.955069 -1.267415 13.399330,
-4.773804 -0.752733 13.828293,
-4.308800 -0.829338 13.318710,
-4.364354 -1.518801 12.947746,
-4.955069 -1.267415 13.399330,
-4.308800 -0.829338 13.318710,
-4.868313 -1.925720 13.197174,
-4.955069 -1.267415 13.399330,
-4.364354 -1.518801 12.947746,
-4.317763 -2.345011 12.944672,
-4.868313 -1.925720 13.197174,
-4.364354 -1.518801 12.947746,
-3.773946 -1.904319 12.642975,
-4.317763 -2.345011 12.944672,
-4.364354 -1.518801 12.947746,
-3.678309 -2.630009 12.420120,
-4.317763 -2.345011 12.944672,
-3.773946 -1.904319 12.642975,
-3.929969 -3.013060 12.888237,
-4.317763 -2.345011 12.944672,
-3.678309 -2.630009 12.420120,
-3.423451 -3.448120 12.871201,
-3.929969 -3.013060 12.888237,
-3.678309 -2.630009 12.420120,
-3.724702 -3.706061 12.030449,
-3.423451 -3.448120 12.871201,
-3.678309 -2.630009 12.420120,
-3.217591 -4.160874 12.684021,
-3.423451 -3.448120 12.871201,
-3.724702 -3.706061 12.030449,
-3.414626 -4.291587 11.707001,
-3.217591 -4.160874 12.684021,
-3.724702 -3.706061 12.030449,
-3.588824 -3.518955 11.204674,
-3.414626 -4.291587 11.707001,
-3.724702 -3.706061 12.030449,
-3.404946 -2.704667 11.602600,
-3.588824 -3.518955 11.204674,
-3.724702 -3.706061 12.030449,
-3.678309 -2.630009 12.420120,
-3.404946 -2.704667 11.602600,
-3.724702 -3.706061 12.030449,
-3.773946 -1.904319 12.642975,
-3.404946 -2.704667 11.602600,
-3.678309 -2.630009 12.420120,
-3.257396 -2.686988 10.865997,
-3.588824 -3.518955 11.204674,
-3.404946 -2.704667 11.602600,
-2.876527 -1.770547 11.439835,
-3.257396 -2.686988 10.865997,
-3.404946 -2.704667 11.602600,
-3.346822 -1.952546 10.346100,
-3.257396 -2.686988 10.865997,
-2.876527 -1.770547 11.439835,
-3.222560 -2.773694 10.106583,
-3.257396 -2.686988 10.865997,
-3.346822 -1.952546 10.346100,
-3.444426 -2.228593 9.809120,
-3.222560 -2.773694 10.106583,
-3.346822 -1.952546 10.346100,
-3.238566 -2.941347 9.621941,
-3.222560 -2.773694 10.106583,
-3.444426 -2.228593 9.809120,
-3.545897 -2.462728 9.118065,
-3.238566 -2.941347 9.621941,
-3.444426 -2.228593 9.809120,
-4.055750 -1.901007 9.291809,
-3.545897 -2.462728 9.118065,
-3.444426 -2.228593 9.809120,
-4.111222 -2.038685 8.613777,
-3.545897 -2.462728 9.118065,
-4.055750 -1.901007 9.291809,
-4.610308 -1.603840 8.822540,
-4.111222 -2.038685 8.613777,
-4.055750 -1.901007 9.291809,
-4.458872 -1.265367 9.514320,
-4.610308 -1.603840 8.822540,
-4.055750 -1.901007 9.291809,
-4.797057 -0.957268 8.992340,
-4.610308 -1.603840 8.822540,
-4.458872 -1.265367 9.514320,
-4.520426 -0.488263 9.422768,
-4.797057 -0.957268 8.992340,
-4.458872 -1.265367 9.514320,
-3.965867 -0.785430 9.892044,
-4.520426 -0.488263 9.422768,
-4.458872 -1.265367 9.514320,
-3.958300 -0.140754 9.634949,
-4.520426 -0.488263 9.422768,
-3.965867 -0.785430 9.892044,
-3.293093 -0.303775 9.906227,
-3.958300 -0.140754 9.634949,
-3.965867 -0.785430 9.892044,
-3.303315 -1.000043 10.216164,
-3.293093 -0.303775 9.906227,
-3.965867 -0.785430 9.892044,
-2.683650 -0.616961 10.450066,
-3.293093 -0.303775 9.906227,
-3.303315 -1.000043 10.216164,
-2.475423 -0.190440 10.195801,
-3.293093 -0.303775 9.906227,
-2.683650 -0.616961 10.450066,
-1.876265 -0.310110 10.015465,
-2.475423 -0.190440 10.195801,
-2.683650 -0.616961 10.450066,
-2.643378 -0.121073 9.562523,
-2.475423 -0.190440 10.195801,
-1.876265 -0.310110 10.015465,
-3.293093 -0.303775 9.906227,
-2.475423 -0.190440 10.195801,
-2.643378 -0.121073 9.562523,
-3.474744 0.220564 9.292328,
-3.293093 -0.303775 9.906227,
-2.643378 -0.121073 9.562523,
-3.018035 0.248659 8.770409,
-3.474744 0.220564 9.292328,
-2.643378 -0.121073 9.562523,
-2.427176 -0.131390 8.548798,
-3.018035 0.248659 8.770409,
-2.643378 -0.121073 9.562523,
-3.073504 0.110982 8.092377,
-3.018035 0.248659 8.770409,
-2.427176 -0.131390 8.548798,
-2.670382 -0.524659 7.869865,
-3.073504 0.110982 8.092377,
-2.427176 -0.131390 8.548798,
-1.961863 -0.811189 8.300232,
-2.670382 -0.524659 7.869865,
-2.427176 -0.131390 8.548798,
-1.739003 -0.328171 8.850197,
-1.961863 -0.811189 8.300232,
-2.427176 -0.131390 8.548798,
-2.643378 -0.121073 9.562523,
-1.739003 -0.328171 8.850197,
-2.427176 -0.131390 8.548798,
-1.876265 -0.310110 10.015465,
-1.739003 -0.328171 8.850197,
-2.643378 -0.121073 9.562523,
-1.267018 -0.057789 9.455284,
-1.739003 -0.328171 8.850197,
-1.876265 -0.310110 10.015465,
-1.196728 -0.021433 10.216324,
-1.267018 -0.057789 9.455284,
-1.876265 -0.310110 10.015465,
-1.885167 0.096385 10.851433,
-1.196728 -0.021433 10.216324,
-1.876265 -0.310110 10.015465,
-1.242884 0.225761 11.189590,
-1.196728 -0.021433 10.216324,
-1.885167 0.096385 10.851433,
-1.966561 -0.116819 11.678047,
-1.242884 0.225761 11.189590,
-1.885167 0.096385 10.851433,
-2.474776 -0.773279 11.275032,
-1.966561 -0.116819 11.678047,
-1.885167 0.096385 10.851433,
-2.415593 -0.892457 12.014908,
-1.966561 -0.116819 11.678047,
-2.474776 -0.773279 11.275032,
-1.872119 -0.363395 12.431290,
-1.966561 -0.116819 11.678047,
-2.415593 -0.892457 12.014908,
-1.172595 0.262117 11.950623,
-1.966561 -0.116819 11.678047,
-1.872119 -0.363395 12.431290,
-1.242884 0.225761 11.189590,
-1.966561 -0.116819 11.678047,
-1.172595 0.262117 11.950623,
-0.416091 0.880527 11.346786,
-1.242884 0.225761 11.189590,
-1.172595 0.262117 11.950623,
-0.440018 0.758680 12.370262,
-0.416091 0.880527 11.346786,
-1.172595 0.262117 11.950623,
0.453126 1.128579 11.549042,
-0.416091 0.880527 11.346786,
-0.440018 0.758680 12.370262,
0.412092 1.013029 12.431961,
0.453126 1.128579 11.549042,
-0.440018 0.758680 12.370262,
0.556377 0.905048 13.001831,
0.412092 1.013029 12.431961,
-0.440018 0.758680 12.370262,
0.977231 1.079345 12.614868,
0.412092 1.013029 12.431961,
0.556377 0.905048 13.001831,
1.009149 0.712458 13.745125,
0.977231 1.079345 12.614868,
0.556377 0.905048 13.001831,
1.737832 1.014243 13.075127,
0.977231 1.079345 12.614868,
1.009149 0.712458 13.745125,
1.957126 0.448439 13.857986,
1.737832 1.014243 13.075127,
1.009149 0.712458 13.745125,
1.247335 0.126150 14.492676,
1.957126 0.448439 13.857986,
1.009149 0.712458 13.745125,
2.057012 0.254953 14.856583,
1.957126 0.448439 13.857986,
1.247335 0.126150 14.492676,
1.532400 -0.176148 15.135162,
2.057012 0.254953 14.856583,
1.247335 0.126150 14.492676,
0.714280 -0.272152 14.870377,
1.532400 -0.176148 15.135162,
1.247335 0.126150 14.492676,
0.684446 -0.582450 15.432716,
1.532400 -0.176148 15.135162,
0.714280 -0.272152 14.870377,
1.811164 -0.543203 15.489487,
1.532400 -0.176148 15.135162,
0.684446 -0.582450 15.432716,
0.947732 -1.126717 15.651482,
1.811164 -0.543203 15.489487,
0.684446 -0.582450 15.432716,
1.651811 -1.354463 15.846016,
1.811164 -0.543203 15.489487,
0.947732 -1.126717 15.651482,
0.987125 -1.841985 16.256859,
1.651811 -1.354463 15.846016,
0.947732 -1.126717 15.651482,
0.344165 -1.323436 16.026482,
0.987125 -1.841985 16.256859,
0.947732 -1.126717 15.651482,
-0.019601 -2.061615 15.918358,
0.987125 -1.841985 16.256859,
0.344165 -1.323436 16.026482,
0.576570 -2.953558 16.424324,
0.987125 -1.841985 16.256859,
-0.019601 -2.061615 15.918358,
-0.027939 -2.772282 16.201767,
0.576570 -2.953558 16.424324,
-0.019601 -2.061615 15.918358,
-0.595105 -3.091050 16.045113,
-0.027939 -2.772282 16.201767,
-0.019601 -2.061615 15.918358,
0.027610 -3.403293 16.258896,
-0.027939 -2.772282 16.201767,
-0.595105 -3.091050 16.045113,
-0.684809 -3.886216 16.347771,
0.027610 -3.403293 16.258896,
-0.595105 -3.091050 16.045113,
-1.376923 -3.430653 15.685913,
-0.684809 -3.886216 16.347771,
-0.595105 -3.091050 16.045113,
-0.824952 -4.196615 15.935005,
-0.684809 -3.886216 16.347771,
-1.376923 -3.430653 15.685913,
-1.492203 -3.978928 15.630325,
-0.824952 -4.196615 15.935005,
-1.376923 -3.430653 15.685913,
-2.232316 -3.488118 15.445152,
-1.492203 -3.978928 15.630325,
-1.376923 -3.430653 15.685913,
-2.148696 -4.351951 15.506577,
-1.492203 -3.978928 15.630325,
-2.232316 -3.488118 15.445152,
-2.311660 -4.085009 14.919716,
-2.148696 -4.351951 15.506577,
-2.232316 -3.488118 15.445152,
-2.544238 -3.271850 15.018036,
-2.311660 -4.085009 14.919716,
-2.232316 -3.488118 15.445152,
-2.684458 -3.745376 14.344299,
-2.311660 -4.085009 14.919716,
-2.544238 -3.271850 15.018036,
-3.128844 -3.044670 14.589592,
-2.684458 -3.745376 14.344299,
-2.544238 -3.271850 15.018036,
-3.351708 -3.527689 14.039619,
-2.684458 -3.745376 14.344299,
-3.128844 -3.044670 14.589592,
-3.943702 -3.111307 14.321251,
-3.351708 -3.527689 14.039619,
-3.128844 -3.044670 14.589592,
-3.806746 -2.667147 14.998543,
-3.943702 -3.111307 14.321251,
-3.128844 -3.044670 14.589592,
-4.548897 -2.754236 14.758347,
-3.943702 -3.111307 14.321251,
-3.806746 -2.667147 14.998543,
-4.346730 -2.316069 15.257240,
-4.548897 -2.754236 14.758347,
-3.806746 -2.667147 14.998543,
-4.952017 -2.118596 14.980858,
-4.548897 -2.754236 14.758347,
-4.346730 -2.316069 15.257240,
-4.459013 -1.638659 15.358574,
-4.952017 -2.118596 14.980858,
-4.346730 -2.316069 15.257240,
-5.013569 -1.341492 14.889305,
-4.952017 -2.118596 14.980858,
-4.459013 -1.638659 15.358574,
-5.290202 -1.810498 14.458870,
-4.952017 -2.118596 14.980858,
-5.013569 -1.341492 14.889305,
-5.203047 -1.199690 14.140938,
-5.290202 -1.810498 14.458870,
-5.013569 -1.341492 14.889305,
-5.258599 -1.889154 13.769974,
-5.290202 -1.810498 14.458870,
-5.203047 -1.199690 14.140938,
-5.103453 -2.457069 14.289070,
-5.290202 -1.810498 14.458870,
-5.258599 -1.889154 13.769974,
-4.855477 -2.524795 13.547462,
-5.103453 -2.457069 14.289070,
-5.258599 -1.889154 13.769974,
-4.604367 -2.891913 14.080307,
-5.103453 -2.457069 14.289070,
-4.855477 -2.524795 13.547462,
-4.150755 -2.956349 13.503464,
-4.604367 -2.891913 14.080307,
-4.855477 -2.524795 13.547462,
-4.952017 -2.118596 14.980858,
-5.290202 -1.810498 14.458870,
-5.103453 -2.457069 14.289070,
-4.548897 -2.754236 14.758347,
-4.952017 -2.118596 14.980858,
-5.103453 -2.457069 14.289070,
-4.604367 -2.891913 14.080307,
-4.548897 -2.754236 14.758347,
-5.103453 -2.457069 14.289070,
-3.943702 -3.111307 14.321251,
-4.548897 -2.754236 14.758347,
-4.604367 -2.891913 14.080307,
-4.150755 -2.956349 13.503464,
-3.943702 -3.111307 14.321251,
-4.604367 -2.891913 14.080307,
-3.351708 -3.527689 14.039619,
-3.943702 -3.111307 14.321251,
-4.150755 -2.956349 13.503464,
-2.953303 -4.636837 13.529060,
-2.684458 -3.745376 14.344299,
-3.351708 -3.527689 14.039619,
-3.252429 -4.074167 13.443436,
-2.953303 -4.636837 13.529060,
-3.351708 -3.527689 14.039619,
-3.313664 -4.834206 13.034500,
-2.953303 -4.636837 13.529060,
-3.252429 -4.074167 13.443436,
-2.357831 -4.879749 15.141190,
-2.148696 -4.351951 15.506577,
-2.311660 -4.085009 14.919716,
-1.510691 -5.250140 15.363411,
-2.148696 -4.351951 15.506577,
-2.357831 -4.879749 15.141190,
-1.863537 -5.701863 14.766907,
-1.510691 -5.250140 15.363411,
-2.357831 -4.879749 15.141190,
-2.378627 -5.429753 14.338295,
-1.863537 -5.701863 14.766907,
-2.357831 -4.879749 15.141190,
-2.224858 -6.157095 14.178192,
-1.863537 -5.701863 14.766907,
-2.378627 -5.429753 14.338295,
-1.610303 -6.486414 14.698235,
-1.863537 -5.701863 14.766907,
-2.224858 -6.157095 14.178192,
-1.938765 -6.947998 14.011688,
-1.610303 -6.486414 14.698235,
-2.224858 -6.157095 14.178192,
-2.391795 -6.530217 13.415604,
-1.938765 -6.947998 14.011688,
-2.224858 -6.157095 14.178192,
-3.059045 -6.312529 13.110924,
-2.391795 -6.530217 13.415604,
-2.224858 -6.157095 14.178192,
-3.010154 -5.772200 13.060341,
-3.059045 -6.312529 13.110924,
-2.224858 -6.157095 14.178192,
-2.760148 -6.616496 12.837059,
-2.391795 -6.530217 13.415604,
-3.059045 -6.312529 13.110924,
-1.945059 -7.234629 13.169014,
-1.938765 -6.947998 14.011688,
-2.391795 -6.530217 13.415604,
-2.760148 -6.616496 12.837059,
-1.945059 -7.234629 13.169014,
-2.391795 -6.530217 13.415604,
-2.241839 -7.517424 12.605408,
-1.945059 -7.234629 13.169014,
-2.760148 -6.616496 12.837059,
-2.486783 -6.691155 12.019539,
-2.241839 -7.517424 12.605408,
-2.760148 -6.616496 12.837059,
-2.975318 -5.858907 12.300926,
-2.486783 -6.691155 12.019539,
-2.760148 -6.616496 12.837059,
-3.046443 -6.183091 11.379425,
-2.486783 -6.691155 12.019539,
-2.975318 -5.858907 12.300926,
-3.434752 -5.231108 11.455887,
-3.046443 -6.183091 11.379425,
-2.975318 -5.858907 12.300926,
-3.181178 -5.146152 12.488106,
-3.434752 -5.231108 11.455887,
-2.975318 -5.858907 12.300926,
-3.522536 -4.677888 12.209526,
-3.434752 -5.231108 11.455887,
-3.181178 -5.146152 12.488106,
-3.297162 -5.265316 10.540543,
-3.046443 -6.183091 11.379425,
-3.434752 -5.231108 11.455887,
-3.379792 -4.378294 10.947586,
-3.297162 -5.265316 10.540543,
-3.434752 -5.231108 11.455887,
-3.093922 -4.468686 9.988113,
-3.297162 -5.265316 10.540543,
-3.379792 -4.378294 10.947586,
-3.318633 -3.447027 10.457062,
-3.093922 -4.468686 9.988113,
-3.379792 -4.378294 10.947586,
-3.334641 -3.614679 9.972412,
-3.093922 -4.468686 9.988113,
-3.318633 -3.447027 10.457062,
-3.264945 -3.842638 9.415878,
-3.093922 -4.468686 9.988113,
-3.334641 -3.614679 9.972412,
-2.744962 -4.551673 9.049057,
-3.093922 -4.468686 9.988113,
-3.264945 -3.842638 9.415878,
-2.759112 -3.891277 8.662903,
-2.744962 -4.551673 9.049057,
-3.264945 -3.842638 9.415878,
-2.860091 -3.044712 8.490067,
-2.759112 -3.891277 8.662903,
-3.264945 -3.842638 9.415878,
-2.509171 -3.379309 8.357697,
-2.759112 -3.891277 8.662903,
-2.860091 -3.044712 8.490067,
-2.769784 -2.428629 8.248260,
-2.509171 -3.379309 8.357697,
-2.860091 -3.044712 8.490067,
-3.380797 -2.507819 8.624313,
-2.769784 -2.428629 8.248260,
-2.860091 -3.044712 8.490067,
-3.654511 -2.010591 8.091866,
-2.769784 -2.428629 8.248260,
-3.380797 -2.507819 8.624313,
-3.170954 -1.649272 7.749237,
-2.769784 -2.428629 8.248260,
-3.654511 -2.010591 8.091866,
-3.809657 -1.442674 7.572769,
-3.170954 -1.649272 7.749237,
-3.654511 -2.010591 8.091866,
-4.362330 -1.671566 8.080933,
-3.809657 -1.442674 7.572769,
-3.654511 -2.010591 8.091866,
-4.375168 -1.072491 7.730637,
-3.809657 -1.442674 7.572769,
-4.362330 -1.671566 8.080933,
-4.765454 -1.035925 8.303444,
-4.375168 -1.072491 7.730637,
-4.362330 -1.671566 8.080933,
-4.461924 -0.414186 7.932800,
-4.375168 -1.072491 7.730637,
-4.765454 -1.035925 8.303444,
-4.709900 -0.346461 8.674408,
-4.461924 -0.414186 7.932800,
-4.765454 -1.035925 8.303444,
-4.280659 0.100496 8.361755,
-4.461924 -0.414186 7.932800,
-4.709900 -0.346461 8.674408,
-4.216895 0.133475 9.052124,
-4.280659 0.100496 8.361755,
-4.709900 -0.346461 8.674408,
-3.664218 0.362365 8.543961,
-4.280659 0.100496 8.361755,
-4.216895 0.133475 9.052124,
-3.815654 0.023892 7.852180,
-4.280659 0.100496 8.361755,
-3.664218 0.362365 8.543961,
-4.461924 -0.414186 7.932800,
-4.280659 0.100496 8.361755,
-3.815654 0.023892 7.852180,
-3.871207 -0.665572 7.481216,
-4.461924 -0.414186 7.932800,
-3.815654 0.023892 7.852180,
-3.275674 -0.327186 7.593475,
-3.871207 -0.665572 7.481216,
-3.815654 0.023892 7.852180,
-3.163388 -1.004597 7.492142,
-3.871207 -0.665572 7.481216,
-3.275674 -0.327186 7.593475,
-4.375168 -1.072491 7.730637,
-4.461924 -0.414186 7.932800,
-3.871207 -0.665572 7.481216,
-3.809657 -1.442674 7.572769,
-4.375168 -1.072491 7.730637,
-3.871207 -0.665572 7.481216,
-3.163388 -1.004597 7.492142,
-3.809657 -1.442674 7.572769,
-3.871207 -0.665572 7.481216,
-3.170954 -1.649272 7.749237,
-3.809657 -1.442674 7.572769,
-3.163388 -1.004597 7.492142,
-2.507035 -1.344904 7.880997,
-3.170954 -1.649272 7.749237,
-3.163388 -1.004597 7.492142,
-2.466874 -1.877018 7.943771,
-3.170954 -1.649272 7.749237,
-2.507035 -1.344904 7.880997,
-1.726763 -1.718630 7.893044,
-2.466874 -1.877018 7.943771,
-2.507035 -1.344904 7.880997,
-1.843478 -2.285093 7.769737,
-2.466874 -1.877018 7.943771,
-1.726763 -1.718630 7.893044,
-1.231204 -2.297240 7.648651,
-1.843478 -2.285093 7.769737,
-1.726763 -1.718630 7.893044,
-1.033246 -1.241932 7.472855,
-1.231204 -2.297240 7.648651,
-1.726763 -1.718630 7.893044,
-1.407874 -1.129362 7.889359,
-1.033246 -1.241932 7.472855,
-1.726763 -1.718630 7.893044,
-0.631146 -0.799630 8.003273,
-1.033246 -1.241932 7.472855,
-1.407874 -1.129362 7.889359,
-1.143744 -0.715186 8.565018,
-0.631146 -0.799630 8.003273,
-1.407874 -1.129362 7.889359,
-0.307311 -0.768328 7.424011,
-1.033246 -1.241932 7.472855,
-0.631146 -0.799630 8.003273,
-0.037635 -0.268339 7.787994,
-0.307311 -0.768328 7.424011,
-0.631146 -0.799630 8.003273,
0.784601 -0.701455 7.587433,
-0.307311 -0.768328 7.424011,
-0.037635 -0.268339 7.787994,
0.900813 -0.133753 8.182152,
0.784601 -0.701455 7.587433,
-0.037635 -0.268339 7.787994,
0.353383 0.102702 8.596207,
0.900813 -0.133753 8.182152,
-0.037635 -0.268339 7.787994,
1.014840 0.441952 8.769554,
0.900813 -0.133753 8.182152,
0.353383 0.102702 8.596207,
1.671911 0.162329 8.267242,
0.900813 -0.133753 8.182152,
1.014840 0.441952 8.769554,
1.807418 0.716693 8.952484,
1.671911 0.162329 8.267242,
1.014840 0.441952 8.769554,
1.181777 0.815072 9.532150,
1.807418 0.716693 8.952484,
1.014840 0.441952 8.769554,
0.197995 0.822506 9.864746,
1.181777 0.815072 9.532150,
1.014840 0.441952 8.769554,
0.353383 0.102702 8.596207,
0.197995 0.822506 9.864746,
1.014840 0.441952 8.769554,
-0.639125 0.060869 9.383972,
0.197995 0.822506 9.864746,
0.353383 0.102702 8.596207,
-0.723544 0.471274 9.871666,
0.197995 0.822506 9.864746,
-0.639125 0.060869 9.383972,
-0.411252 0.570185 10.424927,
0.197995 0.822506 9.864746,
-0.723544 0.471274 9.871666,
-0.996909 0.545933 10.689186,
-0.411252 0.570185 10.424927,
-0.723544 0.471274 9.871666,
0.268283 0.858861 10.625778,
0.197995 0.822506 9.864746,
-0.411252 0.570185 10.424927,
0.659482 1.044324 10.084129,
0.197995 0.822506 9.864746,
0.268283 0.858861 10.625778,
1.215631 1.003366 10.929344,
0.659482 1.044324 10.084129,
0.268283 0.858861 10.625778,
1.371816 0.918980 10.333755,
0.659482 1.044324 10.084129,
1.215631 1.003366 10.929344,
2.051351 1.207657 10.534607,
1.371816 0.918980 10.333755,
1.215631 1.003366 10.929344,
2.168206 1.081809 11.240692,
2.051351 1.207657 10.534607,
1.215631 1.003366 10.929344,
1.431630 1.243401 11.865738,
2.168206 1.081809 11.240692,
1.215631 1.003366 10.929344,
2.324731 1.168382 12.375298,
2.168206 1.081809 11.240692,
1.431630 1.243401 11.865738,
2.880538 0.956463 11.490326,
2.168206 1.081809 11.240692,
2.324731 1.168382 12.375298,
3.194227 1.037748 12.045662,
2.880538 0.956463 11.490326,
2.324731 1.168382 12.375298,
3.165651 0.743087 12.616417,
3.194227 1.037748 12.045662,
2.324731 1.168382 12.375298,
2.662194 0.712115 13.191757,
3.165651 0.743087 12.616417,
2.324731 1.168382 12.375298,
3.374524 0.586770 13.441391,
3.165651 0.743087 12.616417,
2.662194 0.712115 13.191757,
2.775245 0.544442 14.122772,
3.374524 0.586770 13.441391,
2.662194 0.712115 13.191757,
3.193044 0.067154 14.284622,
3.374524 0.586770 13.441391,
2.775245 0.544442 14.122772,
2.571424 -0.190289 14.856186,
3.193044 0.067154 14.284622,
2.775245 0.544442 14.122772,
3.434911 -0.407596 14.962326,
3.193044 0.067154 14.284622,
2.571424 -0.190289 14.856186,
2.742446 -0.816337 15.428421,
3.434911 -0.407596 14.962326,
2.571424 -0.190289 14.856186,
3.538572 -1.197655 15.440712,
3.434911 -0.407596 14.962326,
2.742446 -0.816337 15.428421,
2.863528 -1.574493 15.768250,
3.538572 -1.197655 15.440712,
2.742446 -0.816337 15.428421,
2.240131 -1.166417 15.942284,
2.863528 -1.574493 15.768250,
2.742446 -0.816337 15.428421,
2.095578 -1.741789 16.408463,
2.863528 -1.574493 15.768250,
2.240131 -1.166417 15.942284,
3.034551 -2.200541 16.340485,
2.863528 -1.574493 15.768250,
2.095578 -1.741789 16.408463,
2.721967 -2.825188 16.318825,
3.034551 -2.200541 16.340485,
2.095578 -1.741789 16.408463,
1.635766 -2.304930 16.302055,
2.721967 -2.825188 16.318825,
2.095578 -1.741789 16.408463,
2.166419 -3.273761 16.593781,
2.721967 -2.825188 16.318825,
1.635766 -2.304930 16.302055,
1.457157 -3.137818 16.606796,
2.166419 -3.273761 16.593781,
1.635766 -2.304930 16.302055,
1.674297 -3.607350 16.655174,
2.166419 -3.273761 16.593781,
1.457157 -3.137818 16.606796,
0.636628 -3.711796 16.513657,
1.674297 -3.607350 16.655174,
1.457157 -3.137818 16.606796,
2.828096 -3.868464 16.538185,
2.166419 -3.273761 16.593781,
1.674297 -3.607350 16.655174,
1.976013 -4.446058 16.644485,
2.828096 -3.868464 16.538185,
1.674297 -3.607350 16.655174,
2.805137 -4.815133 16.247688,
2.828096 -3.868464 16.538185,
1.976013 -4.446058 16.644485,
1.969854 -5.369853 16.319069,
2.805137 -4.815133 16.247688,
1.976013 -4.446058 16.644485,
1.156650 -4.876591 16.609024,
1.969854 -5.369853 16.319069,
1.976013 -4.446058 16.644485,
1.674297 -3.607350 16.655174,
1.156650 -4.876591 16.609024,
1.976013 -4.446058 16.644485,
0.636628 -3.711796 16.513657,
1.156650 -4.876591 16.609024,
1.674297 -3.607350 16.655174,
0.071775 -4.031194 16.350082,
1.156650 -4.876591 16.609024,
0.636628 -3.711796 16.513657,
0.248273 -5.232731 16.178864,
1.156650 -4.876591 16.609024,
0.071775 -4.031194 16.350082,
-0.531998 -4.859004 16.166817,
0.248273 -5.232731 16.178864,
0.071775 -4.031194 16.350082,
-0.120679 -5.752350 16.093536,
0.248273 -5.232731 16.178864,
-0.531998 -4.859004 16.166817,
0.697442 -5.656347 16.358322,
0.248273 -5.232731 16.178864,
-0.120679 -5.752350 16.093536,
0.474578 -6.139367 15.808357,
0.697442 -5.656347 16.358322,
-0.120679 -5.752350 16.093536,
0.014295 -6.314497 15.624359,
0.474578 -6.139367 15.808357,
-0.120679 -5.752350 16.093536,
-0.689421 -6.195067 15.507759,
0.014295 -6.314497 15.624359,
-0.120679 -5.752350 16.093536,
-0.252764 -6.883584 15.266731,
0.014295 -6.314497 15.624359,
-0.689421 -6.195067 15.507759,
0.557853 -7.074690 15.711319,
0.014295 -6.314497 15.624359,
-0.252764 -6.883584 15.266731,
0.191623 -7.584288 15.021446,
0.557853 -7.074690 15.711319,
-0.252764 -6.883584 15.266731,
-0.475629 -7.366602 14.716766,
0.191623 -7.584288 15.021446,
-0.252764 -6.883584 15.266731,
-1.165913 -7.187120 14.452950,
-0.475629 -7.366602 14.716766,
-0.252764 -6.883584 15.266731,
-0.612902 -7.673850 14.076591,
-0.475629 -7.366602 14.716766,
-1.165913 -7.187120 14.452950,
-1.333733 -7.562213 13.686317,
-0.612902 -7.673850 14.076591,
-1.165913 -7.187120 14.452950,
-0.754698 -7.990349 13.441933,
-0.612902 -7.673850 14.076591,
-1.333733 -7.562213 13.686317,
-0.815844 -8.142121 12.694496,
-0.754698 -7.990349 13.441933,
-1.333733 -7.562213 13.686317,
-0.093829 -8.488629 13.032768,
-0.754698 -7.990349 13.441933,
-0.815844 -8.142121 12.694496,
-0.558669 -8.412677 12.207291,
-0.093829 -8.488629 13.032768,
-0.815844 -8.142121 12.694496,
-1.037116 -8.423845 11.777908,
-0.558669 -8.412677 12.207291,
-0.815844 -8.142121 12.694496,
-1.666499 -7.890858 12.318680,
-1.037116 -8.423845 11.777908,
-0.815844 -8.142121 12.694496,
-1.393136 -7.965518 11.501160,
-1.037116 -8.423845 11.777908,
-1.666499 -7.890858 12.318680,
-1.943314 -7.486160 11.731293,
-1.393136 -7.965518 11.501160,
-1.666499 -7.890858 12.318680,
-1.884190 -7.676022 10.600021,
-1.393136 -7.965518 11.501160,
-1.943314 -7.486160 11.731293,
-2.514937 -7.021163 11.086052,
-1.884190 -7.676022 10.600021,
-1.943314 -7.486160 11.731293,
-2.114192 -7.130610 9.887573,
-1.884190 -7.676022 10.600021,
-2.514937 -7.021163 11.086052,
-2.652968 -6.573350 10.327766,
-2.114192 -7.130610 9.887573,
-2.514937 -7.021163 11.086052,
-2.318743 -6.381834 9.203163,
-2.114192 -7.130610 9.887573,
-2.652968 -6.573350 10.327766,
-2.771109 -6.140893 9.932480,
-2.318743 -6.381834 9.203163,
-2.652968 -6.573350 10.327766,
-2.959943 -6.089320 10.497208,
-2.771109 -6.140893 9.932480,
-2.652968 -6.573350 10.327766,
-1.516347 -6.956192 9.117340,
-2.114192 -7.130610 9.887573,
-2.318743 -6.381834 9.203163,
-1.693976 -6.208854 8.468941,
-1.516347 -6.956192 9.117340,
-2.318743 -6.381834 9.203163,
-2.531979 -5.477664 8.756050,
-1.693976 -6.208854 8.468941,
-2.318743 -6.381834 9.203163,
-2.970210 -5.354609 9.562752,
-2.531979 -5.477664 8.756050,
-2.318743 -6.381834 9.203163,
-2.771109 -6.140893 9.932480,
-2.970210 -5.354609 9.562752,
-2.318743 -6.381834 9.203163,
-1.708129 -5.548457 8.082794,
-1.693976 -6.208854 8.468941,
-2.531979 -5.477664 8.756050,
-2.122128 -5.060354 8.021461,
-1.708129 -5.548457 8.082794,
-2.531979 -5.477664 8.756050,
-2.314723 -4.591982 8.417618,
-2.122128 -5.060354 8.021461,
-2.531979 -5.477664 8.756050,
-2.189982 -4.203704 7.920532,
-2.122128 -5.060354 8.021461,
-2.314723 -4.591982 8.417618,
-1.566584 -4.611782 7.746506,
-2.122128 -5.060354 8.021461,
-2.189982 -4.203704 7.920532,
-1.470946 -5.337472 7.523651,
-2.122128 -5.060354 8.021461,
-1.566584 -4.611782 7.746506,
-1.708129 -5.548457 8.082794,
-2.122128 -5.060354 8.021461,
-1.470946 -5.337472 7.523651,
-1.263739 -6.249163 7.837502,
-1.708129 -5.548457 8.082794,
-1.470946 -5.337472 7.523651,
-0.794470 -6.238631 7.495567,
-1.263739 -6.249163 7.837502,
-1.470946 -5.337472 7.523651,
-0.876494 -5.204035 7.318130,
-0.794470 -6.238631 7.495567,
-1.470946 -5.337472 7.523651,
-1.566584 -4.611782 7.746506,
-0.876494 -5.204035 7.318130,
-1.470946 -5.337472 7.523651,
-1.091931 -4.615039 6.930481,
-0.876494 -5.204035 7.318130,
-1.566584 -4.611782 7.746506,
-1.582680 -3.841234 7.201363,
-1.091931 -4.615039 6.930481,
-1.566584 -4.611782 7.746506,
-1.857987 -3.656425 7.859886,
-1.582680 -3.841234 7.201363,
-1.566584 -4.611782 7.746506,
-2.189982 -4.203704 7.920532,
-1.857987 -3.656425 7.859886,
-1.566584 -4.611782 7.746506,
-1.407916 -3.014162 7.345512,
-1.582680 -3.841234 7.201363,
-1.857987 -3.656425 7.859886,
-1.953623 -2.930737 8.082741,
-1.407916 -3.014162 7.345512,
-1.857987 -3.656425 7.859886,
-0.744487 -3.867033 7.032410,
-1.582680 -3.841234 7.201363,
-1.407916 -3.014162 7.345512,
-0.299437 -2.777644 6.902901,
-0.744487 -3.867033 7.032410,
-1.407916 -3.014162 7.345512,
-0.188939 -3.418462 6.757454,
-0.744487 -3.867033 7.032410,
-0.299437 -2.777644 6.902901,
0.336730 -3.068465 6.709976,
-0.188939 -3.418462 6.757454,
-0.299437 -2.777644 6.902901,
0.268880 -2.211818 6.609055,
0.336730 -3.068465 6.709976,
-0.299437 -2.777644 6.902901,
-0.535365 -1.950312 7.249725,
0.268880 -2.211818 6.609055,
-0.299437 -2.777644 6.902901,
0.411723 -1.902095 7.027130,
0.268880 -2.211818 6.609055,
-0.535365 -1.950312 7.249725,
-0.183535 -1.515078 7.312309,
0.411723 -1.902095 7.027130,
-0.535365 -1.950312 7.249725,
1.117113 -1.717881 6.810730,
0.268880 -2.211818 6.609055,
0.411723 -1.902095 7.027130,
0.853519 -2.711822 6.627411,
0.268880 -2.211818 6.609055,
1.117113 -1.717881 6.810730,
0.336730 -3.068465 6.709976,
0.268880 -2.211818 6.609055,
0.853519 -2.711822 6.627411,
0.962198 -3.351276 6.474770,
0.336730 -3.068465 6.709976,
0.853519 -2.711822 6.627411,
0.334295 -3.776908 6.553101,
0.336730 -3.068465 6.709976,
0.962198 -3.351276 6.474770,
1.289972 -4.231285 6.372650,
0.334295 -3.776908 6.553101,
0.962198 -3.351276 6.474770,
2.054096 -2.957891 6.409073,
1.289972 -4.231285 6.372650,
0.962198 -3.351276 6.474770,
0.853519 -2.711822 6.627411,
2.054096 -2.957891 6.409073,
0.962198 -3.351276 6.474770,
1.897384 -2.091608 6.822784,
2.054096 -2.957891 6.409073,
0.853519 -2.711822 6.627411,
1.117113 -1.717881 6.810730,
1.897384 -2.091608 6.822784,
0.853519 -2.711822 6.627411,
2.357427 -1.708708 6.827568,
1.897384 -2.091608 6.822784,
1.117113 -1.717881 6.810730,
2.041341 -0.749323 7.475693,
2.357427 -1.708708 6.827568,
1.117113 -1.717881 6.810730,
2.580287 -1.225689 7.377533,
2.357427 -1.708708 6.827568,
2.041341 -0.749323 7.475693,
2.848264 -0.654633 7.736855,
2.580287 -1.225689 7.377533,
2.041341 -0.749323 7.475693,
3.071126 -0.171614 8.286819,
2.848264 -0.654633 7.736855,
2.041341 -0.749323 7.475693,
3.636468 -1.022922 7.306679,
2.580287 -1.225689 7.377533,
2.848264 -0.654633 7.736855,
3.175546 -1.612705 7.092354,
2.580287 -1.225689 7.377533,
3.636468 -1.022922 7.306679,
3.704320 -1.879570 7.407600,
3.175546 -1.612705 7.092354,
3.636468 -1.022922 7.306679,
4.247797 -1.350508 7.823982,
3.704320 -1.879570 7.407600,
3.636468 -1.022922 7.306679,
4.208341 -1.052545 8.306419,
4.247797 -1.350508 7.823982,
3.636468 -1.022922 7.306679,
4.877077 -1.504065 8.305504,
4.247797 -1.350508 7.823982,
4.208341 -1.052545 8.306419,
5.094850 -1.344609 8.884247,
4.877077 -1.504065 8.305504,
4.208341 -1.052545 8.306419,
4.540834 -0.606714 8.992958,
5.094850 -1.344609 8.884247,
4.208341 -1.052545 8.306419,
3.763952 -0.351839 8.551704,
4.540834 -0.606714 8.992958,
4.208341 -1.052545 8.306419,
4.027196 0.233116 9.194016,
4.540834 -0.606714 8.992958,
3.763952 -0.351839 8.551704,
3.209077 0.137115 8.929230,
4.027196 0.233116 9.194016,
3.763952 -0.351839 8.551704,
3.351251 0.454491 9.566475,
4.027196 0.233116 9.194016,
3.209077 0.137115 8.929230,
2.658479 0.634825 9.301521,
3.351251 0.454491 9.566475,
3.209077 0.137115 8.929230,
2.490031 0.258330 8.532036,
2.658479 0.634825 9.301521,
3.209077 0.137115 8.929230,
3.412400 0.606263 10.313911,
3.351251 0.454491 9.566475,
2.658479 0.634825 9.301521,
4.143976 0.259739 9.997086,
3.351251 0.454491 9.566475,
3.412400 0.606263 10.313911,
3.769414 0.578194 10.810806,
4.143976 0.259739 9.997086,
3.412400 0.606263 10.313911,
3.467592 0.963089 11.228142,
3.769414 0.578194 10.810806,
3.412400 0.606263 10.313911,
2.671666 1.112782 10.665359,
3.467592 0.963089 11.228142,
3.412400 0.606263 10.313911,
3.744405 0.558390 11.815529,
3.769414 0.578194 10.810806,
3.467592 0.963089 11.228142,
4.255231 0.303032 11.674423,
3.769414 0.578194 10.810806,
3.744405 0.558390 11.815529,
4.230737 0.232943 12.632866,
4.255231 0.303032 11.674423,
3.744405 0.558390 11.815529,
3.805555 0.710161 12.562965,
4.230737 0.232943 12.632866,
3.744405 0.558390 11.815529,
4.630147 0.084186 12.286674,
4.255231 0.303032 11.674423,
4.230737 0.232943 12.632866,
4.906957 -0.320513 12.874069,
4.630147 0.084186 12.286674,
4.230737 0.232943 12.632866,
4.453134 -0.323348 13.692276,
4.906957 -0.320513 12.874069,
4.230737 0.232943 12.632866,
5.204782 -0.604860 13.615555,
4.906957 -0.320513 12.874069,
4.453134 -0.323348 13.692276,
4.595533 -0.857181 14.175735,
5.204782 -0.604860 13.615555,
4.453134 -0.323348 13.692276,
3.973314 -0.306571 14.296677,
4.595533 -0.857181 14.175735,
4.453134 -0.323348 13.692276,
4.147817 -0.945333 14.880531,
4.595533 -0.857181 14.175735,
3.973314 -0.306571 14.296677,
4.743356 -1.385733 14.663345,
4.595533 -0.857181 14.175735,
4.147817 -0.945333 14.880531,
4.757509 -2.046131 15.049492,
4.743356 -1.385733 14.663345,
4.147817 -0.945333 14.880531,
5.366754 -1.793810 14.489311,
4.743356 -1.385733 14.663345,
4.757509 -2.046131 15.049492,
5.435327 -2.596993 15.029091,
5.366754 -1.793810 14.489311,
4.757509 -2.046131 15.049492,
4.681692 -2.497011 15.494453,
5.435327 -2.596993 15.029091,
4.757509 -2.046131 15.049492,
4.149812 -2.297810 15.608246,
4.681692 -2.497011 15.494453,
4.757509 -2.046131 15.049492,
4.294096 -3.111070 16.074852,
4.681692 -2.497011 15.494453,
4.149812 -2.297810 15.608246,
3.540563 -2.550131 16.168434,
4.294096 -3.111070 16.074852,
4.149812 -2.297810 15.608246,
3.526414 -1.889734 15.782280,
3.540563 -2.550131 16.168434,
4.149812 -2.297810 15.608246,
3.515455 -3.360792 16.333206,
4.294096 -3.111070 16.074852,
3.540563 -2.550131 16.168434,
4.179861 -3.799787 15.837730,
4.294096 -3.111070 16.074852,
3.515455 -3.360792 16.333206,
3.624311 -4.248359 16.112686,
4.179861 -3.799787 15.837730,
3.515455 -3.360792 16.333206,
4.554788 -4.790128 15.712654,
4.179861 -3.799787 15.837730,
3.624311 -4.248359 16.112686,
3.688085 -5.224491 16.063499,
4.554788 -4.790128 15.712654,
3.624311 -4.248359 16.112686,
4.642713 -5.630742 15.333717,
4.554788 -4.790128 15.712654,
3.688085 -5.224491 16.063499,
3.886403 -5.985815 15.644402,
4.642713 -5.630742 15.333717,
3.688085 -5.224491 16.063499,
2.836007 -5.802085 16.169792,
3.886403 -5.985815 15.644402,
3.688085 -5.224491 16.063499,
3.394277 -6.319404 15.705795,
3.886403 -5.985815 15.644402,
2.836007 -5.802085 16.169792,
3.844102 -6.510831 15.361923,
3.886403 -5.985815 15.644402,
3.394277 -6.319404 15.705795,
3.525071 -7.247733 14.974899,
3.844102 -6.510831 15.361923,
3.394277 -6.319404 15.705795,
2.746230 -6.916288 15.570297,
3.525071 -7.247733 14.974899,
3.394277 -6.319404 15.705795,
2.587741 -7.513271 14.795967,
3.525071 -7.247733 14.974899,
2.746230 -6.916288 15.570297,
1.825025 -7.167356 15.351929,
2.587741 -7.513271 14.795967,
2.746230 -6.916288 15.570297,
2.080438 -6.333212 16.099121,
1.825025 -7.167356 15.351929,
2.746230 -6.916288 15.570297,
1.229768 -6.780340 15.637115,
1.825025 -7.167356 15.351929,
2.080438 -6.333212 16.099121,
1.141830 -6.357053 16.113029,
1.229768 -6.780340 15.637115,
2.080438 -6.333212 16.099121,
1.313360 -5.742876 16.195312,
1.141830 -6.357053 16.113029,
2.080438 -6.333212 16.099121,
1.015500 -7.573683 15.185074,
1.825025 -7.167356 15.351929,
1.229768 -6.780340 15.637115,
1.694488 -7.940149 14.764503,
1.825025 -7.167356 15.351929,
1.015500 -7.573683 15.185074,
0.695533 -7.980107 14.379379,
1.694488 -7.940149 14.764503,
1.015500 -7.573683 15.185074,
1.290792 -8.367125 14.094200,
1.694488 -7.940149 14.764503,
0.695533 -7.980107 14.379379,
0.634294 -8.740148 13.970444,
1.290792 -8.367125 14.094200,
0.695533 -7.980107 14.379379,
-0.168515 -8.374556 13.831306,
0.634294 -8.740148 13.970444,
0.695533 -7.980107 14.379379,
-0.001578 -8.001434 14.593895,
-0.168515 -8.374556 13.831306,
0.695533 -7.980107 14.379379,
1.581148 -8.801591 13.420738,
1.290792 -8.367125 14.094200,
0.634294 -8.740148 13.970444,
0.730644 -8.692460 13.126389,
1.581148 -8.801591 13.420738,
0.634294 -8.740148 13.970444,
1.381828 -8.969578 12.628578,
1.581148 -8.801591 13.420738,
0.730644 -8.692460 13.126389,
0.563707 -9.065580 12.363792,
1.381828 -8.969578 12.628578,
0.730644 -8.692460 13.126389,
1.329654 -9.066227 11.850151,
1.381828 -8.969578 12.628578,
0.563707 -9.065580 12.363792,
0.617324 -8.940881 11.600525,
1.329654 -9.066227 11.850151,
0.563707 -9.065580 12.363792,
-0.150569 -8.728448 11.948135,
0.617324 -8.940881 11.600525,
0.563707 -9.065580 12.363792,
0.210811 -8.827145 10.867386,
0.617324 -8.940881 11.600525,
-0.150569 -8.728448 11.948135,
-0.533660 -8.392873 11.202568,
0.210811 -8.827145 10.867386,
-0.150569 -8.728448 11.948135,
-0.594805 -8.544643 10.455132,
0.210811 -8.827145 10.867386,
-0.533660 -8.392873 11.202568,
-1.245989 -8.267526 10.952942,
-0.594805 -8.544643 10.455132,
-0.533660 -8.392873 11.202568,
-1.019993 -8.067428 10.385231,
-0.594805 -8.544643 10.455132,
-1.245989 -8.267526 10.952942,
-0.746627 -8.142086 9.567711,
-0.594805 -8.544643 10.455132,
-1.019993 -8.067428 10.385231,
-1.296805 -7.662729 9.797844,
-0.746627 -8.142086 9.567711,
-1.019993 -8.067428 10.385231,
-1.071959 -7.656898 8.872047,
-0.746627 -8.142086 9.567711,
-1.296805 -7.662729 9.797844,
-0.434771 -7.681390 8.728165,
-0.746627 -8.142086 9.567711,
-1.071959 -7.656898 8.872047,
-0.609271 -7.042628 8.144310,
-0.434771 -7.681390 8.728165,
-1.071959 -7.656898 8.872047,
-1.278165 -6.922866 8.124794,
-0.609271 -7.042628 8.144310,
-1.071959 -7.656898 8.872047,
0.103635 -7.580368 8.062515,
-0.434771 -7.681390 8.728165,
-0.609271 -7.042628 8.144310,
-0.000025 -6.790307 7.584129,
0.103635 -7.580368 8.062515,
-0.609271 -7.042628 8.144310,
0.796098 -7.171626 7.596420,
0.103635 -7.580368 8.062515,
-0.000025 -6.790307 7.584129,
0.675016 -6.413469 7.256592,
0.796098 -7.171626 7.596420,
-0.000025 -6.790307 7.584129,
-0.029065 -6.185723 7.062057,
0.675016 -6.413469 7.256592,
-0.000025 -6.790307 7.584129,
0.340566 -5.719921 6.598511,
0.675016 -6.413469 7.256592,
-0.029065 -6.185723 7.062057,
-0.253096 -5.612112 7.144104,
0.340566 -5.719921 6.598511,
-0.029065 -6.185723 7.062057,
0.488778 -5.009294 6.699272,
0.340566 -5.719921 6.598511,
-0.253096 -5.612112 7.144104,
-0.279372 -4.793641 6.722588,
0.488778 -5.009294 6.699272,
-0.253096 -5.612112 7.144104,
1.284261 -6.161149 6.696404,
0.675016 -6.413469 7.256592,
0.340566 -5.719921 6.598511,
1.574979 -5.529552 6.716049,
1.284261 -6.161149 6.696404,
0.340566 -5.719921 6.598511,
0.488778 -5.009294 6.699272,
1.574979 -5.529552 6.716049,
0.340566 -5.719921 6.598511,
1.583318 -4.818884 6.432640,
1.574979 -5.529552 6.716049,
0.488778 -5.009294 6.699272,
2.459750 -4.960886 6.511993,
1.574979 -5.529552 6.716049,
1.583318 -4.818884 6.432640,
2.378595 -3.936301 6.391281,
2.459750 -4.960886 6.511993,
1.583318 -4.818884 6.432640,
3.175573 -4.346079 6.813194,
2.459750 -4.960886 6.511993,
2.378595 -3.936301 6.391281,
3.086250 -3.348501 6.727524,
3.175573 -4.346079 6.813194,
2.378595 -3.936301 6.391281,
3.961847 -3.750513 6.903709,
3.175573 -4.346079 6.813194,
3.086250 -3.348501 6.727524,
3.900510 -2.828114 6.961761,
3.961847 -3.750513 6.903709,
3.086250 -3.348501 6.727524,
2.962470 -2.601752 6.839233,
3.900510 -2.828114 6.961761,
3.086250 -3.348501 6.727524,
4.758565 -2.974916 7.514114,
3.961847 -3.750513 6.903709,
3.900510 -2.828114 6.961761,
4.371572 -2.097259 7.712280,
4.758565 -2.974916 7.514114,
3.900510 -2.828114 6.961761,
5.104902 -2.467905 8.291351,
4.758565 -2.974916 7.514114,
4.371572 -2.097259 7.712280,
5.489736 -3.366720 8.132835,
4.758565 -2.974916 7.514114,
5.104902 -2.467905 8.291351,
5.791250 -2.858011 8.913620,
5.489736 -3.366720 8.132835,
5.104902 -2.467905 8.291351,
5.648378 -1.938842 8.707733,
5.791250 -2.858011 8.913620,
5.104902 -2.467905 8.291351,
5.892866 -2.440540 9.257111,
5.791250 -2.858011 8.913620,
5.648378 -1.938842 8.707733,
5.732362 -1.686229 9.423714,
5.892866 -2.440540 9.257111,
5.648378 -1.938842 8.707733,
6.343687 -2.013814 9.941017,
5.892866 -2.440540 9.257111,
5.732362 -1.686229 9.423714,
5.899301 -1.313108 10.186310,
6.343687 -2.013814 9.941017,
5.732362 -1.686229 9.423714,
5.436361 -0.885673 9.587669,
5.899301 -1.313108 10.186310,
5.732362 -1.686229 9.423714,
5.435876 -0.582384 10.442108,
5.899301 -1.313108 10.186310,
5.436361 -0.885673 9.587669,
4.824548 -0.254798 9.924797,
5.435876 -0.582384 10.442108,
5.436361 -0.885673 9.587669,
4.991487 0.118323 10.687393,
5.435876 -0.582384 10.442108,
4.824548 -0.254798 9.924797,
5.459081 -0.471303 11.222893,
5.435876 -0.582384 10.442108,
4.991487 0.118323 10.687393,
4.908903 0.008055 11.453026,
5.459081 -0.471303 11.222893,
4.991487 0.118323 10.687393,
4.285516 0.342105 10.925507,
4.908903 0.008055 11.453026,
4.991487 0.118323 10.687393,
5.343927 -0.145440 12.079407,
5.459081 -0.471303 11.222893,
4.908903 0.008055 11.453026,
5.788316 -0.846147 11.834122,
5.459081 -0.471303 11.222893,
5.343927 -0.145440 12.079407,
5.514951 -0.771488 12.651642,
5.788316 -0.846147 11.834122,
5.343927 -0.145440 12.079407,
6.132280 -1.417584 12.498283,
5.788316 -0.846147 11.834122,
5.514951 -0.771488 12.651642,
5.693304 -1.424356 13.248390,
6.132280 -1.417584 12.498283,
5.514951 -0.771488 12.651642,
6.222227 -2.198839 12.973816,
6.132280 -1.417584 12.498283,
5.693304 -1.424356 13.248390,
5.551618 -1.653282 13.717056,
6.222227 -2.198839 12.973816,
5.693304 -1.424356 13.248390,
5.375806 -1.230907 14.187782,
5.551618 -1.653282 13.717056,
5.693304 -1.424356 13.248390,
6.422765 -2.202919 12.150558,
6.132280 -1.417584 12.498283,
6.222227 -2.198839 12.973816,
6.925840 -2.728293 12.640968,
6.422765 -2.202919 12.150558,
6.222227 -2.198839 12.973816,
6.320909 -2.933015 13.330688,
6.925840 -2.728293 12.640968,
6.222227 -2.198839 12.973816,
6.482988 -3.611464 13.022652,
6.925840 -2.728293 12.640968,
6.320909 -2.933015 13.330688,
6.285703 -3.552477 13.655998,
6.482988 -3.611464 13.022652,
6.320909 -2.933015 13.330688,
5.855466 -3.512166 14.287437,
6.285703 -3.552477 13.655998,
6.320909 -2.933015 13.330688,
6.422620 -4.217125 13.481972,
6.285703 -3.552477 13.655998,
5.855466 -3.512166 14.287437,
6.482988 -3.611464 13.022652,
6.285703 -3.552477 13.655998,
6.422620 -4.217125 13.481972,
6.675870 -4.286291 12.724594,
6.482988 -3.611464 13.022652,
6.422620 -4.217125 13.481972,
6.530195 -4.989793 13.190094,
6.675870 -4.286291 12.724594,
6.422620 -4.217125 13.481972,
6.088018 -4.902506 13.890556,
6.530195 -4.989793 13.190094,
6.422620 -4.217125 13.481972,
5.648408 -4.857878 14.434204,
6.088018 -4.902506 13.890556,
6.422620 -4.217125 13.481972,
5.855466 -3.512166 14.287437,
5.648408 -4.857878 14.434204,
6.422620 -4.217125 13.481972,
5.552774 -4.132185 14.657059,
5.648408 -4.857878 14.434204,
5.855466 -3.512166 14.287437,
5.400728 -3.630777 15.097565,
5.552774 -4.132185 14.657059,
5.855466 -3.512166 14.287437,
5.068731 -4.178056 15.158211,
5.552774 -4.132185 14.657059,
5.400728 -3.630777 15.097565,
4.791479 -3.883098 15.657745,
5.068731 -4.178056 15.158211,
5.400728 -3.630777 15.097565,
4.777330 -3.222702 15.271599,
4.791479 -3.883098 15.657745,
5.400728 -3.630777 15.097565,
5.164369 -4.903745 14.935356,
5.552774 -4.132185 14.657059,
5.068731 -4.178056 15.158211,
5.648408 -4.857878 14.434204,
5.552774 -4.132185 14.657059,
5.164369 -4.903745 14.935356,
5.591516 -5.437514 14.111244,
5.648408 -4.857878 14.434204,
5.164369 -4.903745 14.935356,
5.116834 -5.798898 14.480469,
5.591516 -5.437514 14.111244,
5.164369 -4.903745 14.935356,
5.687147 -6.163204 13.888390,
5.591516 -5.437514 14.111244,
5.116834 -5.798898 14.480469,
5.022157 -6.668789 13.985687,
5.687147 -6.163204 13.888390,
5.116834 -5.798898 14.480469,
4.569467 -6.539777 14.844612,
5.022157 -6.668789 13.985687,
5.116834 -5.798898 14.480469,
4.219511 -7.390318 14.378754,
5.022157 -6.668789 13.985687,
4.569467 -6.539777 14.844612,
4.822332 -7.236154 13.512817,
5.022157 -6.668789 13.985687,
4.219511 -7.390318 14.378754,
4.477758 -7.776692 13.562813,
4.822332 -7.236154 13.512817,
4.219511 -7.390318 14.378754,
3.849866 -7.895350 13.634125,
4.477758 -7.776692 13.562813,
4.219511 -7.390318 14.378754,
3.337266 -7.810906 14.195869,
3.849866 -7.895350 13.634125,
4.219511 -7.390318 14.378754,
3.080367 -8.148063 13.845253,
3.849866 -7.895350 13.634125,
3.337266 -7.810906 14.195869,
2.526502 -8.273311 14.387032,
3.080367 -8.148063 13.845253,
3.337266 -7.810906 14.195869,
2.398858 -8.496700 13.666306,
3.080367 -8.148063 13.845253,
2.526502 -8.273311 14.387032,
1.958042 -8.584811 14.398872,
2.398858 -8.496700 13.666306,
2.526502 -8.273311 14.387032,
3.050040 -8.773818 13.168503,
3.080367 -8.148063 13.845253,
2.398858 -8.496700 13.666306,
2.231921 -8.869821 12.903717,
3.050040 -8.773818 13.168503,
2.398858 -8.496700 13.666306,
2.743819 -8.900280 12.307846,
3.050040 -8.773818 13.168503,
2.231921 -8.869821 12.903717,
2.036546 -8.980862 12.078720,
2.743819 -8.900280 12.307846,
2.231921 -8.869821 12.903717,
2.691520 -8.995343 11.529236,
2.743819 -8.900280 12.307846,
2.036546 -8.980862 12.078720,
1.841424 -9.095099 11.254097,
2.691520 -8.995343 11.529236,
2.036546 -8.980862 12.078720,
2.534505 -9.026604 10.676170,
2.691520 -8.995343 11.529236,
1.841424 -9.095099 11.254097,
1.632553 -8.938781 10.429131,
2.534505 -9.026604 10.676170,
1.841424 -9.095099 11.254097,
1.023305 -9.191101 10.989311,
1.632553 -8.938781 10.429131,
1.841424 -9.095099 11.254097,
0.908565 -8.751087 10.186996,
1.632553 -8.938781 10.429131,
1.023305 -9.191101 10.989311,
1.465614 -9.311901 9.666534,
1.632553 -8.938781 10.429131,
0.908565 -8.751087 10.186996,
0.628160 -8.591536 9.261063,
1.465614 -9.311901 9.666534,
0.908565 -8.751087 10.186996,
0.548555 -8.546599 9.826340,
0.628160 -8.591536 9.261063,
0.908565 -8.751087 10.186996,
0.045093 -8.577572 10.401680,
0.548555 -8.546599 9.826340,
0.908565 -8.751087 10.186996,
-0.213765 -8.364346 9.438553,
0.548555 -8.546599 9.826340,
0.045093 -8.577572 10.401680,
0.628160 -8.591536 9.261063,
0.548555 -8.546599 9.826340,
-0.213765 -8.364346 9.438553,
0.345498 -8.055118 8.740219,
0.628160 -8.591536 9.261063,
-0.213765 -8.364346 9.438553,
1.161216 -8.193234 8.883362,
0.628160 -8.591536 9.261063,
0.345498 -8.055118 8.740219,
0.967122 -7.797672 8.168655,
1.161216 -8.193234 8.883362,
0.345498 -8.055118 8.740219,
1.677846 -7.982934 8.406013,
1.161216 -8.193234 8.883362,
0.967122 -7.797672 8.168655,
2.210902 -7.584633 8.028320,
1.677846 -7.982934 8.406013,
0.967122 -7.797672 8.168655,
2.381925 -8.210680 8.600548,
1.677846 -7.982934 8.406013,
2.210902 -7.584633 8.028320,
3.064399 -7.768989 8.071526,
2.381925 -8.210680 8.600548,
2.210902 -7.584633 8.028320,
2.526302 -7.252033 7.585381,
3.064399 -7.768989 8.071526,
2.210902 -7.584633 8.028320,
2.040313 -6.960179 7.457542,
2.526302 -7.252033 7.585381,
2.210902 -7.584633 8.028320,
2.776452 -6.572140 7.002861,
2.526302 -7.252033 7.585381,
2.040313 -6.960179 7.457542,
1.869291 -6.334132 6.885307,
2.776452 -6.572140 7.002861,
2.040313 -6.960179 7.457542,
1.336234 -6.732434 7.263008,
1.869291 -6.334132 6.885307,
2.040313 -6.960179 7.457542,
2.489703 -5.812130 6.728050,
2.776452 -6.572140 7.002861,
1.869291 -6.334132 6.885307,
3.235479 -6.048568 7.245308,
2.776452 -6.572140 7.002861,
2.489703 -5.812130 6.728050,
3.243818 -5.337900 6.961899,
3.235479 -6.048568 7.245308,
2.489703 -5.812130 6.728050,
4.238752 -5.718344 7.391663,
3.235479 -6.048568 7.245308,
3.243818 -5.337900 6.961899,
4.042997 -4.775096 7.024414,
4.238752 -5.718344 7.391663,
3.243818 -5.337900 6.961899,
4.939195 -5.255334 7.782776,
4.238752 -5.718344 7.391663,
4.042997 -4.775096 7.024414,
4.749822 -4.447308 7.457489,
4.939195 -5.255334 7.782776,
4.042997 -4.775096 7.024414,
4.702947 -3.855556 7.387772,
4.749822 -4.447308 7.457489,
4.042997 -4.775096 7.024414,
5.125238 -4.081845 7.745117,
4.749822 -4.447308 7.457489,
4.702947 -3.855556 7.387772,
5.589204 -4.622551 8.280785,
4.749822 -4.447308 7.457489,
5.125238 -4.081845 7.745117,
4.939195 -5.255334 7.782776,
4.749822 -4.447308 7.457489,
5.589204 -4.622551 8.280785,
5.345777 -5.509007 8.649628,
4.939195 -5.255334 7.782776,
5.589204 -4.622551 8.280785,
5.951723 -4.883999 9.152306,
5.345777 -5.509007 8.649628,
5.589204 -4.622551 8.280785,
6.020883 -3.811152 8.747910,
5.951723 -4.883999 9.152306,
5.589204 -4.622551 8.280785,
6.256666 -4.366984 9.626801,
5.951723 -4.883999 9.152306,
6.020883 -3.811152 8.747910,
6.463171 -3.760314 9.574669,
6.256666 -4.366984 9.626801,
6.020883 -3.811152 8.747910,
6.164049 -3.197644 9.489037,
6.463171 -3.760314 9.574669,
6.020883 -3.811152 8.747910,
6.428335 -3.673608 10.334076,
6.463171 -3.760314 9.574669,
6.164049 -3.197644 9.489037,
6.436937 -3.137062 10.470184,
6.428335 -3.673608 10.334076,
6.164049 -3.197644 9.489037,
6.265661 -2.780173 9.832527,
6.436937 -3.137062 10.470184,
6.164049 -3.197644 9.489037,
6.435895 -2.399691 10.610168,
6.436937 -3.137062 10.470184,
6.265661 -2.780173 9.832527,
6.575799 -3.842476 10.999367,
6.428335 -3.673608 10.334076,
6.436937 -3.137062 10.470184,
6.741262 -3.754086 11.638367,
6.575799 -3.842476 10.999367,
6.436937 -3.137062 10.470184,
6.685861 -4.441643 11.268433,
6.575799 -3.842476 10.999367,
6.741262 -3.754086 11.638367,
6.751096 -4.540465 10.145500,
6.575799 -3.842476 10.999367,
6.685861 -4.441643 11.268433,
6.624624 -5.201684 10.859497,
6.751096 -4.540465 10.145500,
6.685861 -4.441643 11.268433,
6.589788 -5.114977 11.618904,
6.624624 -5.201684 10.859497,
6.685861 -4.441643 11.268433,
6.560457 -5.571228 11.233612,
6.624624 -5.201684 10.859497,
6.589788 -5.114977 11.618904,
6.319826 -5.636422 11.933136,
6.560457 -5.571228 11.233612,
6.589788 -5.114977 11.618904,
6.614633 -5.046331 12.315659,
6.319826 -5.636422 11.933136,
6.589788 -5.114977 11.618904,
6.304651 -5.681287 12.694183,
6.319826 -5.636422 11.933136,
6.614633 -5.046331 12.315659,
6.087270 -6.063934 11.578270,
6.319826 -5.636422 11.933136,
6.304651 -5.681287 12.694183,
6.560457 -5.571228 11.233612,
6.319826 -5.636422 11.933136,
6.087270 -6.063934 11.578270,
7.051336 -5.406473 10.202499,
6.751096 -4.540465 10.145500,
6.624624 -5.201684 10.859497,
6.285741 -5.796591 10.056694,
7.051336 -5.406473 10.202499,
6.624624 -5.201684 10.859497,
6.324522 -5.223633 9.727722,
7.051336 -5.406473 10.202499,
6.285741 -5.796591 10.056694,
5.969739 -5.713200 9.261826,
6.324522 -5.223633 9.727722,
6.285741 -5.796591 10.056694,
5.742265 -6.325653 9.640312,
5.969739 -5.713200 9.261826,
6.285741 -5.796591 10.056694,
5.951139 -6.481973 10.465279,
5.742265 -6.325653 9.640312,
6.285741 -5.796591 10.056694,
5.577940 -7.105910 10.013344,
5.742265 -6.325653 9.640312,
5.951139 -6.481973 10.465279,
5.641157 -7.116930 10.843811,
5.577940 -7.105910 10.013344,
5.951139 -6.481973 10.465279,
5.906568 -6.512758 11.225876,
5.641157 -7.116930 10.843811,
5.951139 -6.481973 10.465279,
5.661561 -7.046154 11.540489,
5.641157 -7.116930 10.843811,
5.906568 -6.512758 11.225876,
5.991197 -6.737267 11.928741,
5.661561 -7.046154 11.540489,
5.906568 -6.512758 11.225876,
5.731851 -7.009799 12.301529,
5.661561 -7.046154 11.540489,
5.991197 -6.737267 11.928741,
6.243948 -7.146773 12.949432,
5.731851 -7.009799 12.301529,
5.991197 -6.737267 11.928741,
5.280263 -7.518822 13.008820,
5.731851 -7.009799 12.301529,
6.243948 -7.146773 12.949432,
5.534753 -6.753233 13.423943,
5.280263 -7.518822 13.008820,
6.243948 -7.146773 12.949432,
5.970048 -6.366668 13.102768,
5.534753 -6.753233 13.423943,
6.243948 -7.146773 12.949432,
5.188375 -7.538861 11.885139,
5.731851 -7.009799 12.301529,
5.280263 -7.518822 13.008820,
4.645875 -7.825473 12.144127,
5.188375 -7.538861 11.885139,
5.280263 -7.518822 13.008820,
4.407472 -7.813049 12.801781,
4.645875 -7.825473 12.144127,
5.280263 -7.518822 13.008820,
3.992646 -8.149888 12.656883,
4.645875 -7.825473 12.144127,
4.407472 -7.813049 12.801781,
4.696729 -8.017473 11.508469,
4.645875 -7.825473 12.144127,
3.992646 -8.149888 12.656883,
5.188375 -7.538861 11.885139,
4.645875 -7.825473 12.144127,
4.696729 -8.017473 11.508469,
5.661561 -7.046154 11.540489,
5.731851 -7.009799 12.301529,
5.188375 -7.538861 11.885139,
5.097681 -7.645991 10.427422,
5.577940 -7.105910 10.013344,
5.641157 -7.116930 10.843811,
5.661561 -7.046154 11.540489,
5.097681 -7.645991 10.427422,
5.641157 -7.116930 10.843811,
4.904176 -7.501173 9.663147,
5.577940 -7.105910 10.013344,
5.097681 -7.645991 10.427422,
4.458601 -7.922332 10.116516,
4.904176 -7.501173 9.663147,
5.097681 -7.645991 10.427422,
4.626440 -8.053828 10.747437,
4.458601 -7.922332 10.116516,
5.097681 -7.645991 10.427422,
4.037977 -8.813927 10.498169,
4.458601 -7.922332 10.116516,
4.626440 -8.053828 10.747437,
4.083177 -8.707452 11.155380,
4.037977 -8.813927 10.498169,
4.626440 -8.053828 10.747437,
3.300767 -8.743021 10.969055,
4.037977 -8.813927 10.498169,
4.083177 -8.707452 11.155380,
3.509641 -8.899339 11.794022,
3.300767 -8.743021 10.969055,
4.083177 -8.707452 11.155380,
3.193471 -8.601984 10.142952,
4.037977 -8.813927 10.498169,
3.300767 -8.743021 10.969055,
3.836259 -8.225071 9.796371,
4.037977 -8.813927 10.498169,
3.193471 -8.601984 10.142952,
4.458601 -7.922332 10.116516,
4.037977 -8.813927 10.498169,
3.836259 -8.225071 9.796371,
4.304971 -7.813244 9.477753,
4.458601 -7.922332 10.116516,
3.836259 -8.225071 9.796371,
4.019907 -7.510946 8.835274,
4.304971 -7.813244 9.477753,
3.836259 -8.225071 9.796371,
4.904176 -7.501173 9.663147,
4.458601 -7.922332 10.116516,
4.304971 -7.813244 9.477753,
4.019907 -7.510946 8.835274,
4.904176 -7.501173 9.663147,
4.304971 -7.813244 9.477753,
5.238779 -6.815792 9.254562,
5.577940 -7.105910 10.013344,
4.904176 -7.501173 9.663147,
5.742265 -6.325653 9.640312,
5.577940 -7.105910 10.013344,
5.238779 -6.815792 9.254562,
5.350072 -6.096282 9.027924,
5.742265 -6.325653 9.640312,
5.238779 -6.815792 9.254562,
4.942266 -6.507843 8.699547,
5.350072 -6.096282 9.027924,
5.238779 -6.815792 9.254562,
4.322599 -6.890925 8.465652,
4.942266 -6.507843 8.699547,
5.238779 -6.815792 9.254562,
4.689611 -6.112645 8.185341,
4.942266 -6.507843 8.699547,
4.322599 -6.890925 8.465652,
4.069944 -6.495726 7.951439,
4.689611 -6.112645 8.185341,
4.322599 -6.890925 8.465652,
3.850045 -7.096694 8.013817,
4.069944 -6.495726 7.951439,
4.322599 -6.890925 8.465652,
3.679021 -6.470648 7.441582,
4.069944 -6.495726 7.951439,
3.850045 -7.096694 8.013817,
3.145967 -6.868950 7.819283,
3.679021 -6.470648 7.441582,
3.850045 -7.096694 8.013817,
5.350072 -6.096282 9.027924,
4.942266 -6.507843 8.699547,
4.689611 -6.112645 8.185341,
5.969739 -5.713200 9.261826,
5.742265 -6.325653 9.640312,
5.350072 -6.096282 9.027924,
6.751096 -4.540465 10.145500,
7.051336 -5.406473 10.202499,
6.324522 -5.223633 9.727722,
6.428335 -3.673608 10.334076,
6.575799 -3.842476 10.999367,
6.751096 -4.540465 10.145500,
6.256666 -4.366984 9.626801,
6.463171 -3.760314 9.574669,
6.428335 -3.673608 10.334076,
6.751096 -4.540465 10.145500,
6.256666 -4.366984 9.626801,
6.428335 -3.673608 10.334076,
6.324522 -5.223633 9.727722,
6.256666 -4.366984 9.626801,
6.751096 -4.540465 10.145500,
5.951723 -4.883999 9.152306,
6.256666 -4.366984 9.626801,
6.324522 -5.223633 9.727722,
5.969739 -5.713200 9.261826,
5.951723 -4.883999 9.152306,
6.324522 -5.223633 9.727722,
5.345777 -5.509007 8.649628,
5.951723 -4.883999 9.152306,
5.969739 -5.713200 9.261826,
5.350072 -6.096282 9.027924,
5.345777 -5.509007 8.649628,
5.969739 -5.713200 9.261826,
4.689611 -6.112645 8.185341,
5.345777 -5.509007 8.649628,
5.350072 -6.096282 9.027924,
4.939195 -5.255334 7.782776,
5.345777 -5.509007 8.649628,
4.689611 -6.112645 8.185341,
4.238752 -5.718344 7.391663,
4.939195 -5.255334 7.782776,
4.689611 -6.112645 8.185341,
4.069944 -6.495726 7.951439,
4.238752 -5.718344 7.391663,
4.689611 -6.112645 8.185341,
3.679021 -6.470648 7.441582,
4.238752 -5.718344 7.391663,
4.069944 -6.495726 7.951439,
3.235479 -6.048568 7.245308,
4.238752 -5.718344 7.391663,
3.679021 -6.470648 7.441582,
3.145967 -6.868950 7.819283,
3.235479 -6.048568 7.245308,
3.679021 -6.470648 7.441582,
2.776452 -6.572140 7.002861,
3.235479 -6.048568 7.245308,
3.145967 -6.868950 7.819283,
2.526302 -7.252033 7.585381,
2.776452 -6.572140 7.002861,
3.145967 -6.868950 7.819283,
3.064399 -7.768989 8.071526,
2.526302 -7.252033 7.585381,
3.145967 -6.868950 7.819283,
3.850045 -7.096694 8.013817,
3.064399 -7.768989 8.071526,
3.145967 -6.868950 7.819283,
2.978551 -8.184913 8.813599,
2.381925 -8.210680 8.600548,
3.064399 -7.768989 8.071526,
2.369304 -8.437233 9.373787,
2.381925 -8.210680 8.600548,
2.978551 -8.184913 8.813599,
1.941488 -8.566960 8.895416,
2.381925 -8.210680 8.600548,
2.369304 -8.437233 9.373787,
2.265613 -8.676597 9.847054,
1.941488 -8.566960 8.895416,
2.369304 -8.437233 9.373787,
1.332239 -8.819282 9.455597,
1.941488 -8.566960 8.895416,
2.265613 -8.676597 9.847054,
1.677846 -7.982934 8.406013,
2.381925 -8.210680 8.600548,
1.941488 -8.566960 8.895416,
1.161216 -8.193234 8.883362,
1.677846 -7.982934 8.406013,
1.941488 -8.566960 8.895416,
1.332239 -8.819282 9.455597,
1.161216 -8.193234 8.883362,
1.941488 -8.566960 8.895416,
0.628160 -8.591536 9.261063,
1.161216 -8.193234 8.883362,
1.332239 -8.819282 9.455597,
3.423356 -8.611604 12.508698,
3.050040 -8.773818 13.168503,
2.743819 -8.900280 12.307846,
3.592969 -8.232506 13.283508,
3.050040 -8.773818 13.168503,
3.423356 -8.611604 12.508698,
3.080367 -8.148063 13.845253,
3.050040 -8.773818 13.168503,
3.592969 -8.232506 13.283508,
3.849866 -7.895350 13.634125,
3.080367 -8.148063 13.845253,
3.592969 -8.232506 13.283508,
6.031286 -5.606628 13.511703,
5.591516 -5.437514 14.111244,
5.687147 -6.163204 13.888390,
6.088018 -4.902506 13.890556,
5.648408 -4.857878 14.434204,
5.591516 -5.437514 14.111244,
6.031286 -5.606628 13.511703,
6.088018 -4.902506 13.890556,
5.591516 -5.437514 14.111244,
6.530195 -4.989793 13.190094,
6.088018 -4.902506 13.890556,
6.031286 -5.606628 13.511703,
6.706426 -3.667379 12.397781,
6.482988 -3.611464 13.022652,
6.675870 -4.286291 12.724594,
6.925840 -2.728293 12.640968,
6.482988 -3.611464 13.022652,
6.706426 -3.667379 12.397781,
6.887720 -2.838161 11.983864,
6.925840 -2.728293 12.640968,
6.706426 -3.667379 12.397781,
6.422765 -2.202919 12.150558,
6.925840 -2.728293 12.640968,
6.887720 -2.838161 11.983864,
6.696130 -2.277577 11.333031,
6.422765 -2.202919 12.150558,
6.887720 -2.838161 11.983864,
6.251745 -1.576872 11.578323,
6.422765 -2.202919 12.150558,
6.696130 -2.277577 11.333031,
6.230035 -1.686936 10.797348,
6.251745 -1.576872 11.578323,
6.696130 -2.277577 11.333031,
5.842882 -1.080255 11.010330,
6.251745 -1.576872 11.578323,
6.230035 -1.686936 10.797348,
6.132280 -1.417584 12.498283,
6.422765 -2.202919 12.150558,
6.251745 -1.576872 11.578323,
5.788316 -0.846147 11.834122,
6.132280 -1.417584 12.498283,
6.251745 -1.576872 11.578323,
5.842882 -1.080255 11.010330,
5.788316 -0.846147 11.834122,
6.251745 -1.576872 11.578323,
5.459081 -0.471303 11.222893,
5.788316 -0.846147 11.834122,
5.842882 -1.080255 11.010330,
5.435876 -0.582384 10.442108,
5.459081 -0.471303 11.222893,
5.842882 -1.080255 11.010330,
5.899301 -1.313108 10.186310,
5.435876 -0.582384 10.442108,
5.842882 -1.080255 11.010330,
6.230035 -1.686936 10.797348,
5.899301 -1.313108 10.186310,
5.842882 -1.080255 11.010330,
6.343687 -2.013814 9.941017,
5.899301 -1.313108 10.186310,
6.230035 -1.686936 10.797348,
2.587741 -7.513271 14.795967,
1.825025 -7.167356 15.351929,
1.694488 -7.940149 14.764503,
5.722642 -2.279329 14.289291,
5.366754 -1.793810 14.489311,
5.435327 -2.596993 15.029091,
4.027196 0.233116 9.194016,
3.351251 0.454491 9.566475,
4.143976 0.259739 9.997086,
4.618066 0.291998 9.190590,
4.540834 -0.606714 8.992958,
4.027196 0.233116 9.194016,
4.143976 0.259739 9.997086,
4.618066 0.291998 9.190590,
4.027196 0.233116 9.194016,
2.357427 -1.708708 6.827568,
2.580287 -1.225689 7.377533,
3.175546 -1.612705 7.092354,
-0.188939 -3.418462 6.757454,
0.336730 -3.068465 6.709976,
0.334295 -3.776908 6.553101,
-0.744487 -3.867033 7.032410,
-0.188939 -3.418462 6.757454,
0.334295 -3.776908 6.553101,
-1.091931 -4.615039 6.930481,
-1.582680 -3.841234 7.201363,
-0.744487 -3.867033 7.032410,
-1.693976 -6.208854 8.468941,
-1.708129 -5.548457 8.082794,
-1.263739 -6.249163 7.837502,
0.474578 -6.139367 15.808357,
0.014295 -6.314497 15.624359,
0.557853 -7.074690 15.711319,
0.697442 -5.656347 16.358322,
1.156650 -4.876591 16.609024,
0.248273 -5.232731 16.178864,
2.721967 -2.825188 16.318825,
2.166419 -3.273761 16.593781,
2.828096 -3.868464 16.538185,
2.007295 0.911943 9.799332,
1.371816 0.918980 10.333755,
2.051351 1.207657 10.534607,
1.181777 0.815072 9.532150,
0.197995 0.822506 9.864746,
0.659482 1.044324 10.084129,
1.371816 0.918980 10.333755,
1.181777 0.815072 9.532150,
0.659482 1.044324 10.084129,
2.007295 0.911943 9.799332,
1.181777 0.815072 9.532150,
1.371816 0.918980 10.333755,
1.807418 0.716693 8.952484,
1.181777 0.815072 9.532150,
2.007295 0.911943 9.799332,
1.446084 -0.362307 7.760872,
0.900813 -0.133753 8.182152,
1.671911 0.162329 8.267242,
0.784601 -0.701455 7.587433,
0.900813 -0.133753 8.182152,
1.446084 -0.362307 7.760872,
-2.769784 -2.428629 8.248260,
-3.170954 -1.649272 7.749237,
-2.466874 -1.877018 7.943771,
-1.843478 -2.285093 7.769737,
-2.769784 -2.428629 8.248260,
-2.466874 -1.877018 7.943771,
-1.356673 -5.977379 15.203079,
-1.863537 -5.701863 14.766907,
-1.610303 -6.486414 14.698235,
-1.510691 -5.250140 15.363411,
-1.863537 -5.701863 14.766907,
-1.356673 -5.977379 15.203079,
-1.492203 -3.978928 15.630325,
-2.148696 -4.351951 15.506577,
-1.510691 -5.250140 15.363411,
0.576570 -2.953558 16.424324,
-0.027939 -2.772282 16.201767,
0.027610 -3.403293 16.258896,
2.057012 0.254953 14.856583,
1.532400 -0.176148 15.135162,
1.811164 -0.543203 15.489487,
0.453126 1.128579 11.549042,
0.412092 1.013029 12.431961,
0.977231 1.079345 12.614868,
-3.958300 -0.140754 9.634949,
-3.293093 -0.303775 9.906227,
-3.474744 0.220564 9.292328,
-3.056365 -1.275915 12.523491,
-2.915469 -1.019366 13.061104,
-2.345301 -0.856102 12.775940,
2.265613 -8.676597 9.847054,
2.369304 -8.437233 9.373787,
2.978551 -8.184913 8.813599,
-2.378627 -5.429753 14.338295,
-3.010154 -5.772200 13.060341,
-2.224858 -6.157095 14.178192,
2.671666 1.112782 10.665359,
3.412400 0.606263 10.313911,
2.658479 0.634825 9.301521,
1.336234 -6.732434 7.263008,
2.040313 -6.960179 7.457542,
2.210902 -7.584633 8.028320,
0.967122 -7.797672 8.168655,
1.336234 -6.732434 7.263008,
2.210902 -7.584633 8.028320,
6.560457 -5.571228 11.233612,
6.285741 -5.796591 10.056694,
6.624624 -5.201684 10.859497,
5.951139 -6.481973 10.465279,
6.285741 -5.796591 10.056694,
6.560457 -5.571228 11.233612,
5.906568 -6.512758 11.225876,
5.951139 -6.481973 10.465279,
6.560457 -5.571228 11.233612,
6.087270 -6.063934 11.578270,
5.906568 -6.512758 11.225876,
6.560457 -5.571228 11.233612,
5.991197 -6.737267 11.928741,
5.906568 -6.512758 11.225876,
6.087270 -6.063934 11.578270,
3.435560 -8.659065 7.795074,
2.978551 -8.184913 8.813599,
3.064399 -7.768989 8.071526,
3.850045 -7.096694 8.013817,
3.435560 -8.659065 7.795074,
3.064399 -7.768989 8.071526,
6.614633 -5.046331 12.315659,
6.589788 -5.114977 11.618904,
6.685861 -4.441643 11.268433,
5.991197 -6.737267 11.928741,
6.087270 -6.063934 11.578270,
6.304651 -5.681287 12.694183,
4.285516 0.342105 10.925507,
3.769414 0.578194 10.810806,
4.255231 0.303032 11.674423,
4.908903 0.008055 11.453026,
4.285516 0.342105 10.925507,
4.255231 0.303032 11.674423,
4.630147 0.084186 12.286674,
4.908903 0.008055 11.453026,
4.255231 0.303032 11.674423,
5.343927 -0.145440 12.079407,
4.908903 0.008055 11.453026,
4.630147 0.084186 12.286674,
4.906957 -0.320513 12.874069,
5.343927 -0.145440 12.079407,
4.630147 0.084186 12.286674,
5.514951 -0.771488 12.651642,
5.343927 -0.145440 12.079407,
4.906957 -0.320513 12.874069,
5.681890 -0.398367 13.414238,
5.514951 -0.771488 12.651642,
4.906957 -0.320513 12.874069,
5.693304 -1.424356 13.248390,
5.514951 -0.771488 12.651642,
5.681890 -0.398367 13.414238,
5.375806 -1.230907 14.187782,
5.693304 -1.424356 13.248390,
5.681890 -0.398367 13.414238,
4.143976 0.259739 9.997086,
3.769414 0.578194 10.810806,
4.285516 0.342105 10.925507,
4.991487 0.118323 10.687393,
4.143976 0.259739 9.997086,
4.285516 0.342105 10.925507,
4.824548 -0.254798 9.924797,
4.143976 0.259739 9.997086,
4.991487 0.118323 10.687393,
4.618066 0.291998 9.190590,
4.143976 0.259739 9.997086,
4.824548 -0.254798 9.924797,
4.540834 -0.606714 8.992958,
4.618066 0.291998 9.190590,
4.824548 -0.254798 9.924797,
5.436361 -0.885673 9.587669,
4.540834 -0.606714 8.992958,
4.824548 -0.254798 9.924797,
5.094850 -1.344609 8.884247,
4.540834 -0.606714 8.992958,
5.436361 -0.885673 9.587669,
5.732362 -1.686229 9.423714,
5.094850 -1.344609 8.884247,
5.436361 -0.885673 9.587669,
5.648378 -1.938842 8.707733,
5.094850 -1.344609 8.884247,
5.732362 -1.686229 9.423714,
4.877077 -1.504065 8.305504,
5.094850 -1.344609 8.884247,
5.648378 -1.938842 8.707733,
5.104902 -2.467905 8.291351,
4.877077 -1.504065 8.305504,
5.648378 -1.938842 8.707733,
4.371572 -2.097259 7.712280,
4.877077 -1.504065 8.305504,
5.104902 -2.467905 8.291351,
4.247797 -1.350508 7.823982,
4.877077 -1.504065 8.305504,
4.371572 -2.097259 7.712280,
3.704320 -1.879570 7.407600,
4.247797 -1.350508 7.823982,
4.371572 -2.097259 7.712280,
3.900510 -2.828114 6.961761,
3.704320 -1.879570 7.407600,
4.371572 -2.097259 7.712280,
2.962470 -2.601752 6.839233,
3.704320 -1.879570 7.407600,
3.900510 -2.828114 6.961761,
3.175546 -1.612705 7.092354,
3.704320 -1.879570 7.407600,
2.962470 -2.601752 6.839233,
2.357427 -1.708708 6.827568,
3.175546 -1.612705 7.092354,
2.962470 -2.601752 6.839233,
1.897384 -2.091608 6.822784,
2.357427 -1.708708 6.827568,
2.962470 -2.601752 6.839233,
2.054096 -2.957891 6.409073,
1.897384 -2.091608 6.822784,
2.962470 -2.601752 6.839233,
3.086250 -3.348501 6.727524,
2.054096 -2.957891 6.409073,
2.962470 -2.601752 6.839233,
2.378595 -3.936301 6.391281,
2.054096 -2.957891 6.409073,
3.086250 -3.348501 6.727524,
1.289972 -4.231285 6.372650,
2.054096 -2.957891 6.409073,
2.378595 -3.936301 6.391281,
1.583318 -4.818884 6.432640,
1.289972 -4.231285 6.372650,
2.378595 -3.936301 6.391281,
0.488778 -5.009294 6.699272,
1.289972 -4.231285 6.372650,
1.583318 -4.818884 6.432640,
0.334295 -3.776908 6.553101,
1.289972 -4.231285 6.372650,
0.488778 -5.009294 6.699272,
-0.279372 -4.793641 6.722588,
0.334295 -3.776908 6.553101,
0.488778 -5.009294 6.699272,
-0.744487 -3.867033 7.032410,
0.334295 -3.776908 6.553101,
-0.279372 -4.793641 6.722588,
-1.091931 -4.615039 6.930481,
-0.744487 -3.867033 7.032410,
-0.279372 -4.793641 6.722588,
-0.876494 -5.204035 7.318130,
-1.091931 -4.615039 6.930481,
-0.279372 -4.793641 6.722588,
-0.253096 -5.612112 7.144104,
-0.876494 -5.204035 7.318130,
-0.279372 -4.793641 6.722588,
-0.794470 -6.238631 7.495567,
-0.876494 -5.204035 7.318130,
-0.253096 -5.612112 7.144104,
-0.029065 -6.185723 7.062057,
-0.794470 -6.238631 7.495567,
-0.253096 -5.612112 7.144104,
-0.000025 -6.790307 7.584129,
-0.794470 -6.238631 7.495567,
-0.029065 -6.185723 7.062057,
-0.609271 -7.042628 8.144310,
-0.794470 -6.238631 7.495567,
-0.000025 -6.790307 7.584129,
-1.278165 -6.922866 8.124794,
-0.794470 -6.238631 7.495567,
-0.609271 -7.042628 8.144310,
-1.263739 -6.249163 7.837502,
-0.794470 -6.238631 7.495567,
-1.278165 -6.922866 8.124794,
-1.693976 -6.208854 8.468941,
-1.263739 -6.249163 7.837502,
-1.278165 -6.922866 8.124794,
-1.516347 -6.956192 9.117340,
-1.693976 -6.208854 8.468941,
-1.278165 -6.922866 8.124794,
-1.071959 -7.656898 8.872047,
-1.516347 -6.956192 9.117340,
-1.278165 -6.922866 8.124794,
-1.296805 -7.662729 9.797844,
-1.516347 -6.956192 9.117340,
-1.071959 -7.656898 8.872047,
-2.114192 -7.130610 9.887573,
-1.516347 -6.956192 9.117340,
-1.296805 -7.662729 9.797844,
-1.884190 -7.676022 10.600021,
-2.114192 -7.130610 9.887573,
-1.296805 -7.662729 9.797844,
-1.019993 -8.067428 10.385231,
-1.884190 -7.676022 10.600021,
-1.296805 -7.662729 9.797844,
-1.245989 -8.267526 10.952942,
-1.884190 -7.676022 10.600021,
-1.019993 -8.067428 10.385231,
-1.393136 -7.965518 11.501160,
-1.884190 -7.676022 10.600021,
-1.245989 -8.267526 10.952942,
-1.037116 -8.423845 11.777908,
-1.393136 -7.965518 11.501160,
-1.245989 -8.267526 10.952942,
-0.533660 -8.392873 11.202568,
-1.037116 -8.423845 11.777908,
-1.245989 -8.267526 10.952942,
-0.150569 -8.728448 11.948135,
-1.037116 -8.423845 11.777908,
-0.533660 -8.392873 11.202568,
-0.558669 -8.412677 12.207291,
-1.037116 -8.423845 11.777908,
-0.150569 -8.728448 11.948135,
-0.093829 -8.488629 13.032768,
-0.558669 -8.412677 12.207291,
-0.150569 -8.728448 11.948135,
0.563707 -9.065580 12.363792,
-0.093829 -8.488629 13.032768,
-0.150569 -8.728448 11.948135,
0.730644 -8.692460 13.126389,
-0.093829 -8.488629 13.032768,
0.563707 -9.065580 12.363792,
6.435895 -2.399691 10.610168,
6.230035 -1.686936 10.797348,
6.696130 -2.277577 11.333031,
6.436937 -3.137062 10.470184,
6.435895 -2.399691 10.610168,
6.696130 -2.277577 11.333031,
6.343687 -2.013814 9.941017,
6.230035 -1.686936 10.797348,
6.435895 -2.399691 10.610168,
6.265661 -2.780173 9.832527,
6.343687 -2.013814 9.941017,
6.435895 -2.399691 10.610168,
5.892866 -2.440540 9.257111,
6.343687 -2.013814 9.941017,
6.265661 -2.780173 9.832527,
6.164049 -3.197644 9.489037,
5.892866 -2.440540 9.257111,
6.265661 -2.780173 9.832527,
5.791250 -2.858011 8.913620,
5.892866 -2.440540 9.257111,
6.164049 -3.197644 9.489037,
6.020883 -3.811152 8.747910,
5.791250 -2.858011 8.913620,
6.164049 -3.197644 9.489037,
5.489736 -3.366720 8.132835,
5.791250 -2.858011 8.913620,
6.020883 -3.811152 8.747910,
5.589204 -4.622551 8.280785,
5.489736 -3.366720 8.132835,
6.020883 -3.811152 8.747910,
5.125238 -4.081845 7.745117,
5.489736 -3.366720 8.132835,
5.589204 -4.622551 8.280785,
4.702947 -3.855556 7.387772,
5.489736 -3.366720 8.132835,
5.125238 -4.081845 7.745117,
4.758565 -2.974916 7.514114,
5.489736 -3.366720 8.132835,
4.702947 -3.855556 7.387772,
3.961847 -3.750513 6.903709,
4.758565 -2.974916 7.514114,
4.702947 -3.855556 7.387772,
4.042997 -4.775096 7.024414,
3.961847 -3.750513 6.903709,
4.702947 -3.855556 7.387772,
3.175573 -4.346079 6.813194,
3.961847 -3.750513 6.903709,
4.042997 -4.775096 7.024414,
3.243818 -5.337900 6.961899,
3.175573 -4.346079 6.813194,
4.042997 -4.775096 7.024414,
2.459750 -4.960886 6.511993,
3.175573 -4.346079 6.813194,
3.243818 -5.337900 6.961899,
2.489703 -5.812130 6.728050,
2.459750 -4.960886 6.511993,
3.243818 -5.337900 6.961899,
1.574979 -5.529552 6.716049,
2.459750 -4.960886 6.511993,
2.489703 -5.812130 6.728050,
1.869291 -6.334132 6.885307,
1.574979 -5.529552 6.716049,
2.489703 -5.812130 6.728050,
1.284261 -6.161149 6.696404,
1.574979 -5.529552 6.716049,
1.869291 -6.334132 6.885307,
1.336234 -6.732434 7.263008,
1.284261 -6.161149 6.696404,
1.869291 -6.334132 6.885307,
0.675016 -6.413469 7.256592,
1.284261 -6.161149 6.696404,
1.336234 -6.732434 7.263008,
0.796098 -7.171626 7.596420,
0.675016 -6.413469 7.256592,
1.336234 -6.732434 7.263008,
0.967122 -7.797672 8.168655,
0.796098 -7.171626 7.596420,
1.336234 -6.732434 7.263008,
0.103635 -7.580368 8.062515,
0.796098 -7.171626 7.596420,
0.967122 -7.797672 8.168655,
0.345498 -8.055118 8.740219,
0.103635 -7.580368 8.062515,
0.967122 -7.797672 8.168655,
-0.434771 -7.681390 8.728165,
0.103635 -7.580368 8.062515,
0.345498 -8.055118 8.740219,
-0.213765 -8.364346 9.438553,
-0.434771 -7.681390 8.728165,
0.345498 -8.055118 8.740219,
-0.746627 -8.142086 9.567711,
-0.434771 -7.681390 8.728165,
-0.213765 -8.364346 9.438553,
-0.594805 -8.544643 10.455132,
-0.746627 -8.142086 9.567711,
-0.213765 -8.364346 9.438553,
0.045093 -8.577572 10.401680,
-0.594805 -8.544643 10.455132,
-0.213765 -8.364346 9.438553,
0.210811 -8.827145 10.867386,
-0.594805 -8.544643 10.455132,
0.045093 -8.577572 10.401680,
0.908565 -8.751087 10.186996,
0.210811 -8.827145 10.867386,
0.045093 -8.577572 10.401680,
1.023305 -9.191101 10.989311,
0.210811 -8.827145 10.867386,
0.908565 -8.751087 10.186996,
0.617324 -8.940881 11.600525,
0.210811 -8.827145 10.867386,
1.023305 -9.191101 10.989311,
1.329654 -9.066227 11.850151,
0.617324 -8.940881 11.600525,
1.023305 -9.191101 10.989311,
1.841424 -9.095099 11.254097,
1.329654 -9.066227 11.850151,
1.023305 -9.191101 10.989311,
2.036546 -8.980862 12.078720,
1.329654 -9.066227 11.850151,
1.841424 -9.095099 11.254097,
1.381828 -8.969578 12.628578,
1.329654 -9.066227 11.850151,
2.036546 -8.980862 12.078720,
2.231921 -8.869821 12.903717,
1.381828 -8.969578 12.628578,
2.036546 -8.980862 12.078720,
1.581148 -8.801591 13.420738,
1.381828 -8.969578 12.628578,
2.231921 -8.869821 12.903717,
2.398858 -8.496700 13.666306,
1.581148 -8.801591 13.420738,
2.231921 -8.869821 12.903717,
1.958042 -8.584811 14.398872,
1.581148 -8.801591 13.420738,
2.398858 -8.496700 13.666306,
1.290792 -8.367125 14.094200,
1.581148 -8.801591 13.420738,
1.958042 -8.584811 14.398872,
1.694488 -7.940149 14.764503,
1.290792 -8.367125 14.094200,
1.958042 -8.584811 14.398872,
2.526502 -8.273311 14.387032,
1.694488 -7.940149 14.764503,
1.958042 -8.584811 14.398872,
2.587741 -7.513271 14.795967,
1.694488 -7.940149 14.764503,
2.526502 -8.273311 14.387032,
3.337266 -7.810906 14.195869,
2.587741 -7.513271 14.795967,
2.526502 -8.273311 14.387032,
3.525071 -7.247733 14.974899,
2.587741 -7.513271 14.795967,
3.337266 -7.810906 14.195869,
4.219511 -7.390318 14.378754,
3.525071 -7.247733 14.974899,
3.337266 -7.810906 14.195869,
4.569467 -6.539777 14.844612,
3.525071 -7.247733 14.974899,
4.219511 -7.390318 14.378754,
3.844102 -6.510831 15.361923,
3.525071 -7.247733 14.974899,
4.569467 -6.539777 14.844612,
3.886403 -5.985815 15.644402,
3.844102 -6.510831 15.361923,
4.569467 -6.539777 14.844612,
4.642713 -5.630742 15.333717,
3.886403 -5.985815 15.644402,
4.569467 -6.539777 14.844612,
5.116834 -5.798898 14.480469,
4.642713 -5.630742 15.333717,
4.569467 -6.539777 14.844612,
5.164369 -4.903745 14.935356,
4.642713 -5.630742 15.333717,
5.116834 -5.798898 14.480469,
4.554788 -4.790128 15.712654,
4.642713 -5.630742 15.333717,
5.164369 -4.903745 14.935356,
5.068731 -4.178056 15.158211,
4.554788 -4.790128 15.712654,
5.164369 -4.903745 14.935356,
4.791479 -3.883098 15.657745,
4.554788 -4.790128 15.712654,
5.068731 -4.178056 15.158211,
4.179861 -3.799787 15.837730,
4.554788 -4.790128 15.712654,
4.791479 -3.883098 15.657745,
4.777330 -3.222702 15.271599,
4.179861 -3.799787 15.837730,
4.791479 -3.883098 15.657745,
4.294096 -3.111070 16.074852,
4.179861 -3.799787 15.837730,
4.777330 -3.222702 15.271599,
4.681692 -2.497011 15.494453,
4.294096 -3.111070 16.074852,
4.777330 -3.222702 15.271599,
5.435327 -2.596993 15.029091,
4.681692 -2.497011 15.494453,
4.777330 -3.222702 15.271599,
5.400728 -3.630777 15.097565,
5.435327 -2.596993 15.029091,
4.777330 -3.222702 15.271599,
5.855466 -3.512166 14.287437,
5.435327 -2.596993 15.029091,
5.400728 -3.630777 15.097565,
5.722642 -2.279329 14.289291,
5.435327 -2.596993 15.029091,
5.855466 -3.512166 14.287437,
6.320909 -2.933015 13.330688,
5.722642 -2.279329 14.289291,
5.855466 -3.512166 14.287437,
6.222227 -2.198839 12.973816,
5.722642 -2.279329 14.289291,
6.320909 -2.933015 13.330688,
5.551618 -1.653282 13.717056,
5.722642 -2.279329 14.289291,
6.222227 -2.198839 12.973816,
5.366754 -1.793810 14.489311,
5.722642 -2.279329 14.289291,
5.551618 -1.653282 13.717056,
5.375806 -1.230907 14.187782,
5.366754 -1.793810 14.489311,
5.551618 -1.653282 13.717056,
4.743356 -1.385733 14.663345,
5.366754 -1.793810 14.489311,
5.375806 -1.230907 14.187782,
4.595533 -0.857181 14.175735,
4.743356 -1.385733 14.663345,
5.375806 -1.230907 14.187782,
5.204782 -0.604860 13.615555,
4.595533 -0.857181 14.175735,
5.375806 -1.230907 14.187782,
6.741262 -3.754086 11.638367,
6.887720 -2.838161 11.983864,
6.706426 -3.667379 12.397781,
6.675870 -4.286291 12.724594,
6.741262 -3.754086 11.638367,
6.706426 -3.667379 12.397781,
6.696130 -2.277577 11.333031,
6.887720 -2.838161 11.983864,
6.741262 -3.754086 11.638367,
6.436937 -3.137062 10.470184,
6.696130 -2.277577 11.333031,
6.741262 -3.754086 11.638367,
5.681890 -0.398367 13.414238,
4.906957 -0.320513 12.874069,
5.204782 -0.604860 13.615555,
5.375806 -1.230907 14.187782,
5.681890 -0.398367 13.414238,
5.204782 -0.604860 13.615555,
4.696729 -8.017473 11.508469,
4.626440 -8.053828 10.747437,
5.097681 -7.645991 10.427422,
5.661561 -7.046154 11.540489,
4.696729 -8.017473 11.508469,
5.097681 -7.645991 10.427422,
5.188375 -7.538861 11.885139,
4.696729 -8.017473 11.508469,
5.661561 -7.046154 11.540489,
4.083177 -8.707452 11.155380,
4.626440 -8.053828 10.747437,
4.696729 -8.017473 11.508469,
3.509641 -8.899339 11.794022,
4.083177 -8.707452 11.155380,
4.696729 -8.017473 11.508469,
3.992646 -8.149888 12.656883,
3.509641 -8.899339 11.794022,
4.696729 -8.017473 11.508469,
4.019907 -7.510946 8.835274,
4.322599 -6.890925 8.465652,
5.238779 -6.815792 9.254562,
4.904176 -7.501173 9.663147,
4.019907 -7.510946 8.835274,
5.238779 -6.815792 9.254562,
3.850045 -7.096694 8.013817,
4.322599 -6.890925 8.465652,
4.019907 -7.510946 8.835274,
2.978551 -8.184913 8.813599,
4.019907 -7.510946 8.835274,
3.836259 -8.225071 9.796371,
3.193471 -8.601984 10.142952,
2.978551 -8.184913 8.813599,
3.836259 -8.225071 9.796371,
2.265613 -8.676597 9.847054,
2.978551 -8.184913 8.813599,
3.193471 -8.601984 10.142952,
3.850045 -7.096694 8.013817,
4.019907 -7.510946 8.835274,
2.978551 -8.184913 8.813599,
2.534505 -9.026604 10.676170,
3.193471 -8.601984 10.142952,
3.300767 -8.743021 10.969055,
2.691520 -8.995343 11.529236,
2.534505 -9.026604 10.676170,
3.300767 -8.743021 10.969055,
3.509641 -8.899339 11.794022,
2.691520 -8.995343 11.529236,
3.300767 -8.743021 10.969055,
2.743819 -8.900280 12.307846,
2.691520 -8.995343 11.529236,
3.509641 -8.899339 11.794022,
3.423356 -8.611604 12.508698,
2.743819 -8.900280 12.307846,
3.509641 -8.899339 11.794022,
3.992646 -8.149888 12.656883,
3.423356 -8.611604 12.508698,
3.509641 -8.899339 11.794022,
3.592969 -8.232506 13.283508,
3.423356 -8.611604 12.508698,
3.992646 -8.149888 12.656883,
3.849866 -7.895350 13.634125,
3.592969 -8.232506 13.283508,
3.992646 -8.149888 12.656883,
4.407472 -7.813049 12.801781,
3.849866 -7.895350 13.634125,
3.992646 -8.149888 12.656883,
4.477758 -7.776692 13.562813,
3.849866 -7.895350 13.634125,
4.407472 -7.813049 12.801781,
4.822332 -7.236154 13.512817,
4.477758 -7.776692 13.562813,
4.407472 -7.813049 12.801781,
5.280263 -7.518822 13.008820,
4.822332 -7.236154 13.512817,
4.407472 -7.813049 12.801781,
5.534753 -6.753233 13.423943,
4.822332 -7.236154 13.512817,
5.280263 -7.518822 13.008820,
5.022157 -6.668789 13.985687,
4.822332 -7.236154 13.512817,
5.534753 -6.753233 13.423943,
5.687147 -6.163204 13.888390,
5.022157 -6.668789 13.985687,
5.534753 -6.753233 13.423943,
5.970048 -6.366668 13.102768,
5.687147 -6.163204 13.888390,
5.534753 -6.753233 13.423943,
6.031286 -5.606628 13.511703,
5.687147 -6.163204 13.888390,
5.970048 -6.366668 13.102768,
2.265613 -8.676597 9.847054,
3.193471 -8.601984 10.142952,
2.534505 -9.026604 10.676170,
1.632553 -8.938781 10.429131,
2.265613 -8.676597 9.847054,
2.534505 -9.026604 10.676170,
1.332239 -8.819282 9.455597,
2.265613 -8.676597 9.847054,
1.632553 -8.938781 10.429131,
6.614633 -5.046331 12.315659,
6.685861 -4.441643 11.268433,
6.741262 -3.754086 11.638367,
6.675870 -4.286291 12.724594,
6.614633 -5.046331 12.315659,
6.741262 -3.754086 11.638367,
6.530195 -4.989793 13.190094,
6.614633 -5.046331 12.315659,
6.675870 -4.286291 12.724594,
6.304651 -5.681287 12.694183,
6.614633 -5.046331 12.315659,
6.530195 -4.989793 13.190094,
6.031286 -5.606628 13.511703,
6.304651 -5.681287 12.694183,
6.530195 -4.989793 13.190094,
5.970048 -6.366668 13.102768,
6.304651 -5.681287 12.694183,
6.031286 -5.606628 13.511703,
5.991197 -6.737267 11.928741,
6.304651 -5.681287 12.694183,
5.970048 -6.366668 13.102768,
-1.231204 -2.297240 7.648651,
-0.299437 -2.777644 6.902901,
-1.407916 -3.014162 7.345512,
-1.843478 -2.285093 7.769737,
-1.231204 -2.297240 7.648651,
-1.407916 -3.014162 7.345512,
-1.953623 -2.930737 8.082741,
-1.843478 -2.285093 7.769737,
-1.407916 -3.014162 7.345512,
-2.769784 -2.428629 8.248260,
-1.843478 -2.285093 7.769737,
-1.953623 -2.930737 8.082741,
-2.509171 -3.379309 8.357697,
-2.769784 -2.428629 8.248260,
-1.953623 -2.930737 8.082741,
-1.857987 -3.656425 7.859886,
-2.509171 -3.379309 8.357697,
-1.953623 -2.930737 8.082741,
-2.189982 -4.203704 7.920532,
-2.509171 -3.379309 8.357697,
-1.857987 -3.656425 7.859886,
-2.759112 -3.891277 8.662903,
-2.509171 -3.379309 8.357697,
-2.189982 -4.203704 7.920532,
-2.314723 -4.591982 8.417618,
-2.759112 -3.891277 8.662903,
-2.189982 -4.203704 7.920532,
-2.744962 -4.551673 9.049057,
-2.759112 -3.891277 8.662903,
-2.314723 -4.591982 8.417618,
-2.531979 -5.477664 8.756050,
-2.744962 -4.551673 9.049057,
-2.314723 -4.591982 8.417618,
-2.970210 -5.354609 9.562752,
-2.744962 -4.551673 9.049057,
-2.531979 -5.477664 8.756050,
-3.093922 -4.468686 9.988113,
-2.744962 -4.551673 9.049057,
-2.970210 -5.354609 9.562752,
-3.297162 -5.265316 10.540543,
-3.093922 -4.468686 9.988113,
-2.970210 -5.354609 9.562752,
-2.771109 -6.140893 9.932480,
-3.297162 -5.265316 10.540543,
-2.970210 -5.354609 9.562752,
-2.959943 -6.089320 10.497208,
-3.297162 -5.265316 10.540543,
-2.771109 -6.140893 9.932480,
-3.046443 -6.183091 11.379425,
-3.297162 -5.265316 10.540543,
-2.959943 -6.089320 10.497208,
-2.652968 -6.573350 10.327766,
-3.046443 -6.183091 11.379425,
-2.959943 -6.089320 10.497208,
-2.514937 -7.021163 11.086052,
-3.046443 -6.183091 11.379425,
-2.652968 -6.573350 10.327766,
-2.486783 -6.691155 12.019539,
-3.046443 -6.183091 11.379425,
-2.514937 -7.021163 11.086052,
-1.943314 -7.486160 11.731293,
-2.486783 -6.691155 12.019539,
-2.514937 -7.021163 11.086052,
-2.241839 -7.517424 12.605408,
-2.486783 -6.691155 12.019539,
-1.943314 -7.486160 11.731293,
-1.666499 -7.890858 12.318680,
-2.241839 -7.517424 12.605408,
-1.943314 -7.486160 11.731293,
-1.945059 -7.234629 13.169014,
-2.241839 -7.517424 12.605408,
-1.666499 -7.890858 12.318680,
-0.535365 -1.950312 7.249725,
-0.299437 -2.777644 6.902901,
-1.231204 -2.297240 7.648651,
-1.033246 -1.241932 7.472855,
-0.535365 -1.950312 7.249725,
-1.231204 -2.297240 7.648651,
-0.183535 -1.515078 7.312309,
-0.535365 -1.950312 7.249725,
-1.033246 -1.241932 7.472855,
-0.307311 -0.768328 7.424011,
-0.183535 -1.515078 7.312309,
-1.033246 -1.241932 7.472855,
3.071126 -0.171614 8.286819,
3.209077 0.137115 8.929230,
3.763952 -0.351839 8.551704,
2.848264 -0.654633 7.736855,
3.071126 -0.171614 8.286819,
3.763952 -0.351839 8.551704,
2.490031 0.258330 8.532036,
3.209077 0.137115 8.929230,
3.071126 -0.171614 8.286819,
2.671666 1.112782 10.665359,
2.051351 1.207657 10.534607,
2.168206 1.081809 11.240692,
2.880538 0.956463 11.490326,
2.671666 1.112782 10.665359,
2.168206 1.081809 11.240692,
3.467592 0.963089 11.228142,
2.671666 1.112782 10.665359,
2.880538 0.956463 11.490326,
3.194227 1.037748 12.045662,
3.467592 0.963089 11.228142,
2.880538 0.956463 11.490326,
3.744405 0.558390 11.815529,
3.467592 0.963089 11.228142,
3.194227 1.037748 12.045662,
3.805555 0.710161 12.562965,
3.744405 0.558390 11.815529,
3.194227 1.037748 12.045662,
3.165651 0.743087 12.616417,
3.805555 0.710161 12.562965,
3.194227 1.037748 12.045662,
3.374524 0.586770 13.441391,
3.805555 0.710161 12.562965,
3.165651 0.743087 12.616417,
4.230737 0.232943 12.632866,
3.805555 0.710161 12.562965,
3.374524 0.586770 13.441391,
4.453134 -0.323348 13.692276,
4.230737 0.232943 12.632866,
3.374524 0.586770 13.441391,
3.973314 -0.306571 14.296677,
4.453134 -0.323348 13.692276,
3.374524 0.586770 13.441391,
3.193044 0.067154 14.284622,
3.973314 -0.306571 14.296677,
3.374524 0.586770 13.441391,
3.434911 -0.407596 14.962326,
3.973314 -0.306571 14.296677,
3.193044 0.067154 14.284622,
4.147817 -0.945333 14.880531,
3.973314 -0.306571 14.296677,
3.434911 -0.407596 14.962326,
3.538572 -1.197655 15.440712,
4.147817 -0.945333 14.880531,
3.434911 -0.407596 14.962326,
2.007295 0.911943 9.799332,
2.051351 1.207657 10.534607,
2.671666 1.112782 10.665359,
2.658479 0.634825 9.301521,
2.007295 0.911943 9.799332,
2.671666 1.112782 10.665359,
1.807418 0.716693 8.952484,
2.007295 0.911943 9.799332,
2.658479 0.634825 9.301521,
2.490031 0.258330 8.532036,
1.807418 0.716693 8.952484,
2.658479 0.634825 9.301521,
1.671911 0.162329 8.267242,
1.807418 0.716693 8.952484,
2.490031 0.258330 8.532036,
3.071126 -0.171614 8.286819,
1.671911 0.162329 8.267242,
2.490031 0.258330 8.532036,
2.041341 -0.749323 7.475693,
1.671911 0.162329 8.267242,
3.071126 -0.171614 8.286819,
1.446084 -0.362307 7.760872,
1.671911 0.162329 8.267242,
2.041341 -0.749323 7.475693,
0.784601 -0.701455 7.587433,
1.446084 -0.362307 7.760872,
2.041341 -0.749323 7.475693,
1.117113 -1.717881 6.810730,
0.784601 -0.701455 7.587433,
2.041341 -0.749323 7.475693,
0.411723 -1.902095 7.027130,
0.784601 -0.701455 7.587433,
1.117113 -1.717881 6.810730,
-0.183535 -1.515078 7.312309,
0.784601 -0.701455 7.587433,
0.411723 -1.902095 7.027130,
-0.307311 -0.768328 7.424011,
0.784601 -0.701455 7.587433,
-0.183535 -1.515078 7.312309,
3.763952 -0.351839 8.551704,
3.636468 -1.022922 7.306679,
2.848264 -0.654633 7.736855,
4.208341 -1.052545 8.306419,
3.636468 -1.022922 7.306679,
3.763952 -0.351839 8.551704,
-0.631146 -0.799630 8.003273,
-0.639125 0.060869 9.383972,
0.353383 0.102702 8.596207,
-0.037635 -0.268339 7.787994,
-0.631146 -0.799630 8.003273,
0.353383 0.102702 8.596207,
-1.143744 -0.715186 8.565018,
-0.639125 0.060869 9.383972,
-0.631146 -0.799630 8.003273,
0.071775 -4.031194 16.350082,
0.027610 -3.403293 16.258896,
-0.684809 -3.886216 16.347771,
-0.824952 -4.196615 15.935005,
0.071775 -4.031194 16.350082,
-0.684809 -3.886216 16.347771,
-0.531998 -4.859004 16.166817,
0.071775 -4.031194 16.350082,
-0.824952 -4.196615 15.935005,
0.636628 -3.711796 16.513657,
0.027610 -3.403293 16.258896,
0.071775 -4.031194 16.350082,
0.576570 -2.953558 16.424324,
0.027610 -3.403293 16.258896,
0.636628 -3.711796 16.513657,
1.457157 -3.137818 16.606796,
0.576570 -2.953558 16.424324,
0.636628 -3.711796 16.513657,
1.635766 -2.304930 16.302055,
0.576570 -2.953558 16.424324,
1.457157 -3.137818 16.606796,
0.987125 -1.841985 16.256859,
0.576570 -2.953558 16.424324,
1.635766 -2.304930 16.302055,
1.651811 -1.354463 15.846016,
0.987125 -1.841985 16.256859,
1.635766 -2.304930 16.302055,
2.095578 -1.741789 16.408463,
1.651811 -1.354463 15.846016,
1.635766 -2.304930 16.302055,
2.240131 -1.166417 15.942284,
1.651811 -1.354463 15.846016,
2.095578 -1.741789 16.408463,
1.811164 -0.543203 15.489487,
1.651811 -1.354463 15.846016,
2.240131 -1.166417 15.942284,
2.742446 -0.816337 15.428421,
1.811164 -0.543203 15.489487,
2.240131 -1.166417 15.942284,
2.571424 -0.190289 14.856186,
1.811164 -0.543203 15.489487,
2.742446 -0.816337 15.428421,
2.057012 0.254953 14.856583,
1.811164 -0.543203 15.489487,
2.571424 -0.190289 14.856186,
2.775245 0.544442 14.122772,
2.057012 0.254953 14.856583,
2.571424 -0.190289 14.856186,
1.957126 0.448439 13.857986,
2.057012 0.254953 14.856583,
2.775245 0.544442 14.122772,
2.662194 0.712115 13.191757,
1.957126 0.448439 13.857986,
2.775245 0.544442 14.122772,
1.737832 1.014243 13.075127,
1.957126 0.448439 13.857986,
2.662194 0.712115 13.191757,
2.324731 1.168382 12.375298,
1.737832 1.014243 13.075127,
2.662194 0.712115 13.191757,
1.431630 1.243401 11.865738,
1.737832 1.014243 13.075127,
2.324731 1.168382 12.375298,
0.977231 1.079345 12.614868,
1.737832 1.014243 13.075127,
1.431630 1.243401 11.865738,
0.453126 1.128579 11.549042,
0.977231 1.079345 12.614868,
1.431630 1.243401 11.865738,
1.215631 1.003366 10.929344,
0.453126 1.128579 11.549042,
1.431630 1.243401 11.865738,
0.268283 0.858861 10.625778,
0.453126 1.128579 11.549042,
1.215631 1.003366 10.929344,
-0.416091 0.880527 11.346786,
0.453126 1.128579 11.549042,
0.268283 0.858861 10.625778,
-0.411252 0.570185 10.424927,
-0.416091 0.880527 11.346786,
0.268283 0.858861 10.625778,
-0.996909 0.545933 10.689186,
-0.416091 0.880527 11.346786,
-0.411252 0.570185 10.424927,
-1.242884 0.225761 11.189590,
-0.416091 0.880527 11.346786,
-0.996909 0.545933 10.689186,
-1.196728 -0.021433 10.216324,
-1.242884 0.225761 11.189590,
-0.996909 0.545933 10.689186,
-0.723544 0.471274 9.871666,
-1.196728 -0.021433 10.216324,
-0.996909 0.545933 10.689186,
-1.267018 -0.057789 9.455284,
-1.196728 -0.021433 10.216324,
-0.723544 0.471274 9.871666,
-0.639125 0.060869 9.383972,
-1.267018 -0.057789 9.455284,
-0.723544 0.471274 9.871666,
-1.143744 -0.715186 8.565018,
-1.267018 -0.057789 9.455284,
-0.639125 0.060869 9.383972,
-1.739003 -0.328171 8.850197,
-1.267018 -0.057789 9.455284,
-1.143744 -0.715186 8.565018,
-1.961863 -0.811189 8.300232,
-1.739003 -0.328171 8.850197,
-1.143744 -0.715186 8.565018,
-1.407874 -1.129362 7.889359,
-1.961863 -0.811189 8.300232,
-1.143744 -0.715186 8.565018,
-1.726763 -1.718630 7.893044,
-1.961863 -0.811189 8.300232,
-1.407874 -1.129362 7.889359,
-2.507035 -1.344904 7.880997,
-1.961863 -0.811189 8.300232,
-1.726763 -1.718630 7.893044,
-2.670382 -0.524659 7.869865,
-1.961863 -0.811189 8.300232,
-2.507035 -1.344904 7.880997,
-3.163388 -1.004597 7.492142,
-2.670382 -0.524659 7.869865,
-2.507035 -1.344904 7.880997,
-3.275674 -0.327186 7.593475,
-2.670382 -0.524659 7.869865,
-3.163388 -1.004597 7.492142,
-3.073504 0.110982 8.092377,
-2.670382 -0.524659 7.869865,
-3.275674 -0.327186 7.593475,
-3.815654 0.023892 7.852180,
-3.073504 0.110982 8.092377,
-3.275674 -0.327186 7.593475,
-3.664218 0.362365 8.543961,
-3.073504 0.110982 8.092377,
-3.815654 0.023892 7.852180,
-3.018035 0.248659 8.770409,
-3.073504 0.110982 8.092377,
-3.664218 0.362365 8.543961,
-3.474744 0.220564 9.292328,
-3.018035 0.248659 8.770409,
-3.664218 0.362365 8.543961,
-4.216895 0.133475 9.052124,
-3.474744 0.220564 9.292328,
-3.664218 0.362365 8.543961,
-3.958300 -0.140754 9.634949,
-3.474744 0.220564 9.292328,
-4.216895 0.133475 9.052124,
-4.520426 -0.488263 9.422768,
-3.958300 -0.140754 9.634949,
-4.216895 0.133475 9.052124,
-4.709900 -0.346461 8.674408,
-4.520426 -0.488263 9.422768,
-4.216895 0.133475 9.052124,
-4.797057 -0.957268 8.992340,
-4.520426 -0.488263 9.422768,
-4.709900 -0.346461 8.674408,
-4.765454 -1.035925 8.303444,
-4.797057 -0.957268 8.992340,
-4.709900 -0.346461 8.674408,
-4.610308 -1.603840 8.822540,
-4.797057 -0.957268 8.992340,
-4.765454 -1.035925 8.303444,
-4.362330 -1.671566 8.080933,
-4.610308 -1.603840 8.822540,
-4.765454 -1.035925 8.303444,
-4.111222 -2.038685 8.613777,
-4.610308 -1.603840 8.822540,
-4.362330 -1.671566 8.080933,
-3.654511 -2.010591 8.091866,
-4.111222 -2.038685 8.613777,
-4.362330 -1.671566 8.080933,
-3.380797 -2.507819 8.624313,
-4.111222 -2.038685 8.613777,
-3.654511 -2.010591 8.091866,
-3.545897 -2.462728 9.118065,
-4.111222 -2.038685 8.613777,
-3.380797 -2.507819 8.624313,
-2.860091 -3.044712 8.490067,
-3.545897 -2.462728 9.118065,
-3.380797 -2.507819 8.624313,
-3.238566 -2.941347 9.621941,
-3.545897 -2.462728 9.118065,
-2.860091 -3.044712 8.490067,
-3.264945 -3.842638 9.415878,
-3.238566 -2.941347 9.621941,
-2.860091 -3.044712 8.490067,
-3.334641 -3.614679 9.972412,
-3.238566 -2.941347 9.621941,
-3.264945 -3.842638 9.415878,
-3.222560 -2.773694 10.106583,
-3.238566 -2.941347 9.621941,
-3.334641 -3.614679 9.972412,
-3.318633 -3.447027 10.457062,
-3.222560 -2.773694 10.106583,
-3.334641 -3.614679 9.972412,
-3.257396 -2.686988 10.865997,
-3.222560 -2.773694 10.106583,
-3.318633 -3.447027 10.457062,
-3.588824 -3.518955 11.204674,
-3.257396 -2.686988 10.865997,
-3.318633 -3.447027 10.457062,
-3.379792 -4.378294 10.947586,
-3.588824 -3.518955 11.204674,
-3.318633 -3.447027 10.457062,
-3.414626 -4.291587 11.707001,
-3.588824 -3.518955 11.204674,
-3.379792 -4.378294 10.947586,
-3.434752 -5.231108 11.455887,
-3.414626 -4.291587 11.707001,
-3.379792 -4.378294 10.947586,
-3.522536 -4.677888 12.209526,
-3.414626 -4.291587 11.707001,
-3.434752 -5.231108 11.455887,
-3.217591 -4.160874 12.684021,
-3.414626 -4.291587 11.707001,
-3.522536 -4.677888 12.209526,
-0.559306 -1.429453 15.734077,
-0.019601 -2.061615 15.918358,
0.344165 -1.323436 16.026482,
0.064777 -0.965533 15.198822,
-0.559306 -1.429453 15.734077,
0.344165 -1.323436 16.026482,
0.947732 -1.126717 15.651482,
0.064777 -0.965533 15.198822,
0.344165 -1.323436 16.026482,
0.684446 -0.582450 15.432716,
0.064777 -0.965533 15.198822,
0.947732 -1.126717 15.651482,
0.073119 -0.254865 14.915413,
0.064777 -0.965533 15.198822,
0.684446 -0.582450 15.432716,
0.714280 -0.272152 14.870377,
0.073119 -0.254865 14.915413,
0.684446 -0.582450 15.432716,
0.159929 0.317172 14.175835,
0.073119 -0.254865 14.915413,
0.714280 -0.272152 14.870377,
1.247335 0.126150 14.492676,
0.159929 0.317172 14.175835,
0.714280 -0.272152 14.870377,
1.009149 0.712458 13.745125,
0.159929 0.317172 14.175835,
1.247335 0.126150 14.492676,
-0.190203 0.571719 13.356956,
0.159929 0.317172 14.175835,
1.009149 0.712458 13.745125,
0.556377 0.905048 13.001831,
-0.190203 0.571719 13.356956,
1.009149 0.712458 13.745125,
-0.440018 0.758680 12.370262,
-0.190203 0.571719 13.356956,
0.556377 0.905048 13.001831,
-0.947200 0.107628 12.917992,
-0.190203 0.571719 13.356956,
-0.440018 0.758680 12.370262,
-1.172595 0.262117 11.950623,
-0.947200 0.107628 12.917992,
-0.440018 0.758680 12.370262,
-1.872119 -0.363395 12.431290,
-0.947200 0.107628 12.917992,
-1.172595 0.262117 11.950623,
-1.762747 -0.237981 12.917305,
-0.947200 0.107628 12.917992,
-1.872119 -0.363395 12.431290,
-2.345301 -0.856102 12.775940,
-1.762747 -0.237981 12.917305,
-1.872119 -0.363395 12.431290,
-2.415593 -0.892457 12.014908,
-2.345301 -0.856102 12.775940,
-1.872119 -0.363395 12.431290,
-3.056365 -1.275915 12.523491,
-2.345301 -0.856102 12.775940,
-2.415593 -0.892457 12.014908,
-1.090531 -2.085791 15.584419,
-0.019601 -2.061615 15.918358,
-0.559306 -1.429453 15.734077,
-0.595105 -3.091050 16.045113,
-0.019601 -2.061615 15.918358,
-1.090531 -2.085791 15.584419,
-1.530734 -2.676507 15.277206,
-0.595105 -3.091050 16.045113,
-1.090531 -2.085791 15.584419,
-1.376923 -3.430653 15.685913,
-0.595105 -3.091050 16.045113,
-1.530734 -2.676507 15.277206,
-2.232316 -3.488118 15.445152,
-1.376923 -3.430653 15.685913,
-1.530734 -2.676507 15.277206,
-2.284846 -2.654084 15.013443,
-2.232316 -3.488118 15.445152,
-1.530734 -2.676507 15.277206,
-2.544238 -3.271850 15.018036,
-2.232316 -3.488118 15.445152,
-2.284846 -2.654084 15.013443,
-3.128844 -3.044670 14.589592,
-2.544238 -3.271850 15.018036,
-2.284846 -2.654084 15.013443,
-3.065120 -2.280358 15.001389,
-3.128844 -3.044670 14.589592,
-2.284846 -2.654084 15.013443,
-3.806746 -2.667147 14.998543,
-3.128844 -3.044670 14.589592,
-3.065120 -2.280358 15.001389,
-3.751193 -1.977684 15.369507,
-3.806746 -2.667147 14.998543,
-3.065120 -2.280358 15.001389,
-4.346730 -2.316069 15.257240,
-3.806746 -2.667147 14.998543,
-3.751193 -1.977684 15.369507,
-4.459013 -1.638659 15.358574,
-4.346730 -2.316069 15.257240,
-3.751193 -1.977684 15.369507,
-3.812747 -1.200580 15.277954,
-4.459013 -1.638659 15.358574,
-3.751193 -1.977684 15.369507,
-4.451447 -0.993983 15.101486,
-4.459013 -1.638659 15.358574,
-3.812747 -1.200580 15.277954,
-5.013569 -1.341492 14.889305,
-4.459013 -1.638659 15.358574,
-4.451447 -0.993983 15.101486,
-4.710040 -0.719754 14.518661,
-5.013569 -1.341492 14.889305,
-4.451447 -0.993983 15.101486,
-5.203047 -1.199690 14.140938,
-5.013569 -1.341492 14.889305,
-4.710040 -0.719754 14.518661,
-4.773804 -0.752733 13.828293,
-5.203047 -1.199690 14.140938,
-4.710040 -0.719754 14.518661,
-4.955069 -1.267415 13.399330,
-5.203047 -1.199690 14.140938,
-4.773804 -0.752733 13.828293,
-5.258599 -1.889154 13.769974,
-5.203047 -1.199690 14.140938,
-4.955069 -1.267415 13.399330,
-4.868313 -1.925720 13.197174,
-5.258599 -1.889154 13.769974,
-4.955069 -1.267415 13.399330,
-4.855477 -2.524795 13.547462,
-5.258599 -1.889154 13.769974,
-4.868313 -1.925720 13.197174,
-4.317763 -2.345011 12.944672,
-4.855477 -2.524795 13.547462,
-4.868313 -1.925720 13.197174,
-4.150755 -2.956349 13.503464,
-4.855477 -2.524795 13.547462,
-4.317763 -2.345011 12.944672,
-3.929969 -3.013060 12.888237,
-4.150755 -2.956349 13.503464,
-4.317763 -2.345011 12.944672,
-3.423451 -3.448120 12.871201,
-4.150755 -2.956349 13.503464,
-3.929969 -3.013060 12.888237,
-3.351708 -3.527689 14.039619,
-4.150755 -2.956349 13.503464,
-3.423451 -3.448120 12.871201,
-3.252429 -4.074167 13.443436,
-3.351708 -3.527689 14.039619,
-3.423451 -3.448120 12.871201,
-3.217591 -4.160874 12.684021,
-3.252429 -4.074167 13.443436,
-3.423451 -3.448120 12.871201,
-3.313664 -4.834206 13.034500,
-3.252429 -4.074167 13.443436,
-3.217591 -4.160874 12.684021,
-3.522536 -4.677888 12.209526,
-3.313664 -4.834206 13.034500,
-3.217591 -4.160874 12.684021,
-3.181178 -5.146152 12.488106,
-3.313664 -4.834206 13.034500,
-3.522536 -4.677888 12.209526,
3.526414 -1.889734 15.782280,
3.538572 -1.197655 15.440712,
2.863528 -1.574493 15.768250,
3.034551 -2.200541 16.340485,
3.526414 -1.889734 15.782280,
2.863528 -1.574493 15.768250,
3.540563 -2.550131 16.168434,
3.526414 -1.889734 15.782280,
3.034551 -2.200541 16.340485,
2.721967 -2.825188 16.318825,
3.540563 -2.550131 16.168434,
3.034551 -2.200541 16.340485,
3.515455 -3.360792 16.333206,
3.540563 -2.550131 16.168434,
2.721967 -2.825188 16.318825,
2.828096 -3.868464 16.538185,
3.515455 -3.360792 16.333206,
2.721967 -2.825188 16.318825,
3.624311 -4.248359 16.112686,
3.515455 -3.360792 16.333206,
2.828096 -3.868464 16.538185,
2.805137 -4.815133 16.247688,
3.624311 -4.248359 16.112686,
2.828096 -3.868464 16.538185,
3.688085 -5.224491 16.063499,
3.624311 -4.248359 16.112686,
2.805137 -4.815133 16.247688,
2.836007 -5.802085 16.169792,
3.688085 -5.224491 16.063499,
2.805137 -4.815133 16.247688,
1.969854 -5.369853 16.319069,
2.836007 -5.802085 16.169792,
2.805137 -4.815133 16.247688,
4.149812 -2.297810 15.608246,
3.538572 -1.197655 15.440712,
3.526414 -1.889734 15.782280,
4.757509 -2.046131 15.049492,
3.538572 -1.197655 15.440712,
4.149812 -2.297810 15.608246,
4.147817 -0.945333 14.880531,
3.538572 -1.197655 15.440712,
4.757509 -2.046131 15.049492,
-2.376693 -1.401757 14.640732,
-1.919757 -2.206585 15.140579,
-1.478869 -1.721836 14.832764,
-1.470528 -1.011169 14.549355,
-2.376693 -1.401757 14.640732,
-1.478869 -1.721836 14.832764,
-0.859202 -1.338755 15.066666,
-1.470528 -1.011169 14.549355,
-1.478869 -1.721836 14.832764,
-0.639302 -0.737787 15.004288,
-1.470528 -1.011169 14.549355,
-0.859202 -1.338755 15.066666,
-1.220587 -0.499202 14.244148,
-1.470528 -1.011169 14.549355,
-0.639302 -0.737787 15.004288,
-0.402466 -0.403198 14.508934,
-1.220587 -0.499202 14.244148,
-0.639302 -0.737787 15.004288,
-0.687533 -0.100899 13.866447,
-1.220587 -0.499202 14.244148,
-0.402466 -0.403198 14.508934,
-1.556445 -0.144693 13.478180,
-1.220587 -0.499202 14.244148,
-0.687533 -0.100899 13.866447,
-1.946746 -0.947113 14.404137,
-1.220587 -0.499202 14.244148,
-1.556445 -0.144693 13.478180,
-2.235932 -0.730689 13.261955,
-1.946746 -0.947113 14.404137,
-1.556445 -0.144693 13.478180,
-2.813998 -0.785230 13.752151,
-1.946746 -0.947113 14.404137,
-2.235932 -0.730689 13.261955,
-2.623835 -1.978840 14.946053,
-1.919757 -2.206585 15.140579,
-2.376693 -1.401757 14.640732,
-3.247233 -1.570764 15.120079,
-2.623835 -1.978840 14.946053,
-2.376693 -1.401757 14.640732,
-3.260070 -0.971690 14.769791,
-3.247233 -1.570764 15.120079,
-2.376693 -1.401757 14.640732,
-2.687846 -0.879639 14.250397,
-3.260070 -0.971690 14.769791,
-2.376693 -1.401757 14.640732,
-3.511180 -0.604570 14.236938,
-3.260070 -0.971690 14.769791,
-2.687846 -0.879639 14.250397,
-3.967891 -0.632666 14.758858,
-3.260070 -0.971690 14.769791,
-3.511180 -0.604570 14.236938,
-4.157364 -0.490864 14.010490,
-3.967891 -0.632666 14.758858,
-3.511180 -0.604570 14.236938,
-3.566651 -0.742248 13.558907,
-4.157364 -0.490864 14.010490,
-3.511180 -0.604570 14.236938,
-4.308800 -0.829338 13.318710,
-4.157364 -0.490864 14.010490,
-3.566651 -0.742248 13.558907,
-4.364354 -1.518801 12.947746,
-4.308800 -0.829338 13.318710,
-3.566651 -0.742248 13.558907,
-3.056365 -1.275915 12.523491,
-3.566651 -0.742248 13.558907,
-2.915469 -1.019366 13.061104,
-4.364354 -1.518801 12.947746,
-3.566651 -0.742248 13.558907,
-3.056365 -1.275915 12.523491,
-3.773946 -1.904319 12.642975,
-4.364354 -1.518801 12.947746,
-3.056365 -1.275915 12.523491,
-2.876527 -1.770547 11.439835,
-3.404946 -2.704667 11.602600,
-3.773946 -1.904319 12.642975,
-3.056365 -1.275915 12.523491,
-2.876527 -1.770547 11.439835,
-3.773946 -1.904319 12.642975,
-2.415593 -0.892457 12.014908,
-2.876527 -1.770547 11.439835,
-3.056365 -1.275915 12.523491,
-2.474776 -0.773279 11.275032,
-2.876527 -1.770547 11.439835,
-2.415593 -0.892457 12.014908,
-2.357831 -4.879749 15.141190,
-2.311660 -4.085009 14.919716,
-2.684458 -3.745376 14.344299,
-2.378627 -5.429753 14.338295,
-2.357831 -4.879749 15.141190,
-2.684458 -3.745376 14.344299,
-2.953303 -4.636837 13.529060,
-2.378627 -5.429753 14.338295,
-2.684458 -3.745376 14.344299,
-3.010154 -5.772200 13.060341,
-2.378627 -5.429753 14.338295,
-2.953303 -4.636837 13.529060,
-3.313664 -4.834206 13.034500,
-3.010154 -5.772200 13.060341,
-2.953303 -4.636837 13.529060,
-3.181178 -5.146152 12.488106,
-3.010154 -5.772200 13.060341,
-3.313664 -4.834206 13.034500,
-2.975318 -5.858907 12.300926,
-3.010154 -5.772200 13.060341,
-3.181178 -5.146152 12.488106,
-3.059045 -6.312529 13.110924,
-3.010154 -5.772200 13.060341,
-2.975318 -5.858907 12.300926,
-2.760148 -6.616496 12.837059,
-3.059045 -6.312529 13.110924,
-2.975318 -5.858907 12.300926,
-4.055750 -1.901007 9.291809,
-3.444426 -2.228593 9.809120,
-3.346822 -1.952546 10.346100,
-3.965867 -0.785430 9.892044,
-4.458872 -1.265367 9.514320,
-4.055750 -1.901007 9.291809,
-3.346822 -1.952546 10.346100,
-3.965867 -0.785430 9.892044,
-4.055750 -1.901007 9.291809,
-3.303315 -1.000043 10.216164,
-3.965867 -0.785430 9.892044,
-3.346822 -1.952546 10.346100,
-2.683650 -0.616961 10.450066,
-3.303315 -1.000043 10.216164,
-3.346822 -1.952546 10.346100,
-2.876527 -1.770547 11.439835,
-2.683650 -0.616961 10.450066,
-3.346822 -1.952546 10.346100,
-2.474776 -0.773279 11.275032,
-2.683650 -0.616961 10.450066,
-2.876527 -1.770547 11.439835,
-1.885167 0.096385 10.851433,
-2.683650 -0.616961 10.450066,
-2.474776 -0.773279 11.275032,
-0.168515 -8.374556 13.831306,
-0.754698 -7.990349 13.441933,
-0.093829 -8.488629 13.032768,
0.730644 -8.692460 13.126389,
-0.168515 -8.374556 13.831306,
-0.093829 -8.488629 13.032768,
0.634294 -8.740148 13.970444,
-0.168515 -8.374556 13.831306,
0.730644 -8.692460 13.126389,
-0.612902 -7.673850 14.076591,
-0.754698 -7.990349 13.441933,
-0.168515 -8.374556 13.831306,
-0.001578 -8.001434 14.593895,
-0.612902 -7.673850 14.076591,
-0.168515 -8.374556 13.831306,
-0.475629 -7.366602 14.716766,
-0.612902 -7.673850 14.076591,
-0.001578 -8.001434 14.593895,
0.191623 -7.584288 15.021446,
-0.475629 -7.366602 14.716766,
-0.001578 -8.001434 14.593895,
0.695533 -7.980107 14.379379,
0.191623 -7.584288 15.021446,
-0.001578 -8.001434 14.593895,
1.015500 -7.573683 15.185074,
0.191623 -7.584288 15.021446,
0.695533 -7.980107 14.379379,
0.557853 -7.074690 15.711319,
0.191623 -7.584288 15.021446,
1.015500 -7.573683 15.185074,
1.229768 -6.780340 15.637115,
0.557853 -7.074690 15.711319,
1.015500 -7.573683 15.185074,
0.474578 -6.139367 15.808357,
0.557853 -7.074690 15.711319,
1.229768 -6.780340 15.637115,
1.141830 -6.357053 16.113029,
0.474578 -6.139367 15.808357,
1.229768 -6.780340 15.637115,
0.697442 -5.656347 16.358322,
0.474578 -6.139367 15.808357,
1.141830 -6.357053 16.113029,
1.313360 -5.742876 16.195312,
0.697442 -5.656347 16.358322,
1.141830 -6.357053 16.113029,
1.156650 -4.876591 16.609024,
0.697442 -5.656347 16.358322,
1.313360 -5.742876 16.195312,
1.969854 -5.369853 16.319069,
1.156650 -4.876591 16.609024,
1.313360 -5.742876 16.195312,
2.080438 -6.333212 16.099121,
1.969854 -5.369853 16.319069,
1.313360 -5.742876 16.195312,
2.836007 -5.802085 16.169792,
1.969854 -5.369853 16.319069,
2.080438 -6.333212 16.099121,
2.746230 -6.916288 15.570297,
2.836007 -5.802085 16.169792,
2.080438 -6.333212 16.099121,
3.394277 -6.319404 15.705795,
2.836007 -5.802085 16.169792,
2.746230 -6.916288 15.570297,
-0.689421 -6.195067 15.507759,
-1.356673 -5.977379 15.203079,
-1.610303 -6.486414 14.698235,
-1.510691 -5.250140 15.363411,
-1.356673 -5.977379 15.203079,
-0.689421 -6.195067 15.507759,
-1.165913 -7.187120 14.452950,
-1.610303 -6.486414 14.698235,
-1.938765 -6.947998 14.011688,
-1.333733 -7.562213 13.686317,
-1.165913 -7.187120 14.452950,
-1.938765 -6.947998 14.011688,
-1.945059 -7.234629 13.169014,
-1.333733 -7.562213 13.686317,
-1.938765 -6.947998 14.011688,
-1.666499 -7.890858 12.318680,
-1.333733 -7.562213 13.686317,
-1.945059 -7.234629 13.169014,
-0.815844 -8.142121 12.694496,
-1.333733 -7.562213 13.686317,
-1.666499 -7.890858 12.318680,
-0.252764 -6.883584 15.266731,
-1.610303 -6.486414 14.698235,
-1.165913 -7.187120 14.452950,
-0.689421 -6.195067 15.507759,
-1.610303 -6.486414 14.698235,
-0.252764 -6.883584 15.266731,
-0.824952 -4.196615 15.935005,
-1.492203 -3.978928 15.630325,
-1.510691 -5.250140 15.363411,
-0.531998 -4.859004 16.166817,
-0.824952 -4.196615 15.935005,
-1.510691 -5.250140 15.363411,
-0.689421 -6.195067 15.507759,
-0.531998 -4.859004 16.166817,
-1.510691 -5.250140 15.363411,
-0.120679 -5.752350 16.093536,
-0.531998 -4.859004 16.166817,
-0.689421 -6.195067 15.507759,
-2.683650 -0.616961 10.450066,
-1.885167 0.096385 10.851433,
-1.876265 -0.310110 10.015465,
3.435560 -8.659065 7.795074,
2.978551 -8.184913 8.813599,
3.850045 -7.096694 8.013817,
6.243948 -7.146773 12.949432,
5.991197 -6.737267 11.928741,
5.970048 -6.366668 13.102768,
1.332239 -8.819282 9.455597,
1.465614 -9.311901 9.666534,
1.632553 -8.938781 10.429131,
0.628160 -8.591536 9.261063,
1.332239 -8.819282 9.455597,
1.465614 -9.311901 9.666534,
   ]
  }
  coordIndex [
0 1 2 -1,
3 4 5 -1,
6 7 8 -1,
9 10 11 -1,
12 13 14 -1,
15 16 17 -1,
18 19 20 -1,
21 22 23 -1,
24 25 26 -1,
27 28 29 -1,
30 31 32 -1,
33 34 35 -1,
36 37 38 -1,
39 40 41 -1,
42 43 44 -1,
45 46 47 -1,
48 49 50 -1,
51 52 53 -1,
54 55 56 -1,
57 58 59 -1,
60 61 62 -1,
63 64 65 -1,
66 67 68 -1,
69 70 71 -1,
72 73 74 -1,
75 76 77 -1,
78 79 80 -1,
81 82 83 -1,
84 85 86 -1,
87 88 89 -1,
90 91 92 -1,
93 94 95 -1,
96 97 98 -1,
99 100 101 -1,
102 103 104 -1,
105 106 107 -1,
108 109 110 -1,
111 112 113 -1,
114 115 116 -1,
117 118 119 -1,
120 121 122 -1,
123 124 125 -1,
126 127 128 -1,
129 130 131 -1,
132 133 134 -1,
135 136 137 -1,
138 139 140 -1,
141 142 143 -1,
144 145 146 -1,
147 148 149 -1,
150 151 152 -1,
153 154 155 -1,
156 157 158 -1,
159 160 161 -1,
162 163 164 -1,
165 166 167 -1,
168 169 170 -1,
171 172 173 -1,
174 175 176 -1,
177 178 179 -1,
180 181 182 -1,
183 184 185 -1,
186 187 188 -1,
189 190 191 -1,
192 193 194 -1,
195 196 197 -1,
198 199 200 -1,
201 202 203 -1,
204 205 206 -1,
207 208 209 -1,
210 211 212 -1,
213 214 215 -1,
216 217 218 -1,
219 220 221 -1,
222 223 224 -1,
225 226 227 -1,
228 229 230 -1,
231 232 233 -1,
234 235 236 -1,
237 238 239 -1,
240 241 242 -1,
243 244 245 -1,
246 247 248 -1,
249 250 251 -1,
252 253 254 -1,
255 256 257 -1,
258 259 260 -1,
261 262 263 -1,
264 265 266 -1,
267 268 269 -1,
270 271 272 -1,
273 274 275 -1,
276 277 278 -1,
279 280 281 -1,
282 283 284 -1,
285 286 287 -1,
288 289 290 -1,
291 292 293 -1,
294 295 296 -1,
297 298 299 -1,
300 301 302 -1,
303 304 305 -1,
306 307 308 -1,
309 310 311 -1,
312 313 314 -1,
315 316 317 -1,
318 319 320 -1,
321 322 323 -1,
324 325 326 -1,
327 328 329 -1,
330 331 332 -1,
333 334 335 -1,
336 337 338 -1,
339 340 341 -1,
342 343 344 -1,
345 346 347 -1,
348 349 350 -1,
351 352 353 -1,
354 355 356 -1,
357 358 359 -1,
360 361 362 -1,
363 364 365 -1,
366 367 368 -1,
369 370 371 -1,
372 373 374 -1,
375 376 377 -1,
378 379 380 -1,
381 382 383 -1,
384 385 386 -1,
387 388 389 -1,
390 391 392 -1,
393 394 395 -1,
396 397 398 -1,
399 400 401 -1,
402 403 404 -1,
405 406 407 -1,
408 409 410 -1,
411 412 413 -1,
414 415 416 -1,
417 418 419 -1,
420 421 422 -1,
423 424 425 -1,
426 427 428 -1,
429 430 431 -1,
432 433 434 -1,
435 436 437 -1,
438 439 440 -1,
441 442 443 -1,
444 445 446 -1,
447 448 449 -1,
450 451 452 -1,
453 454 455 -1,
456 457 458 -1,
459 460 461 -1,
462 463 464 -1,
465 466 467 -1,
468 469 470 -1,
471 472 473 -1,
474 475 476 -1,
477 478 479 -1,
480 481 482 -1,
483 484 485 -1,
486 487 488 -1,
489 490 491 -1,
492 493 494 -1,
495 496 497 -1,
498 499 500 -1,
501 502 503 -1,
504 505 506 -1,
507 508 509 -1,
510 511 512 -1,
513 514 515 -1,
516 517 518 -1,
519 520 521 -1,
522 523 524 -1,
525 526 527 -1,
528 529 530 -1,
531 532 533 -1,
534 535 536 -1,
537 538 539 -1,
540 541 542 -1,
543 544 545 -1,
546 547 548 -1,
549 550 551 -1,
552 553 554 -1,
555 556 557 -1,
558 559 560 -1,
561 562 563 -1,
564 565 566 -1,
567 568 569 -1,
570 571 572 -1,
573 574 575 -1,
576 577 578 -1,
579 580 581 -1,
582 583 584 -1,
585 586 587 -1,
588 589 590 -1,
591 592 593 -1,
594 595 596 -1,
597 598 599 -1,
600 601 602 -1,
603 604 605 -1,
606 607 608 -1,
609 610 611 -1,
612 613 614 -1,
615 616 617 -1,
618 619 620 -1,
621 622 623 -1,
624 625 626 -1,
627 628 629 -1,
630 631 632 -1,
633 634 635 -1,
636 637 638 -1,
639 640 641 -1,
642 643 644 -1,
645 646 647 -1,
648 649 650 -1,
651 652 653 -1,
654 655 656 -1,
657 658 659 -1,
660 661 662 -1,
663 664 665 -1,
666 667 668 -1,
669 670 671 -1,
672 673 674 -1,
675 676 677 -1,
678 679 680 -1,
681 682 683 -1,
684 685 686 -1,
687 688 689 -1,
690 691 692 -1,
693 694 695 -1,
696 697 698 -1,
699 700 701 -1,
702 703 704 -1,
705 706 707 -1,
708 709 710 -1,
711 712 713 -1,
714 715 716 -1,
717 718 719 -1,
720 721 722 -1,
723 724 725 -1,
726 727 728 -1,
729 730 731 -1,
732 733 734 -1,
735 736 737 -1,
738 739 740 -1,
741 742 743 -1,
744 745 746 -1,
747 748 749 -1,
750 751 752 -1,
753 754 755 -1,
756 757 758 -1,
759 760 761 -1,
762 763 764 -1,
765 766 767 -1,
768 769 770 -1,
771 772 773 -1,
774 775 776 -1,
777 778 779 -1,
780 781 782 -1,
783 784 785 -1,
786 787 788 -1,
789 790 791 -1,
792 793 794 -1,
795 796 797 -1,
798 799 800 -1,
801 802 803 -1,
804 805 806 -1,
807 808 809 -1,
810 811 812 -1,
813 814 815 -1,
816 817 818 -1,
819 820 821 -1,
822 823 824 -1,
825 826 827 -1,
828 829 830 -1,
831 832 833 -1,
834 835 836 -1,
837 838 839 -1,
840 841 842 -1,
843 844 845 -1,
846 847 848 -1,
849 850 851 -1,
852 853 854 -1,
855 856 857 -1,
858 859 860 -1,
861 862 863 -1,
864 865 866 -1,
867 868 869 -1,
870 871 872 -1,
873 874 875 -1,
876 877 878 -1,
879 880 881 -1,
882 883 884 -1,
885 886 887 -1,
888 889 890 -1,
891 892 893 -1,
894 895 896 -1,
897 898 899 -1,
900 901 902 -1,
903 904 905 -1,
906 907 908 -1,
909 910 911 -1,
912 913 914 -1,
915 916 917 -1,
918 919 920 -1,
921 922 923 -1,
924 925 926 -1,
927 928 929 -1,
930 931 932 -1,
933 934 935 -1,
936 937 938 -1,
939 940 941 -1,
942 943 944 -1,
945 946 947 -1,
948 949 950 -1,
951 952 953 -1,
954 955 956 -1,
957 958 959 -1,
960 961 962 -1,
963 964 965 -1,
966 967 968 -1,
969 970 971 -1,
972 973 974 -1,
975 976 977 -1,
978 979 980 -1,
981 982 983 -1,
984 985 986 -1,
987 988 989 -1,
990 991 992 -1,
993 994 995 -1,
996 997 998 -1,
999 1000 1001 -1,
1002 1003 1004 -1,
1005 1006 1007 -1,
1008 1009 1010 -1,
1011 1012 1013 -1,
1014 1015 1016 -1,
1017 1018 1019 -1,
1020 1021 1022 -1,
1023 1024 1025 -1,
1026 1027 1028 -1,
1029 1030 1031 -1,
1032 1033 1034 -1,
1035 1036 1037 -1,
1038 1039 1040 -1,
1041 1042 1043 -1,
1044 1045 1046 -1,
1047 1048 1049 -1,
1050 1051 1052 -1,
1053 1054 1055 -1,
1056 1057 1058 -1,
1059 1060 1061 -1,
1062 1063 1064 -1,
1065 1066 1067 -1,
1068 1069 1070 -1,
1071 1072 1073 -1,
1074 1075 1076 -1,
1077 1078 1079 -1,
1080 1081 1082 -1,
1083 1084 1085 -1,
1086 1087 1088 -1,
1089 1090 1091 -1,
1092 1093 1094 -1,
1095 1096 1097 -1,
1098 1099 1100 -1,
1101 1102 1103 -1,
1104 1105 1106 -1,
1107 1108 1109 -1,
1110 1111 1112 -1,
1113 1114 1115 -1,
1116 1117 1118 -1,
1119 1120 1121 -1,
1122 1123 1124 -1,
1125 1126 1127 -1,
1128 1129 1130 -1,
1131 1132 1133 -1,
1134 1135 1136 -1,
1137 1138 1139 -1,
1140 1141 1142 -1,
1143 1144 1145 -1,
1146 1147 1148 -1,
1149 1150 1151 -1,
1152 1153 1154 -1,
1155 1156 1157 -1,
1158 1159 1160 -1,
1161 1162 1163 -1,
1164 1165 1166 -1,
1167 1168 1169 -1,
1170 1171 1172 -1,
1173 1174 1175 -1,
1176 1177 1178 -1,
1179 1180 1181 -1,
1182 1183 1184 -1,
1185 1186 1187 -1,
1188 1189 1190 -1,
1191 1192 1193 -1,
1194 1195 1196 -1,
1197 1198 1199 -1,
1200 1201 1202 -1,
1203 1204 1205 -1,
1206 1207 1208 -1,
1209 1210 1211 -1,
1212 1213 1214 -1,
1215 1216 1217 -1,
1218 1219 1220 -1,
1221 1222 1223 -1,
1224 1225 1226 -1,
1227 1228 1229 -1,
1230 1231 1232 -1,
1233 1234 1235 -1,
1236 1237 1238 -1,
1239 1240 1241 -1,
1242 1243 1244 -1,
1245 1246 1247 -1,
1248 1249 1250 -1,
1251 1252 1253 -1,
1254 1255 1256 -1,
1257 1258 1259 -1,
1260 1261 1262 -1,
1263 1264 1265 -1,
1266 1267 1268 -1,
1269 1270 1271 -1,
1272 1273 1274 -1,
1275 1276 1277 -1,
1278 1279 1280 -1,
1281 1282 1283 -1,
1284 1285 1286 -1,
1287 1288 1289 -1,
1290 1291 1292 -1,
1293 1294 1295 -1,
1296 1297 1298 -1,
1299 1300 1301 -1,
1302 1303 1304 -1,
1305 1306 1307 -1,
1308 1309 1310 -1,
1311 1312 1313 -1,
1314 1315 1316 -1,
1317 1318 1319 -1,
1320 1321 1322 -1,
1323 1324 1325 -1,
1326 1327 1328 -1,
1329 1330 1331 -1,
1332 1333 1334 -1,
1335 1336 1337 -1,
1338 1339 1340 -1,
1341 1342 1343 -1,
1344 1345 1346 -1,
1347 1348 1349 -1,
1350 1351 1352 -1,
1353 1354 1355 -1,
1356 1357 1358 -1,
1359 1360 1361 -1,
1362 1363 1364 -1,
1365 1366 1367 -1,
1368 1369 1370 -1,
1371 1372 1373 -1,
1374 1375 1376 -1,
1377 1378 1379 -1,
1380 1381 1382 -1,
1383 1384 1385 -1,
1386 1387 1388 -1,
1389 1390 1391 -1,
1392 1393 1394 -1,
1395 1396 1397 -1,
1398 1399 1400 -1,
1401 1402 1403 -1,
1404 1405 1406 -1,
1407 1408 1409 -1,
1410 1411 1412 -1,
1413 1414 1415 -1,
1416 1417 1418 -1,
1419 1420 1421 -1,
1422 1423 1424 -1,
1425 1426 1427 -1,
1428 1429 1430 -1,
1431 1432 1433 -1,
1434 1435 1436 -1,
1437 1438 1439 -1,
1440 1441 1442 -1,
1443 1444 1445 -1,
1446 1447 1448 -1,
1449 1450 1451 -1,
1452 1453 1454 -1,
1455 1456 1457 -1,
1458 1459 1460 -1,
1461 1462 1463 -1,
1464 1465 1466 -1,
1467 1468 1469 -1,
1470 1471 1472 -1,
1473 1474 1475 -1,
1476 1477 1478 -1,
1479 1480 1481 -1,
1482 1483 1484 -1,
1485 1486 1487 -1,
1488 1489 1490 -1,
1491 1492 1493 -1,
1494 1495 1496 -1,
1497 1498 1499 -1,
1500 1501 1502 -1,
1503 1504 1505 -1,
1506 1507 1508 -1,
1509 1510 1511 -1,
1512 1513 1514 -1,
1515 1516 1517 -1,
1518 1519 1520 -1,
1521 1522 1523 -1,
1524 1525 1526 -1,
1527 1528 1529 -1,
1530 1531 1532 -1,
1533 1534 1535 -1,
1536 1537 1538 -1,
1539 1540 1541 -1,
1542 1543 1544 -1,
1545 1546 1547 -1,
1548 1549 1550 -1,
1551 1552 1553 -1,
1554 1555 1556 -1,
1557 1558 1559 -1,
1560 1561 1562 -1,
1563 1564 1565 -1,
1566 1567 1568 -1,
1569 1570 1571 -1,
1572 1573 1574 -1,
1575 1576 1577 -1,
1578 1579 1580 -1,
1581 1582 1583 -1,
1584 1585 1586 -1,
1587 1588 1589 -1,
1590 1591 1592 -1,
1593 1594 1595 -1,
1596 1597 1598 -1,
1599 1600 1601 -1,
1602 1603 1604 -1,
1605 1606 1607 -1,
1608 1609 1610 -1,
1611 1612 1613 -1,
1614 1615 1616 -1,
1617 1618 1619 -1,
1620 1621 1622 -1,
1623 1624 1625 -1,
1626 1627 1628 -1,
1629 1630 1631 -1,
1632 1633 1634 -1,
1635 1636 1637 -1,
1638 1639 1640 -1,
1641 1642 1643 -1,
1644 1645 1646 -1,
1647 1648 1649 -1,
1650 1651 1652 -1,
1653 1654 1655 -1,
1656 1657 1658 -1,
1659 1660 1661 -1,
1662 1663 1664 -1,
1665 1666 1667 -1,
1668 1669 1670 -1,
1671 1672 1673 -1,
1674 1675 1676 -1,
1677 1678 1679 -1,
1680 1681 1682 -1,
1683 1684 1685 -1,
1686 1687 1688 -1,
1689 1690 1691 -1,
1692 1693 1694 -1,
1695 1696 1697 -1,
1698 1699 1700 -1,
1701 1702 1703 -1,
1704 1705 1706 -1,
1707 1708 1709 -1,
1710 1711 1712 -1,
1713 1714 1715 -1,
1716 1717 1718 -1,
1719 1720 1721 -1,
1722 1723 1724 -1,
1725 1726 1727 -1,
1728 1729 1730 -1,
1731 1732 1733 -1,
1734 1735 1736 -1,
1737 1738 1739 -1,
1740 1741 1742 -1,
1743 1744 1745 -1,
1746 1747 1748 -1,
1749 1750 1751 -1,
1752 1753 1754 -1,
1755 1756 1757 -1,
1758 1759 1760 -1,
1761 1762 1763 -1,
1764 1765 1766 -1,
1767 1768 1769 -1,
1770 1771 1772 -1,
1773 1774 1775 -1,
1776 1777 1778 -1,
1779 1780 1781 -1,
1782 1783 1784 -1,
1785 1786 1787 -1,
1788 1789 1790 -1,
1791 1792 1793 -1,
1794 1795 1796 -1,
1797 1798 1799 -1,
1800 1801 1802 -1,
1803 1804 1805 -1,
1806 1807 1808 -1,
1809 1810 1811 -1,
1812 1813 1814 -1,
1815 1816 1817 -1,
1818 1819 1820 -1,
1821 1822 1823 -1,
1824 1825 1826 -1,
1827 1828 1829 -1,
1830 1831 1832 -1,
1833 1834 1835 -1,
1836 1837 1838 -1,
1839 1840 1841 -1,
1842 1843 1844 -1,
1845 1846 1847 -1,
1848 1849 1850 -1,
1851 1852 1853 -1,
1854 1855 1856 -1,
1857 1858 1859 -1,
1860 1861 1862 -1,
1863 1864 1865 -1,
1866 1867 1868 -1,
1869 1870 1871 -1,
1872 1873 1874 -1,
1875 1876 1877 -1,
1878 1879 1880 -1,
1881 1882 1883 -1,
1884 1885 1886 -1,
1887 1888 1889 -1,
1890 1891 1892 -1,
1893 1894 1895 -1,
1896 1897 1898 -1,
1899 1900 1901 -1,
1902 1903 1904 -1,
1905 1906 1907 -1,
1908 1909 1910 -1,
1911 1912 1913 -1,
1914 1915 1916 -1,
1917 1918 1919 -1,
1920 1921 1922 -1,
1923 1924 1925 -1,
1926 1927 1928 -1,
1929 1930 1931 -1,
1932 1933 1934 -1,
1935 1936 1937 -1,
1938 1939 1940 -1,
1941 1942 1943 -1,
1944 1945 1946 -1,
1947 1948 1949 -1,
1950 1951 1952 -1,
1953 1954 1955 -1,
1956 1957 1958 -1,
1959 1960 1961 -1,
1962 1963 1964 -1,
1965 1966 1967 -1,
1968 1969 1970 -1,
1971 1972 1973 -1,
1974 1975 1976 -1,
1977 1978 1979 -1,
1980 1981 1982 -1,
1983 1984 1985 -1,
1986 1987 1988 -1,
1989 1990 1991 -1,
1992 1993 1994 -1,
1995 1996 1997 -1,
1998 1999 2000 -1,
2001 2002 2003 -1,
2004 2005 2006 -1,
2007 2008 2009 -1,
2010 2011 2012 -1,
2013 2014 2015 -1,
2016 2017 2018 -1,
2019 2020 2021 -1,
2022 2023 2024 -1,
2025 2026 2027 -1,
2028 2029 2030 -1,
2031 2032 2033 -1,
2034 2035 2036 -1,
2037 2038 2039 -1,
2040 2041 2042 -1,
2043 2044 2045 -1,
2046 2047 2048 -1,
2049 2050 2051 -1,
2052 2053 2054 -1,
2055 2056 2057 -1,
2058 2059 2060 -1,
2061 2062 2063 -1,
2064 2065 2066 -1,
2067 2068 2069 -1,
2070 2071 2072 -1,
2073 2074 2075 -1,
2076 2077 2078 -1,
2079 2080 2081 -1,
2082 2083 2084 -1,
2085 2086 2087 -1,
2088 2089 2090 -1,
2091 2092 2093 -1,
2094 2095 2096 -1,
2097 2098 2099 -1,
2100 2101 2102 -1,
2103 2104 2105 -1,
2106 2107 2108 -1,
2109 2110 2111 -1,
2112 2113 2114 -1,
2115 2116 2117 -1,
2118 2119 2120 -1,
2121 2122 2123 -1,
2124 2125 2126 -1,
2127 2128 2129 -1,
2130 2131 2132 -1,
2133 2134 2135 -1,
2136 2137 2138 -1,
2139 2140 2141 -1,
2142 2143 2144 -1,
2145 2146 2147 -1,
2148 2149 2150 -1,
2151 2152 2153 -1,
2154 2155 2156 -1,
2157 2158 2159 -1,
2160 2161 2162 -1,
2163 2164 2165 -1,
2166 2167 2168 -1,
2169 2170 2171 -1,
2172 2173 2174 -1,
2175 2176 2177 -1,
2178 2179 2180 -1,
2181 2182 2183 -1,
2184 2185 2186 -1,
2187 2188 2189 -1,
2190 2191 2192 -1,
2193 2194 2195 -1,
2196 2197 2198 -1,
2199 2200 2201 -1,
2202 2203 2204 -1,
2205 2206 2207 -1,
2208 2209 2210 -1,
2211 2212 2213 -1,
2214 2215 2216 -1,
2217 2218 2219 -1,
2220 2221 2222 -1,
2223 2224 2225 -1,
2226 2227 2228 -1,
2229 2230 2231 -1,
2232 2233 2234 -1,
2235 2236 2237 -1,
2238 2239 2240 -1,
2241 2242 2243 -1,
2244 2245 2246 -1,
2247 2248 2249 -1,
2250 2251 2252 -1,
2253 2254 2255 -1,
2256 2257 2258 -1,
2259 2260 2261 -1,
2262 2263 2264 -1,
2265 2266 2267 -1,
2268 2269 2270 -1,
2271 2272 2273 -1,
2274 2275 2276 -1,
2277 2278 2279 -1,
2280 2281 2282 -1,
2283 2284 2285 -1,
2286 2287 2288 -1,
2289 2290 2291 -1,
2292 2293 2294 -1,
2295 2296 2297 -1,
2298 2299 2300 -1,
2301 2302 2303 -1,
2304 2305 2306 -1,
2307 2308 2309 -1,
2310 2311 2312 -1,
2313 2314 2315 -1,
2316 2317 2318 -1,
2319 2320 2321 -1,
2322 2323 2324 -1,
2325 2326 2327 -1,
2328 2329 2330 -1,
2331 2332 2333 -1,
2334 2335 2336 -1,
2337 2338 2339 -1,
2340 2341 2342 -1,
2343 2344 2345 -1,
2346 2347 2348 -1,
2349 2350 2351 -1,
2352 2353 2354 -1,
2355 2356 2357 -1,
2358 2359 2360 -1,
2361 2362 2363 -1,
2364 2365 2366 -1,
2367 2368 2369 -1,
2370 2371 2372 -1,
2373 2374 2375 -1,
2376 2377 2378 -1,
2379 2380 2381 -1,
2382 2383 2384 -1,
2385 2386 2387 -1,
2388 2389 2390 -1,
2391 2392 2393 -1,
2394 2395 2396 -1,
2397 2398 2399 -1,
2400 2401 2402 -1,
2403 2404 2405 -1,
2406 2407 2408 -1,
2409 2410 2411 -1,
2412 2413 2414 -1,
2415 2416 2417 -1,
2418 2419 2420 -1,
2421 2422 2423 -1,
2424 2425 2426 -1,
2427 2428 2429 -1,
2430 2431 2432 -1,
2433 2434 2435 -1,
2436 2437 2438 -1,
2439 2440 2441 -1,
2442 2443 2444 -1,
2445 2446 2447 -1,
2448 2449 2450 -1,
2451 2452 2453 -1,
2454 2455 2456 -1,
2457 2458 2459 -1,
2460 2461 2462 -1,
2463 2464 2465 -1,
2466 2467 2468 -1,
2469 2470 2471 -1,
2472 2473 2474 -1,
2475 2476 2477 -1,
2478 2479 2480 -1,
2481 2482 2483 -1,
2484 2485 2486 -1,
2487 2488 2489 -1,
2490 2491 2492 -1,
2493 2494 2495 -1,
2496 2497 2498 -1,
2499 2500 2501 -1,
2502 2503 2504 -1,
2505 2506 2507 -1,
2508 2509 2510 -1,
2511 2512 2513 -1,
2514 2515 2516 -1,
2517 2518 2519 -1,
2520 2521 2522 -1,
2523 2524 2525 -1,
2526 2527 2528 -1,
2529 2530 2531 -1,
2532 2533 2534 -1,
2535 2536 2537 -1,
2538 2539 2540 -1,
2541 2542 2543 -1,
2544 2545 2546 -1,
2547 2548 2549 -1,
2550 2551 2552 -1,
2553 2554 2555 -1,
2556 2557 2558 -1,
2559 2560 2561 -1,
2562 2563 2564 -1,
2565 2566 2567 -1,
2568 2569 2570 -1,
2571 2572 2573 -1,
2574 2575 2576 -1,
2577 2578 2579 -1,
2580 2581 2582 -1,
2583 2584 2585 -1,
2586 2587 2588 -1,
2589 2590 2591 -1,
2592 2593 2594 -1,
2595 2596 2597 -1,
2598 2599 2600 -1,
2601 2602 2603 -1,
2604 2605 2606 -1,
2607 2608 2609 -1,
2610 2611 2612 -1,
2613 2614 2615 -1,
2616 2617 2618 -1,
2619 2620 2621 -1,
2622 2623 2624 -1,
2625 2626 2627 -1,
2628 2629 2630 -1,
2631 2632 2633 -1,
2634 2635 2636 -1,
2637 2638 2639 -1,
2640 2641 2642 -1,
2643 2644 2645 -1,
2646 2647 2648 -1,
2649 2650 2651 -1,
2652 2653 2654 -1,
2655 2656 2657 -1,
2658 2659 2660 -1,
2661 2662 2663 -1,
2664 2665 2666 -1,
2667 2668 2669 -1,
2670 2671 2672 -1,
2673 2674 2675 -1,
2676 2677 2678 -1,
2679 2680 2681 -1,
2682 2683 2684 -1,
2685 2686 2687 -1,
2688 2689 2690 -1,
2691 2692 2693 -1,
2694 2695 2696 -1,
2697 2698 2699 -1,
2700 2701 2702 -1,
2703 2704 2705 -1,
2706 2707 2708 -1,
2709 2710 2711 -1,
2712 2713 2714 -1,
2715 2716 2717 -1,
2718 2719 2720 -1,
2721 2722 2723 -1,
2724 2725 2726 -1,
2727 2728 2729 -1,
2730 2731 2732 -1,
2733 2734 2735 -1,
2736 2737 2738 -1,
2739 2740 2741 -1,
2742 2743 2744 -1,
2745 2746 2747 -1,
2748 2749 2750 -1,
2751 2752 2753 -1,
2754 2755 2756 -1,
2757 2758 2759 -1,
2760 2761 2762 -1,
2763 2764 2765 -1,
2766 2767 2768 -1,
2769 2770 2771 -1,
2772 2773 2774 -1,
2775 2776 2777 -1,
2778 2779 2780 -1,
2781 2782 2783 -1,
2784 2785 2786 -1,
2787 2788 2789 -1,
2790 2791 2792 -1,
2793 2794 2795 -1,
2796 2797 2798 -1,
2799 2800 2801 -1,
2802 2803 2804 -1,
2805 2806 2807 -1,
2808 2809 2810 -1,
2811 2812 2813 -1,
2814 2815 2816 -1,
2817 2818 2819 -1,
2820 2821 2822 -1,
2823 2824 2825 -1,
2826 2827 2828 -1,
2829 2830 2831 -1,
2832 2833 2834 -1,
2835 2836 2837 -1,
2838 2839 2840 -1,
2841 2842 2843 -1,
2844 2845 2846 -1,
2847 2848 2849 -1,
2850 2851 2852 -1,
2853 2854 2855 -1,
2856 2857 2858 -1,
2859 2860 2861 -1,
2862 2863 2864 -1,
2865 2866 2867 -1,
2868 2869 2870 -1,
2871 2872 2873 -1,
2874 2875 2876 -1,
2877 2878 2879 -1,
2880 2881 2882 -1,
2883 2884 2885 -1,
2886 2887 2888 -1,
2889 2890 2891 -1,
2892 2893 2894 -1,
2895 2896 2897 -1,
2898 2899 2900 -1,
2901 2902 2903 -1,
2904 2905 2906 -1,
2907 2908 2909 -1,
2910 2911 2912 -1,
2913 2914 2915 -1,
2916 2917 2918 -1,
2919 2920 2921 -1,
2922 2923 2924 -1,
2925 2926 2927 -1,
2928 2929 2930 -1,
2931 2932 2933 -1,
2934 2935 2936 -1,
2937 2938 2939 -1,
2940 2941 2942 -1,
2943 2944 2945 -1,
2946 2947 2948 -1,
2949 2950 2951 -1,
2952 2953 2954 -1,
2955 2956 2957 -1,
2958 2959 2960 -1,
2961 2962 2963 -1,
2964 2965 2966 -1,
2967 2968 2969 -1,
2970 2971 2972 -1,
2973 2974 2975 -1,
2976 2977 2978 -1,
2979 2980 2981 -1,
2982 2983 2984 -1,
2985 2986 2987 -1,
2988 2989 2990 -1,
2991 2992 2993 -1,
2994 2995 2996 -1,
2997 2998 2999 -1,
3000 3001 3002 -1,
3003 3004 3005 -1,
3006 3007 3008 -1,
3009 3010 3011 -1,
3012 3013 3014 -1,
3015 3016 3017 -1,
3018 3019 3020 -1,
3021 3022 3023 -1,
3024 3025 3026 -1,
3027 3028 3029 -1,
3030 3031 3032 -1,
3033 3034 3035 -1,
3036 3037 3038 -1,
3039 3040 3041 -1,
3042 3043 3044 -1,
3045 3046 3047 -1,
3048 3049 3050 -1,
3051 3052 3053 -1,
3054 3055 3056 -1,
3057 3058 3059 -1,
3060 3061 3062 -1,
3063 3064 3065 -1,
3066 3067 3068 -1,
3069 3070 3071 -1,
3072 3073 3074 -1,
3075 3076 3077 -1,
3078 3079 3080 -1,
3081 3082 3083 -1,
3084 3085 3086 -1,
3087 3088 3089 -1,
3090 3091 3092 -1,
3093 3094 3095 -1,
3096 3097 3098 -1,
3099 3100 3101 -1,
3102 3103 3104 -1,
3105 3106 3107 -1,
3108 3109 3110 -1,
3111 3112 3113 -1,
3114 3115 3116 -1,
3117 3118 3119 -1,
3120 3121 3122 -1,
3123 3124 3125 -1,
3126 3127 3128 -1,
3129 3130 3131 -1,
3132 3133 3134 -1,
3135 3136 3137 -1,
3138 3139 3140 -1,
3141 3142 3143 -1,
3144 3145 3146 -1,
3147 3148 3149 -1,
3150 3151 3152 -1,
3153 3154 3155 -1,
3156 3157 3158 -1,
3159 3160 3161 -1,
3162 3163 3164 -1,
3165 3166 3167 -1,
3168 3169 3170 -1,
3171 3172 3173 -1,
3174 3175 3176 -1,
3177 3178 3179 -1,
3180 3181 3182 -1,
3183 3184 3185 -1,
3186 3187 3188 -1,
3189 3190 3191 -1,
3192 3193 3194 -1,
3195 3196 3197 -1,
3198 3199 3200 -1,
3201 3202 3203 -1,
3204 3205 3206 -1,
3207 3208 3209 -1,
3210 3211 3212 -1,
3213 3214 3215 -1,
3216 3217 3218 -1,
3219 3220 3221 -1,
3222 3223 3224 -1,
3225 3226 3227 -1,
3228 3229 3230 -1,
3231 3232 3233 -1,
3234 3235 3236 -1,
3237 3238 3239 -1,
3240 3241 3242 -1,
3243 3244 3245 -1,
3246 3247 3248 -1,
3249 3250 3251 -1,
3252 3253 3254 -1,
3255 3256 3257 -1,
3258 3259 3260 -1,
3261 3262 3263 -1,
3264 3265 3266 -1,
3267 3268 3269 -1,
3270 3271 3272 -1,
3273 3274 3275 -1,
3276 3277 3278 -1,
3279 3280 3281 -1,
3282 3283 3284 -1,
3285 3286 3287 -1,
3288 3289 3290 -1,
3291 3292 3293 -1,
3294 3295 3296 -1,
3297 3298 3299 -1,
3300 3301 3302 -1,
3303 3304 3305 -1,
3306 3307 3308 -1,
3309 3310 3311 -1,
3312 3313 3314 -1,
3315 3316 3317 -1,
3318 3319 3320 -1,
3321 3322 3323 -1,
3324 3325 3326 -1,
3327 3328 3329 -1,
3330 3331 3332 -1,
3333 3334 3335 -1,
3336 3337 3338 -1,
3339 3340 3341 -1,
3342 3343 3344 -1,
3345 3346 3347 -1,
3348 3349 3350 -1,
3351 3352 3353 -1,
3354 3355 3356 -1,
3357 3358 3359 -1,
3360 3361 3362 -1,
3363 3364 3365 -1,
3366 3367 3368 -1,
3369 3370 3371 -1,
3372 3373 3374 -1,
3375 3376 3377 -1,
3378 3379 3380 -1,
3381 3382 3383 -1,
3384 3385 3386 -1,
3387 3388 3389 -1,
3390 3391 3392 -1,
3393 3394 3395 -1,
3396 3397 3398 -1,
3399 3400 3401 -1,
3402 3403 3404 -1,
3405 3406 3407 -1,
3408 3409 3410 -1,
3411 3412 3413 -1,
3414 3415 3416 -1,
3417 3418 3419 -1,
3420 3421 3422 -1,
3423 3424 3425 -1,
3426 3427 3428 -1,
3429 3430 3431 -1,
3432 3433 3434 -1,
3435 3436 3437 -1,
3438 3439 3440 -1,
3441 3442 3443 -1,
3444 3445 3446 -1,
3447 3448 3449 -1,
3450 3451 3452 -1,
3453 3454 3455 -1,
3456 3457 3458 -1,
3459 3460 3461 -1,
3462 3463 3464 -1,
3465 3466 3467 -1,
3468 3469 3470 -1,
3471 3472 3473 -1,
3474 3475 3476 -1,
3477 3478 3479 -1,
3480 3481 3482 -1,
3483 3484 3485 -1,
3486 3487 3488 -1,
3489 3490 3491 -1,
3492 3493 3494 -1,
3495 3496 3497 -1,
3498 3499 3500 -1,
3501 3502 3503 -1,
3504 3505 3506 -1,
3507 3508 3509 -1,
3510 3511 3512 -1,
3513 3514 3515 -1,
3516 3517 3518 -1,
3519 3520 3521 -1,
3522 3523 3524 -1,
3525 3526 3527 -1,
3528 3529 3530 -1,
3531 3532 3533 -1,
3534 3535 3536 -1,
3537 3538 3539 -1,
  ]
  colorPerVertex TRUE
  color Color {
   color [
0.6510 0.6510 0.6706,
0.6510 0.6510 0.6706,
0.6510 0.6510 0.6706,
0.6510 0.6510 0.6706,
0.6510 0.6510 0.6706,
0.6510 0.6510 0.6706,
0.6510 0.6510 0.6706,
0.6510 0.6510 0.6706,
0.6510 0.6510 0.6706,
0.6510 0.6510 0.6706,
0.6510 0.6510 0.6706,
0.6510 0.6510 0.6706,
0.6510 0.6510 0.6706,
0.6510 0.6510 0.6706,
0.6510 0.6510 0.6706,
0.6510 0.6510 0.6706,
0.6510 0.6510 0.6706,
0.6510 0.6510 0.6706,
0.6510 0.6510 0.6706,
0.6510 0.6510 0.6706,
0.6510 0.6510 0.6706,
0.6510 0.6510 0.6706,
0.6510 0.6510 0.6706,
0.6510 0.6510 0.6706,
0.6510 0.6510 0.6706,
0.6510 0.6510 0.6706,
0.6510 0.6510 0.6706,
0.6510 0.6510 0.6706,
0.6510 0.6510 0.6706,
0.6510 0.6510 0.6706,
0.6510 0.6510 0.6706,
0.6510 0.6510 0.6706,
0.6510 0.6510 0.6706,
0.6510 0.6510 0.6706,
0.6510 0.6510 0.6706,
0.6510 0.6510 0.6706,
0.6510 0.6510 0.6706,
0.6510 0.6510 0.6706,
0.6510 0.6510 0.6706,
0.6510 0.6510 0.6706,
0.6510 0.6510 0.6706,
0.6510 0.6510 0.6706,
0.6510 0.6510 0.6706,
0.6510 0.6510 0.6706,
0.6510 0.6510 0.6706,
0.6510 0.6510 0.6706,
0.6510 0.6510 0.6706,
0.6510 0.6510 0.6706,
0.6510 0.6510 0.6706,
0.6510 0.6510 0.6706,
0.6510 0.6510 0.6706,
0.6510 0.6510 0.6706,
0.6510 0.6510 0.6706,
0.6510 0.6510 0.6706,
0.6510 0.6510 0.6706,
0.6510 0.6510 0.6706,
0.6510 0.6510 0.6706,
0.6510 0.6510 0.6706,
0.6510 0.6510 0.6706,
0.6510 0.6510 0.6706,
0.6510 0.6510 0.6706,
0.6510 0.6510 0.6706,
0.6510 0.6510 0.6706,
0.6510 0.6510 0.6706,
0.6510 0.6510 0.6706,
0.6510 0.6510 0.6706,
0.6510 0.6510 0.6706,
0.6510 0.6510 0.6706,
0.6510 0.6510 0.6706,
0.6510 0.6510 0.6706,
0.6510 0.6510 0.6706,
0.6510 0.6510 0.6706,
0.6510 0.6510 0.6706,
0.6510 0.6510 0.6706,
0.6510 0.6510 0.6706,
0.6510 0.6510 0.6706,
0.6510 0.6510 0.6706,
0.6510 0.6510 0.6706,
0.6510 0.6510 0.6706,
0.6510 0.6510 0.6706,
0.6510 0.6510 0.6706,
0.6510 0.6510 0.6706,
0.6510 0.6510 0.6706,
0.6510 0.6510 0.6706,
0.6510 0.6510 0.6706,
0.6510 0.6510 0.6706,
0.6510 0.6510 0.6706,
0.6510 0.6510 0.6706,
0.6510 0.6510 0.6706,
0.6510 0.6510 0.6706,
0.6510 0.6510 0.6706,
0.6510 0.6510 0.6706,
0.6510 0.6510 0.6706,
0.6510 0.6510 0.6706,
0.6510 0.6510 0.6706,
0.6510 0.6510 0.6706,
0.6510 0.6510 0.6706,
0.6510 0.6510 0.6706,
0.6510 0.6510 0.6706,
0.6510 0.6510 0.6706,
0.6510 0.6510 0.6706,
0.6510 0.6510 0.6706,
0.6510 0.6510 0.6706,
0.6510 0.6510 0.6706,
0.6510 0.6510 0.6706,
0.6510 0.6510 0.6706,
0.6510 0.6510 0.6706,
0.6510 0.6510 0.6706,
0.6510 0.6510 0.6706,
0.6510 0.6510 0.6706,
0.6510 0.6510 0.6706,
0.6510 0.6510 0.6706,
0.6510 0.6510 0.6706,
0.6510 0.6510 0.6706,
0.6510 0.6510 0.6706,
0.6510 0.6510 0.6706,
0.6510 0.6510 0.6706,
0.6510 0.6510 0.6706,
0.6510 0.6510 0.6706,
0.6510 0.6510 0.6706,
0.6510 0.6510 0.6706,
0.6510 0.6510 0.6706,
0.6510 0.6510 0.6706,
0.6510 0.6510 0.6706,
0.6510 0.6510 0.6706,
0.6510 0.6510 0.6706,
0.6510 0.6510 0.6706,
0.6510 0.6510 0.6706,
0.6510 0.6510 0.6706,
0.6510 0.6510 0.6706,
0.6510 0.6510 0.6706,
0.6510 0.6510 0.6706,
0.6510 0.6510 0.6706,
0.6510 0.6510 0.6706,
0.6510 0.6510 0.6706,
0.6510 0.6510 0.6706,
0.6510 0.6510 0.6706,
0.6510 0.6510 0.6706,
0.6510 0.6510 0.6706,
0.6510 0.6510 0.6706,
0.6510 0.6510 0.6706,
0.6510 0.6510 0.6706,
0.6510 0.6510 0.6706,
0.6510 0.6510 0.6706,
0.6510 0.6510 0.6706,
0.6510 0.6510 0.6706,
0.6510 0.6510 0.6706,
0.6510 0.6510 0.6706,
0.6510 0.6510 0.6706,
0.6510 0.6510 0.6706,
0.6510 0.6510 0.6706,
0.6510 0.6510 0.6706,
0.6510 0.6510 0.6706,
0.6510 0.6510 0.6706,
0.6510 0.6510 0.6706,
0.6510 0.6510 0.6706,
0.6510 0.6510 0.6706,
0.6510 0.6510 0.6706,
0.6510 0.6510 0.6706,
0.6510 0.6510 0.6706,
0.6510 0.6510 0.6706,
0.6510 0.6510 0.6706,
0.6510 0.6510 0.6706,
0.6510 0.6510 0.6706,
0.6510 0.6510 0.6706,
0.6510 0.6510 0.6706,
0.6510 0.6510 0.6706,
0.6510 0.6510 0.6706,
0.6510 0.6510 0.6706,
0.6510 0.6510 0.6706,
0.6510 0.6510 0.6706,
0.6510 0.6510 0.6706,
0.6510 0.6510 0.6706,
0.6510 0.6510 0.6706,
0.6510 0.6510 0.6706,
0.6510 0.6510 0.6706,
0.6510 0.6510 0.6706,
0.6510 0.6510 0.6706,
0.6510 0.6510 0.6706,
0.6510 0.6510 0.6706,
0.6510 0.6510 0.6706,
0.6510 0.6510 0.6706,
0.6510 0.6510 0.6706,
0.6510 0.6510 0.6706,
0.6510 0.6510 0.6706,
0.6510 0.6510 0.6706,
0.6510 0.6510 0.6706,
0.6510 0.6510 0.6706,
0.6510 0.6510 0.6706,
0.6510 0.6510 0.6706,
0.6510 0.6510 0.6706,
0.6510 0.6510 0.6706,
0.6510 0.6510 0.6706,
0.6510 0.6510 0.6706,
0.6510 0.6510 0.6706,
0.6510 0.6510 0.6706,
0.6510 0.6510 0.6706,
0.6510 0.6510 0.6706,
0.6510 0.6510 0.6706,
0.6510 0.6510 0.6706,
0.6510 0.6510 0.6706,
0.6510 0.6510 0.6706,
0.6510 0.6510 0.6706,
0.6510 0.6510 0.6706,
0.6510 0.6510 0.6706,
0.6510 0.6510 0.6706,
0.6510 0.6510 0.6706,
0.6510 0.6510 0.6706,
0.6510 0.6510 0.6706,
0.6510 0.6510 0.6706,
0.6510 0.6510 0.6706,
0.6510 0.6510 0.6706,
0.6510 0.6510 0.6706,
0.6510 0.6510 0.6706,
0.6510 0.6510 0.6706,
0.6510 0.6510 0.6706,
0.6510 0.6510 0.6706,
0.6510 0.6510 0.6706,
0.6510 0.6510 0.6706,
0.6510 0.6510 0.6706,
0.6510 0.6510 0.6706,
0.6510 0.6510 0.6706,
0.6510 0.6510 0.6706,
0.6510 0.6510 0.6706,
0.6510 0.6510 0.6706,
0.6510 0.6510 0.6706,
0.6510 0.6510 0.6706,
0.6510 0.6510 0.6706,
0.6510 0.6510 0.6706,
0.6510 0.6510 0.6706,
0.6510 0.6510 0.6706,
0.6510 0.6510 0.6706,
0.6510 0.6510 0.6706,
0.6510 0.6510 0.6706,
0.6510 0.6510 0.6706,
0.6510 0.6510 0.6706,
0.6510 0.6510 0.6706,
0.6510 0.6510 0.6706,
0.6510 0.6510 0.6706,
0.6510 0.6510 0.6706,
0.6510 0.6510 0.6706,
0.6510 0.6510 0.6706,
0.6510 0.6510 0.6706,
0.6510 0.6510 0.6706,
0.6510 0.6510 0.6706,
0.6510 0.6510 0.6706,
0.6510 0.6510 0.6706,
0.6510 0.6510 0.6706,
0.6510 0.6510 0.6706,
0.6510 0.6510 0.6706,
0.6510 0.6510 0.6706,
0.6510 0.6510 0.6706,
0.6510 0.6510 0.6706,
0.6510 0.6510 0.6706,
0.6510 0.6510 0.6706,
0.6510 0.6510 0.6706,
0.6510 0.6510 0.6706,
0.6510 0.6510 0.6706,
0.6510 0.6510 0.6706,
0.6510 0.6510 0.6706,
0.6510 0.6510 0.6706,
0.6510 0.6510 0.6706,
0.6510 0.6510 0.6706,
0.6510 0.6510 0.6706,
0.6510 0.6510 0.6706,
0.6510 0.6510 0.6706,
0.6510 0.6510 0.6706,
0.6510 0.6510 0.6706,
0.6510 0.6510 0.6706,
0.6510 0.6510 0.6706,
0.6510 0.6510 0.6706,
0.6510 0.6510 0.6706,
0.6510 0.6510 0.6706,
0.6510 0.6510 0.6706,
0.6510 0.6510 0.6706,
0.6510 0.6510 0.6706,
0.6510 0.6510 0.6706,
0.6510 0.6510 0.6706,
0.6510 0.6510 0.6706,
0.6510 0.6510 0.6706,
0.6510 0.6510 0.6706,
0.6510 0.6510 0.6706,
0.6510 0.6510 0.6706,
0.6510 0.6510 0.6706,
0.6510 0.6510 0.6706,
0.6510 0.6510 0.6706,
0.6510 0.6510 0.6706,
0.6510 0.6510 0.6706,
0.6510 0.6510 0.6706,
0.6510 0.6510 0.6706,
0.6510 0.6510 0.6706,
0.6510 0.6510 0.6706,
0.6510 0.6510 0.6706,
0.6510 0.6510 0.6706,
0.6510 0.6510 0.6706,
0.6510 0.6510 0.6706,
0.6510 0.6510 0.6706,
0.6510 0.6510 0.6706,
0.6510 0.6510 0.6706,
0.6510 0.6510 0.6706,
0.6510 0.6510 0.6706,
0.6510 0.6510 0.6706,
0.6510 0.6510 0.6706,
0.6510 0.6510 0.6706,
0.6510 0.6510 0.6706,
0.6510 0.6510 0.6706,
0.6510 0.6510 0.6706,
0.6510 0.6510 0.6706,
0.6510 0.6510 0.6706,
0.6510 0.6510 0.6706,
0.6510 0.6510 0.6706,
0.6510 0.6510 0.6706,
0.6510 0.6510 0.6706,
0.6510 0.6510 0.6706,
0.6510 0.6510 0.6706,
0.6510 0.6510 0.6706,
0.6510 0.6510 0.6706,
0.6510 0.6510 0.6706,
0.6510 0.6510 0.6706,
0.6510 0.6510 0.6706,
0.6510 0.6510 0.6706,
0.6510 0.6510 0.6706,
0.6510 0.6510 0.6706,
0.6510 0.6510 0.6706,
0.6510 0.6510 0.6706,
0.6510 0.6510 0.6706,
0.6510 0.6510 0.6706,
0.6510 0.6510 0.6706,
0.6510 0.6510 0.6706,
0.6510 0.6510 0.6706,
0.6510 0.6510 0.6706,
0.6510 0.6510 0.6706,
0.6510 0.6510 0.6706,
0.6510 0.6510 0.6706,
0.6510 0.6510 0.6706,
0.6510 0.6510 0.6706,
0.6510 0.6510 0.6706,
0.6510 0.6510 0.6706,
0.6510 0.6510 0.6706,
0.6510 0.6510 0.6706,
0.6510 0.6510 0.6706,
0.6510 0.6510 0.6706,
0.6510 0.6510 0.6706,
0.6510 0.6510 0.6706,
0.6510 0.6510 0.6706,
0.6510 0.6510 0.6706,
0.6510 0.6510 0.6706,
0.6510 0.6510 0.6706,
0.6510 0.6510 0.6706,
0.6510 0.6510 0.6706,
0.6510 0.6510 0.6706,
0.6510 0.6510 0.6706,
0.6510 0.6510 0.6706,
0.6510 0.6510 0.6706,
0.6510 0.6510 0.6706,
0.6510 0.6510 0.6706,
0.6510 0.6510 0.6706,
0.6510 0.6510 0.6706,
0.6510 0.6510 0.6706,
0.6510 0.6510 0.6706,
0.6510 0.6510 0.6706,
0.6510 0.6510 0.6706,
0.6510 0.6510 0.6706,
0.6510 0.6510 0.6706,
0.6510 0.6510 0.6706,
0.6510 0.6510 0.6706,
0.6510 0.6510 0.6706,
0.6510 0.6510 0.6706,
0.6510 0.6510 0.6706,
0.6510 0.6510 0.6706,
0.6510 0.6510 0.6706,
0.6510 0.6510 0.6706,
0.6510 0.6510 0.6706,
0.6510 0.6510 0.6706,
0.6510 0.6510 0.6706,
0.6510 0.6510 0.6706,
0.6510 0.6510 0.6706,
0.6510 0.6510 0.6706,
0.6510 0.6510 0.6706,
0.6510 0.6510 0.6706,
0.6510 0.6510 0.6706,
0.6510 0.6510 0.6706,
0.6510 0.6510 0.6706,
0.6510 0.6510 0.6706,
0.6510 0.6510 0.6706,
0.6510 0.6510 0.6706,
0.6510 0.6510 0.6706,
0.6510 0.6510 0.6706,
0.6510 0.6510 0.6706,
0.6510 0.6510 0.6706,
0.6510 0.6510 0.6706,
0.6510 0.6510 0.6706,
0.6510 0.6510 0.6706,
0.6510 0.6510 0.6706,
0.6510 0.6510 0.6706,
0.6510 0.6510 0.6706,
0.6510 0.6510 0.6706,
0.6510 0.6510 0.6706,
0.6510 0.6510 0.6706,
0.6510 0.6510 0.6706,
0.6510 0.6510 0.6706,
0.6510 0.6510 0.6706,
0.6510 0.6510 0.6706,
0.6510 0.6510 0.6706,
0.6510 0.6510 0.6706,
0.6510 0.6510 0.6706,
0.6510 0.6510 0.6706,
0.6510 0.6510 0.6706,
0.6510 0.6510 0.6706,
0.6510 0.6510 0.6706,
0.6510 0.6510 0.6706,
0.6510 0.6510 0.6706,
0.6510 0.6510 0.6706,
0.6510 0.6510 0.6706,
0.6510 0.6510 0.6706,
0.6510 0.6510 0.6706,
0.6510 0.6510 0.6706,
0.6510 0.6510 0.6706,
0.6510 0.6510 0.6706,
0.6510 0.6510 0.6706,
0.6510 0.6510 0.6706,
0.6510 0.6510 0.6706,
0.6510 0.6510 0.6706,
0.6510 0.6510 0.6706,
0.6510 0.6510 0.6706,
0.6510 0.6510 0.6706,
0.6510 0.6510 0.6706,
0.6510 0.6510 0.6706,
0.6510 0.6510 0.6706,
0.6510 0.6510 0.6706,
0.6510 0.6510 0.6706,
0.6510 0.6510 0.6706,
0.6510 0.6510 0.6706,
0.6510 0.6510 0.6706,
0.6510 0.6510 0.6706,
0.6510 0.6510 0.6706,
0.6510 0.6510 0.6706,
0.6510 0.6510 0.6706,
0.6510 0.6510 0.6706,
0.6510 0.6510 0.6706,
0.6510 0.6510 0.6706,
0.6510 0.6510 0.6706,
0.6510 0.6510 0.6706,
0.6510 0.6510 0.6706,
0.6510 0.6510 0.6706,
0.6510 0.6510 0.6706,
0.6510 0.6510 0.6706,
0.6510 0.6510 0.6706,
0.6510 0.6510 0.6706,
0.6510 0.6510 0.6706,
0.6510 0.6510 0.6706,
0.6510 0.6510 0.6706,
0.6510 0.6510 0.6706,
0.6510 0.6510 0.6706,
0.6510 0.6510 0.6706,
0.6510 0.6510 0.6706,
0.6510 0.6510 0.6706,
0.6510 0.6510 0.6706,
0.6510 0.6510 0.6706,
0.6510 0.6510 0.6706,
0.6510 0.6510 0.6706,
0.6510 0.6510 0.6706,
0.6510 0.6510 0.6706,
0.6510 0.6510 0.6706,
0.6510 0.6510 0.6706,
0.6510 0.6510 0.6706,
0.6510 0.6510 0.6706,
0.6510 0.6510 0.6706,
0.6510 0.6510 0.6706,
0.6510 0.6510 0.6706,
0.6510 0.6510 0.6706,
0.6510 0.6510 0.6706,
0.6510 0.6510 0.6706,
0.6510 0.6510 0.6706,
0.6510 0.6510 0.6706,
0.6510 0.6510 0.6706,
0.6510 0.6510 0.6706,
0.6510 0.6510 0.6706,
0.6510 0.6510 0.6706,
0.6510 0.6510 0.6706,
0.6510 0.6510 0.6706,
0.6510 0.6510 0.6706,
0.6510 0.6510 0.6706,
0.6510 0.6510 0.6706,
0.6510 0.6510 0.6706,
0.6510 0.6510 0.6706,
0.6510 0.6510 0.6706,
0.6510 0.6510 0.6706,
0.6510 0.6510 0.6706,
0.6510 0.6510 0.6706,
0.6510 0.6510 0.6706,
0.6510 0.6510 0.6706,
0.6510 0.6510 0.6706,
0.6510 0.6510 0.6706,
0.6510 0.6510 0.6706,
0.6510 0.6510 0.6706,
0.6510 0.6510 0.6706,
0.6510 0.6510 0.6706,
0.6510 0.6510 0.6706,
0.6510 0.6510 0.6706,
0.6510 0.6510 0.6706,
0.6510 0.6510 0.6706,
0.6510 0.6510 0.6706,
0.6510 0.6510 0.6706,
0.6510 0.6510 0.6706,
0.6510 0.6510 0.6706,
0.6510 0.6510 0.6706,
0.6510 0.6510 0.6706,
0.6510 0.6510 0.6706,
0.6510 0.6510 0.6706,
0.6510 0.6510 0.6706,
0.6510 0.6510 0.6706,
0.6510 0.6510 0.6706,
0.6510 0.6510 0.6706,
0.6510 0.6510 0.6706,
0.6510 0.6510 0.6706,
0.6510 0.6510 0.6706,
0.6510 0.6510 0.6706,
0.6510 0.6510 0.6706,
0.6510 0.6510 0.6706,
0.6510 0.6510 0.6706,
0.6510 0.6510 0.6706,
0.6510 0.6510 0.6706,
0.6510 0.6510 0.6706,
0.6510 0.6510 0.6706,
0.6510 0.6510 0.6706,
0.6510 0.6510 0.6706,
0.6510 0.6510 0.6706,
0.6510 0.6510 0.6706,
0.6510 0.6510 0.6706,
0.6510 0.6510 0.6706,
0.6510 0.6510 0.6706,
0.6510 0.6510 0.6706,
0.6510 0.6510 0.6706,
0.6510 0.6510 0.6706,
0.6510 0.6510 0.6706,
0.6510 0.6510 0.6706,
0.6510 0.6510 0.6706,
0.6510 0.6510 0.6706,
0.6510 0.6510 0.6706,
0.6510 0.6510 0.6706,
0.6510 0.6510 0.6706,
0.6510 0.6510 0.6706,
0.6510 0.6510 0.6706,
0.6510 0.6510 0.6706,
0.6510 0.6510 0.6706,
0.6510 0.6510 0.6706,
0.6510 0.6510 0.6706,
0.6510 0.6510 0.6706,
0.6510 0.6510 0.6706,
0.6510 0.6510 0.6706,
0.6510 0.6510 0.6706,
0.6510 0.6510 0.6706,
0.6510 0.6510 0.6706,
0.6510 0.6510 0.6706,
0.6510 0.6510 0.6706,
0.6510 0.6510 0.6706,
0.6510 0.6510 0.6706,
0.6510 0.6510 0.6706,
0.6510 0.6510 0.6706,
0.6510 0.6510 0.6706,
0.6510 0.6510 0.6706,
0.6510 0.6510 0.6706,
0.6510 0.6510 0.6706,
0.6510 0.6510 0.6706,
0.6510 0.6510 0.6706,
0.6510 0.6510 0.6706,
0.6510 0.6510 0.6706,
0.6510 0.6510 0.6706,
0.6510 0.6510 0.6706,
0.6510 0.6510 0.6706,
0.6510 0.6510 0.6706,
0.6510 0.6510 0.6706,
0.6510 0.6510 0.6706,
0.6510 0.6510 0.6706,
0.6510 0.6510 0.6706,
0.6510 0.6510 0.6706,
0.6510 0.6510 0.6706,
0.6510 0.6510 0.6706,
0.6510 0.6510 0.6706,
0.6510 0.6510 0.6706,
0.6510 0.6510 0.6706,
0.6510 0.6510 0.6706,
0.6510 0.6510 0.6706,
0.6510 0.6510 0.6706,
0.6510 0.6510 0.6706,
0.6510 0.6510 0.6706,
0.6510 0.6510 0.6706,
0.6510 0.6510 0.6706,
0.6510 0.6510 0.6706,
0.6510 0.6510 0.6706,
0.6510 0.6510 0.6706,
0.6510 0.6510 0.6706,
0.6510 0.6510 0.6706,
0.6510 0.6510 0.6706,
0.6510 0.6510 0.6706,
0.6510 0.6510 0.6706,
0.6510 0.6510 0.6706,
0.6510 0.6510 0.6706,
0.6510 0.6510 0.6706,
0.6510 0.6510 0.6706,
0.6510 0.6510 0.6706,
0.6510 0.6510 0.6706,
0.6510 0.6510 0.6706,
0.6510 0.6510 0.6706,
0.6510 0.6510 0.6706,
0.6510 0.6510 0.6706,
0.6510 0.6510 0.6706,
0.6510 0.6510 0.6706,
0.6510 0.6510 0.6706,
0.6510 0.6510 0.6706,
0.6510 0.6510 0.6706,
0.6510 0.6510 0.6706,
0.6510 0.6510 0.6706,
0.6510 0.6510 0.6706,
0.6510 0.6510 0.6706,
0.6510 0.6510 0.6706,
0.6510 0.6510 0.6706,
0.6510 0.6510 0.6706,
0.6510 0.6510 0.6706,
0.6510 0.6510 0.6706,
0.6510 0.6510 0.6706,
0.6510 0.6510 0.6706,
0.6510 0.6510 0.6706,
0.6510 0.6510 0.6706,
0.6510 0.6510 0.6706,
0.6510 0.6510 0.6706,
0.6510 0.6510 0.6706,
0.6510 0.6510 0.6706,
0.6510 0.6510 0.6706,
0.6510 0.6510 0.6706,
0.6510 0.6510 0.6706,
0.6510 0.6510 0.6706,
0.6510 0.6510 0.6706,
0.6510 0.6510 0.6706,
0.6510 0.6510 0.6706,
0.6510 0.6510 0.6706,
0.6510 0.6510 0.6706,
0.6510 0.6510 0.6706,
0.6510 0.6510 0.6706,
0.6510 0.6510 0.6706,
0.6510 0.6510 0.6706,
0.6510 0.6510 0.6706,
0.6510 0.6510 0.6706,
0.6510 0.6510 0.6706,
0.6510 0.6510 0.6706,
0.6510 0.6510 0.6706,
0.6510 0.6510 0.6706,
0.6510 0.6510 0.6706,
0.6510 0.6510 0.6706,
0.6510 0.6510 0.6706,
0.6510 0.6510 0.6706,
0.6510 0.6510 0.6706,
0.6510 0.6510 0.6706,
0.6510 0.6510 0.6706,
0.6510 0.6510 0.6706,
0.6510 0.6510 0.6706,
0.6510 0.6510 0.6706,
0.6510 0.6510 0.6706,
0.6510 0.6510 0.6706,
0.6510 0.6510 0.6706,
0.6510 0.6510 0.6706,
0.6510 0.6510 0.6706,
0.6510 0.6510 0.6706,
0.6510 0.6510 0.6706,
0.6510 0.6510 0.6706,
0.6510 0.6510 0.6706,
0.6510 0.6510 0.6706,
0.6510 0.6510 0.6706,
0.6510 0.6510 0.6706,
0.6510 0.6510 0.6706,
0.6510 0.6510 0.6706,
0.6510 0.6510 0.6706,
0.6510 0.6510 0.6706,
0.6510 0.6510 0.6706,
0.6510 0.6510 0.6706,
0.6510 0.6510 0.6706,
0.6510 0.6510 0.6706,
0.6510 0.6510 0.6706,
0.6510 0.6510 0.6706,
0.6510 0.6510 0.6706,
0.6510 0.6510 0.6706,
0.6510 0.6510 0.6706,
0.6510 0.6510 0.6706,
0.6510 0.6510 0.6706,
0.6510 0.6510 0.6706,
0.6510 0.6510 0.6706,
0.6510 0.6510 0.6706,
0.6510 0.6510 0.6706,
0.6510 0.6510 0.6706,
0.6510 0.6510 0.6706,
0.6510 0.6510 0.6706,
0.6510 0.6510 0.6706,
0.6510 0.6510 0.6706,
0.6510 0.6510 0.6706,
0.6510 0.6510 0.6706,
0.6510 0.6510 0.6706,
0.6510 0.6510 0.6706,
0.6510 0.6510 0.6706,
0.6510 0.6510 0.6706,
0.6510 0.6510 0.6706,
0.6510 0.6510 0.6706,
0.6510 0.6510 0.6706,
0.6510 0.6510 0.6706,
0.6510 0.6510 0.6706,
0.6510 0.6510 0.6706,
0.6510 0.6510 0.6706,
0.6510 0.6510 0.6706,
0.6510 0.6510 0.6706,
0.6510 0.6510 0.6706,
0.6510 0.6510 0.6706,
0.6510 0.6510 0.6706,
0.6510 0.6510 0.6706,
0.6510 0.6510 0.6706,
0.6510 0.6510 0.6706,
0.6510 0.6510 0.6706,
0.6510 0.6510 0.6706,
0.6510 0.6510 0.6706,
0.6510 0.6510 0.6706,
0.6510 0.6510 0.6706,
0.6510 0.6510 0.6706,
0.6510 0.6510 0.6706,
0.6510 0.6510 0.6706,
0.6510 0.6510 0.6706,
0.6510 0.6510 0.6706,
0.6510 0.6510 0.6706,
0.6510 0.6510 0.6706,
0.6510 0.6510 0.6706,
0.6510 0.6510 0.6706,
0.6510 0.6510 0.6706,
0.6510 0.6510 0.6706,
0.6510 0.6510 0.6706,
0.6510 0.6510 0.6706,
0.6510 0.6510 0.6706,
0.6510 0.6510 0.6706,
0.6510 0.6510 0.6706,
0.6510 0.6510 0.6706,
0.6510 0.6510 0.6706,
0.6510 0.6510 0.6706,
0.6510 0.6510 0.6706,
0.6510 0.6510 0.6706,
0.6510 0.6510 0.6706,
0.6510 0.6510 0.6706,
0.6510 0.6510 0.6706,
0.6510 0.6510 0.6706,
0.6510 0.6510 0.6706,
0.6510 0.6510 0.6706,
0.6510 0.6510 0.6706,
0.6510 0.6510 0.6706,
0.6510 0.6510 0.6706,
0.6510 0.6510 0.6706,
0.6510 0.6510 0.6706,
0.6510 0.6510 0.6706,
0.6510 0.6510 0.6706,
0.6510 0.6510 0.6706,
0.6510 0.6510 0.6706,
0.6510 0.6510 0.6706,
0.6510 0.6510 0.6706,
0.6510 0.6510 0.6706,
0.6510 0.6510 0.6706,
0.6510 0.6510 0.6706,
0.6510 0.6510 0.6706,
0.6510 0.6510 0.6706,
0.6510 0.6510 0.6706,
0.6510 0.6510 0.6706,
0.6510 0.6510 0.6706,
0.6510 0.6510 0.6706,
0.6510 0.6510 0.6706,
0.6510 0.6510 0.6706,
0.6510 0.6510 0.6706,
0.6510 0.6510 0.6706,
0.6510 0.6510 0.6706,
0.6510 0.6510 0.6706,
0.6510 0.6510 0.6706,
0.6510 0.6510 0.6706,
0.6510 0.6510 0.6706,
0.6510 0.6510 0.6706,
0.6510 0.6510 0.6706,
0.6510 0.6510 0.6706,
0.6510 0.6510 0.6706,
0.6510 0.6510 0.6706,
0.6510 0.6510 0.6706,
0.6510 0.6510 0.6706,
0.6510 0.6510 0.6706,
0.6510 0.6510 0.6706,
0.6510 0.6510 0.6706,
0.6510 0.6510 0.6706,
0.6510 0.6510 0.6706,
0.6510 0.6510 0.6706,
0.6510 0.6510 0.6706,
0.6510 0.6510 0.6706,
0.6510 0.6510 0.6706,
0.6510 0.6510 0.6706,
0.6510 0.6510 0.6706,
0.6510 0.6510 0.6706,
0.6510 0.6510 0.6706,
0.6510 0.6510 0.6706,
0.6510 0.6510 0.6706,
0.6510 0.6510 0.6706,
0.6510 0.6510 0.6706,
0.6510 0.6510 0.6706,
0.6510 0.6510 0.6706,
0.6510 0.6510 0.6706,
0.6510 0.6510 0.6706,
0.6510 0.6510 0.6706,
0.6510 0.6510 0.6706,
0.6510 0.6510 0.6706,
0.6510 0.6510 0.6706,
0.6510 0.6510 0.6706,
0.6510 0.6510 0.6706,
0.6510 0.6510 0.6706,
0.6510 0.6510 0.6706,
0.6510 0.6510 0.6706,
0.6510 0.6510 0.6706,
0.6510 0.6510 0.6706,
0.6510 0.6510 0.6706,
0.6510 0.6510 0.6706,
0.6510 0.6510 0.6706,
0.6510 0.6510 0.6706,
0.6510 0.6510 0.6706,
0.6510 0.6510 0.6706,
0.6510 0.6510 0.6706,
0.6510 0.6510 0.6706,
0.6510 0.6510 0.6706,
0.6510 0.6510 0.6706,
0.6510 0.6510 0.6706,
0.6510 0.6510 0.6706,
0.6510 0.6510 0.6706,
0.6510 0.6510 0.6706,
0.6510 0.6510 0.6706,
0.6510 0.6510 0.6706,
0.6510 0.6510 0.6706,
0.6510 0.6510 0.6706,
0.6510 0.6510 0.6706,
0.6510 0.6510 0.6706,
0.6510 0.6510 0.6706,
0.6510 0.6510 0.6706,
0.6510 0.6510 0.6706,
0.6510 0.6510 0.6706,
0.6510 0.6510 0.6706,
0.6510 0.6510 0.6706,
0.6510 0.6510 0.6706,
0.6510 0.6510 0.6706,
0.6510 0.6510 0.6706,
0.6510 0.6510 0.6706,
0.6510 0.6510 0.6706,
0.6510 0.6510 0.6706,
0.6510 0.6510 0.6706,
0.6510 0.6510 0.6706,
0.6510 0.6510 0.6706,
0.6510 0.6510 0.6706,
0.6510 0.6510 0.6706,
0.6510 0.6510 0.6706,
0.6510 0.6510 0.6706,
0.6510 0.6510 0.6706,
0.6510 0.6510 0.6706,
0.6510 0.6510 0.6706,
0.6510 0.6510 0.6706,
0.6510 0.6510 0.6706,
0.6510 0.6510 0.6706,
0.6510 0.6510 0.6706,
0.6510 0.6510 0.6706,
0.6510 0.6510 0.6706,
0.6510 0.6510 0.6706,
0.6510 0.6510 0.6706,
0.6510 0.6510 0.6706,
0.6510 0.6510 0.6706,
0.6510 0.6510 0.6706,
0.6510 0.6510 0.6706,
0.6510 0.6510 0.6706,
0.6510 0.6510 0.6706,
0.6510 0.6510 0.6706,
0.6510 0.6510 0.6706,
0.6510 0.6510 0.6706,
0.6510 0.6510 0.6706,
0.6510 0.6510 0.6706,
0.6510 0.6510 0.6706,
0.6510 0.6510 0.6706,
0.6510 0.6510 0.6706,
0.6510 0.6510 0.6706,
0.6510 0.6510 0.6706,
0.6510 0.6510 0.6706,
0.6510 0.6510 0.6706,
0.6510 0.6510 0.6706,
0.6510 0.6510 0.6706,
0.6510 0.6510 0.6706,
0.6510 0.6510 0.6706,
0.6510 0.6510 0.6706,
0.6510 0.6510 0.6706,
0.6510 0.6510 0.6706,
0.6510 0.6510 0.6706,
0.6510 0.6510 0.6706,
0.6510 0.6510 0.6706,
0.6510 0.6510 0.6706,
0.6510 0.6510 0.6706,
0.6510 0.6510 0.6706,
0.6510 0.6510 0.6706,
0.6510 0.6510 0.6706,
0.6510 0.6510 0.6706,
0.6510 0.6510 0.6706,
0.6510 0.6510 0.6706,
0.6510 0.6510 0.6706,
0.6510 0.6510 0.6706,
0.6510 0.6510 0.6706,
0.6510 0.6510 0.6706,
0.6510 0.6510 0.6706,
0.6510 0.6510 0.6706,
0.6510 0.6510 0.6706,
0.6510 0.6510 0.6706,
0.6510 0.6510 0.6706,
0.6510 0.6510 0.6706,
0.6510 0.6510 0.6706,
0.6510 0.6510 0.6706,
0.6510 0.6510 0.6706,
0.6510 0.6510 0.6706,
0.6510 0.6510 0.6706,
0.6510 0.6510 0.6706,
0.6510 0.6510 0.6706,
0.6510 0.6510 0.6706,
0.6510 0.6510 0.6706,
0.6510 0.6510 0.6706,
0.6510 0.6510 0.6706,
0.6510 0.6510 0.6706,
0.6510 0.6510 0.6706,
0.6510 0.6510 0.6706,
0.6510 0.6510 0.6706,
0.6510 0.6510 0.6706,
0.6510 0.6510 0.6706,
0.6510 0.6510 0.6706,
0.6510 0.6510 0.6706,
0.6510 0.6510 0.6706,
0.6510 0.6510 0.6706,
0.6510 0.6510 0.6706,
0.6510 0.6510 0.6706,
0.6510 0.6510 0.6706,
0.6510 0.6510 0.6706,
0.6510 0.6510 0.6706,
0.6510 0.6510 0.6706,
0.6510 0.6510 0.6706,
0.6510 0.6510 0.6706,
0.6510 0.6510 0.6706,
0.6510 0.6510 0.6706,
0.6510 0.6510 0.6706,
0.6510 0.6510 0.6706,
0.6510 0.6510 0.6706,
0.6510 0.6510 0.6706,
0.6510 0.6510 0.6706,
0.6510 0.6510 0.6706,
0.6510 0.6510 0.6706,
0.6510 0.6510 0.6706,
0.6510 0.6510 0.6706,
0.6510 0.6510 0.6706,
0.6510 0.6510 0.6706,
0.6510 0.6510 0.6706,
0.6510 0.6510 0.6706,
0.6510 0.6510 0.6706,
0.6510 0.6510 0.6706,
0.6510 0.6510 0.6706,
0.6510 0.6510 0.6706,
0.6510 0.6510 0.6706,
0.6510 0.6510 0.6706,
0.6510 0.6510 0.6706,
0.6510 0.6510 0.6706,
0.6510 0.6510 0.6706,
0.6510 0.6510 0.6706,
0.6510 0.6510 0.6706,
0.6510 0.6510 0.6706,
0.6510 0.6510 0.6706,
0.6510 0.6510 0.6706,
0.6510 0.6510 0.6706,
0.6510 0.6510 0.6706,
0.6510 0.6510 0.6706,
0.6510 0.6510 0.6706,
0.6510 0.6510 0.6706,
0.6510 0.6510 0.6706,
0.6510 0.6510 0.6706,
0.6510 0.6510 0.6706,
0.6510 0.6510 0.6706,
0.6510 0.6510 0.6706,
0.6510 0.6510 0.6706,
0.6510 0.6510 0.6706,
0.6510 0.6510 0.6706,
0.6510 0.6510 0.6706,
0.6510 0.6510 0.6706,
0.6510 0.6510 0.6706,
0.6510 0.6510 0.6706,
0.6510 0.6510 0.6706,
0.6510 0.6510 0.6706,
0.6510 0.6510 0.6706,
0.6510 0.6510 0.6706,
0.6510 0.6510 0.6706,
0.6510 0.6510 0.6706,
0.6510 0.6510 0.6706,
0.6510 0.6510 0.6706,
0.6510 0.6510 0.6706,
0.6510 0.6510 0.6706,
0.6510 0.6510 0.6706,
0.6510 0.6510 0.6706,
0.6510 0.6510 0.6706,
0.6510 0.6510 0.6706,
0.6510 0.6510 0.6706,
0.6510 0.6510 0.6706,
0.6510 0.6510 0.6706,
0.6510 0.6510 0.6706,
0.6510 0.6510 0.6706,
0.6510 0.6510 0.6706,
0.6510 0.6510 0.6706,
0.6510 0.6510 0.6706,
0.6510 0.6510 0.6706,
0.6510 0.6510 0.6706,
0.6510 0.6510 0.6706,
0.6510 0.6510 0.6706,
0.6510 0.6510 0.6706,
0.6510 0.6510 0.6706,
0.6510 0.6510 0.6706,
0.6510 0.6510 0.6706,
0.6510 0.6510 0.6706,
0.6510 0.6510 0.6706,
0.6510 0.6510 0.6706,
0.6510 0.6510 0.6706,
0.6510 0.6510 0.6706,
0.6510 0.6510 0.6706,
0.6510 0.6510 0.6706,
0.6510 0.6510 0.6706,
0.6510 0.6510 0.6706,
0.6510 0.6510 0.6706,
0.6510 0.6510 0.6706,
0.6510 0.6510 0.6706,
0.6510 0.6510 0.6706,
0.6510 0.6510 0.6706,
0.6510 0.6510 0.6706,
0.6510 0.6510 0.6706,
0.6510 0.6510 0.6706,
0.6510 0.6510 0.6706,
0.6510 0.6510 0.6706,
0.6510 0.6510 0.6706,
0.6510 0.6510 0.6706,
0.6510 0.6510 0.6706,
0.6510 0.6510 0.6706,
0.6510 0.6510 0.6706,
0.6510 0.6510 0.6706,
0.6510 0.6510 0.6706,
0.6510 0.6510 0.6706,
0.6510 0.6510 0.6706,
0.6510 0.6510 0.6706,
0.6510 0.6510 0.6706,
0.6510 0.6510 0.6706,
0.6510 0.6510 0.6706,
0.6510 0.6510 0.6706,
0.6510 0.6510 0.6706,
0.6510 0.6510 0.6706,
0.6510 0.6510 0.6706,
0.6510 0.6510 0.6706,
0.6510 0.6510 0.6706,
0.6510 0.6510 0.6706,
0.6510 0.6510 0.6706,
0.6510 0.6510 0.6706,
0.6510 0.6510 0.6706,
0.6510 0.6510 0.6706,
0.6510 0.6510 0.6706,
0.6510 0.6510 0.6706,
0.6510 0.6510 0.6706,
0.6510 0.6510 0.6706,
0.6510 0.6510 0.6706,
0.6510 0.6510 0.6706,
0.6510 0.6510 0.6706,
0.6510 0.6510 0.6706,
0.6510 0.6510 0.6706,
0.6510 0.6510 0.6706,
0.6510 0.6510 0.6706,
0.6510 0.6510 0.6706,
0.6510 0.6510 0.6706,
0.6510 0.6510 0.6706,
0.6510 0.6510 0.6706,
0.6510 0.6510 0.6706,
0.6510 0.6510 0.6706,
0.6510 0.6510 0.6706,
0.6510 0.6510 0.6706,
0.6510 0.6510 0.6706,
0.6510 0.6510 0.6706,
0.6510 0.6510 0.6706,
0.6510 0.6510 0.6706,
0.6510 0.6510 0.6706,
0.6510 0.6510 0.6706,
0.6510 0.6510 0.6706,
0.6510 0.6510 0.6706,
0.6510 0.6510 0.6706,
0.6510 0.6510 0.6706,
0.6510 0.6510 0.6706,
0.6510 0.6510 0.6706,
0.6510 0.6510 0.6706,
0.6510 0.6510 0.6706,
0.6510 0.6510 0.6706,
0.6510 0.6510 0.6706,
0.6510 0.6510 0.6706,
0.6510 0.6510 0.6706,
0.6510 0.6510 0.6706,
0.6510 0.6510 0.6706,
0.6510 0.6510 0.6706,
0.6510 0.6510 0.6706,
0.6510 0.6510 0.6706,
0.6510 0.6510 0.6706,
0.6510 0.6510 0.6706,
0.6510 0.6510 0.6706,
0.6510 0.6510 0.6706,
0.6510 0.6510 0.6706,
0.6510 0.6510 0.6706,
0.6510 0.6510 0.6706,
0.6510 0.6510 0.6706,
0.6510 0.6510 0.6706,
0.6510 0.6510 0.6706,
0.6510 0.6510 0.6706,
0.6510 0.6510 0.6706,
0.6510 0.6510 0.6706,
0.6510 0.6510 0.6706,
0.6510 0.6510 0.6706,
0.6510 0.6510 0.6706,
0.6510 0.6510 0.6706,
0.6510 0.6510 0.6706,
0.6510 0.6510 0.6706,
0.6510 0.6510 0.6706,
0.6510 0.6510 0.6706,
0.6510 0.6510 0.6706,
0.6510 0.6510 0.6706,
0.6510 0.6510 0.6706,
0.6510 0.6510 0.6706,
0.6510 0.6510 0.6706,
0.6510 0.6510 0.6706,
0.6510 0.6510 0.6706,
0.6510 0.6510 0.6706,
0.6510 0.6510 0.6706,
0.6510 0.6510 0.6706,
0.6510 0.6510 0.6706,
0.6510 0.6510 0.6706,
0.6510 0.6510 0.6706,
0.6510 0.6510 0.6706,
0.6510 0.6510 0.6706,
0.6510 0.6510 0.6706,
0.6510 0.6510 0.6706,
0.6510 0.6510 0.6706,
0.6510 0.6510 0.6706,
0.6510 0.6510 0.6706,
0.6510 0.6510 0.6706,
0.6510 0.6510 0.6706,
0.6510 0.6510 0.6706,
0.6510 0.6510 0.6706,
0.6510 0.6510 0.6706,
0.6510 0.6510 0.6706,
0.6510 0.6510 0.6706,
0.6510 0.6510 0.6706,
0.6510 0.6510 0.6706,
0.6510 0.6510 0.6706,
0.6510 0.6510 0.6706,
0.6510 0.6510 0.6706,
0.6510 0.6510 0.6706,
0.6510 0.6510 0.6706,
0.6510 0.6510 0.6706,
0.6510 0.6510 0.6706,
0.6510 0.6510 0.6706,
0.6510 0.6510 0.6706,
0.6510 0.6510 0.6706,
0.6510 0.6510 0.6706,
0.6510 0.6510 0.6706,
0.6510 0.6510 0.6706,
0.6510 0.6510 0.6706,
0.6510 0.6510 0.6706,
0.6510 0.6510 0.6706,
0.6510 0.6510 0.6706,
0.6510 0.6510 0.6706,
0.6510 0.6510 0.6706,
0.6510 0.6510 0.6706,
0.6510 0.6510 0.6706,
0.6510 0.6510 0.6706,
0.6510 0.6510 0.6706,
0.6510 0.6510 0.6706,
0.6510 0.6510 0.6706,
0.6510 0.6510 0.6706,
0.6510 0.6510 0.6706,
0.6510 0.6510 0.6706,
0.6510 0.6510 0.6706,
0.6510 0.6510 0.6706,
0.6510 0.6510 0.6706,
0.6510 0.6510 0.6706,
0.6510 0.6510 0.6706,
0.6510 0.6510 0.6706,
0.6510 0.6510 0.6706,
0.6510 0.6510 0.6706,
0.6510 0.6510 0.6706,
0.6510 0.6510 0.6706,
0.6510 0.6510 0.6706,
0.6510 0.6510 0.6706,
0.6510 0.6510 0.6706,
0.6510 0.6510 0.6706,
0.6510 0.6510 0.6706,
0.6510 0.6510 0.6706,
0.6510 0.6510 0.6706,
0.6510 0.6510 0.6706,
0.6510 0.6510 0.6706,
0.6510 0.6510 0.6706,
0.6510 0.6510 0.6706,
0.6510 0.6510 0.6706,
0.6510 0.6510 0.6706,
0.6510 0.6510 0.6706,
0.6510 0.6510 0.6706,
0.6510 0.6510 0.6706,
0.6510 0.6510 0.6706,
0.6510 0.6510 0.6706,
0.6510 0.6510 0.6706,
0.6510 0.6510 0.6706,
0.6510 0.6510 0.6706,
0.6510 0.6510 0.6706,
0.6510 0.6510 0.6706,
0.6510 0.6510 0.6706,
0.6510 0.6510 0.6706,
0.6510 0.6510 0.6706,
0.6510 0.6510 0.6706,
0.6510 0.6510 0.6706,
0.6510 0.6510 0.6706,
0.6510 0.6510 0.6706,
0.6510 0.6510 0.6706,
0.6510 0.6510 0.6706,
0.6510 0.6510 0.6706,
0.6510 0.6510 0.6706,
0.6510 0.6510 0.6706,
0.6510 0.6510 0.6706,
0.6510 0.6510 0.6706,
0.6510 0.6510 0.6706,
0.6510 0.6510 0.6706,
0.6510 0.6510 0.6706,
0.6510 0.6510 0.6706,
0.6510 0.6510 0.6706,
0.6510 0.6510 0.6706,
0.6510 0.6510 0.6706,
0.6510 0.6510 0.6706,
0.6510 0.6510 0.6706,
0.6510 0.6510 0.6706,
0.6510 0.6510 0.6706,
0.6510 0.6510 0.6706,
0.6510 0.6510 0.6706,
0.6510 0.6510 0.6706,
0.6510 0.6510 0.6706,
0.6510 0.6510 0.6706,
0.6510 0.6510 0.6706,
0.6510 0.6510 0.6706,
0.6510 0.6510 0.6706,
0.6510 0.6510 0.6706,
0.6510 0.6510 0.6706,
0.6510 0.6510 0.6706,
0.6510 0.6510 0.6706,
0.6510 0.6510 0.6706,
0.6510 0.6510 0.6706,
0.6510 0.6510 0.6706,
0.6510 0.6510 0.6706,
0.6510 0.6510 0.6706,
0.6510 0.6510 0.6706,
0.6510 0.6510 0.6706,
0.6510 0.6510 0.6706,
0.6510 0.6510 0.6706,
0.6510 0.6510 0.6706,
0.6510 0.6510 0.6706,
0.6510 0.6510 0.6706,
0.6510 0.6510 0.6706,
0.6510 0.6510 0.6706,
0.6510 0.6510 0.6706,
0.6510 0.6510 0.6706,
0.6510 0.6510 0.6706,
0.6510 0.6510 0.6706,
0.6510 0.6510 0.6706,
0.6510 0.6510 0.6706,
0.6510 0.6510 0.6706,
0.6510 0.6510 0.6706,
0.6510 0.6510 0.6706,
0.6510 0.6510 0.6706,
0.6510 0.6510 0.6706,
0.6510 0.6510 0.6706,
0.6510 0.6510 0.6706,
0.6510 0.6510 0.6706,
0.6510 0.6510 0.6706,
0.6510 0.6510 0.6706,
0.6510 0.6510 0.6706,
0.6510 0.6510 0.6706,
0.6510 0.6510 0.6706,
0.6510 0.6510 0.6706,
0.6510 0.6510 0.6706,
0.6510 0.6510 0.6706,
0.6510 0.6510 0.6706,
0.6510 0.6510 0.6706,
0.6510 0.6510 0.6706,
0.6510 0.6510 0.6706,
0.6510 0.6510 0.6706,
0.6510 0.6510 0.6706,
0.6510 0.6510 0.6706,
0.6510 0.6510 0.6706,
0.6510 0.6510 0.6706,
0.6510 0.6510 0.6706,
0.6510 0.6510 0.6706,
0.6510 0.6510 0.6706,
0.6510 0.6510 0.6706,
0.6510 0.6510 0.6706,
0.6510 0.6510 0.6706,
0.6510 0.6510 0.6706,
0.6510 0.6510 0.6706,
0.6510 0.6510 0.6706,
0.6510 0.6510 0.6706,
0.6510 0.6510 0.6706,
0.6510 0.6510 0.6706,
0.6510 0.6510 0.6706,
0.6510 0.6510 0.6706,
0.6510 0.6510 0.6706,
0.6510 0.6510 0.6706,
0.6510 0.6510 0.6706,
0.6510 0.6510 0.6706,
0.6510 0.6510 0.6706,
0.6510 0.6510 0.6706,
0.6510 0.6510 0.6706,
0.6510 0.6510 0.6706,
0.6510 0.6510 0.6706,
0.6510 0.6510 0.6706,
0.6510 0.6510 0.6706,
0.6510 0.6510 0.6706,
0.6510 0.6510 0.6706,
0.6510 0.6510 0.6706,
0.6510 0.6510 0.6706,
0.6510 0.6510 0.6706,
0.6510 0.6510 0.6706,
0.6510 0.6510 0.6706,
0.6510 0.6510 0.6706,
0.6510 0.6510 0.6706,
0.6510 0.6510 0.6706,
0.6510 0.6510 0.6706,
0.6510 0.6510 0.6706,
0.6510 0.6510 0.6706,
0.6510 0.6510 0.6706,
0.6510 0.6510 0.6706,
0.6510 0.6510 0.6706,
0.6510 0.6510 0.6706,
0.6510 0.6510 0.6706,
0.6510 0.6510 0.6706,
0.6510 0.6510 0.6706,
0.6510 0.6510 0.6706,
0.6510 0.6510 0.6706,
0.6510 0.6510 0.6706,
0.6510 0.6510 0.6706,
0.6510 0.6510 0.6706,
0.6510 0.6510 0.6706,
0.6510 0.6510 0.6706,
0.6510 0.6510 0.6706,
0.6510 0.6510 0.6706,
0.6510 0.6510 0.6706,
0.6510 0.6510 0.6706,
0.6510 0.6510 0.6706,
0.6510 0.6510 0.6706,
0.6510 0.6510 0.6706,
0.6510 0.6510 0.6706,
0.6510 0.6510 0.6706,
0.6510 0.6510 0.6706,
0.6510 0.6510 0.6706,
0.6510 0.6510 0.6706,
0.6510 0.6510 0.6706,
0.6510 0.6510 0.6706,
0.6510 0.6510 0.6706,
0.6510 0.6510 0.6706,
0.6510 0.6510 0.6706,
0.6510 0.6510 0.6706,
0.6510 0.6510 0.6706,
0.6510 0.6510 0.6706,
0.6510 0.6510 0.6706,
0.6510 0.6510 0.6706,
0.6510 0.6510 0.6706,
0.6510 0.6510 0.6706,
0.6510 0.6510 0.6706,
0.6510 0.6510 0.6706,
0.6510 0.6510 0.6706,
0.6510 0.6510 0.6706,
0.6510 0.6510 0.6706,
0.6510 0.6510 0.6706,
0.6510 0.6510 0.6706,
0.6510 0.6510 0.6706,
0.6510 0.6510 0.6706,
0.6510 0.6510 0.6706,
0.6510 0.6510 0.6706,
0.6510 0.6510 0.6706,
0.6510 0.6510 0.6706,
0.6510 0.6510 0.6706,
0.6510 0.6510 0.6706,
0.6510 0.6510 0.6706,
0.6510 0.6510 0.6706,
0.6510 0.6510 0.6706,
0.6510 0.6510 0.6706,
0.6510 0.6510 0.6706,
0.6510 0.6510 0.6706,
0.6510 0.6510 0.6706,
0.6510 0.6510 0.6706,
0.6510 0.6510 0.6706,
0.6510 0.6510 0.6706,
0.6510 0.6510 0.6706,
0.6510 0.6510 0.6706,
0.6510 0.6510 0.6706,
0.6510 0.6510 0.6706,
0.6510 0.6510 0.6706,
0.6510 0.6510 0.6706,
0.6510 0.6510 0.6706,
0.6510 0.6510 0.6706,
0.6510 0.6510 0.6706,
0.6510 0.6510 0.6706,
0.6510 0.6510 0.6706,
0.6510 0.6510 0.6706,
0.6510 0.6510 0.6706,
0.6510 0.6510 0.6706,
0.6510 0.6510 0.6706,
0.6510 0.6510 0.6706,
0.6510 0.6510 0.6706,
0.6510 0.6510 0.6706,
0.6510 0.6510 0.6706,
0.6510 0.6510 0.6706,
0.6510 0.6510 0.6706,
0.6510 0.6510 0.6706,
0.6510 0.6510 0.6706,
0.6510 0.6510 0.6706,
0.6510 0.6510 0.6706,
0.6510 0.6510 0.6706,
0.6510 0.6510 0.6706,
0.6510 0.6510 0.6706,
0.6510 0.6510 0.6706,
0.6510 0.6510 0.6706,
0.6510 0.6510 0.6706,
0.6510 0.6510 0.6706,
0.6510 0.6510 0.6706,
0.6510 0.6510 0.6706,
0.6510 0.6510 0.6706,
0.6510 0.6510 0.6706,
0.6510 0.6510 0.6706,
0.6510 0.6510 0.6706,
0.6510 0.6510 0.6706,
0.6510 0.6510 0.6706,
0.6510 0.6510 0.6706,
0.6510 0.6510 0.6706,
0.6510 0.6510 0.6706,
0.6510 0.6510 0.6706,
0.6510 0.6510 0.6706,
0.6510 0.6510 0.6706,
0.6510 0.6510 0.6706,
0.6510 0.6510 0.6706,
0.6510 0.6510 0.6706,
0.6510 0.6510 0.6706,
0.6510 0.6510 0.6706,
0.6510 0.6510 0.6706,
0.6510 0.6510 0.6706,
0.6510 0.6510 0.6706,
0.6510 0.6510 0.6706,
0.6510 0.6510 0.6706,
0.6510 0.6510 0.6706,
0.6510 0.6510 0.6706,
0.6510 0.6510 0.6706,
0.6510 0.6510 0.6706,
0.6510 0.6510 0.6706,
0.6510 0.6510 0.6706,
0.6510 0.6510 0.6706,
0.6510 0.6510 0.6706,
0.6510 0.6510 0.6706,
0.6510 0.6510 0.6706,
0.6510 0.6510 0.6706,
0.6510 0.6510 0.6706,
0.6510 0.6510 0.6706,
0.6510 0.6510 0.6706,
0.6510 0.6510 0.6706,
0.6510 0.6510 0.6706,
0.6510 0.6510 0.6706,
0.6510 0.6510 0.6706,
0.6510 0.6510 0.6706,
0.6510 0.6510 0.6706,
0.6510 0.6510 0.6706,
0.6510 0.6510 0.6706,
0.6510 0.6510 0.6706,
0.6510 0.6510 0.6706,
0.6510 0.6510 0.6706,
0.6510 0.6510 0.6706,
0.6510 0.6510 0.6706,
0.6510 0.6510 0.6706,
0.6510 0.6510 0.6706,
0.6510 0.6510 0.6706,
0.6510 0.6510 0.6706,
0.6510 0.6510 0.6706,
0.6510 0.6510 0.6706,
0.6510 0.6510 0.6706,
0.6510 0.6510 0.6706,
0.6510 0.6510 0.6706,
0.6510 0.6510 0.6706,
0.6510 0.6510 0.6706,
0.6510 0.6510 0.6706,
0.6510 0.6510 0.6706,
0.6510 0.6510 0.6706,
0.6510 0.6510 0.6706,
0.6510 0.6510 0.6706,
0.6510 0.6510 0.6706,
0.6510 0.6510 0.6706,
0.6510 0.6510 0.6706,
0.6510 0.6510 0.6706,
0.6510 0.6510 0.6706,
0.6510 0.6510 0.6706,
0.6510 0.6510 0.6706,
0.6510 0.6510 0.6706,
0.6510 0.6510 0.6706,
0.6510 0.6510 0.6706,
0.6510 0.6510 0.6706,
0.6510 0.6510 0.6706,
0.6510 0.6510 0.6706,
0.6510 0.6510 0.6706,
0.6510 0.6510 0.6706,
0.6510 0.6510 0.6706,
0.6510 0.6510 0.6706,
0.6510 0.6510 0.6706,
0.6510 0.6510 0.6706,
0.6510 0.6510 0.6706,
0.6510 0.6510 0.6706,
0.6510 0.6510 0.6706,
0.6510 0.6510 0.6706,
0.6510 0.6510 0.6706,
0.6510 0.6510 0.6706,
0.6510 0.6510 0.6706,
0.6510 0.6510 0.6706,
0.6510 0.6510 0.6706,
0.6510 0.6510 0.6706,
0.6510 0.6510 0.6706,
0.6510 0.6510 0.6706,
0.6510 0.6510 0.6706,
0.6510 0.6510 0.6706,
0.6510 0.6510 0.6706,
0.6510 0.6510 0.6706,
0.6510 0.6510 0.6706,
0.6510 0.6510 0.6706,
0.6510 0.6510 0.6706,
0.6510 0.6510 0.6706,
0.6510 0.6510 0.6706,
0.6510 0.6510 0.6706,
0.6510 0.6510 0.6706,
0.6510 0.6510 0.6706,
0.6510 0.6510 0.6706,
0.6510 0.6510 0.6706,
0.6510 0.6510 0.6706,
0.6510 0.6510 0.6706,
0.6510 0.6510 0.6706,
0.6510 0.6510 0.6706,
0.6510 0.6510 0.6706,
0.6510 0.6510 0.6706,
0.6510 0.6510 0.6706,
0.6510 0.6510 0.6706,
0.6510 0.6510 0.6706,
0.6510 0.6510 0.6706,
0.6510 0.6510 0.6706,
0.6510 0.6510 0.6706,
0.6510 0.6510 0.6706,
0.6510 0.6510 0.6706,
0.6510 0.6510 0.6706,
0.6510 0.6510 0.6706,
0.6510 0.6510 0.6706,
0.6510 0.6510 0.6706,
0.6510 0.6510 0.6706,
0.6510 0.6510 0.6706,
0.6510 0.6510 0.6706,
0.6510 0.6510 0.6706,
0.6510 0.6510 0.6706,
0.6510 0.6510 0.6706,
0.6510 0.6510 0.6706,
0.6510 0.6510 0.6706,
0.6510 0.6510 0.6706,
0.6510 0.6510 0.6706,
0.6510 0.6510 0.6706,
0.6510 0.6510 0.6706,
0.6510 0.6510 0.6706,
0.6510 0.6510 0.6706,
0.6510 0.6510 0.6706,
0.6510 0.6510 0.6706,
0.6510 0.6510 0.6706,
0.6510 0.6510 0.6706,
0.6510 0.6510 0.6706,
0.6510 0.6510 0.6706,
0.6510 0.6510 0.6706,
0.6510 0.6510 0.6706,
0.6510 0.6510 0.6706,
0.6510 0.6510 0.6706,
0.6510 0.6510 0.6706,
0.6510 0.6510 0.6706,
0.6510 0.6510 0.6706,
0.6510 0.6510 0.6706,
0.6510 0.6510 0.6706,
0.6510 0.6510 0.6706,
0.6510 0.6510 0.6706,
0.6510 0.6510 0.6706,
0.6510 0.6510 0.6706,
0.6510 0.6510 0.6706,
0.6510 0.6510 0.6706,
0.6510 0.6510 0.6706,
0.6510 0.6510 0.6706,
0.6510 0.6510 0.6706,
0.6510 0.6510 0.6706,
0.6510 0.6510 0.6706,
0.6510 0.6510 0.6706,
0.6510 0.6510 0.6706,
0.6510 0.6510 0.6706,
0.6510 0.6510 0.6706,
0.6510 0.6510 0.6706,
0.6510 0.6510 0.6706,
0.6510 0.6510 0.6706,
0.6510 0.6510 0.6706,
0.6510 0.6510 0.6706,
0.6510 0.6510 0.6706,
0.6510 0.6510 0.6706,
0.6510 0.6510 0.6706,
0.6510 0.6510 0.6706,
0.6510 0.6510 0.6706,
0.6510 0.6510 0.6706,
0.6510 0.6510 0.6706,
0.6510 0.6510 0.6706,
0.6510 0.6510 0.6706,
0.6510 0.6510 0.6706,
0.6510 0.6510 0.6706,
0.6510 0.6510 0.6706,
0.6510 0.6510 0.6706,
0.6510 0.6510 0.6706,
0.6510 0.6510 0.6706,
0.6510 0.6510 0.6706,
0.6510 0.6510 0.6706,
0.6510 0.6510 0.6706,
0.6510 0.6510 0.6706,
0.6510 0.6510 0.6706,
0.6510 0.6510 0.6706,
0.6510 0.6510 0.6706,
0.6510 0.6510 0.6706,
0.6510 0.6510 0.6706,
0.6510 0.6510 0.6706,
0.6510 0.6510 0.6706,
0.6510 0.6510 0.6706,
0.6510 0.6510 0.6706,
0.6510 0.6510 0.6706,
0.6510 0.6510 0.6706,
0.6510 0.6510 0.6706,
0.6510 0.6510 0.6706,
0.6510 0.6510 0.6706,
0.6510 0.6510 0.6706,
0.6510 0.6510 0.6706,
0.6510 0.6510 0.6706,
0.6510 0.6510 0.6706,
0.6510 0.6510 0.6706,
0.6510 0.6510 0.6706,
0.6510 0.6510 0.6706,
0.6510 0.6510 0.6706,
0.6510 0.6510 0.6706,
0.6510 0.6510 0.6706,
0.6510 0.6510 0.6706,
0.6510 0.6510 0.6706,
0.6510 0.6510 0.6706,
0.6510 0.6510 0.6706,
0.6510 0.6510 0.6706,
0.6510 0.6510 0.6706,
0.6510 0.6510 0.6706,
0.6510 0.6510 0.6706,
0.6510 0.6510 0.6706,
0.6510 0.6510 0.6706,
0.6510 0.6510 0.6706,
0.6510 0.6510 0.6706,
0.6510 0.6510 0.6706,
0.6510 0.6510 0.6706,
0.6510 0.6510 0.6706,
0.6510 0.6510 0.6706,
0.6510 0.6510 0.6706,
0.6510 0.6510 0.6706,
0.6510 0.6510 0.6706,
0.6510 0.6510 0.6706,
0.6510 0.6510 0.6706,
0.6510 0.6510 0.6706,
0.6510 0.6510 0.6706,
0.6510 0.6510 0.6706,
0.6510 0.6510 0.6706,
0.6510 0.6510 0.6706,
0.6510 0.6510 0.6706,
0.6510 0.6510 0.6706,
0.6510 0.6510 0.6706,
0.6510 0.6510 0.6706,
0.6510 0.6510 0.6706,
0.6510 0.6510 0.6706,
0.6510 0.6510 0.6706,
0.6510 0.6510 0.6706,
0.6510 0.6510 0.6706,
0.6510 0.6510 0.6706,
0.6510 0.6510 0.6706,
0.6510 0.6510 0.6706,
0.6510 0.6510 0.6706,
0.6510 0.6510 0.6706,
0.6510 0.6510 0.6706,
0.6510 0.6510 0.6706,
0.6510 0.6510 0.6706,
0.6510 0.6510 0.6706,
0.6510 0.6510 0.6706,
0.6510 0.6510 0.6706,
0.6510 0.6510 0.6706,
0.6510 0.6510 0.6706,
0.6510 0.6510 0.6706,
0.6510 0.6510 0.6706,
0.6510 0.6510 0.6706,
0.6510 0.6510 0.6706,
0.6510 0.6510 0.6706,
0.6510 0.6510 0.6706,
0.6510 0.6510 0.6706,
0.6510 0.6510 0.6706,
0.6510 0.6510 0.6706,
0.6510 0.6510 0.6706,
0.6510 0.6510 0.6706,
0.6510 0.6510 0.6706,
0.6510 0.6510 0.6706,
0.6510 0.6510 0.6706,
0.6510 0.6510 0.6706,
0.6510 0.6510 0.6706,
0.6510 0.6510 0.6706,
0.6510 0.6510 0.6706,
0.6510 0.6510 0.6706,
0.6510 0.6510 0.6706,
0.6510 0.6510 0.6706,
0.6510 0.6510 0.6706,
0.6510 0.6510 0.6706,
0.6510 0.6510 0.6706,
0.6510 0.6510 0.6706,
0.6510 0.6510 0.6706,
0.6510 0.6510 0.6706,
0.6510 0.6510 0.6706,
0.6510 0.6510 0.6706,
0.6510 0.6510 0.6706,
0.6510 0.6510 0.6706,
0.6510 0.6510 0.6706,
0.6510 0.6510 0.6706,
0.6510 0.6510 0.6706,
0.6510 0.6510 0.6706,
0.6510 0.6510 0.6706,
0.6510 0.6510 0.6706,
0.6510 0.6510 0.6706,
0.6510 0.6510 0.6706,
0.6510 0.6510 0.6706,
0.6510 0.6510 0.6706,
0.6510 0.6510 0.6706,
0.6510 0.6510 0.6706,
0.6510 0.6510 0.6706,
0.6510 0.6510 0.6706,
0.6510 0.6510 0.6706,
0.6510 0.6510 0.6706,
0.6510 0.6510 0.6706,
0.6510 0.6510 0.6706,
0.6510 0.6510 0.6706,
0.6510 0.6510 0.6706,
0.6510 0.6510 0.6706,
0.6510 0.6510 0.6706,
0.6510 0.6510 0.6706,
0.6510 0.6510 0.6706,
0.6510 0.6510 0.6706,
0.6510 0.6510 0.6706,
0.6510 0.6510 0.6706,
0.6510 0.6510 0.6706,
0.6510 0.6510 0.6706,
0.6510 0.6510 0.6706,
0.6510 0.6510 0.6706,
0.6510 0.6510 0.6706,
0.6510 0.6510 0.6706,
0.6510 0.6510 0.6706,
0.6510 0.6510 0.6706,
0.6510 0.6510 0.6706,
0.6510 0.6510 0.6706,
0.6510 0.6510 0.6706,
0.6510 0.6510 0.6706,
0.6510 0.6510 0.6706,
0.6510 0.6510 0.6706,
0.6510 0.6510 0.6706,
0.6510 0.6510 0.6706,
0.6510 0.6510 0.6706,
0.6510 0.6510 0.6706,
0.6510 0.6510 0.6706,
0.6510 0.6510 0.6706,
0.6510 0.6510 0.6706,
0.6510 0.6510 0.6706,
0.6510 0.6510 0.6706,
0.6510 0.6510 0.6706,
0.6510 0.6510 0.6706,
0.6510 0.6510 0.6706,
0.6510 0.6510 0.6706,
0.6510 0.6510 0.6706,
0.6510 0.6510 0.6706,
0.6510 0.6510 0.6706,
0.6510 0.6510 0.6706,
0.6510 0.6510 0.6706,
0.6510 0.6510 0.6706,
0.6510 0.6510 0.6706,
0.6510 0.6510 0.6706,
0.6510 0.6510 0.6706,
0.6510 0.6510 0.6706,
0.6510 0.6510 0.6706,
0.6510 0.6510 0.6706,
0.6510 0.6510 0.6706,
0.6510 0.6510 0.6706,
0.6510 0.6510 0.6706,
0.6510 0.6510 0.6706,
0.6510 0.6510 0.6706,
0.6510 0.6510 0.6706,
0.6510 0.6510 0.6706,
0.6510 0.6510 0.6706,
0.6510 0.6510 0.6706,
0.6510 0.6510 0.6706,
0.6510 0.6510 0.6706,
0.6510 0.6510 0.6706,
0.6510 0.6510 0.6706,
0.6510 0.6510 0.6706,
0.6510 0.6510 0.6706,
0.6510 0.6510 0.6706,
0.6510 0.6510 0.6706,
0.6510 0.6510 0.6706,
0.6510 0.6510 0.6706,
0.6510 0.6510 0.6706,
0.6510 0.6510 0.6706,
0.6510 0.6510 0.6706,
0.6510 0.6510 0.6706,
0.6510 0.6510 0.6706,
0.6510 0.6510 0.6706,
0.6510 0.6510 0.6706,
0.6510 0.6510 0.6706,
0.6510 0.6510 0.6706,
0.6510 0.6510 0.6706,
0.6510 0.6510 0.6706,
0.6510 0.6510 0.6706,
0.6510 0.6510 0.6706,
0.6510 0.6510 0.6706,
0.6510 0.6510 0.6706,
0.6510 0.6510 0.6706,
0.6510 0.6510 0.6706,
0.6510 0.6510 0.6706,
0.6510 0.6510 0.6706,
0.6510 0.6510 0.6706,
0.6510 0.6510 0.6706,
0.6510 0.6510 0.6706,
0.6510 0.6510 0.6706,
0.6510 0.6510 0.6706,
0.6510 0.6510 0.6706,
0.6510 0.6510 0.6706,
0.6510 0.6510 0.6706,
0.6510 0.6510 0.6706,
0.6510 0.6510 0.6706,
0.6510 0.6510 0.6706,
0.6510 0.6510 0.6706,
0.6510 0.6510 0.6706,
0.6510 0.6510 0.6706,
0.6510 0.6510 0.6706,
0.6510 0.6510 0.6706,
0.6510 0.6510 0.6706,
0.6510 0.6510 0.6706,
0.6510 0.6510 0.6706,
0.6510 0.6510 0.6706,
0.6510 0.6510 0.6706,
0.6510 0.6510 0.6706,
0.6510 0.6510 0.6706,
0.6510 0.6510 0.6706,
0.6510 0.6510 0.6706,
0.6510 0.6510 0.6706,
0.6510 0.6510 0.6706,
0.6510 0.6510 0.6706,
0.6510 0.6510 0.6706,
0.6510 0.6510 0.6706,
0.6510 0.6510 0.6706,
0.6510 0.6510 0.6706,
0.6510 0.6510 0.6706,
0.6510 0.6510 0.6706,
0.6510 0.6510 0.6706,
0.6510 0.6510 0.6706,
0.6510 0.6510 0.6706,
0.6510 0.6510 0.6706,
0.6510 0.6510 0.6706,
0.6510 0.6510 0.6706,
0.6510 0.6510 0.6706,
0.6510 0.6510 0.6706,
0.6510 0.6510 0.6706,
0.6510 0.6510 0.6706,
0.6510 0.6510 0.6706,
0.6510 0.6510 0.6706,
0.6510 0.6510 0.6706,
0.6510 0.6510 0.6706,
0.6510 0.6510 0.6706,
0.6510 0.6510 0.6706,
0.6510 0.6510 0.6706,
0.6510 0.6510 0.6706,
0.6510 0.6510 0.6706,
0.6510 0.6510 0.6706,
0.6510 0.6510 0.6706,
0.6510 0.6510 0.6706,
0.6510 0.6510 0.6706,
0.6510 0.6510 0.6706,
0.6510 0.6510 0.6706,
0.6510 0.6510 0.6706,
0.6510 0.6510 0.6706,
0.6510 0.6510 0.6706,
0.6510 0.6510 0.6706,
0.6510 0.6510 0.6706,
0.6510 0.6510 0.6706,
0.6510 0.6510 0.6706,
0.6510 0.6510 0.6706,
0.6510 0.6510 0.6706,
0.6510 0.6510 0.6706,
0.6510 0.6510 0.6706,
0.6510 0.6510 0.6706,
0.6510 0.6510 0.6706,
0.6510 0.6510 0.6706,
0.6510 0.6510 0.6706,
0.6510 0.6510 0.6706,
0.6510 0.6510 0.6706,
0.6510 0.6510 0.6706,
0.6510 0.6510 0.6706,
0.6510 0.6510 0.6706,
0.6510 0.6510 0.6706,
0.6510 0.6510 0.6706,
0.6510 0.6510 0.6706,
0.6510 0.6510 0.6706,
0.6510 0.6510 0.6706,
0.6510 0.6510 0.6706,
0.6510 0.6510 0.6706,
0.6510 0.6510 0.6706,
0.6510 0.6510 0.6706,
0.6510 0.6510 0.6706,
0.6510 0.6510 0.6706,
0.6510 0.6510 0.6706,
0.6510 0.6510 0.6706,
0.6510 0.6510 0.6706,
0.6510 0.6510 0.6706,
0.6510 0.6510 0.6706,
0.6510 0.6510 0.6706,
0.6510 0.6510 0.6706,
0.6510 0.6510 0.6706,
0.6510 0.6510 0.6706,
0.6510 0.6510 0.6706,
0.6510 0.6510 0.6706,
0.6510 0.6510 0.6706,
0.6510 0.6510 0.6706,
0.6510 0.6510 0.6706,
0.6510 0.6510 0.6706,
0.6510 0.6510 0.6706,
0.6510 0.6510 0.6706,
0.6510 0.6510 0.6706,
0.6510 0.6510 0.6706,
0.6510 0.6510 0.6706,
0.6510 0.6510 0.6706,
0.6510 0.6510 0.6706,
0.6510 0.6510 0.6706,
0.6510 0.6510 0.6706,
0.6510 0.6510 0.6706,
0.6510 0.6510 0.6706,
0.6510 0.6510 0.6706,
0.6510 0.6510 0.6706,
0.6510 0.6510 0.6706,
0.6510 0.6510 0.6706,
0.6510 0.6510 0.6706,
0.6510 0.6510 0.6706,
0.6510 0.6510 0.6706,
0.6510 0.6510 0.6706,
0.6510 0.6510 0.6706,
0.6510 0.6510 0.6706,
0.6510 0.6510 0.6706,
0.6510 0.6510 0.6706,
0.6510 0.6510 0.6706,
0.6510 0.6510 0.6706,
0.6510 0.6510 0.6706,
0.6510 0.6510 0.6706,
0.6510 0.6510 0.6706,
0.6510 0.6510 0.6706,
0.6510 0.6510 0.6706,
0.6510 0.6510 0.6706,
0.6510 0.6510 0.6706,
0.6510 0.6510 0.6706,
0.6510 0.6510 0.6706,
0.6510 0.6510 0.6706,
0.6510 0.6510 0.6706,
0.6510 0.6510 0.6706,
0.6510 0.6510 0.6706,
0.6510 0.6510 0.6706,
0.6510 0.6510 0.6706,
0.6510 0.6510 0.6706,
0.6510 0.6510 0.6706,
0.6510 0.6510 0.6706,
0.6510 0.6510 0.6706,
0.6510 0.6510 0.6706,
0.6510 0.6510 0.6706,
0.6510 0.6510 0.6706,
0.6510 0.6510 0.6706,
0.6510 0.6510 0.6706,
0.6510 0.6510 0.6706,
0.6510 0.6510 0.6706,
0.6510 0.6510 0.6706,
0.6510 0.6510 0.6706,
0.6510 0.6510 0.6706,
0.6510 0.6510 0.6706,
0.6510 0.6510 0.6706,
0.6510 0.6510 0.6706,
0.6510 0.6510 0.6706,
0.6510 0.6510 0.6706,
0.6510 0.6510 0.6706,
0.6510 0.6510 0.6706,
0.6510 0.6510 0.6706,
0.6510 0.6510 0.6706,
0.6510 0.6510 0.6706,
0.6510 0.6510 0.6706,
0.6510 0.6510 0.6706,
0.6510 0.6510 0.6706,
0.6510 0.6510 0.6706,
0.6510 0.6510 0.6706,
0.6510 0.6510 0.6706,
0.6510 0.6510 0.6706,
0.6510 0.6510 0.6706,
0.6510 0.6510 0.6706,
0.6510 0.6510 0.6706,
0.6510 0.6510 0.6706,
0.6510 0.6510 0.6706,
0.6510 0.6510 0.6706,
0.6510 0.6510 0.6706,
0.6510 0.6510 0.6706,
0.6510 0.6510 0.6706,
0.6510 0.6510 0.6706,
0.6510 0.6510 0.6706,
0.6510 0.6510 0.6706,
0.6510 0.6510 0.6706,
0.6510 0.6510 0.6706,
0.6510 0.6510 0.6706,
0.6510 0.6510 0.6706,
0.6510 0.6510 0.6706,
0.6510 0.6510 0.6706,
0.6510 0.6510 0.6706,
0.6510 0.6510 0.6706,
0.6510 0.6510 0.6706,
0.6510 0.6510 0.6706,
0.6510 0.6510 0.6706,
0.6510 0.6510 0.6706,
0.6510 0.6510 0.6706,
0.6510 0.6510 0.6706,
0.6510 0.6510 0.6706,
0.6510 0.6510 0.6706,
0.6510 0.6510 0.6706,
0.6510 0.6510 0.6706,
0.6510 0.6510 0.6706,
0.6510 0.6510 0.6706,
0.6510 0.6510 0.6706,
0.6510 0.6510 0.6706,
0.6510 0.6510 0.6706,
0.6510 0.6510 0.6706,
0.6510 0.6510 0.6706,
0.6510 0.6510 0.6706,
0.6510 0.6510 0.6706,
0.6510 0.6510 0.6706,
0.6510 0.6510 0.6706,
0.6510 0.6510 0.6706,
0.6510 0.6510 0.6706,
0.6510 0.6510 0.6706,
0.6510 0.6510 0.6706,
0.6510 0.6510 0.6706,
0.6510 0.6510 0.6706,
0.6510 0.6510 0.6706,
0.6510 0.6510 0.6706,
0.6510 0.6510 0.6706,
0.6510 0.6510 0.6706,
0.6510 0.6510 0.6706,
0.6510 0.6510 0.6706,
0.6510 0.6510 0.6706,
0.6510 0.6510 0.6706,
0.6510 0.6510 0.6706,
0.6510 0.6510 0.6706,
0.6510 0.6510 0.6706,
0.6510 0.6510 0.6706,
0.6510 0.6510 0.6706,
0.6510 0.6510 0.6706,
0.6510 0.6510 0.6706,
0.6510 0.6510 0.6706,
0.6510 0.6510 0.6706,
0.6510 0.6510 0.6706,
0.6510 0.6510 0.6706,
0.6510 0.6510 0.6706,
0.6510 0.6510 0.6706,
0.6510 0.6510 0.6706,
0.6510 0.6510 0.6706,
0.6510 0.6510 0.6706,
0.6510 0.6510 0.6706,
0.6510 0.6510 0.6706,
0.6510 0.6510 0.6706,
0.6510 0.6510 0.6706,
0.6510 0.6510 0.6706,
0.6510 0.6510 0.6706,
0.6510 0.6510 0.6706,
0.6510 0.6510 0.6706,
0.6510 0.6510 0.6706,
0.6510 0.6510 0.6706,
0.6510 0.6510 0.6706,
0.6510 0.6510 0.6706,
0.6510 0.6510 0.6706,
0.6510 0.6510 0.6706,
0.6510 0.6510 0.6706,
0.6510 0.6510 0.6706,
0.6510 0.6510 0.6706,
0.6510 0.6510 0.6706,
0.6510 0.6510 0.6706,
0.6510 0.6510 0.6706,
0.6510 0.6510 0.6706,
0.6510 0.6510 0.6706,
0.6510 0.6510 0.6706,
0.6510 0.6510 0.6706,
0.6510 0.6510 0.6706,
0.6510 0.6510 0.6706,
0.6510 0.6510 0.6706,
0.6510 0.6510 0.6706,
0.6510 0.6510 0.6706,
0.6510 0.6510 0.6706,
0.6510 0.6510 0.6706,
0.6510 0.6510 0.6706,
0.6510 0.6510 0.6706,
0.6510 0.6510 0.6706,
0.6510 0.6510 0.6706,
0.6510 0.6510 0.6706,
0.6510 0.6510 0.6706,
0.6510 0.6510 0.6706,
0.6510 0.6510 0.6706,
0.6510 0.6510 0.6706,
0.6510 0.6510 0.6706,
0.6510 0.6510 0.6706,
0.6510 0.6510 0.6706,
0.6510 0.6510 0.6706,
0.6510 0.6510 0.6706,
0.6510 0.6510 0.6706,
0.6510 0.6510 0.6706,
0.6510 0.6510 0.6706,
0.6510 0.6510 0.6706,
0.6510 0.6510 0.6706,
0.6510 0.6510 0.6706,
0.6510 0.6510 0.6706,
0.6510 0.6510 0.6706,
0.6510 0.6510 0.6706,
0.6510 0.6510 0.6706,
0.6510 0.6510 0.6706,
0.6510 0.6510 0.6706,
0.6510 0.6510 0.6706,
0.6510 0.6510 0.6706,
0.6510 0.6510 0.6706,
0.6510 0.6510 0.6706,
0.6510 0.6510 0.6706,
0.6510 0.6510 0.6706,
0.6510 0.6510 0.6706,
0.6510 0.6510 0.6706,
0.6510 0.6510 0.6706,
0.6510 0.6510 0.6706,
0.6510 0.6510 0.6706,
0.6510 0.6510 0.6706,
0.6510 0.6510 0.6706,
0.6510 0.6510 0.6706,
0.6510 0.6510 0.6706,
0.6510 0.6510 0.6706,
0.6510 0.6510 0.6706,
0.6510 0.6510 0.6706,
0.6510 0.6510 0.6706,
0.6510 0.6510 0.6706,
0.6510 0.6510 0.6706,
0.6510 0.6510 0.6706,
0.6510 0.6510 0.6706,
0.6510 0.6510 0.6706,
0.6510 0.6510 0.6706,
0.6510 0.6510 0.6706,
0.6510 0.6510 0.6706,
0.6510 0.6510 0.6706,
0.6510 0.6510 0.6706,
0.6510 0.6510 0.6706,
0.6510 0.6510 0.6706,
0.6510 0.6510 0.6706,
0.6510 0.6510 0.6706,
0.6510 0.6510 0.6706,
0.6510 0.6510 0.6706,
0.6510 0.6510 0.6706,
0.6510 0.6510 0.6706,
0.6510 0.6510 0.6706,
0.6510 0.6510 0.6706,
0.6510 0.6510 0.6706,
0.6510 0.6510 0.6706,
0.6510 0.6510 0.6706,
0.6510 0.6510 0.6706,
0.6510 0.6510 0.6706,
0.6510 0.6510 0.6706,
0.6510 0.6510 0.6706,
0.6510 0.6510 0.6706,
0.6510 0.6510 0.6706,
0.6510 0.6510 0.6706,
0.6510 0.6510 0.6706,
0.6510 0.6510 0.6706,
0.6510 0.6510 0.6706,
0.6510 0.6510 0.6706,
0.6510 0.6510 0.6706,
0.6510 0.6510 0.6706,
0.6510 0.6510 0.6706,
0.6510 0.6510 0.6706,
0.6510 0.6510 0.6706,
0.6510 0.6510 0.6706,
0.6510 0.6510 0.6706,
0.6510 0.6510 0.6706,
0.6510 0.6510 0.6706,
0.6510 0.6510 0.6706,
0.6510 0.6510 0.6706,
0.6510 0.6510 0.6706,
0.6510 0.6510 0.6706,
0.6510 0.6510 0.6706,
0.6510 0.6510 0.6706,
0.6510 0.6510 0.6706,
0.6510 0.6510 0.6706,
0.6510 0.6510 0.6706,
0.6510 0.6510 0.6706,
0.6510 0.6510 0.6706,
0.6510 0.6510 0.6706,
0.6510 0.6510 0.6706,
0.6510 0.6510 0.6706,
0.6510 0.6510 0.6706,
0.6510 0.6510 0.6706,
0.6510 0.6510 0.6706,
0.6510 0.6510 0.6706,
0.6510 0.6510 0.6706,
0.6510 0.6510 0.6706,
0.6510 0.6510 0.6706,
0.6510 0.6510 0.6706,
0.6510 0.6510 0.6706,
0.6510 0.6510 0.6706,
0.6510 0.6510 0.6706,
0.6510 0.6510 0.6706,
0.6510 0.6510 0.6706,
0.6510 0.6510 0.6706,
0.6510 0.6510 0.6706,
0.6510 0.6510 0.6706,
0.6510 0.6510 0.6706,
0.6510 0.6510 0.6706,
0.6510 0.6510 0.6706,
0.6510 0.6510 0.6706,
0.6510 0.6510 0.6706,
0.6510 0.6510 0.6706,
0.6510 0.6510 0.6706,
0.6510 0.6510 0.6706,
0.6510 0.6510 0.6706,
0.6510 0.6510 0.6706,
0.6510 0.6510 0.6706,
0.6510 0.6510 0.6706,
0.6510 0.6510 0.6706,
0.6510 0.6510 0.6706,
0.6510 0.6510 0.6706,
0.6510 0.6510 0.6706,
0.6510 0.6510 0.6706,
0.6510 0.6510 0.6706,
0.6510 0.6510 0.6706,
0.6510 0.6510 0.6706,
0.6510 0.6510 0.6706,
0.6510 0.6510 0.6706,
0.6510 0.6510 0.6706,
0.6510 0.6510 0.6706,
0.6510 0.6510 0.6706,
0.6510 0.6510 0.6706,
0.6510 0.6510 0.6706,
0.6510 0.6510 0.6706,
0.6510 0.6510 0.6706,
0.6510 0.6510 0.6706,
0.6510 0.6510 0.6706,
0.6510 0.6510 0.6706,
0.6510 0.6510 0.6706,
0.6510 0.6510 0.6706,
0.6510 0.6510 0.6706,
0.6510 0.6510 0.6706,
0.6510 0.6510 0.6706,
0.6510 0.6510 0.6706,
0.6510 0.6510 0.6706,
0.6510 0.6510 0.6706,
0.6510 0.6510 0.6706,
0.6510 0.6510 0.6706,
0.6510 0.6510 0.6706,
0.6510 0.6510 0.6706,
0.6510 0.6510 0.6706,
0.6510 0.6510 0.6706,
0.6510 0.6510 0.6706,
0.6510 0.6510 0.6706,
0.6510 0.6510 0.6706,
0.6510 0.6510 0.6706,
0.6510 0.6510 0.6706,
0.6510 0.6510 0.6706,
0.6510 0.6510 0.6706,
0.6510 0.6510 0.6706,
0.6510 0.6510 0.6706,
0.6510 0.6510 0.6706,
0.6510 0.6510 0.6706,
0.6510 0.6510 0.6706,
0.6510 0.6510 0.6706,
0.6510 0.6510 0.6706,
0.6510 0.6510 0.6706,
0.6510 0.6510 0.6706,
0.6510 0.6510 0.6706,
0.6510 0.6510 0.6706,
0.6510 0.6510 0.6706,
0.6510 0.6510 0.6706,
0.6510 0.6510 0.6706,
0.6510 0.6510 0.6706,
0.6510 0.6510 0.6706,
0.6510 0.6510 0.6706,
0.6510 0.6510 0.6706,
0.6510 0.6510 0.6706,
0.6510 0.6510 0.6706,
0.6510 0.6510 0.6706,
0.6510 0.6510 0.6706,
0.6510 0.6510 0.6706,
0.6510 0.6510 0.6706,
0.6510 0.6510 0.6706,
0.6510 0.6510 0.6706,
0.6510 0.6510 0.6706,
0.6510 0.6510 0.6706,
0.6510 0.6510 0.6706,
0.6510 0.6510 0.6706,
0.6510 0.6510 0.6706,
0.6510 0.6510 0.6706,
0.6510 0.6510 0.6706,
0.6510 0.6510 0.6706,
0.6510 0.6510 0.6706,
0.6510 0.6510 0.6706,
0.6510 0.6510 0.6706,
0.6510 0.6510 0.6706,
0.6510 0.6510 0.6706,
0.6510 0.6510 0.6706,
0.6510 0.6510 0.6706,
0.6510 0.6510 0.6706,
0.6510 0.6510 0.6706,
0.6510 0.6510 0.6706,
0.6510 0.6510 0.6706,
0.6510 0.6510 0.6706,
0.6510 0.6510 0.6706,
0.6510 0.6510 0.6706,
0.6510 0.6510 0.6706,
0.6510 0.6510 0.6706,
0.6510 0.6510 0.6706,
0.6510 0.6510 0.6706,
0.6510 0.6510 0.6706,
0.6510 0.6510 0.6706,
0.6510 0.6510 0.6706,
0.6510 0.6510 0.6706,
0.6510 0.6510 0.6706,
0.6510 0.6510 0.6706,
0.6510 0.6510 0.6706,
0.6510 0.6510 0.6706,
0.6510 0.6510 0.6706,
0.6510 0.6510 0.6706,
0.6510 0.6510 0.6706,
0.6510 0.6510 0.6706,
0.6510 0.6510 0.6706,
0.6510 0.6510 0.6706,
0.6510 0.6510 0.6706,
0.6510 0.6510 0.6706,
0.6510 0.6510 0.6706,
0.6510 0.6510 0.6706,
0.6510 0.6510 0.6706,
0.6510 0.6510 0.6706,
0.6510 0.6510 0.6706,
0.6510 0.6510 0.6706,
0.6510 0.6510 0.6706,
0.6510 0.6510 0.6706,
0.6510 0.6510 0.6706,
0.6510 0.6510 0.6706,
0.6510 0.6510 0.6706,
0.6510 0.6510 0.6706,
0.6510 0.6510 0.6706,
0.6510 0.6510 0.6706,
0.6510 0.6510 0.6706,
0.6510 0.6510 0.6706,
0.6510 0.6510 0.6706,
0.6510 0.6510 0.6706,
0.6510 0.6510 0.6706,
0.6510 0.6510 0.6706,
0.6510 0.6510 0.6706,
0.6510 0.6510 0.6706,
0.6510 0.6510 0.6706,
0.6510 0.6510 0.6706,
0.6510 0.6510 0.6706,
0.6510 0.6510 0.6706,
0.6510 0.6510 0.6706,
0.6510 0.6510 0.6706,
0.6510 0.6510 0.6706,
0.6510 0.6510 0.6706,
0.6510 0.6510 0.6706,
0.6510 0.6510 0.6706,
0.6510 0.6510 0.6706,
0.6510 0.6510 0.6706,
0.6510 0.6510 0.6706,
0.6510 0.6510 0.6706,
0.6510 0.6510 0.6706,
0.6510 0.6510 0.6706,
0.6510 0.6510 0.6706,
0.6510 0.6510 0.6706,
0.6510 0.6510 0.6706,
0.6510 0.6510 0.6706,
0.6510 0.6510 0.6706,
0.6510 0.6510 0.6706,
0.6510 0.6510 0.6706,
0.6510 0.6510 0.6706,
0.6510 0.6510 0.6706,
0.6510 0.6510 0.6706,
0.6510 0.6510 0.6706,
0.6510 0.6510 0.6706,
0.6510 0.6510 0.6706,
0.6510 0.6510 0.6706,
0.6510 0.6510 0.6706,
0.6510 0.6510 0.6706,
0.6510 0.6510 0.6706,
0.6510 0.6510 0.6706,
0.6510 0.6510 0.6706,
0.6510 0.6510 0.6706,
0.6510 0.6510 0.6706,
0.6510 0.6510 0.6706,
0.6510 0.6510 0.6706,
0.6510 0.6510 0.6706,
0.6510 0.6510 0.6706,
0.6510 0.6510 0.6706,
0.6510 0.6510 0.6706,
0.6510 0.6510 0.6706,
0.6510 0.6510 0.6706,
0.6510 0.6510 0.6706,
0.6510 0.6510 0.6706,
0.6510 0.6510 0.6706,
0.6510 0.6510 0.6706,
0.6510 0.6510 0.6706,
0.6510 0.6510 0.6706,
0.6510 0.6510 0.6706,
0.6510 0.6510 0.6706,
0.6510 0.6510 0.6706,
0.6510 0.6510 0.6706,
0.6510 0.6510 0.6706,
0.6510 0.6510 0.6706,
0.6510 0.6510 0.6706,
0.6510 0.6510 0.6706,
0.6510 0.6510 0.6706,
0.6510 0.6510 0.6706,
0.6510 0.6510 0.6706,
0.6510 0.6510 0.6706,
0.6510 0.6510 0.6706,
0.6510 0.6510 0.6706,
0.6510 0.6510 0.6706,
0.6510 0.6510 0.6706,
0.6510 0.6510 0.6706,
0.6510 0.6510 0.6706,
0.6510 0.6510 0.6706,
0.6510 0.6510 0.6706,
0.6510 0.6510 0.6706,
0.6510 0.6510 0.6706,
0.6510 0.6510 0.6706,
0.6510 0.6510 0.6706,
0.6510 0.6510 0.6706,
0.6510 0.6510 0.6706,
0.6510 0.6510 0.6706,
0.6510 0.6510 0.6706,
0.6510 0.6510 0.6706,
0.6510 0.6510 0.6706,
0.6510 0.6510 0.6706,
0.6510 0.6510 0.6706,
0.6510 0.6510 0.6706,
0.6510 0.6510 0.6706,
0.6510 0.6510 0.6706,
0.6510 0.6510 0.6706,
0.6510 0.6510 0.6706,
0.6510 0.6510 0.6706,
0.6510 0.6510 0.6706,
0.6510 0.6510 0.6706,
0.6510 0.6510 0.6706,
0.6510 0.6510 0.6706,
0.6510 0.6510 0.6706,
0.6510 0.6510 0.6706,
0.6510 0.6510 0.6706,
0.6510 0.6510 0.6706,
0.6510 0.6510 0.6706,
0.6510 0.6510 0.6706,
0.6510 0.6510 0.6706,
0.6510 0.6510 0.6706,
0.6510 0.6510 0.6706,
0.6510 0.6510 0.6706,
0.6510 0.6510 0.6706,
0.6510 0.6510 0.6706,
0.6510 0.6510 0.6706,
0.6510 0.6510 0.6706,
0.6510 0.6510 0.6706,
0.6510 0.6510 0.6706,
0.6510 0.6510 0.6706,
0.6510 0.6510 0.6706,
0.6510 0.6510 0.6706,
0.6510 0.6510 0.6706,
0.6510 0.6510 0.6706,
0.6510 0.6510 0.6706,
0.6510 0.6510 0.6706,
0.6510 0.6510 0.6706,
0.6510 0.6510 0.6706,
0.6510 0.6510 0.6706,
0.6510 0.6510 0.6706,
0.6510 0.6510 0.6706,
0.6510 0.6510 0.6706,
0.6510 0.6510 0.6706,
0.6510 0.6510 0.6706,
0.6510 0.6510 0.6706,
0.6510 0.6510 0.6706,
0.6510 0.6510 0.6706,
0.6510 0.6510 0.6706,
0.6510 0.6510 0.6706,
0.6510 0.6510 0.6706,
0.6510 0.6510 0.6706,
0.6510 0.6510 0.6706,
0.6510 0.6510 0.6706,
0.6510 0.6510 0.6706,
0.6510 0.6510 0.6706,
0.6510 0.6510 0.6706,
0.6510 0.6510 0.6706,
0.6510 0.6510 0.6706,
0.6510 0.6510 0.6706,
0.6510 0.6510 0.6706,
0.6510 0.6510 0.6706,
0.6510 0.6510 0.6706,
0.6510 0.6510 0.6706,
0.6510 0.6510 0.6706,
0.6510 0.6510 0.6706,
0.6510 0.6510 0.6706,
0.6510 0.6510 0.6706,
0.6510 0.6510 0.6706,
0.6510 0.6510 0.6706,
0.6510 0.6510 0.6706,
0.6510 0.6510 0.6706,
0.6510 0.6510 0.6706,
0.6510 0.6510 0.6706,
0.6510 0.6510 0.6706,
0.6510 0.6510 0.6706,
0.6510 0.6510 0.6706,
0.6510 0.6510 0.6706,
0.6510 0.6510 0.6706,
0.6510 0.6510 0.6706,
0.6510 0.6510 0.6706,
0.6510 0.6510 0.6706,
0.6510 0.6510 0.6706,
0.6510 0.6510 0.6706,
0.6510 0.6510 0.6706,
0.6510 0.6510 0.6706,
0.6510 0.6510 0.6706,
0.6510 0.6510 0.6706,
0.6510 0.6510 0.6706,
0.6510 0.6510 0.6706,
0.6510 0.6510 0.6706,
0.6510 0.6510 0.6706,
0.6510 0.6510 0.6706,
0.6510 0.6510 0.6706,
0.6510 0.6510 0.6706,
0.6510 0.6510 0.6706,
0.6510 0.6510 0.6706,
0.6510 0.6510 0.6706,
0.6510 0.6510 0.6706,
0.6510 0.6510 0.6706,
0.6510 0.6510 0.6706,
0.6510 0.6510 0.6706,
0.6510 0.6510 0.6706,
0.6510 0.6510 0.6706,
0.6510 0.6510 0.6706,
0.6510 0.6510 0.6706,
0.6510 0.6510 0.6706,
0.6510 0.6510 0.6706,
0.6510 0.6510 0.6706,
0.6510 0.6510 0.6706,
0.6510 0.6510 0.6706,
0.6510 0.6510 0.6706,
0.6510 0.6510 0.6706,
0.6510 0.6510 0.6706,
0.6510 0.6510 0.6706,
0.6510 0.6510 0.6706,
0.6510 0.6510 0.6706,
0.6510 0.6510 0.6706,
0.6510 0.6510 0.6706,
0.6510 0.6510 0.6706,
0.6510 0.6510 0.6706,
0.6510 0.6510 0.6706,
0.6510 0.6510 0.6706,
0.6510 0.6510 0.6706,
0.6510 0.6510 0.6706,
0.6510 0.6510 0.6706,
0.6510 0.6510 0.6706,
0.6510 0.6510 0.6706,
0.6510 0.6510 0.6706,
0.6510 0.6510 0.6706,
0.6510 0.6510 0.6706,
0.6510 0.6510 0.6706,
0.6510 0.6510 0.6706,
0.6510 0.6510 0.6706,
0.6510 0.6510 0.6706,
0.6510 0.6510 0.6706,
0.6510 0.6510 0.6706,
0.6510 0.6510 0.6706,
0.6510 0.6510 0.6706,
0.6510 0.6510 0.6706,
0.6510 0.6510 0.6706,
0.6510 0.6510 0.6706,
0.6510 0.6510 0.6706,
0.6510 0.6510 0.6706,
0.6510 0.6510 0.6706,
0.6510 0.6510 0.6706,
0.6510 0.6510 0.6706,
0.6510 0.6510 0.6706,
0.6510 0.6510 0.6706,
0.6510 0.6510 0.6706,
0.6510 0.6510 0.6706,
0.6510 0.6510 0.6706,
0.6510 0.6510 0.6706,
0.6510 0.6510 0.6706,
0.6510 0.6510 0.6706,
0.6510 0.6510 0.6706,
0.6510 0.6510 0.6706,
0.6510 0.6510 0.6706,
0.6510 0.6510 0.6706,
0.6510 0.6510 0.6706,
0.6510 0.6510 0.6706,
0.6510 0.6510 0.6706,
0.6510 0.6510 0.6706,
0.6510 0.6510 0.6706,
0.6510 0.6510 0.6706,
0.6510 0.6510 0.6706,
0.6510 0.6510 0.6706,
0.6510 0.6510 0.6706,
0.6510 0.6510 0.6706,
0.6510 0.6510 0.6706,
0.6510 0.6510 0.6706,
0.6510 0.6510 0.6706,
0.6510 0.6510 0.6706,
0.6510 0.6510 0.6706,
0.6510 0.6510 0.6706,
0.6510 0.6510 0.6706,
0.6510 0.6510 0.6706,
0.6510 0.6510 0.6706,
0.6510 0.6510 0.6706,
0.6510 0.6510 0.6706,
0.6510 0.6510 0.6706,
0.6510 0.6510 0.6706,
0.6510 0.6510 0.6706,
0.6510 0.6510 0.6706,
0.6510 0.6510 0.6706,
0.6510 0.6510 0.6706,
0.6510 0.6510 0.6706,
0.6510 0.6510 0.6706,
0.6510 0.6510 0.6706,
0.6510 0.6510 0.6706,
0.6510 0.6510 0.6706,
0.6510 0.6510 0.6706,
0.6510 0.6510 0.6706,
0.6510 0.6510 0.6706,
0.6510 0.6510 0.6706,
0.6510 0.6510 0.6706,
0.6510 0.6510 0.6706,
0.6510 0.6510 0.6706,
0.6510 0.6510 0.6706,
0.6510 0.6510 0.6706,
0.6510 0.6510 0.6706,
0.6510 0.6510 0.6706,
0.6510 0.6510 0.6706,
0.6510 0.6510 0.6706,
0.6510 0.6510 0.6706,
0.6510 0.6510 0.6706,
0.6510 0.6510 0.6706,
0.6510 0.6510 0.6706,
0.6510 0.6510 0.6706,
0.6510 0.6510 0.6706,
0.6510 0.6510 0.6706,
0.6510 0.6510 0.6706,
0.6510 0.6510 0.6706,
0.6510 0.6510 0.6706,
0.6510 0.6510 0.6706,
0.6510 0.6510 0.6706,
0.6510 0.6510 0.6706,
0.6510 0.6510 0.6706,
0.6510 0.6510 0.6706,
0.6510 0.6510 0.6706,
0.6510 0.6510 0.6706,
0.6510 0.6510 0.6706,
0.6510 0.6510 0.6706,
0.6510 0.6510 0.6706,
0.6510 0.6510 0.6706,
0.6510 0.6510 0.6706,
0.6510 0.6510 0.6706,
0.6510 0.6510 0.6706,
0.6510 0.6510 0.6706,
0.6510 0.6510 0.6706,
0.6510 0.6510 0.6706,
0.6510 0.6510 0.6706,
0.6510 0.6510 0.6706,
0.6510 0.6510 0.6706,
0.6510 0.6510 0.6706,
0.6510 0.6510 0.6706,
0.6510 0.6510 0.6706,
0.6510 0.6510 0.6706,
0.6510 0.6510 0.6706,
0.6510 0.6510 0.6706,
0.6510 0.6510 0.6706,
0.6510 0.6510 0.6706,
0.6510 0.6510 0.6706,
0.6510 0.6510 0.6706,
0.6510 0.6510 0.6706,
0.6510 0.6510 0.6706,
0.6510 0.6510 0.6706,
0.6510 0.6510 0.6706,
0.6510 0.6510 0.6706,
0.6510 0.6510 0.6706,
0.6510 0.6510 0.6706,
0.6510 0.6510 0.6706,
0.6510 0.6510 0.6706,
0.6510 0.6510 0.6706,
0.6510 0.6510 0.6706,
0.6510 0.6510 0.6706,
0.6510 0.6510 0.6706,
0.6510 0.6510 0.6706,
0.6510 0.6510 0.6706,
0.6510 0.6510 0.6706,
0.6510 0.6510 0.6706,
0.6510 0.6510 0.6706,
0.6510 0.6510 0.6706,
0.6510 0.6510 0.6706,
0.6510 0.6510 0.6706,
0.6510 0.6510 0.6706,
0.6510 0.6510 0.6706,
0.6510 0.6510 0.6706,
0.6510 0.6510 0.6706,
0.6510 0.6510 0.6706,
0.6510 0.6510 0.6706,
0.6510 0.6510 0.6706,
0.6510 0.6510 0.6706,
0.6510 0.6510 0.6706,
0.6510 0.6510 0.6706,
0.6510 0.6510 0.6706,
0.6510 0.6510 0.6706,
0.6510 0.6510 0.6706,
0.6510 0.6510 0.6706,
0.6510 0.6510 0.6706,
0.6510 0.6510 0.6706,
0.6510 0.6510 0.6706,
0.6510 0.6510 0.6706,
0.6510 0.6510 0.6706,
0.6510 0.6510 0.6706,
0.6510 0.6510 0.6706,
0.6510 0.6510 0.6706,
0.6510 0.6510 0.6706,
0.6510 0.6510 0.6706,
0.6510 0.6510 0.6706,
0.6510 0.6510 0.6706,
0.6510 0.6510 0.6706,
0.6510 0.6510 0.6706,
0.6510 0.6510 0.6706,
0.6510 0.6510 0.6706,
0.6510 0.6510 0.6706,
0.6510 0.6510 0.6706,
0.6510 0.6510 0.6706,
0.6510 0.6510 0.6706,
0.6510 0.6510 0.6706,
0.6510 0.6510 0.6706,
0.6510 0.6510 0.6706,
0.6510 0.6510 0.6706,
0.6510 0.6510 0.6706,
0.6510 0.6510 0.6706,
0.6510 0.6510 0.6706,
0.6510 0.6510 0.6706,
0.6510 0.6510 0.6706,
0.6510 0.6510 0.6706,
0.6510 0.6510 0.6706,
0.6510 0.6510 0.6706,
0.6510 0.6510 0.6706,
0.6510 0.6510 0.6706,
0.6510 0.6510 0.6706,
0.6510 0.6510 0.6706,
0.6510 0.6510 0.6706,
0.6510 0.6510 0.6706,
0.6510 0.6510 0.6706,
0.6510 0.6510 0.6706,
0.6510 0.6510 0.6706,
0.6510 0.6510 0.6706,
0.6510 0.6510 0.6706,
0.6510 0.6510 0.6706,
0.6510 0.6510 0.6706,
0.6510 0.6510 0.6706,
0.6510 0.6510 0.6706,
0.6510 0.6510 0.6706,
0.6510 0.6510 0.6706,
0.6510 0.6510 0.6706,
0.6510 0.6510 0.6706,
0.6510 0.6510 0.6706,
0.6510 0.6510 0.6706,
0.6510 0.6510 0.6706,
0.6510 0.6510 0.6706,
0.6510 0.6510 0.6706,
0.6510 0.6510 0.6706,
0.6510 0.6510 0.6706,
0.6510 0.6510 0.6706,
0.6510 0.6510 0.6706,
0.6510 0.6510 0.6706,
0.6510 0.6510 0.6706,
0.6510 0.6510 0.6706,
0.6510 0.6510 0.6706,
0.6510 0.6510 0.6706,
0.6510 0.6510 0.6706,
0.6510 0.6510 0.6706,
0.6510 0.6510 0.6706,
0.6510 0.6510 0.6706,
0.6510 0.6510 0.6706,
0.6510 0.6510 0.6706,
0.6510 0.6510 0.6706,
0.6510 0.6510 0.6706,
0.6510 0.6510 0.6706,
0.6510 0.6510 0.6706,
0.6510 0.6510 0.6706,
0.6510 0.6510 0.6706,
0.6510 0.6510 0.6706,
0.6510 0.6510 0.6706,
0.6510 0.6510 0.6706,
0.6510 0.6510 0.6706,
0.6510 0.6510 0.6706,
0.6510 0.6510 0.6706,
0.6510 0.6510 0.6706,
0.6510 0.6510 0.6706,
0.6510 0.6510 0.6706,
0.6510 0.6510 0.6706,
0.6510 0.6510 0.6706,
0.6510 0.6510 0.6706,
0.6510 0.6510 0.6706,
0.6510 0.6510 0.6706,
0.6510 0.6510 0.6706,
0.6510 0.6510 0.6706,
0.6510 0.6510 0.6706,
0.6510 0.6510 0.6706,
0.6510 0.6510 0.6706,
0.6510 0.6510 0.6706,
0.6510 0.6510 0.6706,
0.6510 0.6510 0.6706,
0.6510 0.6510 0.6706,
0.6510 0.6510 0.6706,
0.6510 0.6510 0.6706,
0.6510 0.6510 0.6706,
0.6510 0.6510 0.6706,
0.6510 0.6510 0.6706,
0.6510 0.6510 0.6706,
0.6510 0.6510 0.6706,
0.6510 0.6510 0.6706,
0.6510 0.6510 0.6706,
0.6510 0.6510 0.6706,
0.6510 0.6510 0.6706,
0.6510 0.6510 0.6706,
0.6510 0.6510 0.6706,
0.6510 0.6510 0.6706,
0.6510 0.6510 0.6706,
0.6510 0.6510 0.6706,
0.6510 0.6510 0.6706,
0.6510 0.6510 0.6706,
0.6510 0.6510 0.6706,
0.6510 0.6510 0.6706,
0.6510 0.6510 0.6706,
0.6510 0.6510 0.6706,
0.6510 0.6510 0.6706,
0.6510 0.6510 0.6706,
0.6510 0.6510 0.6706,
0.6510 0.6510 0.6706,
0.6510 0.6510 0.6706,
0.6510 0.6510 0.6706,
0.6510 0.6510 0.6706,
0.6510 0.6510 0.6706,
0.6510 0.6510 0.6706,
0.6510 0.6510 0.6706,
0.6510 0.6510 0.6706,
0.6510 0.6510 0.6706,
0.6510 0.6510 0.6706,
0.6510 0.6510 0.6706,
0.6510 0.6510 0.6706,
0.6510 0.6510 0.6706,
0.6510 0.6510 0.6706,
0.6510 0.6510 0.6706,
0.6510 0.6510 0.6706,
0.6510 0.6510 0.6706,
0.6510 0.6510 0.6706,
0.6510 0.6510 0.6706,
0.6510 0.6510 0.6706,
0.6510 0.6510 0.6706,
0.6510 0.6510 0.6706,
0.6510 0.6510 0.6706,
0.6510 0.6510 0.6706,
0.6510 0.6510 0.6706,
0.6510 0.6510 0.6706,
0.6510 0.6510 0.6706,
0.6510 0.6510 0.6706,
0.6510 0.6510 0.6706,
0.6510 0.6510 0.6706,
0.6510 0.6510 0.6706,
0.6510 0.6510 0.6706,
0.6510 0.6510 0.6706,
0.6510 0.6510 0.6706,
0.6510 0.6510 0.6706,
0.6510 0.6510 0.6706,
0.6510 0.6510 0.6706,
0.6510 0.6510 0.6706,
0.6510 0.6510 0.6706,
0.6510 0.6510 0.6706,
0.6510 0.6510 0.6706,
0.6510 0.6510 0.6706,
0.6510 0.6510 0.6706,
0.6510 0.6510 0.6706,
0.6510 0.6510 0.6706,
0.6510 0.6510 0.6706,
0.6510 0.6510 0.6706,
0.6510 0.6510 0.6706,
0.6510 0.6510 0.6706,
0.6510 0.6510 0.6706,
0.6510 0.6510 0.6706,
0.6510 0.6510 0.6706,
0.6510 0.6510 0.6706,
0.6510 0.6510 0.6706,
0.6510 0.6510 0.6706,
0.6510 0.6510 0.6706,
0.6510 0.6510 0.6706,
0.6510 0.6510 0.6706,
0.6510 0.6510 0.6706,
0.6510 0.6510 0.6706,
0.6510 0.6510 0.6706,
0.6510 0.6510 0.6706,
0.6510 0.6510 0.6706,
0.6510 0.6510 0.6706,
0.6510 0.6510 0.6706,
0.6510 0.6510 0.6706,
0.6510 0.6510 0.6706,
0.6510 0.6510 0.6706,
0.6510 0.6510 0.6706,
0.6510 0.6510 0.6706,
0.6510 0.6510 0.6706,
0.6510 0.6510 0.6706,
0.6510 0.6510 0.6706,
0.6510 0.6510 0.6706,
0.6510 0.6510 0.6706,
0.6510 0.6510 0.6706,
0.6510 0.6510 0.6706,
0.6510 0.6510 0.6706,
0.6510 0.6510 0.6706,
0.6510 0.6510 0.6706,
0.6510 0.6510 0.6706,
0.6510 0.6510 0.6706,
0.6510 0.6510 0.6706,
0.6510 0.6510 0.6706,
0.6510 0.6510 0.6706,
0.6510 0.6510 0.6706,
0.6510 0.6510 0.6706,
0.6510 0.6510 0.6706,
0.6510 0.6510 0.6706,
0.6510 0.6510 0.6706,
0.6510 0.6510 0.6706,
0.6510 0.6510 0.6706,
0.6510 0.6510 0.6706,
0.6510 0.6510 0.6706,
0.6510 0.6510 0.6706,
0.6510 0.6510 0.6706,
0.6510 0.6510 0.6706,
0.6510 0.6510 0.6706,
0.6510 0.6510 0.6706,
0.6510 0.6510 0.6706,
0.6510 0.6510 0.6706,
0.6510 0.6510 0.6706,
0.6510 0.6510 0.6706,
0.6510 0.6510 0.6706,
0.6510 0.6510 0.6706,
0.6510 0.6510 0.6706,
0.6510 0.6510 0.6706,
0.6510 0.6510 0.6706,
0.6510 0.6510 0.6706,
0.6510 0.6510 0.6706,
0.6510 0.6510 0.6706,
0.6510 0.6510 0.6706,
0.6510 0.6510 0.6706,
0.6510 0.6510 0.6706,
0.6510 0.6510 0.6706,
0.6510 0.6510 0.6706,
0.6510 0.6510 0.6706,
0.6510 0.6510 0.6706,
0.6510 0.6510 0.6706,
0.6510 0.6510 0.6706,
0.6510 0.6510 0.6706,
0.6510 0.6510 0.6706,
0.6510 0.6510 0.6706,
0.6510 0.6510 0.6706,
0.6510 0.6510 0.6706,
0.6510 0.6510 0.6706,
0.6510 0.6510 0.6706,
0.6510 0.6510 0.6706,
0.6510 0.6510 0.6706,
0.6510 0.6510 0.6706,
0.6510 0.6510 0.6706,
0.6510 0.6510 0.6706,
0.6510 0.6510 0.6706,
0.6510 0.6510 0.6706,
0.6510 0.6510 0.6706,
0.6510 0.6510 0.6706,
0.6510 0.6510 0.6706,
0.6510 0.6510 0.6706,
0.6510 0.6510 0.6706,
0.6510 0.6510 0.6706,
0.6510 0.6510 0.6706,
0.6510 0.6510 0.6706,
0.6510 0.6510 0.6706,
0.6510 0.6510 0.6706,
0.6510 0.6510 0.6706,
0.6510 0.6510 0.6706,
0.6510 0.6510 0.6706,
0.6510 0.6510 0.6706,
0.6510 0.6510 0.6706,
0.6510 0.6510 0.6706,
0.6510 0.6510 0.6706,
0.6510 0.6510 0.6706,
0.6510 0.6510 0.6706,
0.6510 0.6510 0.6706,
0.6510 0.6510 0.6706,
0.6510 0.6510 0.6706,
0.6510 0.6510 0.6706,
0.6510 0.6510 0.6706,
0.6510 0.6510 0.6706,
0.6510 0.6510 0.6706,
0.6510 0.6510 0.6706,
0.6510 0.6510 0.6706,
0.6510 0.6510 0.6706,
0.6510 0.6510 0.6706,
0.6510 0.6510 0.6706,
0.6510 0.6510 0.6706,
0.6510 0.6510 0.6706,
0.6510 0.6510 0.6706,
0.6510 0.6510 0.6706,
0.6510 0.6510 0.6706,
0.6510 0.6510 0.6706,
0.6510 0.6510 0.6706,
0.6510 0.6510 0.6706,
0.6510 0.6510 0.6706,
0.6510 0.6510 0.6706,
0.6510 0.6510 0.6706,
0.6510 0.6510 0.6706,
0.6510 0.6510 0.6706,
0.6510 0.6510 0.6706,
0.6510 0.6510 0.6706,
0.6510 0.6510 0.6706,
0.6510 0.6510 0.6706,
0.6510 0.6510 0.6706,
0.6510 0.6510 0.6706,
0.6510 0.6510 0.6706,
0.6510 0.6510 0.6706,
0.6510 0.6510 0.6706,
0.6510 0.6510 0.6706,
0.6510 0.6510 0.6706,
0.6510 0.6510 0.6706,
0.6510 0.6510 0.6706,
0.6510 0.6510 0.6706,
0.6510 0.6510 0.6706,
0.6510 0.6510 0.6706,
0.6510 0.6510 0.6706,
0.6510 0.6510 0.6706,
0.6510 0.6510 0.6706,
0.6510 0.6510 0.6706,
0.6510 0.6510 0.6706,
0.6510 0.6510 0.6706,
0.6510 0.6510 0.6706,
0.6510 0.6510 0.6706,
0.6510 0.6510 0.6706,
0.6510 0.6510 0.6706,
0.6510 0.6510 0.6706,
0.6510 0.6510 0.6706,
0.6510 0.6510 0.6706,
0.6510 0.6510 0.6706,
0.6510 0.6510 0.6706,
0.6510 0.6510 0.6706,
0.6510 0.6510 0.6706,
0.6510 0.6510 0.6706,
0.6510 0.6510 0.6706,
0.6510 0.6510 0.6706,
0.6510 0.6510 0.6706,
0.6510 0.6510 0.6706,
0.6510 0.6510 0.6706,
0.6510 0.6510 0.6706,
0.6510 0.6510 0.6706,
0.6510 0.6510 0.6706,
0.6510 0.6510 0.6706,
0.6510 0.6510 0.6706,
0.6510 0.6510 0.6706,
0.6510 0.6510 0.6706,
0.6510 0.6510 0.6706,
0.6510 0.6510 0.6706,
0.6510 0.6510 0.6706,
0.6510 0.6510 0.6706,
0.6510 0.6510 0.6706,
0.6510 0.6510 0.6706,
0.6510 0.6510 0.6706,
0.6510 0.6510 0.6706,
0.6510 0.6510 0.6706,
0.6510 0.6510 0.6706,
0.6510 0.6510 0.6706,
0.6510 0.6510 0.6706,
0.6510 0.6510 0.6706,
0.6510 0.6510 0.6706,
0.6510 0.6510 0.6706,
0.6510 0.6510 0.6706,
0.6510 0.6510 0.6706,
0.6510 0.6510 0.6706,
0.6510 0.6510 0.6706,
0.6510 0.6510 0.6706,
0.6510 0.6510 0.6706,
0.6510 0.6510 0.6706,
0.6510 0.6510 0.6706,
0.6510 0.6510 0.6706,
0.6510 0.6510 0.6706,
0.6510 0.6510 0.6706,
0.6510 0.6510 0.6706,
0.6510 0.6510 0.6706,
0.6510 0.6510 0.6706,
0.6510 0.6510 0.6706,
0.6510 0.6510 0.6706,
0.6510 0.6510 0.6706,
0.6510 0.6510 0.6706,
0.6510 0.6510 0.6706,
0.6510 0.6510 0.6706,
0.6510 0.6510 0.6706,
0.6510 0.6510 0.6706,
0.6510 0.6510 0.6706,
0.6510 0.6510 0.6706,
0.6510 0.6510 0.6706,
0.6510 0.6510 0.6706,
0.6510 0.6510 0.6706,
0.6510 0.6510 0.6706,
0.6510 0.6510 0.6706,
0.6510 0.6510 0.6706,
0.6510 0.6510 0.6706,
0.6510 0.6510 0.6706,
0.6510 0.6510 0.6706,
0.6510 0.6510 0.6706,
0.6510 0.6510 0.6706,
0.6510 0.6510 0.6706,
0.6510 0.6510 0.6706,
0.6510 0.6510 0.6706,
0.6510 0.6510 0.6706,
0.6510 0.6510 0.6706,
0.6510 0.6510 0.6706,
0.6510 0.6510 0.6706,
0.6510 0.6510 0.6706,
0.6510 0.6510 0.6706,
0.6510 0.6510 0.6706,
0.6510 0.6510 0.6706,
0.6510 0.6510 0.6706,
0.6510 0.6510 0.6706,
0.6510 0.6510 0.6706,
0.6510 0.6510 0.6706,
0.6510 0.6510 0.6706,
0.6510 0.6510 0.6706,
0.6510 0.6510 0.6706,
0.6510 0.6510 0.6706,
0.6510 0.6510 0.6706,
0.6510 0.6510 0.6706,
0.6510 0.6510 0.6706,
0.6510 0.6510 0.6706,
0.6510 0.6510 0.6706,
0.6510 0.6510 0.6706,
0.6510 0.6510 0.6706,
0.6510 0.6510 0.6706,
0.6510 0.6510 0.6706,
0.6510 0.6510 0.6706,
0.6510 0.6510 0.6706,
0.6510 0.6510 0.6706,
0.6510 0.6510 0.6706,
0.6510 0.6510 0.6706,
0.6510 0.6510 0.6706,
0.6510 0.6510 0.6706,
0.6510 0.6510 0.6706,
0.6510 0.6510 0.6706,
0.6510 0.6510 0.6706,
0.6510 0.6510 0.6706,
0.6510 0.6510 0.6706,
0.6510 0.6510 0.6706,
0.6510 0.6510 0.6706,
0.6510 0.6510 0.6706,
0.6510 0.6510 0.6706,
0.6510 0.6510 0.6706,
0.6510 0.6510 0.6706,
0.6510 0.6510 0.6706,
0.6510 0.6510 0.6706,
0.6510 0.6510 0.6706,
0.6510 0.6510 0.6706,
0.6510 0.6510 0.6706,
0.6510 0.6510 0.6706,
0.6510 0.6510 0.6706,
0.6510 0.6510 0.6706,
0.6510 0.6510 0.6706,
0.6510 0.6510 0.6706,
0.6510 0.6510 0.6706,
0.6510 0.6510 0.6706,
0.6510 0.6510 0.6706,
0.6510 0.6510 0.6706,
0.6510 0.6510 0.6706,
0.6510 0.6510 0.6706,
0.6510 0.6510 0.6706,
0.6510 0.6510 0.6706,
0.6510 0.6510 0.6706,
0.6510 0.6510 0.6706,
0.6510 0.6510 0.6706,
0.6510 0.6510 0.6706,
0.6510 0.6510 0.6706,
0.6510 0.6510 0.6706,
0.6510 0.6510 0.6706,
0.6510 0.6510 0.6706,
0.6510 0.6510 0.6706,
0.6510 0.6510 0.6706,
0.6510 0.6510 0.6706,
0.6510 0.6510 0.6706,
0.6510 0.6510 0.6706,
0.6510 0.6510 0.6706,
0.6510 0.6510 0.6706,
0.6510 0.6510 0.6706,
0.6510 0.6510 0.6706,
0.6510 0.6510 0.6706,
0.6510 0.6510 0.6706,
0.6510 0.6510 0.6706,
0.6510 0.6510 0.6706,
0.6510 0.6510 0.6706,
0.6510 0.6510 0.6706,
0.6510 0.6510 0.6706,
0.6510 0.6510 0.6706,
0.6510 0.6510 0.6706,
0.6510 0.6510 0.6706,
0.6510 0.6510 0.6706,
0.6510 0.6510 0.6706,
0.6510 0.6510 0.6706,
0.6510 0.6510 0.6706,
0.6510 0.6510 0.6706,
0.6510 0.6510 0.6706,
0.6510 0.6510 0.6706,
0.6510 0.6510 0.6706,
0.6510 0.6510 0.6706,
0.6510 0.6510 0.6706,
0.6510 0.6510 0.6706,
0.6510 0.6510 0.6706,
0.6510 0.6510 0.6706,
0.6510 0.6510 0.6706,
0.6510 0.6510 0.6706,
0.6510 0.6510 0.6706,
0.6510 0.6510 0.6706,
0.6510 0.6510 0.6706,
0.6510 0.6510 0.6706,
0.6510 0.6510 0.6706,
0.6510 0.6510 0.6706,
0.6510 0.6510 0.6706,
0.6510 0.6510 0.6706,
0.6510 0.6510 0.6706,
0.6510 0.6510 0.6706,
0.6510 0.6510 0.6706,
0.6510 0.6510 0.6706,
0.6510 0.6510 0.6706,
0.6510 0.6510 0.6706,
0.6510 0.6510 0.6706,
0.6510 0.6510 0.6706,
0.6510 0.6510 0.6706,
0.6510 0.6510 0.6706,
0.6510 0.6510 0.6706,
0.6510 0.6510 0.6706,
0.6510 0.6510 0.6706,
0.6510 0.6510 0.6706,
0.6510 0.6510 0.6706,
0.6510 0.6510 0.6706,
0.6510 0.6510 0.6706,
0.6510 0.6510 0.6706,
0.6510 0.6510 0.6706,
0.6510 0.6510 0.6706,
0.6510 0.6510 0.6706,
0.6510 0.6510 0.6706,
0.6510 0.6510 0.6706,
0.6510 0.6510 0.6706,
0.6510 0.6510 0.6706,
0.6510 0.6510 0.6706,
0.6510 0.6510 0.6706,
0.6510 0.6510 0.6706,
0.6510 0.6510 0.6706,
0.6510 0.6510 0.6706,
0.6510 0.6510 0.6706,
0.6510 0.6510 0.6706,
0.6510 0.6510 0.6706,
0.6510 0.6510 0.6706,
0.6510 0.6510 0.6706,
0.6510 0.6510 0.6706,
0.6510 0.6510 0.6706,
0.6510 0.6510 0.6706,
0.6510 0.6510 0.6706,
0.6510 0.6510 0.6706,
0.6510 0.6510 0.6706,
0.6510 0.6510 0.6706,
0.6510 0.6510 0.6706,
0.6510 0.6510 0.6706,
0.6510 0.6510 0.6706,
0.6510 0.6510 0.6706,
0.6510 0.6510 0.6706,
0.6510 0.6510 0.6706,
0.6510 0.6510 0.6706,
0.6510 0.6510 0.6706,
0.6510 0.6510 0.6706,
0.6510 0.6510 0.6706,
0.6510 0.6510 0.6706,
0.6510 0.6510 0.6706,
0.6510 0.6510 0.6706,
0.6510 0.6510 0.6706,
0.6510 0.6510 0.6706,
0.6510 0.6510 0.6706,
0.6510 0.6510 0.6706,
0.6510 0.6510 0.6706,
0.6510 0.6510 0.6706,
0.6510 0.6510 0.6706,
0.6510 0.6510 0.6706,
0.6510 0.6510 0.6706,
0.6510 0.6510 0.6706,
0.6510 0.6510 0.6706,
0.6510 0.6510 0.6706,
0.6510 0.6510 0.6706,
0.6510 0.6510 0.6706,
0.6510 0.6510 0.6706,
0.6510 0.6510 0.6706,
0.6510 0.6510 0.6706,
0.6510 0.6510 0.6706,
0.6510 0.6510 0.6706,
0.6510 0.6510 0.6706,
0.6510 0.6510 0.6706,
0.6510 0.6510 0.6706,
0.6510 0.6510 0.6706,
0.6510 0.6510 0.6706,
0.6510 0.6510 0.6706,
0.6510 0.6510 0.6706,
0.6510 0.6510 0.6706,
0.6510 0.6510 0.6706,
0.6510 0.6510 0.6706,
0.6510 0.6510 0.6706,
0.6510 0.6510 0.6706,
0.6510 0.6510 0.6706,
0.6510 0.6510 0.6706,
0.6510 0.6510 0.6706,
0.6510 0.6510 0.6706,
0.6510 0.6510 0.6706,
0.6510 0.6510 0.6706,
0.6510 0.6510 0.6706,
0.6510 0.6510 0.6706,
0.6510 0.6510 0.6706,
0.6510 0.6510 0.6706,
0.6510 0.6510 0.6706,
0.6510 0.6510 0.6706,
0.6510 0.6510 0.6706,
0.6510 0.6510 0.6706,
0.6510 0.6510 0.6706,
0.6510 0.6510 0.6706,
0.6510 0.6510 0.6706,
0.6510 0.6510 0.6706,
0.6510 0.6510 0.6706,
0.6510 0.6510 0.6706,
0.6510 0.6510 0.6706,
0.6510 0.6510 0.6706,
0.6510 0.6510 0.6706,
0.6510 0.6510 0.6706,
0.6510 0.6510 0.6706,
0.6510 0.6510 0.6706,
0.6510 0.6510 0.6706,
0.6510 0.6510 0.6706,
0.6510 0.6510 0.6706,
0.6510 0.6510 0.6706,
0.6510 0.6510 0.6706,
0.6510 0.6510 0.6706,
0.6510 0.6510 0.6706,
0.6510 0.6510 0.6706,
0.6510 0.6510 0.6706,
0.6510 0.6510 0.6706,
0.6510 0.6510 0.6706,
0.6510 0.6510 0.6706,
0.6510 0.6510 0.6706,
0.6510 0.6510 0.6706,
0.6510 0.6510 0.6706,
0.6510 0.6510 0.6706,
0.6510 0.6510 0.6706,
0.6510 0.6510 0.6706,
0.6510 0.6510 0.6706,
0.6510 0.6510 0.6706,
0.6510 0.6510 0.6706,
0.6510 0.6510 0.6706,
0.6510 0.6510 0.6706,
0.6510 0.6510 0.6706,
0.6510 0.6510 0.6706,
0.6510 0.6510 0.6706,
0.6510 0.6510 0.6706,
0.6510 0.6510 0.6706,
0.6510 0.6510 0.6706,
0.6510 0.6510 0.6706,
0.6510 0.6510 0.6706,
0.6510 0.6510 0.6706,
0.6510 0.6510 0.6706,
0.6510 0.6510 0.6706,
0.6510 0.6510 0.6706,
0.6510 0.6510 0.6706,
0.6510 0.6510 0.6706,
0.6510 0.6510 0.6706,
0.6510 0.6510 0.6706,
0.6510 0.6510 0.6706,
0.6510 0.6510 0.6706,
0.6510 0.6510 0.6706,
0.6510 0.6510 0.6706,
0.6510 0.6510 0.6706,
0.6510 0.6510 0.6706,
0.6510 0.6510 0.6706,
0.6510 0.6510 0.6706,
0.6510 0.6510 0.6706,
0.6510 0.6510 0.6706,
0.6510 0.6510 0.6706,
0.6510 0.6510 0.6706,
0.6510 0.6510 0.6706,
0.6510 0.6510 0.6706,
0.6510 0.6510 0.6706,
0.6510 0.6510 0.6706,
0.6510 0.6510 0.6706,
0.6510 0.6510 0.6706,
0.6510 0.6510 0.6706,
0.6510 0.6510 0.6706,
0.6510 0.6510 0.6706,
0.6510 0.6510 0.6706,
0.6510 0.6510 0.6706,
0.6510 0.6510 0.6706,
0.6510 0.6510 0.6706,
0.6510 0.6510 0.6706,
0.6510 0.6510 0.6706,
0.6510 0.6510 0.6706,
0.6510 0.6510 0.6706,
0.6510 0.6510 0.6706,
0.6510 0.6510 0.6706,
0.6510 0.6510 0.6706,
0.6510 0.6510 0.6706,
0.6510 0.6510 0.6706,
0.6510 0.6510 0.6706,
0.6510 0.6510 0.6706,
0.6510 0.6510 0.6706,
0.6510 0.6510 0.6706,
0.6510 0.6510 0.6706,
0.6510 0.6510 0.6706,
0.6510 0.6510 0.6706,
0.6510 0.6510 0.6706,
0.6510 0.6510 0.6706,
0.6510 0.6510 0.6706,
0.6510 0.6510 0.6706,
0.6510 0.6510 0.6706,
0.6510 0.6510 0.6706,
0.6510 0.6510 0.6706,
0.6510 0.6510 0.6706,
0.6510 0.6510 0.6706,
0.6510 0.6510 0.6706,
0.6510 0.6510 0.6706,
0.6510 0.6510 0.6706,
0.6510 0.6510 0.6706,
0.6510 0.6510 0.6706,
0.6510 0.6510 0.6706,
0.6510 0.6510 0.6706,
0.6510 0.6510 0.6706,
0.6510 0.6510 0.6706,
0.6510 0.6510 0.6706,
0.6510 0.6510 0.6706,
0.6510 0.6510 0.6706,
0.6510 0.6510 0.6706,
0.6510 0.6510 0.6706,
0.6510 0.6510 0.6706,
0.6510 0.6510 0.6706,
0.6510 0.6510 0.6706,
0.6510 0.6510 0.6706,
0.6510 0.6510 0.6706,
0.6510 0.6510 0.6706,
0.6510 0.6510 0.6706,
0.6510 0.6510 0.6706,
0.6510 0.6510 0.6706,
0.6510 0.6510 0.6706,
0.6510 0.6510 0.6706,
0.6510 0.6510 0.6706,
0.6510 0.6510 0.6706,
0.6510 0.6510 0.6706,
0.6510 0.6510 0.6706,
0.6510 0.6510 0.6706,
0.6510 0.6510 0.6706,
0.6510 0.6510 0.6706,
0.6510 0.6510 0.6706,
0.6510 0.6510 0.6706,
0.6510 0.6510 0.6706,
0.6510 0.6510 0.6706,
0.6510 0.6510 0.6706,
0.6510 0.6510 0.6706,
0.6510 0.6510 0.6706,
0.6510 0.6510 0.6706,
0.6510 0.6510 0.6706,
0.6510 0.6510 0.6706,
0.6510 0.6510 0.6706,
0.6510 0.6510 0.6706,
0.6510 0.6510 0.6706,
0.6510 0.6510 0.6706,
0.6510 0.6510 0.6706,
0.6510 0.6510 0.6706,
0.6510 0.6510 0.6706,
0.6510 0.6510 0.6706,
0.6510 0.6510 0.6706,
0.6510 0.6510 0.6706,
0.6510 0.6510 0.6706,
0.6510 0.6510 0.6706,
0.6510 0.6510 0.6706,
0.6510 0.6510 0.6706,
0.6510 0.6510 0.6706,
0.6510 0.6510 0.6706,
0.6510 0.6510 0.6706,
0.6510 0.6510 0.6706,
0.6510 0.6510 0.6706,
0.6510 0.6510 0.6706,
0.6510 0.6510 0.6706,
0.6510 0.6510 0.6706,
0.6510 0.6510 0.6706,
0.6510 0.6510 0.6706,
0.6510 0.6510 0.6706,
0.6510 0.6510 0.6706,
0.6510 0.6510 0.6706,
0.6510 0.6510 0.6706,
0.6510 0.6510 0.6706,
0.6510 0.6510 0.6706,
0.6510 0.6510 0.6706,
0.6510 0.6510 0.6706,
0.6510 0.6510 0.6706,
0.6510 0.6510 0.6706,
0.6510 0.6510 0.6706,
0.6510 0.6510 0.6706,
0.6510 0.6510 0.6706,
0.6510 0.6510 0.6706,
0.6510 0.6510 0.6706,
0.6510 0.6510 0.6706,
0.6510 0.6510 0.6706,
0.6510 0.6510 0.6706,
0.6510 0.6510 0.6706,
0.6510 0.6510 0.6706,
0.6510 0.6510 0.6706,
0.6510 0.6510 0.6706,
0.6510 0.6510 0.6706,
0.6510 0.6510 0.6706,
0.6510 0.6510 0.6706,
0.6510 0.6510 0.6706,
0.6510 0.6510 0.6706,
0.6510 0.6510 0.6706,
0.6510 0.6510 0.6706,
0.6510 0.6510 0.6706,
0.6510 0.6510 0.6706,
  ] } 
  normalPerVertex TRUE
  normal Normal {
   vector [
-0.3255 0.7684 0.5510,
-0.2950 0.8249 0.4822,
-0.3556 0.4508 0.8187,
0.1186 0.5072 0.8536,
-0.3556 0.4508 0.8187,
-0.2950 0.8249 0.4822,
0.2227 0.8482 0.4805,
0.1186 0.5072 0.8536,
-0.2950 0.8249 0.4822,
0.0586 0.9967 -0.0566,
0.2227 0.8482 0.4805,
-0.2950 0.8249 0.4822,
0.2496 0.9610 0.1189,
0.2227 0.8482 0.4805,
0.0586 0.9967 -0.0566,
-0.0147 0.8654 -0.5009,
0.2496 0.9610 0.1189,
0.0586 0.9967 -0.0566,
-0.1534 0.9349 -0.3201,
-0.0147 0.8654 -0.5009,
0.0586 0.9967 -0.0566,
-0.4674 0.8784 0.0995,
-0.1534 0.9349 -0.3201,
0.0586 0.9967 -0.0566,
-0.5903 0.8046 -0.0639,
-0.1534 0.9349 -0.3201,
-0.4674 0.8784 0.0995,
-0.5822 0.8130 -0.0107,
-0.5903 0.8046 -0.0639,
-0.4674 0.8784 0.0995,
-0.4455 0.8361 0.3201,
-0.5822 0.8130 -0.0107,
-0.4674 0.8784 0.0995,
-0.5162 0.8271 0.2223,
-0.5822 0.8130 -0.0107,
-0.4455 0.8361 0.3201,
-0.4175 0.8001 0.4307,
-0.5162 0.8271 0.2223,
-0.4455 0.8361 0.3201,
-0.4254 0.8344 0.3505,
-0.5162 0.8271 0.2223,
-0.4175 0.8001 0.4307,
-0.2713 0.7883 0.5523,
-0.4254 0.8344 0.3505,
-0.4175 0.8001 0.4307,
-0.4366 0.7669 0.4705,
-0.2713 0.7883 0.5523,
-0.4175 0.8001 0.4307,
-0.2965 0.6818 0.6688,
-0.2713 0.7883 0.5523,
-0.4366 0.7669 0.4705,
-0.3880 0.5523 0.7379,
-0.2965 0.6818 0.6688,
-0.4366 0.7669 0.4705,
-0.3044 0.6348 0.7102,
-0.2965 0.6818 0.6688,
-0.3880 0.5523 0.7379,
-0.5392 0.5159 0.6656,
-0.3044 0.6348 0.7102,
-0.3880 0.5523 0.7379,
-0.4490 0.5349 0.7157,
-0.3044 0.6348 0.7102,
-0.5392 0.5159 0.6656,
-0.5045 0.3036 0.8083,
-0.4490 0.5349 0.7157,
-0.5392 0.5159 0.6656,
-0.3107 0.5354 0.7854,
-0.5045 0.3036 0.8083,
-0.5392 0.5159 0.6656,
-0.2632 0.3493 0.8993,
-0.5045 0.3036 0.8083,
-0.3107 0.5354 0.7854,
-0.4424 0.2222 0.8689,
-0.5045 0.3036 0.8083,
-0.2632 0.3493 0.8993,
-0.3426 0.0758 0.9364,
-0.4424 0.2222 0.8689,
-0.2632 0.3493 0.8993,
0.0742 0.1866 0.9796,
-0.3426 0.0758 0.9364,
-0.2632 0.3493 0.8993,
0.1496 -0.3002 0.9421,
-0.3426 0.0758 0.9364,
0.0742 0.1866 0.9796,
0.3972 0.2323 0.8878,
0.1496 -0.3002 0.9421,
0.0742 0.1866 0.9796,
0.1977 -0.1616 0.9668,
0.1496 -0.3002 0.9421,
0.3972 0.2323 0.8878,
0.1929 0.4312 0.8814,
0.1977 -0.1616 0.9668,
0.3972 0.2323 0.8878,
0.3825 0.6740 0.6320,
0.1929 0.4312 0.8814,
0.3972 0.2323 0.8878,
0.0708 0.8784 0.4726,
0.1929 0.4312 0.8814,
0.3825 0.6740 0.6320,
-0.3100 0.5939 0.7424,
0.1929 0.4312 0.8814,
0.0708 0.8784 0.4726,
-0.5136 0.8098 0.2835,
-0.3100 0.5939 0.7424,
0.0708 0.8784 0.4726,
-0.0784 0.9901 -0.1166,
-0.5136 0.8098 0.2835,
0.0708 0.8784 0.4726,
-0.5638 0.7839 -0.2601,
-0.5136 0.8098 0.2835,
-0.0784 0.9901 -0.1166,
-0.1760 0.7141 -0.6776,
-0.5638 0.7839 -0.2601,
-0.0784 0.9901 -0.1166,
-0.7065 0.3786 -0.5979,
-0.5638 0.7839 -0.2601,
-0.1760 0.7141 -0.6776,
-0.3438 0.4227 -0.8385,
-0.7065 0.3786 -0.5979,
-0.1760 0.7141 -0.6776,
-0.6712 -0.1094 -0.7331,
-0.7065 0.3786 -0.5979,
-0.3438 0.4227 -0.8385,
-0.6204 -0.2742 -0.7348,
-0.6712 -0.1094 -0.7331,
-0.3438 0.4227 -0.8385,
-0.6969 0.3148 -0.6444,
-0.6204 -0.2742 -0.7348,
-0.3438 0.4227 -0.8385,
-0.9261 -0.0776 -0.3693,
-0.6204 -0.2742 -0.7348,
-0.6969 0.3148 -0.6444,
-0.7015 -0.5376 -0.4679,
-0.6204 -0.2742 -0.7348,
-0.9261 -0.0776 -0.3693,
-0.8716 -0.4877 0.0501,
-0.7015 -0.5376 -0.4679,
-0.9261 -0.0776 -0.3693,
-0.9897 -0.1318 0.0552,
-0.8716 -0.4877 0.0501,
-0.9261 -0.0776 -0.3693,
-0.9762 -0.1037 0.1903,
-0.8716 -0.4877 0.0501,
-0.9897 -0.1318 0.0552,
-0.9908 -0.1346 -0.0173,
-0.9762 -0.1037 0.1903,
-0.9897 -0.1318 0.0552,
-0.9785 0.0278 -0.2043,
-0.9908 -0.1346 -0.0173,
-0.9897 -0.1318 0.0552,
-0.9088 0.2749 -0.3139,
-0.9785 0.0278 -0.2043,
-0.9897 -0.1318 0.0552,
-0.9261 -0.0776 -0.3693,
-0.9088 0.2749 -0.3139,
-0.9897 -0.1318 0.0552,
-0.6969 0.3148 -0.6444,
-0.9088 0.2749 -0.3139,
-0.9261 -0.0776 -0.3693,
-0.9775 0.2081 -0.0334,
-0.9785 0.0278 -0.2043,
-0.9088 0.2749 -0.3139,
-0.8832 0.4648 -0.0630,
-0.9775 0.2081 -0.0334,
-0.9088 0.2749 -0.3139,
-0.8613 0.0366 0.5069,
-0.9775 0.2081 -0.0334,
-0.8832 0.4648 -0.0630,
-0.9983 -0.0436 0.0384,
-0.9775 0.2081 -0.0334,
-0.8613 0.0366 0.5069,
-0.8329 -0.4626 0.3038,
-0.9983 -0.0436 0.0384,
-0.8613 0.0366 0.5069,
-0.9747 -0.1872 -0.1223,
-0.9983 -0.0436 0.0384,
-0.8329 -0.4626 0.3038,
-0.7412 -0.6697 0.0461,
-0.9747 -0.1872 -0.1223,
-0.8329 -0.4626 0.3038,
-0.6961 -0.5250 0.4897,
-0.7412 -0.6697 0.0461,
-0.8329 -0.4626 0.3038,
-0.5894 -0.7983 -0.1242,
-0.7412 -0.6697 0.0461,
-0.6961 -0.5250 0.4897,
-0.8234 -0.5581 0.1027,
-0.5894 -0.7983 -0.1242,
-0.6961 -0.5250 0.4897,
-0.6836 -0.3023 0.6643,
-0.8234 -0.5581 0.1027,
-0.6961 -0.5250 0.4897,
-0.9704 -0.0490 0.2364,
-0.8234 -0.5581 0.1027,
-0.6836 -0.3023 0.6643,
-0.7526 0.3203 0.5753,
-0.9704 -0.0490 0.2364,
-0.6836 -0.3023 0.6643,
-0.5659 0.0131 0.8244,
-0.7526 0.3203 0.5753,
-0.6836 -0.3023 0.6643,
-0.3537 0.6003 0.7173,
-0.7526 0.3203 0.5753,
-0.5659 0.0131 0.8244,
-0.2387 0.6430 0.7277,
-0.3537 0.6003 0.7173,
-0.5659 0.0131 0.8244,
-0.4138 0.2472 0.8762,
-0.2387 0.6430 0.7277,
-0.5659 0.0131 0.8244,
-0.7216 0.5439 0.4283,
-0.2387 0.6430 0.7277,
-0.4138 0.2472 0.8762,
-0.0336 0.8731 0.4863,
-0.2387 0.6430 0.7277,
-0.7216 0.5439 0.4283,
-0.1742 0.9808 -0.0879,
-0.0336 0.8731 0.4863,
-0.7216 0.5439 0.4283,
0.2403 0.9544 0.1773,
-0.0336 0.8731 0.4863,
-0.1742 0.9808 -0.0879,
-0.2387 0.6430 0.7277,
-0.0336 0.8731 0.4863,
0.2403 0.9544 0.1773,
0.0113 0.9021 0.4313,
-0.2387 0.6430 0.7277,
0.2403 0.9544 0.1773,
0.3666 0.9290 0.0497,
0.0113 0.9021 0.4313,
0.2403 0.9544 0.1773,
0.5182 0.8008 -0.3004,
0.3666 0.9290 0.0497,
0.2403 0.9544 0.1773,
0.3537 0.7965 -0.4904,
0.3666 0.9290 0.0497,
0.5182 0.8008 -0.3004,
0.5632 0.3634 -0.7421,
0.3537 0.7965 -0.4904,
0.5182 0.8008 -0.3004,
0.2665 0.5487 -0.7924,
0.5632 0.3634 -0.7421,
0.5182 0.8008 -0.3004,
0.1629 0.9430 -0.2901,
0.2665 0.5487 -0.7924,
0.5182 0.8008 -0.3004,
0.2403 0.9544 0.1773,
0.1629 0.9430 -0.2901,
0.5182 0.8008 -0.3004,
-0.1742 0.9808 -0.0879,
0.1629 0.9430 -0.2901,
0.2403 0.9544 0.1773,
-0.3069 0.8915 -0.3333,
0.1629 0.9430 -0.2901,
-0.1742 0.9808 -0.0879,
-0.5260 0.8232 -0.2135,
-0.3069 0.8915 -0.3333,
-0.1742 0.9808 -0.0879,
-0.5153 0.8534 -0.0786,
-0.5260 0.8232 -0.2135,
-0.1742 0.9808 -0.0879,
-0.5068 0.8620 0.0010,
-0.5260 0.8232 -0.2135,
-0.5153 0.8534 -0.0786,
-0.6396 0.7475 0.1795,
-0.5068 0.8620 0.0010,
-0.5153 0.8534 -0.0786,
-0.8336 0.5141 0.2019,
-0.6396 0.7475 0.1795,
-0.5153 0.8534 -0.0786,
-0.7753 0.6315 0.0063,
-0.6396 0.7475 0.1795,
-0.8336 0.5141 0.2019,
-0.6160 0.7693 0.1696,
-0.6396 0.7475 0.1795,
-0.7753 0.6315 0.0063,
-0.5664 0.8077 0.1636,
-0.6396 0.7475 0.1795,
-0.6160 0.7693 0.1696,
-0.5068 0.8620 0.0010,
-0.6396 0.7475 0.1795,
-0.5664 0.8077 0.1636,
-0.4251 0.9034 -0.0554,
-0.5068 0.8620 0.0010,
-0.5664 0.8077 0.1636,
-0.4511 0.8714 0.1931,
-0.4251 0.9034 -0.0554,
-0.5664 0.8077 0.1636,
-0.1773 0.9830 -0.0483,
-0.4251 0.9034 -0.0554,
-0.4511 0.8714 0.1931,
-0.2446 0.9556 0.1644,
-0.1773 0.9830 -0.0483,
-0.4511 0.8714 0.1931,
-0.2339 0.9279 0.2904,
-0.2446 0.9556 0.1644,
-0.4511 0.8714 0.1931,
-0.1157 0.9701 0.2131,
-0.2446 0.9556 0.1644,
-0.2339 0.9279 0.2904,
-0.0549 0.8835 0.4653,
-0.1157 0.9701 0.2131,
-0.2339 0.9279 0.2904,
0.0710 0.9264 0.3699,
-0.1157 0.9701 0.2131,
-0.0549 0.8835 0.4653,
-0.0074 0.9167 0.3994,
0.0710 0.9264 0.3699,
-0.0549 0.8835 0.4653,
-0.1146 0.8349 0.5384,
-0.0074 0.9167 0.3994,
-0.0549 0.8835 0.4653,
0.0056 0.8377 0.5462,
-0.0074 0.9167 0.3994,
-0.1146 0.8349 0.5384,
-0.2160 0.7701 0.6002,
0.0056 0.8377 0.5462,
-0.1146 0.8349 0.5384,
-0.0945 0.8157 0.5707,
-0.2160 0.7701 0.6002,
-0.1146 0.8349 0.5384,
-0.2247 0.5659 0.7932,
-0.2160 0.7701 0.6002,
-0.0945 0.8157 0.5707,
0.0610 0.5650 0.8228,
-0.2160 0.7701 0.6002,
-0.2247 0.5659 0.7932,
-0.0594 0.5683 0.8206,
0.0610 0.5650 0.8228,
-0.2247 0.5659 0.7932,
-0.1621 0.5021 0.8495,
0.0610 0.5650 0.8228,
-0.0594 0.5683 0.8206,
-0.0665 0.3472 0.9354,
-0.1621 0.5021 0.8495,
-0.0594 0.5683 0.8206,
-0.1713 0.5707 0.8031,
-0.0665 0.3472 0.9354,
-0.0594 0.5683 0.8206,
-0.3224 0.1901 0.9273,
-0.0665 0.3472 0.9354,
-0.1713 0.5707 0.8031,
-0.2083 0.2149 0.9542,
-0.0665 0.3472 0.9354,
-0.3224 0.1901 0.9273,
-0.3237 0.2220 0.9197,
-0.2083 0.2149 0.9542,
-0.3224 0.1901 0.9273,
-0.4226 0.2601 0.8682,
-0.3237 0.2220 0.9197,
-0.3224 0.1901 0.9273,
-0.2292 0.1529 0.9613,
-0.3237 0.2220 0.9197,
-0.4226 0.2601 0.8682,
-0.3935 0.0176 0.9192,
-0.2292 0.1529 0.9613,
-0.4226 0.2601 0.8682,
-0.4837 0.1791 0.8567,
-0.3935 0.0176 0.9192,
-0.4226 0.2601 0.8682,
-0.5282 -0.1577 0.8343,
-0.3935 0.0176 0.9192,
-0.4837 0.1791 0.8567,
-0.2863 -0.1026 0.9526,
-0.5282 -0.1577 0.8343,
-0.4837 0.1791 0.8567,
-0.5175 0.1664 0.8393,
-0.2863 -0.1026 0.9526,
-0.4837 0.1791 0.8567,
-0.5122 -0.1462 0.8463,
-0.2863 -0.1026 0.9526,
-0.5175 0.1664 0.8393,
-0.9045 -0.0704 0.4206,
-0.5122 -0.1462 0.8463,
-0.5175 0.1664 0.8393,
-0.7676 -0.1788 0.6155,
-0.9045 -0.0704 0.4206,
-0.5175 0.1664 0.8393,
-0.8210 -0.2904 0.4916,
-0.9045 -0.0704 0.4206,
-0.7676 -0.1788 0.6155,
-0.2804 -0.5421 0.7922,
-0.8210 -0.2904 0.4916,
-0.7676 -0.1788 0.6155,
-0.6583 -0.6689 0.3453,
-0.8210 -0.2904 0.4916,
-0.2804 -0.5421 0.7922,
-0.2903 -0.8934 0.3428,
-0.6583 -0.6689 0.3453,
-0.2804 -0.5421 0.7922,
0.0511 -0.6576 0.7516,
-0.2903 -0.8934 0.3428,
-0.2804 -0.5421 0.7922,
-0.4112 -0.7689 0.4896,
-0.2903 -0.8934 0.3428,
0.0511 -0.6576 0.7516,
-0.2275 -0.4471 0.8651,
-0.4112 -0.7689 0.4896,
0.0511 -0.6576 0.7516,
-0.7041 -0.2916 0.6474,
-0.4112 -0.7689 0.4896,
-0.2275 -0.4471 0.8651,
-0.3159 0.0863 0.9448,
-0.7041 -0.2916 0.6474,
-0.2275 -0.4471 0.8651,
-0.7526 0.3203 0.5753,
-0.7041 -0.2916 0.6474,
-0.3159 0.0863 0.9448,
-0.9704 -0.0490 0.2364,
-0.7041 -0.2916 0.6474,
-0.7526 0.3203 0.5753,
-0.9018 0.4319 -0.0139,
-0.9704 -0.0490 0.2364,
-0.7526 0.3203 0.5753,
-0.9455 -0.1110 -0.3060,
-0.9704 -0.0490 0.2364,
-0.9018 0.4319 -0.0139,
-0.8234 -0.5581 0.1027,
-0.9704 -0.0490 0.2364,
-0.9455 -0.1110 -0.3060,
-0.6747 -0.5899 -0.4437,
-0.8234 -0.5581 0.1027,
-0.9455 -0.1110 -0.3060,
-0.5001 -0.8651 -0.0373,
-0.8234 -0.5581 0.1027,
-0.6747 -0.5899 -0.4437,
-0.5733 -0.7963 -0.1928,
-0.5001 -0.8651 -0.0373,
-0.6747 -0.5899 -0.4437,
-0.7041 -0.2916 0.6474,
-0.9704 -0.0490 0.2364,
-0.8234 -0.5581 0.1027,
-0.4112 -0.7689 0.4896,
-0.7041 -0.2916 0.6474,
-0.8234 -0.5581 0.1027,
-0.5001 -0.8651 -0.0373,
-0.4112 -0.7689 0.4896,
-0.8234 -0.5581 0.1027,
-0.2903 -0.8934 0.3428,
-0.4112 -0.7689 0.4896,
-0.5001 -0.8651 -0.0373,
-0.5733 -0.7963 -0.1928,
-0.2903 -0.8934 0.3428,
-0.5001 -0.8651 -0.0373,
-0.6583 -0.6689 0.3453,
-0.2903 -0.8934 0.3428,
-0.5733 -0.7963 -0.1928,
-0.8026 -0.2606 0.5366,
-0.8210 -0.2904 0.4916,
-0.6583 -0.6689 0.3453,
-0.9651 -0.2191 0.1437,
-0.8026 -0.2606 0.5366,
-0.6583 -0.6689 0.3453,
-0.9465 -0.1550 0.2831,
-0.8026 -0.2606 0.5366,
-0.9651 -0.2191 0.1437,
-0.8088 -0.2983 0.5067,
-0.5122 -0.1462 0.8463,
-0.9045 -0.0704 0.4206,
-0.4746 -0.2824 0.8337,
-0.5122 -0.1462 0.8463,
-0.8088 -0.2983 0.5067,
-0.6566 -0.4162 0.6290,
-0.4746 -0.2824 0.8337,
-0.8088 -0.2983 0.5067,
-0.8733 -0.2410 0.4235,
-0.6566 -0.4162 0.6290,
-0.8088 -0.2983 0.5067,
-0.7628 -0.3197 0.5621,
-0.6566 -0.4162 0.6290,
-0.8733 -0.2410 0.4235,
-0.5630 -0.4656 0.6827,
-0.6566 -0.4162 0.6290,
-0.7628 -0.3197 0.5621,
-0.6830 -0.5859 0.4362,
-0.5630 -0.4656 0.6827,
-0.7628 -0.3197 0.5621,
-0.6808 -0.6168 0.3951,
-0.6830 -0.5859 0.4362,
-0.7628 -0.3197 0.5621,
-0.8603 -0.3921 0.3257,
-0.6808 -0.6168 0.3951,
-0.7628 -0.3197 0.5621,
-0.9075 -0.1651 0.3862,
-0.8603 -0.3921 0.3257,
-0.7628 -0.3197 0.5621,
-0.8196 -0.5663 0.0871,
-0.6808 -0.6168 0.3951,
-0.8603 -0.3921 0.3257,
-0.6290 -0.6665 0.4002,
-0.6830 -0.5859 0.4362,
-0.6808 -0.6168 0.3951,
-0.8196 -0.5663 0.0871,
-0.6290 -0.6665 0.4002,
-0.6808 -0.6168 0.3951,
-0.7686 -0.6389 0.0317,
-0.6290 -0.6665 0.4002,
-0.8196 -0.5663 0.0871,
-0.8475 -0.5308 -0.0072,
-0.7686 -0.6389 0.0317,
-0.8196 -0.5663 0.0871,
-0.9225 -0.3827 0.0497,
-0.8475 -0.5308 -0.0072,
-0.8196 -0.5663 0.0871,
-0.8820 -0.4699 0.0345,
-0.8475 -0.5308 -0.0072,
-0.9225 -0.3827 0.0497,
-0.9715 -0.2345 0.0339,
-0.8820 -0.4699 0.0345,
-0.9225 -0.3827 0.0497,
-0.9166 -0.3800 0.1240,
-0.9715 -0.2345 0.0339,
-0.9225 -0.3827 0.0497,
-0.9901 -0.0465 0.1325,
-0.9715 -0.2345 0.0339,
-0.9166 -0.3800 0.1240,
-0.9544 -0.1981 -0.2234,
-0.8820 -0.4699 0.0345,
-0.9715 -0.2345 0.0339,
-0.9778 -0.0597 -0.2007,
-0.9544 -0.1981 -0.2234,
-0.9715 -0.2345 0.0339,
-0.9622 -0.1188 -0.2451,
-0.9544 -0.1981 -0.2234,
-0.9778 -0.0597 -0.2007,
-0.9808 -0.0043 -0.1948,
-0.9622 -0.1188 -0.2451,
-0.9778 -0.0597 -0.2007,
-0.9984 -0.0556 -0.0142,
-0.9622 -0.1188 -0.2451,
-0.9808 -0.0043 -0.1948,
-0.9227 -0.1801 -0.3410,
-0.9622 -0.1188 -0.2451,
-0.9984 -0.0556 -0.0142,
-0.8740 -0.1815 -0.4507,
-0.9622 -0.1188 -0.2451,
-0.9227 -0.1801 -0.3410,
-0.7888 -0.2343 -0.5682,
-0.8740 -0.1815 -0.4507,
-0.9227 -0.1801 -0.3410,
-0.8159 -0.2923 -0.4990,
-0.7888 -0.2343 -0.5682,
-0.9227 -0.1801 -0.3410,
-0.5538 -0.0152 -0.8325,
-0.7888 -0.2343 -0.5682,
-0.8159 -0.2923 -0.4990,
-0.2997 -0.4202 -0.8565,
-0.5538 -0.0152 -0.8325,
-0.8159 -0.2923 -0.4990,
-0.5096 -0.7111 -0.4845,
-0.2997 -0.4202 -0.8565,
-0.8159 -0.2923 -0.4990,
-0.2699 -0.7280 -0.6302,
-0.2997 -0.4202 -0.8565,
-0.5096 -0.7111 -0.4845,
0.0901 -0.4656 -0.8804,
-0.2997 -0.4202 -0.8565,
-0.2699 -0.7280 -0.6302,
-0.1929 -0.4312 -0.8814,
0.0901 -0.4656 -0.8804,
-0.2699 -0.7280 -0.6302,
-0.6281 -0.6115 -0.4812,
-0.1929 -0.4312 -0.8814,
-0.2699 -0.7280 -0.6302,
-0.6382 -0.1397 -0.7571,
-0.1929 -0.4312 -0.8814,
-0.6281 -0.6115 -0.4812,
-0.9455 -0.1110 -0.3060,
-0.6382 -0.1397 -0.7571,
-0.6281 -0.6115 -0.4812,
-0.7065 0.3786 -0.5979,
-0.6382 -0.1397 -0.7571,
-0.9455 -0.1110 -0.3060,
-0.9018 0.4319 -0.0139,
-0.7065 0.3786 -0.5979,
-0.9455 -0.1110 -0.3060,
-0.5638 0.7839 -0.2601,
-0.7065 0.3786 -0.5979,
-0.9018 0.4319 -0.0139,
-0.5136 0.8098 0.2835,
-0.5638 0.7839 -0.2601,
-0.9018 0.4319 -0.0139,
-0.0784 0.9901 -0.1166,
-0.5638 0.7839 -0.2601,
-0.5136 0.8098 0.2835,
-0.1977 0.7236 -0.6614,
-0.5638 0.7839 -0.2601,
-0.0784 0.9901 -0.1166,
-0.7065 0.3786 -0.5979,
-0.5638 0.7839 -0.2601,
-0.1977 0.7236 -0.6614,
-0.2414 0.1807 -0.9535,
-0.7065 0.3786 -0.5979,
-0.1977 0.7236 -0.6614,
0.2275 0.4471 -0.8651,
-0.2414 0.1807 -0.9535,
-0.1977 0.7236 -0.6614,
0.2741 -0.0644 -0.9596,
-0.2414 0.1807 -0.9535,
0.2275 0.4471 -0.8651,
-0.6382 -0.1397 -0.7571,
-0.7065 0.3786 -0.5979,
-0.2414 0.1807 -0.9535,
-0.1929 -0.4312 -0.8814,
-0.6382 -0.1397 -0.7571,
-0.2414 0.1807 -0.9535,
0.2741 -0.0644 -0.9596,
-0.1929 -0.4312 -0.8814,
-0.2414 0.1807 -0.9535,
0.0901 -0.4656 -0.8804,
-0.1929 -0.4312 -0.8814,
0.2741 -0.0644 -0.9596,
0.3513 0.0603 -0.9343,
0.0901 -0.4656 -0.8804,
0.2741 -0.0644 -0.9596,
-0.0742 -0.1865 -0.9797,
0.0901 -0.4656 -0.8804,
0.3513 0.0603 -0.9343,
-0.2502 0.2081 -0.9456,
-0.0742 -0.1865 -0.9797,
0.3513 0.0603 -0.9343,
-0.4144 -0.0245 -0.9098,
-0.0742 -0.1865 -0.9797,
-0.2502 0.2081 -0.9456,
-0.4301 0.1953 -0.8814,
-0.4144 -0.0245 -0.9098,
-0.2502 0.2081 -0.9456,
-0.4329 0.2891 -0.8538,
-0.4301 0.1953 -0.8814,
-0.2502 0.2081 -0.9456,
-0.3261 0.7027 -0.6324,
-0.4329 0.2891 -0.8538,
-0.2502 0.2081 -0.9456,
-0.4721 0.7921 -0.3869,
-0.4329 0.2891 -0.8538,
-0.3261 0.7027 -0.6324,
-0.1100 0.8202 -0.5614,
-0.4721 0.7921 -0.3869,
-0.3261 0.7027 -0.6324,
-0.1883 0.4790 -0.8574,
-0.4329 0.2891 -0.8538,
-0.4721 0.7921 -0.3869,
-0.2031 0.8199 -0.5352,
-0.1883 0.4790 -0.8574,
-0.4721 0.7921 -0.3869,
-0.0579 0.5348 -0.8430,
-0.1883 0.4790 -0.8574,
-0.2031 0.8199 -0.5352,
-0.0720 0.7647 -0.6404,
-0.0579 0.5348 -0.8430,
-0.2031 0.8199 -0.5352,
-0.3689 0.8104 -0.4552,
-0.0720 0.7647 -0.6404,
-0.2031 0.8199 -0.5352,
-0.2019 0.8236 -0.5300,
-0.0720 0.7647 -0.6404,
-0.3689 0.8104 -0.4552,
0.0357 0.7204 -0.6926,
-0.0720 0.7647 -0.6404,
-0.2019 0.8236 -0.5300,
0.0395 0.8941 -0.4461,
0.0357 0.7204 -0.6926,
-0.2019 0.8236 -0.5300,
-0.0766 0.9482 -0.3081,
0.0395 0.8941 -0.4461,
-0.2019 0.8236 -0.5300,
-0.3225 0.8635 -0.3877,
-0.0766 0.9482 -0.3081,
-0.2019 0.8236 -0.5300,
-0.3689 0.8104 -0.4552,
-0.3225 0.8635 -0.3877,
-0.2019 0.8236 -0.5300,
-0.3633 0.7659 -0.5304,
-0.3225 0.8635 -0.3877,
-0.3689 0.8104 -0.4552,
-0.4650 0.8311 -0.3049,
-0.3225 0.8635 -0.3877,
-0.3633 0.7659 -0.5304,
-0.2766 0.9480 -0.1577,
-0.3225 0.8635 -0.3877,
-0.4650 0.8311 -0.3049,
-0.5807 0.7989 -0.1568,
-0.2766 0.9480 -0.1577,
-0.4650 0.8311 -0.3049,
-0.2445 0.9603 -0.1346,
-0.3225 0.8635 -0.3877,
-0.2766 0.9480 -0.1577,
-0.0621 0.9927 -0.1034,
-0.3225 0.8635 -0.3877,
-0.2445 0.9603 -0.1346,
-0.0787 0.9901 -0.1159,
-0.0621 0.9927 -0.1034,
-0.2445 0.9603 -0.1346,
-0.0526 0.9799 -0.1927,
-0.0621 0.9927 -0.1034,
-0.0787 0.9901 -0.1159,
-0.0988 0.9885 -0.1145,
-0.0526 0.9799 -0.1927,
-0.0787 0.9901 -0.1159,
0.0761 0.9968 -0.0244,
-0.0988 0.9885 -0.1145,
-0.0787 0.9901 -0.1159,
-0.0177 0.9998 -0.0128,
0.0761 0.9968 -0.0244,
-0.0787 0.9901 -0.1159,
0.1776 0.9742 0.1396,
0.0761 0.9968 -0.0244,
-0.0177 0.9998 -0.0128,
0.0997 0.9948 -0.0211,
0.0761 0.9968 -0.0244,
0.1776 0.9742 0.1396,
0.3273 0.9401 0.0953,
0.0997 0.9948 -0.0211,
0.1776 0.9742 0.1396,
0.1991 0.9270 0.3180,
0.3273 0.9401 0.0953,
0.1776 0.9742 0.1396,
0.1447 0.9352 0.3232,
0.1991 0.9270 0.3180,
0.1776 0.9742 0.1396,
0.4295 0.8309 0.3538,
0.1991 0.9270 0.3180,
0.1447 0.9352 0.3232,
0.1818 0.8827 0.4333,
0.4295 0.8309 0.3538,
0.1447 0.9352 0.3232,
0.3654 0.7492 0.5524,
0.4295 0.8309 0.3538,
0.1818 0.8827 0.4333,
0.2967 0.6538 0.6960,
0.3654 0.7492 0.5524,
0.1818 0.8827 0.4333,
0.3182 0.6855 0.6549,
0.3654 0.7492 0.5524,
0.2967 0.6538 0.6960,
0.2451 0.5887 0.7703,
0.3182 0.6855 0.6549,
0.2967 0.6538 0.6960,
0.4039 0.4428 0.8005,
0.3182 0.6855 0.6549,
0.2451 0.5887 0.7703,
0.3521 0.5382 0.7657,
0.4039 0.4428 0.8005,
0.2451 0.5887 0.7703,
0.1695 0.5692 0.8045,
0.3521 0.5382 0.7657,
0.2451 0.5887 0.7703,
0.0180 0.3375 0.9411,
0.3521 0.5382 0.7657,
0.1695 0.5692 0.8045,
0.3171 0.3761 0.8706,
0.3521 0.5382 0.7657,
0.0180 0.3375 0.9411,
0.1164 0.1119 0.9869,
0.3171 0.3761 0.8706,
0.0180 0.3375 0.9411,
-0.0263 0.2620 0.9647,
0.1164 0.1119 0.9869,
0.0180 0.3375 0.9411,
0.1500 0.2444 0.9580,
0.1164 0.1119 0.9869,
-0.0263 0.2620 0.9647,
-0.0765 0.2181 0.9729,
0.1500 0.2444 0.9580,
-0.0263 0.2620 0.9647,
-0.0252 0.0230 0.9994,
0.1500 0.2444 0.9580,
-0.0765 0.2181 0.9729,
-0.2129 0.0396 0.9763,
-0.0252 0.0230 0.9994,
-0.0765 0.2181 0.9729,
0.2496 -0.0502 0.9671,
0.1500 0.2444 0.9580,
-0.0252 0.0230 0.9994,
0.1666 -0.1889 0.9678,
0.2496 -0.0502 0.9671,
-0.0252 0.0230 0.9994,
0.2414 -0.1807 0.9535,
0.2496 -0.0502 0.9671,
0.1666 -0.1889 0.9678,
0.1132 -0.2635 0.9580,
0.2414 -0.1807 0.9535,
0.1666 -0.1889 0.9678,
-0.1298 -0.1615 0.9783,
0.1132 -0.2635 0.9580,
0.1666 -0.1889 0.9678,
-0.0252 0.0230 0.9994,
-0.1298 -0.1615 0.9783,
0.1666 -0.1889 0.9678,
-0.2129 0.0396 0.9763,
-0.1298 -0.1615 0.9783,
-0.0252 0.0230 0.9994,
-0.2614 -0.1069 0.9593,
-0.1298 -0.1615 0.9783,
-0.2129 0.0396 0.9763,
-0.2594 -0.1181 0.9585,
-0.1298 -0.1615 0.9783,
-0.2614 -0.1069 0.9593,
-0.4378 -0.1710 0.8827,
-0.2594 -0.1181 0.9585,
-0.2614 -0.1069 0.9593,
-0.2841 -0.4197 0.8620,
-0.2594 -0.1181 0.9585,
-0.4378 -0.1710 0.8827,
-0.1837 -0.3539 0.9171,
-0.2594 -0.1181 0.9585,
-0.2841 -0.4197 0.8620,
-0.2298 -0.4906 0.8405,
-0.1837 -0.3539 0.9171,
-0.2841 -0.4197 0.8620,
-0.3020 -0.4305 0.8506,
-0.2298 -0.4906 0.8405,
-0.2841 -0.4197 0.8620,
-0.4572 -0.4232 0.7822,
-0.3020 -0.4305 0.8506,
-0.2841 -0.4197 0.8620,
-0.4487 -0.5090 0.7346,
-0.3020 -0.4305 0.8506,
-0.4572 -0.4232 0.7822,
-0.1827 -0.4455 0.8764,
-0.3020 -0.4305 0.8506,
-0.4487 -0.5090 0.7346,
-0.2618 -0.7077 0.6563,
-0.1827 -0.4455 0.8764,
-0.4487 -0.5090 0.7346,
-0.5028 -0.6187 0.6037,
-0.2618 -0.7077 0.6563,
-0.4487 -0.5090 0.7346,
-0.4562 -0.6607 0.5961,
-0.5028 -0.6187 0.6037,
-0.4487 -0.5090 0.7346,
-0.5451 -0.6998 0.4617,
-0.5028 -0.6187 0.6037,
-0.4562 -0.6607 0.5961,
-0.4988 -0.7906 0.3551,
-0.5451 -0.6998 0.4617,
-0.4562 -0.6607 0.5961,
-0.5455 -0.7907 0.2778,
-0.5451 -0.6998 0.4617,
-0.4988 -0.7906 0.3551,
-0.4343 -0.8560 0.2805,
-0.5455 -0.7907 0.2778,
-0.4988 -0.7906 0.3551,
-0.4468 -0.8670 0.2204,
-0.5455 -0.7907 0.2778,
-0.4343 -0.8560 0.2805,
-0.4354 -0.8545 0.2832,
-0.4468 -0.8670 0.2204,
-0.4343 -0.8560 0.2805,
-0.4477 -0.8910 0.0750,
-0.4354 -0.8545 0.2832,
-0.4343 -0.8560 0.2805,
-0.5451 -0.8166 0.1896,
-0.4477 -0.8910 0.0750,
-0.4343 -0.8560 0.2805,
-0.7130 -0.7010 0.0117,
-0.4477 -0.8910 0.0750,
-0.5451 -0.8166 0.1896,
-0.7299 -0.6830 -0.0261,
-0.7130 -0.7010 0.0117,
-0.5451 -0.8166 0.1896,
-0.6442 -0.7507 -0.1468,
-0.7130 -0.7010 0.0117,
-0.7299 -0.6830 -0.0261,
-0.7903 -0.6128 0.0003,
-0.6442 -0.7507 -0.1468,
-0.7299 -0.6830 -0.0261,
-0.6679 -0.6405 -0.3791,
-0.6442 -0.7507 -0.1468,
-0.7903 -0.6128 0.0003,
-0.8229 -0.5205 -0.2276,
-0.6679 -0.6405 -0.3791,
-0.7903 -0.6128 0.0003,
-0.7110 -0.5166 -0.4771,
-0.6679 -0.6405 -0.3791,
-0.8229 -0.5205 -0.2276,
-0.8621 -0.4030 -0.3073,
-0.7110 -0.5166 -0.4771,
-0.8229 -0.5205 -0.2276,
-0.8935 -0.4105 -0.1820,
-0.8621 -0.4030 -0.3073,
-0.8229 -0.5205 -0.2276,
-0.7086 -0.5738 -0.4108,
-0.6679 -0.6405 -0.3791,
-0.7110 -0.5166 -0.4771,
-0.7084 -0.4408 -0.5512,
-0.7086 -0.5738 -0.4108,
-0.7110 -0.5166 -0.4771,
-0.7702 -0.2895 -0.5684,
-0.7084 -0.4408 -0.5512,
-0.7110 -0.5166 -0.4771,
-0.9077 -0.1958 -0.3710,
-0.7702 -0.2895 -0.5684,
-0.7110 -0.5166 -0.4771,
-0.8621 -0.4030 -0.3073,
-0.9077 -0.1958 -0.3710,
-0.7110 -0.5166 -0.4771,
-0.6803 -0.4445 -0.5827,
-0.7084 -0.4408 -0.5512,
-0.7702 -0.2895 -0.5684,
-0.7001 -0.2045 -0.6842,
-0.6803 -0.4445 -0.5827,
-0.7702 -0.2895 -0.5684,
-0.8591 -0.1463 -0.4905,
-0.7001 -0.2045 -0.6842,
-0.7702 -0.2895 -0.5684,
-0.6547 -0.0528 -0.7540,
-0.7001 -0.2045 -0.6842,
-0.8591 -0.1463 -0.4905,
-0.6674 -0.1694 -0.7252,
-0.7001 -0.2045 -0.6842,
-0.6547 -0.0528 -0.7540,
-0.5615 -0.1894 -0.8055,
-0.7001 -0.2045 -0.6842,
-0.6674 -0.1694 -0.7252,
-0.6803 -0.4445 -0.5827,
-0.7001 -0.2045 -0.6842,
-0.5615 -0.1894 -0.8055,
-0.7197 -0.3223 -0.6150,
-0.6803 -0.4445 -0.5827,
-0.5615 -0.1894 -0.8055,
-0.3799 -0.4130 -0.8277,
-0.7197 -0.3223 -0.6150,
-0.5615 -0.1894 -0.8055,
-0.4594 -0.3203 -0.8284,
-0.3799 -0.4130 -0.8277,
-0.5615 -0.1894 -0.8055,
-0.6674 -0.1694 -0.7252,
-0.4594 -0.3203 -0.8284,
-0.5615 -0.1894 -0.8055,
-0.5324 -0.2355 -0.8131,
-0.4594 -0.3203 -0.8284,
-0.6674 -0.1694 -0.7252,
-0.6810 0.0056 -0.7323,
-0.5324 -0.2355 -0.8131,
-0.6674 -0.1694 -0.7252,
-0.7230 0.0887 -0.6851,
-0.6810 0.0056 -0.7323,
-0.6674 -0.1694 -0.7252,
-0.6547 -0.0528 -0.7540,
-0.7230 0.0887 -0.6851,
-0.6674 -0.1694 -0.7252,
-0.5338 0.1935 -0.8232,
-0.6810 0.0056 -0.7323,
-0.7230 0.0887 -0.6851,
-0.5920 -0.1025 -0.7994,
-0.5338 0.1935 -0.8232,
-0.7230 0.0887 -0.6851,
-0.3292 0.1192 -0.9367,
-0.6810 0.0056 -0.7323,
-0.5338 0.1935 -0.8232,
-0.4475 0.1567 -0.8805,
-0.3292 0.1192 -0.9367,
-0.5338 0.1935 -0.8232,
-0.3527 0.1019 -0.9302,
-0.3292 0.1192 -0.9367,
-0.4475 0.1567 -0.8805,
-0.2386 0.0711 -0.9685,
-0.3527 0.1019 -0.9302,
-0.4475 0.1567 -0.8805,
-0.2623 0.2811 -0.9232,
-0.2386 0.0711 -0.9685,
-0.4475 0.1567 -0.8805,
-0.4219 0.2564 -0.8696,
-0.2623 0.2811 -0.9232,
-0.4475 0.1567 -0.8805,
-0.2567 0.5645 -0.7845,
-0.2623 0.2811 -0.9232,
-0.4219 0.2564 -0.8696,
-0.0771 0.2756 -0.9582,
-0.2567 0.5645 -0.7845,
-0.4219 0.2564 -0.8696,
-0.0611 0.4527 -0.8895,
-0.2623 0.2811 -0.9232,
-0.2567 0.5645 -0.7845,
-0.0331 0.2058 -0.9780,
-0.2623 0.2811 -0.9232,
-0.0611 0.4527 -0.8895,
-0.2386 0.0711 -0.9685,
-0.2623 0.2811 -0.9232,
-0.0331 0.2058 -0.9780,
-0.1589 0.1339 -0.9782,
-0.2386 0.0711 -0.9685,
-0.0331 0.2058 -0.9780,
-0.2577 0.0033 -0.9662,
-0.2386 0.0711 -0.9685,
-0.1589 0.1339 -0.9782,
-0.1093 -0.0394 -0.9932,
-0.2577 0.0033 -0.9662,
-0.1589 0.1339 -0.9782,
0.0831 0.2199 -0.9720,
-0.1093 -0.0394 -0.9932,
-0.1589 0.1339 -0.9782,
-0.0331 0.2058 -0.9780,
0.0831 0.2199 -0.9720,
-0.1589 0.1339 -0.9782,
0.0587 0.2618 -0.9633,
0.0831 0.2199 -0.9720,
-0.0331 0.2058 -0.9780,
-0.0611 0.4527 -0.8895,
0.0587 0.2618 -0.9633,
-0.0331 0.2058 -0.9780,
0.1311 0.3948 -0.9094,
0.0587 0.2618 -0.9633,
-0.0611 0.4527 -0.8895,
0.0884 0.6169 -0.7821,
0.1311 0.3948 -0.9094,
-0.0611 0.4527 -0.8895,
0.0746 0.5740 -0.8154,
0.1311 0.3948 -0.9094,
0.0884 0.6169 -0.7821,
0.1419 0.7087 -0.6911,
0.0746 0.5740 -0.8154,
0.0884 0.6169 -0.7821,
0.2538 0.7086 -0.6584,
0.1419 0.7087 -0.6911,
0.0884 0.6169 -0.7821,
0.3769 0.5810 -0.7213,
0.0746 0.5740 -0.8154,
0.1419 0.7087 -0.6911,
0.2874 0.2825 -0.9152,
0.0746 0.5740 -0.8154,
0.3769 0.5810 -0.7213,
0.4701 0.2291 -0.8524,
0.2874 0.2825 -0.9152,
0.3769 0.5810 -0.7213,
0.6231 0.3390 -0.7049,
0.4701 0.2291 -0.8524,
0.3769 0.5810 -0.7213,
0.6068 0.6287 -0.4864,
0.6231 0.3390 -0.7049,
0.3769 0.5810 -0.7213,
0.6143 0.4166 -0.6701,
0.6231 0.3390 -0.7049,
0.6068 0.6287 -0.4864,
0.6160 0.5879 -0.5244,
0.6143 0.4166 -0.6701,
0.6068 0.6287 -0.4864,
0.6016 0.4864 -0.6336,
0.6160 0.5879 -0.5244,
0.6068 0.6287 -0.4864,
0.4254 0.6950 -0.5797,
0.6016 0.4864 -0.6336,
0.6068 0.6287 -0.4864,
0.2045 0.7944 -0.5719,
0.6016 0.4864 -0.6336,
0.4254 0.6950 -0.5797,
0.2903 0.8032 -0.5202,
0.2045 0.7944 -0.5719,
0.4254 0.6950 -0.5797,
0.2800 0.9174 -0.2829,
0.2045 0.7944 -0.5719,
0.2903 0.8032 -0.5202,
0.3120 0.8804 -0.3572,
0.2800 0.9174 -0.2829,
0.2903 0.8032 -0.5202,
0.2668 0.7811 -0.5646,
0.3120 0.8804 -0.3572,
0.2903 0.8032 -0.5202,
0.4004 0.8730 -0.2784,
0.2800 0.9174 -0.2829,
0.3120 0.8804 -0.3572,
0.3674 0.9231 -0.1133,
0.2800 0.9174 -0.2829,
0.4004 0.8730 -0.2784,
0.5075 0.8572 -0.0877,
0.3674 0.9231 -0.1133,
0.4004 0.8730 -0.2784,
0.4480 0.8894 -0.0909,
0.5075 0.8572 -0.0877,
0.4004 0.8730 -0.2784,
0.2618 0.9464 -0.1892,
0.4480 0.8894 -0.0909,
0.4004 0.8730 -0.2784,
0.6330 0.7740 -0.0136,
0.5075 0.8572 -0.0877,
0.4480 0.8894 -0.0909,
0.4328 0.8994 0.0608,
0.5075 0.8572 -0.0877,
0.6330 0.7740 -0.0136,
0.5803 0.7851 0.2166,
0.4328 0.8994 0.0608,
0.6330 0.7740 -0.0136,
0.4921 0.8592 0.1404,
0.5803 0.7851 0.2166,
0.6330 0.7740 -0.0136,
0.4134 0.8944 0.1704,
0.4328 0.8994 0.0608,
0.5803 0.7851 0.2166,
0.4375 0.8666 0.2398,
0.4134 0.8944 0.1704,
0.5803 0.7851 0.2166,
0.5213 0.7699 0.3681,
0.4375 0.8666 0.2398,
0.5803 0.7851 0.2166,
0.2007 0.8092 0.5522,
0.4375 0.8666 0.2398,
0.5213 0.7699 0.3681,
0.4803 0.6596 0.5781,
0.2007 0.8092 0.5522,
0.5213 0.7699 0.3681,
0.5091 0.7132 0.4819,
0.4803 0.6596 0.5781,
0.5213 0.7699 0.3681,
0.5601 0.5262 0.6398,
0.4803 0.6596 0.5781,
0.5091 0.7132 0.4819,
0.5085 0.5285 0.6798,
0.4803 0.6596 0.5781,
0.5601 0.5262 0.6398,
0.5018 0.4646 0.7296,
0.5085 0.5285 0.6798,
0.5601 0.5262 0.6398,
0.6801 0.4329 0.5917,
0.5085 0.5285 0.6798,
0.5018 0.4646 0.7296,
0.7038 0.1918 0.6841,
0.6801 0.4329 0.5917,
0.5018 0.4646 0.7296,
0.5900 0.2592 0.7647,
0.7038 0.1918 0.6841,
0.5018 0.4646 0.7296,
0.4666 0.4632 0.7535,
0.5900 0.2592 0.7647,
0.5018 0.4646 0.7296,
0.5880 0.0876 0.8041,
0.5900 0.2592 0.7647,
0.4666 0.4632 0.7535,
0.3584 0.2960 0.8854,
0.5880 0.0876 0.8041,
0.4666 0.4632 0.7535,
0.4071 0.4864 0.7731,
0.3584 0.2960 0.8854,
0.4666 0.4632 0.7535,
0.3084 -0.0027 0.9513,
0.5880 0.0876 0.8041,
0.3584 0.2960 0.8854,
0.4924 -0.0701 0.8676,
0.5880 0.0876 0.8041,
0.3084 -0.0027 0.9513,
0.3735 -0.1009 0.9221,
0.4924 -0.0701 0.8676,
0.3084 -0.0027 0.9513,
0.5701 -0.1204 0.8127,
0.4924 -0.0701 0.8676,
0.3735 -0.1009 0.9221,
0.3549 -0.1935 0.9146,
0.5701 -0.1204 0.8127,
0.3735 -0.1009 0.9221,
0.6518 -0.3284 0.6836,
0.5701 -0.1204 0.8127,
0.3549 -0.1935 0.9146,
0.4455 -0.3958 0.8031,
0.6518 -0.3284 0.6836,
0.3549 -0.1935 0.9146,
0.2282 -0.2974 0.9271,
0.4455 -0.3958 0.8031,
0.3549 -0.1935 0.9146,
0.3344 -0.4926 0.8035,
0.4455 -0.3958 0.8031,
0.2282 -0.2974 0.9271,
0.4413 -0.5159 0.7342,
0.4455 -0.3958 0.8031,
0.3344 -0.4926 0.8035,
0.3112 -0.6836 0.6602,
0.4413 -0.5159 0.7342,
0.3344 -0.4926 0.8035,
0.1784 -0.6406 0.7469,
0.3112 -0.6836 0.6602,
0.3344 -0.4926 0.8035,
0.2032 -0.6839 0.7007,
0.3112 -0.6836 0.6602,
0.1784 -0.6406 0.7469,
0.0851 -0.6570 0.7490,
0.2032 -0.6839 0.7007,
0.1784 -0.6406 0.7469,
0.0452 -0.4762 0.8782,
0.0851 -0.6570 0.7490,
0.1784 -0.6406 0.7469,
0.0209 -0.5660 0.8242,
0.0851 -0.6570 0.7490,
0.0452 -0.4762 0.8782,
-0.1587 -0.5226 0.8377,
0.0209 -0.5660 0.8242,
0.0452 -0.4762 0.8782,
0.0750 -0.2868 0.9551,
-0.1587 -0.5226 0.8377,
0.0452 -0.4762 0.8782,
0.0237 -0.7275 0.6857,
0.0851 -0.6570 0.7490,
0.0209 -0.5660 0.8242,
0.0152 -0.6600 0.7511,
0.0851 -0.6570 0.7490,
0.0237 -0.7275 0.6857,
-0.0744 -0.7614 0.6440,
0.0152 -0.6600 0.7511,
0.0237 -0.7275 0.6857,
-0.1525 -0.7388 0.6565,
0.0152 -0.6600 0.7511,
-0.0744 -0.7614 0.6440,
-0.1319 -0.8678 0.4790,
-0.1525 -0.7388 0.6565,
-0.0744 -0.7614 0.6440,
-0.4335 -0.8298 0.3514,
-0.1319 -0.8678 0.4790,
-0.0744 -0.7614 0.6440,
-0.3426 -0.7508 0.5647,
-0.4335 -0.8298 0.3514,
-0.0744 -0.7614 0.6440,
0.0277 -0.9641 0.2639,
-0.1525 -0.7388 0.6565,
-0.1319 -0.8678 0.4790,
-0.2217 -0.9577 0.1836,
0.0277 -0.9641 0.2639,
-0.1319 -0.8678 0.4790,
0.0045 -0.9770 0.2130,
0.0277 -0.9641 0.2639,
-0.2217 -0.9577 0.1836,
-0.2336 -0.9557 0.1793,
0.0045 -0.9770 0.2130,
-0.2217 -0.9577 0.1836,
-0.0048 -0.9960 0.0894,
0.0045 -0.9770 0.2130,
-0.2336 -0.9557 0.1793,
-0.2825 -0.9593 -0.0068,
-0.0048 -0.9960 0.0894,
-0.2336 -0.9557 0.1793,
-0.4212 -0.9067 0.0200,
-0.2825 -0.9593 -0.0068,
-0.2336 -0.9557 0.1793,
-0.3688 -0.9205 -0.1291,
-0.2825 -0.9593 -0.0068,
-0.4212 -0.9067 0.0200,
-0.3468 -0.9375 -0.0303,
-0.3688 -0.9205 -0.1291,
-0.4212 -0.9067 0.0200,
-0.3970 -0.9065 -0.1438,
-0.3688 -0.9205 -0.1291,
-0.3468 -0.9375 -0.0303,
-0.5250 -0.8454 -0.0983,
-0.3970 -0.9065 -0.1438,
-0.3468 -0.9375 -0.0303,
-0.5895 -0.7400 -0.3240,
-0.3970 -0.9065 -0.1438,
-0.5250 -0.8454 -0.0983,
-0.5371 -0.7772 -0.3277,
-0.3970 -0.9065 -0.1438,
-0.5895 -0.7400 -0.3240,
-0.6298 -0.7028 -0.3307,
-0.5371 -0.7772 -0.3277,
-0.5895 -0.7400 -0.3240,
-0.5613 -0.7005 -0.4407,
-0.5371 -0.7772 -0.3277,
-0.6298 -0.7028 -0.3307,
-0.3499 -0.7483 -0.5636,
-0.5371 -0.7772 -0.3277,
-0.5613 -0.7005 -0.4407,
-0.3042 -0.6497 -0.6967,
-0.3499 -0.7483 -0.5636,
-0.5613 -0.7005 -0.4407,
-0.6340 -0.5368 -0.5567,
-0.3042 -0.6497 -0.6967,
-0.5613 -0.7005 -0.4407,
-0.3182 -0.6855 -0.6549,
-0.3499 -0.7483 -0.5636,
-0.3042 -0.6497 -0.6967,
-0.2852 -0.5695 -0.7709,
-0.3182 -0.6855 -0.6549,
-0.3042 -0.6497 -0.6967,
-0.1337 -0.5566 -0.8200,
-0.3182 -0.6855 -0.6549,
-0.2852 -0.5695 -0.7709,
-0.1794 -0.6214 -0.7627,
-0.1337 -0.5566 -0.8200,
-0.2852 -0.5695 -0.7709,
-0.3157 -0.5004 -0.8062,
-0.1794 -0.6214 -0.7627,
-0.2852 -0.5695 -0.7709,
-0.2278 -0.2391 -0.9439,
-0.1794 -0.6214 -0.7627,
-0.3157 -0.5004 -0.8062,
-0.4709 -0.1999 -0.8592,
-0.2278 -0.2391 -0.9439,
-0.3157 -0.5004 -0.8062,
-0.1890 -0.1459 -0.9711,
-0.2278 -0.2391 -0.9439,
-0.4709 -0.1999 -0.8592,
-0.2887 -0.1799 -0.9404,
-0.1890 -0.1459 -0.9711,
-0.4709 -0.1999 -0.8592,
-0.0727 -0.4954 -0.8656,
-0.1794 -0.6214 -0.7627,
-0.2278 -0.2391 -0.9439,
0.0101 -0.1742 -0.9847,
-0.0727 -0.4954 -0.8656,
-0.2278 -0.2391 -0.9439,
-0.1890 -0.1459 -0.9711,
0.0101 -0.1742 -0.9847,
-0.2278 -0.2391 -0.9439,
-0.0450 -0.2255 -0.9732,
0.0101 -0.1742 -0.9847,
-0.1890 -0.1459 -0.9711,
0.2357 -0.1813 -0.9548,
0.0101 -0.1742 -0.9847,
-0.0450 -0.2255 -0.9732,
0.2236 -0.0196 -0.9745,
0.2357 -0.1813 -0.9548,
-0.0450 -0.2255 -0.9732,
0.3159 -0.0863 -0.9448,
0.2357 -0.1813 -0.9548,
0.2236 -0.0196 -0.9745,
0.2927 0.0754 -0.9532,
0.3159 -0.0863 -0.9448,
0.2236 -0.0196 -0.9745,
0.3827 0.0030 -0.9239,
0.3159 -0.0863 -0.9448,
0.2927 0.0754 -0.9532,
0.3880 0.2900 -0.8749,
0.3827 0.0030 -0.9239,
0.2927 0.0754 -0.9532,
0.2678 0.2511 -0.9302,
0.3880 0.2900 -0.8749,
0.2927 0.0754 -0.9532,
0.6296 0.2536 -0.7344,
0.3827 0.0030 -0.9239,
0.3880 0.2900 -0.8749,
0.5908 0.3303 -0.7361,
0.6296 0.2536 -0.7344,
0.3880 0.2900 -0.8749,
0.6777 0.2620 -0.6871,
0.6296 0.2536 -0.7344,
0.5908 0.3303 -0.7361,
0.7441 0.1781 -0.6439,
0.6296 0.2536 -0.7344,
0.6777 0.2620 -0.6871,
0.8159 0.2125 -0.5377,
0.7441 0.1781 -0.6439,
0.6777 0.2620 -0.6871,
0.7600 0.2992 -0.5769,
0.8159 0.2125 -0.5377,
0.6777 0.2620 -0.6871,
0.8697 0.1635 -0.4657,
0.8159 0.2125 -0.5377,
0.7600 0.2992 -0.5769,
0.7724 0.4469 -0.4513,
0.8697 0.1635 -0.4657,
0.7600 0.2992 -0.5769,
0.8883 0.3048 -0.3436,
0.8697 0.1635 -0.4657,
0.7724 0.4469 -0.4513,
0.8078 0.5442 -0.2264,
0.8883 0.3048 -0.3436,
0.7724 0.4469 -0.4513,
0.6847 0.5850 -0.4348,
0.8078 0.5442 -0.2264,
0.7724 0.4469 -0.4513,
0.7675 0.6063 -0.2081,
0.8078 0.5442 -0.2264,
0.6847 0.5850 -0.4348,
0.7136 0.6393 -0.2865,
0.7675 0.6063 -0.2081,
0.6847 0.5850 -0.4348,
0.5832 0.7962 -0.1610,
0.7675 0.6063 -0.2081,
0.7136 0.6393 -0.2865,
0.7752 0.6270 -0.0775,
0.7675 0.6063 -0.2081,
0.5832 0.7962 -0.1610,
0.4769 0.8778 0.0456,
0.7752 0.6270 -0.0775,
0.5832 0.7962 -0.1610,
0.3708 0.9287 -0.0028,
0.4769 0.8778 0.0456,
0.5832 0.7962 -0.1610,
0.6544 0.7409 0.1511,
0.7752 0.6270 -0.0775,
0.4769 0.8778 0.0456,
0.8275 0.5607 0.0291,
0.7752 0.6270 -0.0775,
0.6544 0.7409 0.1511,
0.8112 0.5741 0.1112,
0.8275 0.5607 0.0291,
0.6544 0.7409 0.1511,
0.8529 0.4654 0.2367,
0.8275 0.5607 0.0291,
0.8112 0.5741 0.1112,
0.9245 0.2386 0.2973,
0.8529 0.4654 0.2367,
0.8112 0.5741 0.1112,
0.8138 0.4361 0.3841,
0.8529 0.4654 0.2367,
0.9245 0.2386 0.2973,
0.8609 0.3819 0.3362,
0.8138 0.4361 0.3841,
0.9245 0.2386 0.2973,
0.6818 0.4075 0.6075,
0.8609 0.3819 0.3362,
0.9245 0.2386 0.2973,
0.8575 0.4947 0.1415,
0.8529 0.4654 0.2367,
0.8138 0.4361 0.3841,
0.9103 0.2174 0.3523,
0.8575 0.4947 0.1415,
0.8138 0.4361 0.3841,
0.8456 0.1743 0.5045,
0.9103 0.2174 0.3523,
0.8138 0.4361 0.3841,
0.9189 -0.0154 0.3942,
0.9103 0.2174 0.3523,
0.8456 0.1743 0.5045,
0.8929 0.1218 0.4334,
0.9189 -0.0154 0.3942,
0.8456 0.1743 0.5045,
0.8559 0.0242 0.5166,
0.8929 0.1218 0.4334,
0.8456 0.1743 0.5045,
0.8648 0.0006 0.5022,
0.8929 0.1218 0.4334,
0.8559 0.0242 0.5166,
0.9189 -0.0154 0.3942,
0.8929 0.1218 0.4334,
0.8648 0.0006 0.5022,
0.9868 -0.0165 0.1611,
0.9189 -0.0154 0.3942,
0.8648 0.0006 0.5022,
0.9113 -0.2496 0.3275,
0.9868 -0.0165 0.1611,
0.8648 0.0006 0.5022,
0.7720 -0.2427 0.5875,
0.9113 -0.2496 0.3275,
0.8648 0.0006 0.5022,
0.7703 -0.1392 0.6224,
0.7720 -0.2427 0.5875,
0.8648 0.0006 0.5022,
0.8559 0.0242 0.5166,
0.7703 -0.1392 0.6224,
0.8648 0.0006 0.5022,
0.7762 -0.1508 0.6122,
0.7703 -0.1392 0.6224,
0.8559 0.0242 0.5166,
0.7153 -0.0246 0.6984,
0.7762 -0.1508 0.6122,
0.8559 0.0242 0.5166,
0.7554 -0.1983 0.6245,
0.7762 -0.1508 0.6122,
0.7153 -0.0246 0.6984,
0.5665 0.0926 0.8188,
0.7554 -0.1983 0.6245,
0.7153 -0.0246 0.6984,
0.6020 0.0468 0.7971,
0.5665 0.0926 0.8188,
0.7153 -0.0246 0.6984,
0.7544 -0.2270 0.6159,
0.7762 -0.1508 0.6122,
0.7554 -0.1983 0.6245,
0.7703 -0.1392 0.6224,
0.7762 -0.1508 0.6122,
0.7544 -0.2270 0.6159,
0.7170 -0.2936 0.6322,
0.7703 -0.1392 0.6224,
0.7544 -0.2270 0.6159,
0.7340 -0.3392 0.5884,
0.7170 -0.2936 0.6322,
0.7544 -0.2270 0.6159,
0.7024 -0.3699 0.6082,
0.7170 -0.2936 0.6322,
0.7340 -0.3392 0.5884,
0.6562 -0.5325 0.5347,
0.7024 -0.3699 0.6082,
0.7340 -0.3392 0.5884,
0.6281 -0.4756 0.6158,
0.6562 -0.5325 0.5347,
0.7340 -0.3392 0.5884,
0.5250 -0.6803 0.5115,
0.6562 -0.5325 0.5347,
0.6281 -0.4756 0.6158,
0.6006 -0.6368 0.4835,
0.6562 -0.5325 0.5347,
0.5250 -0.6803 0.5115,
0.5627 -0.7793 0.2760,
0.6006 -0.6368 0.4835,
0.5250 -0.6803 0.5115,
0.3750 -0.8548 0.3587,
0.5627 -0.7793 0.2760,
0.5250 -0.6803 0.5115,
0.3311 -0.7650 0.5525,
0.3750 -0.8548 0.3587,
0.5250 -0.6803 0.5115,
0.4041 -0.7800 0.4779,
0.3750 -0.8548 0.3587,
0.3311 -0.7650 0.5525,
0.3965 -0.6623 0.6357,
0.4041 -0.7800 0.4779,
0.3311 -0.7650 0.5525,
0.2599 -0.9028 0.3427,
0.4041 -0.7800 0.4779,
0.3965 -0.6623 0.6357,
0.0155 -0.8768 0.4805,
0.2599 -0.9028 0.3427,
0.3965 -0.6623 0.6357,
0.3104 -0.8789 0.3621,
0.4041 -0.7800 0.4779,
0.2599 -0.9028 0.3427,
0.0782 -0.9684 0.2369,
0.3104 -0.8789 0.3621,
0.2599 -0.9028 0.3427,
0.1610 -0.9765 0.1430,
0.3104 -0.8789 0.3621,
0.0782 -0.9684 0.2369,
0.0784 -0.9901 0.1166,
0.1610 -0.9765 0.1430,
0.0782 -0.9684 0.2369,
0.1518 -0.9883 0.0148,
0.1610 -0.9765 0.1430,
0.0784 -0.9901 0.1166,
0.0807 -0.9967 -0.0118,
0.1518 -0.9883 0.0148,
0.0784 -0.9901 0.1166,
0.1771 -0.9593 -0.2202,
0.1518 -0.9883 0.0148,
0.0807 -0.9967 -0.0118,
-0.1119 -0.9830 -0.1457,
0.1771 -0.9593 -0.2202,
0.0807 -0.9967 -0.0118,
-0.1405 -0.9800 -0.1408,
-0.1119 -0.9830 -0.1457,
0.0807 -0.9967 -0.0118,
-0.3952 -0.9072 -0.1441,
-0.1119 -0.9830 -0.1457,
-0.1405 -0.9800 -0.1408,
-0.6704 -0.7352 0.1000,
-0.1119 -0.9830 -0.1457,
-0.3952 -0.9072 -0.1441,
-0.3167 -0.8414 -0.4379,
-0.6704 -0.7352 0.1000,
-0.3952 -0.9072 -0.1441,
-0.2527 -0.9604 -0.1174,
-0.3167 -0.8414 -0.4379,
-0.3952 -0.9072 -0.1441,
-0.1603 -0.9477 -0.2761,
-0.2527 -0.9604 -0.1174,
-0.3952 -0.9072 -0.1441,
-0.2935 -0.8799 -0.3737,
-0.2527 -0.9604 -0.1174,
-0.1603 -0.9477 -0.2761,
-0.3167 -0.8414 -0.4379,
-0.2527 -0.9604 -0.1174,
-0.2935 -0.8799 -0.3737,
-0.2214 -0.7960 -0.5634,
-0.3167 -0.8414 -0.4379,
-0.2935 -0.8799 -0.3737,
-0.1378 -0.7665 -0.6273,
-0.3167 -0.8414 -0.4379,
-0.2214 -0.7960 -0.5634,
-0.0240 -0.7484 -0.6628,
-0.1378 -0.7665 -0.6273,
-0.2214 -0.7960 -0.5634,
-0.0760 -0.7356 -0.6731,
-0.1378 -0.7665 -0.6273,
-0.0240 -0.7484 -0.6628,
-0.0374 -0.6865 -0.7262,
-0.0760 -0.7356 -0.6731,
-0.0240 -0.7484 -0.6628,
0.1006 -0.8075 -0.5813,
-0.0760 -0.7356 -0.6731,
-0.0374 -0.6865 -0.7262,
-0.1596 -0.4484 -0.8795,
0.1006 -0.8075 -0.5813,
-0.0374 -0.6865 -0.7262,
0.1838 -0.6328 -0.7522,
-0.1596 -0.4484 -0.8795,
-0.0374 -0.6865 -0.7262,
-0.0925 -0.6701 -0.7365,
0.1838 -0.6328 -0.7522,
-0.0374 -0.6865 -0.7262,
0.3179 -0.5233 -0.7907,
0.1838 -0.6328 -0.7522,
-0.0925 -0.6701 -0.7365,
0.0141 -0.4771 -0.8787,
0.3179 -0.5233 -0.7907,
-0.0925 -0.6701 -0.7365,
-0.0424 -0.6506 -0.7582,
0.0141 -0.4771 -0.8787,
-0.0925 -0.6701 -0.7365,
0.2187 -0.2508 -0.9430,
0.3179 -0.5233 -0.7907,
0.0141 -0.4771 -0.8787,
0.3849 -0.3501 -0.8540,
0.3179 -0.5233 -0.7907,
0.2187 -0.2508 -0.9430,
0.3358 -0.2388 -0.9112,
0.3849 -0.3501 -0.8540,
0.2187 -0.2508 -0.9430,
0.4713 -0.3784 -0.7966,
0.3849 -0.3501 -0.8540,
0.3358 -0.2388 -0.9112,
0.4098 -0.1565 -0.8986,
0.4713 -0.3784 -0.7966,
0.3358 -0.2388 -0.9112,
0.6814 -0.3101 -0.6630,
0.4713 -0.3784 -0.7966,
0.4098 -0.1565 -0.8986,
0.6263 -0.1240 -0.7697,
0.6814 -0.3101 -0.6630,
0.4098 -0.1565 -0.8986,
0.5976 0.0170 -0.8016,
0.6263 -0.1240 -0.7697,
0.4098 -0.1565 -0.8986,
0.6968 -0.0292 -0.7166,
0.6263 -0.1240 -0.7697,
0.5976 0.0170 -0.8016,
0.7795 -0.1986 -0.5941,
0.6263 -0.1240 -0.7697,
0.6968 -0.0292 -0.7166,
0.6814 -0.3101 -0.6630,
0.6263 -0.1240 -0.7697,
0.7795 -0.1986 -0.5941,
0.7393 -0.3682 -0.5638,
0.6814 -0.3101 -0.6630,
0.7795 -0.1986 -0.5941,
0.8394 -0.1850 -0.5111,
0.7393 -0.3682 -0.5638,
0.7795 -0.1986 -0.5941,
0.8717 0.0113 -0.4899,
0.8394 -0.1850 -0.5111,
0.7795 -0.1986 -0.5941,
0.8845 -0.0745 -0.4605,
0.8394 -0.1850 -0.5111,
0.8717 0.0113 -0.4899,
0.9665 0.0468 -0.2523,
0.8845 -0.0745 -0.4605,
0.8717 0.0113 -0.4899,
0.9102 0.2313 -0.3436,
0.9665 0.0468 -0.2523,
0.8717 0.0113 -0.4899,
0.9555 0.2055 -0.2116,
0.9665 0.0468 -0.2523,
0.9102 0.2313 -0.3436,
0.9639 0.0133 -0.2661,
0.9555 0.2055 -0.2116,
0.9102 0.2313 -0.3436,
0.9395 0.0170 -0.3421,
0.9639 0.0133 -0.2661,
0.9102 0.2313 -0.3436,
0.9646 0.1364 -0.2256,
0.9639 0.0133 -0.2661,
0.9395 0.0170 -0.3421,
0.9775 0.1603 -0.1371,
0.9555 0.2055 -0.2116,
0.9639 0.0133 -0.2661,
0.9904 -0.0551 -0.1266,
0.9775 0.1603 -0.1371,
0.9639 0.0133 -0.2661,
0.9993 -0.0383 0.0031,
0.9775 0.1603 -0.1371,
0.9904 -0.0551 -0.1266,
0.9479 0.2025 -0.2458,
0.9775 0.1603 -0.1371,
0.9993 -0.0383 0.0031,
0.9517 -0.2269 0.2066,
0.9479 0.2025 -0.2458,
0.9993 -0.0383 0.0031,
0.9717 -0.2251 0.0718,
0.9517 -0.2269 0.2066,
0.9993 -0.0383 0.0031,
0.8846 -0.4646 0.0409,
0.9517 -0.2269 0.2066,
0.9717 -0.2251 0.0718,
0.8829 -0.4606 0.0916,
0.8846 -0.4646 0.0409,
0.9717 -0.2251 0.0718,
0.9758 -0.2159 0.0349,
0.8829 -0.4606 0.0916,
0.9717 -0.2251 0.0718,
0.9257 -0.3624 0.1087,
0.8829 -0.4606 0.0916,
0.9758 -0.2159 0.0349,
0.9240 -0.3823 0.0077,
0.8829 -0.4606 0.0916,
0.9257 -0.3624 0.1087,
0.8846 -0.4646 0.0409,
0.8829 -0.4606 0.0916,
0.9240 -0.3823 0.0077,
0.9164 -0.3227 -0.2367,
0.9479 0.2025 -0.2458,
0.9517 -0.2269 0.2066,
0.7953 -0.5653 -0.2190,
0.9164 -0.3227 -0.2367,
0.9517 -0.2269 0.2066,
0.7294 -0.1032 -0.6762,
0.9164 -0.3227 -0.2367,
0.7953 -0.5653 -0.2190,
0.7430 -0.3261 -0.5845,
0.7294 -0.1032 -0.6762,
0.7953 -0.5653 -0.2190,
0.7786 -0.4526 -0.4347,
0.7430 -0.3261 -0.5845,
0.7953 -0.5653 -0.2190,
0.8656 -0.4868 -0.1171,
0.7786 -0.4526 -0.4347,
0.7953 -0.5653 -0.2190,
0.7736 -0.5574 -0.3015,
0.7786 -0.4526 -0.4347,
0.8656 -0.4868 -0.1171,
0.8276 -0.5612 -0.0115,
0.7736 -0.5574 -0.3015,
0.8656 -0.4868 -0.1171,
0.8785 -0.4778 -0.0028,
0.8276 -0.5612 -0.0115,
0.8656 -0.4868 -0.1171,
0.7425 -0.6695 -0.0189,
0.8276 -0.5612 -0.0115,
0.8785 -0.4778 -0.0028,
0.9521 -0.2866 -0.1067,
0.7425 -0.6695 -0.0189,
0.8785 -0.4778 -0.0028,
0.5655 -0.7989 -0.2048,
0.7425 -0.6695 -0.0189,
0.9521 -0.2866 -0.1067,
0.8210 -0.5178 0.2405,
0.5655 -0.7989 -0.2048,
0.9521 -0.2866 -0.1067,
0.4348 -0.8608 0.2644,
0.5655 -0.7989 -0.2048,
0.8210 -0.5178 0.2405,
0.5161 -0.4931 0.7004,
0.4348 -0.8608 0.2644,
0.8210 -0.5178 0.2405,
0.9409 -0.1625 0.2972,
0.5161 -0.4931 0.7004,
0.8210 -0.5178 0.2405,
0.6386 -0.7695 0.0110,
0.5655 -0.7989 -0.2048,
0.4348 -0.8608 0.2644,
0.4812 -0.8627 0.1554,
0.6386 -0.7695 0.0110,
0.4348 -0.8608 0.2644,
0.4297 -0.8736 0.2285,
0.4812 -0.8627 0.1554,
0.4348 -0.8608 0.2644,
0.5822 -0.7601 0.2887,
0.4812 -0.8627 0.1554,
0.4297 -0.8736 0.2285,
0.6640 -0.7320 0.1525,
0.4812 -0.8627 0.1554,
0.5822 -0.7601 0.2887,
0.6386 -0.7695 0.0110,
0.4812 -0.8627 0.1554,
0.6640 -0.7320 0.1525,
0.7425 -0.6695 -0.0189,
0.5655 -0.7989 -0.2048,
0.6386 -0.7695 0.0110,
0.6511 -0.7528 -0.0964,
0.7736 -0.5574 -0.3015,
0.8276 -0.5612 -0.0115,
0.7425 -0.6695 -0.0189,
0.6511 -0.7528 -0.0964,
0.8276 -0.5612 -0.0115,
0.5574 -0.7022 -0.4430,
0.7736 -0.5574 -0.3015,
0.6511 -0.7528 -0.0964,
0.5972 -0.7115 -0.3704,
0.5574 -0.7022 -0.4430,
0.6511 -0.7528 -0.0964,
0.7290 -0.6732 -0.1235,
0.5972 -0.7115 -0.3704,
0.6511 -0.7528 -0.0964,
0.4081 -0.8510 -0.3306,
0.5972 -0.7115 -0.3704,
0.7290 -0.6732 -0.1235,
0.5231 -0.8487 0.0780,
0.4081 -0.8510 -0.3306,
0.7290 -0.6732 -0.1235,
0.1541 -0.9804 -0.1229,
0.4081 -0.8510 -0.3306,
0.5231 -0.8487 0.0780,
0.4209 -0.8874 0.1883,
0.1541 -0.9804 -0.1229,
0.5231 -0.8487 0.0780,
0.1911 -0.9142 -0.3573,
0.4081 -0.8510 -0.3306,
0.1541 -0.9804 -0.1229,
0.4078 -0.7748 -0.4831,
0.4081 -0.8510 -0.3306,
0.1911 -0.9142 -0.3573,
0.5972 -0.7115 -0.3704,
0.4081 -0.8510 -0.3306,
0.4078 -0.7748 -0.4831,
0.4754 -0.7772 -0.4123,
0.5972 -0.7115 -0.3704,
0.4078 -0.7748 -0.4831,
0.5166 -0.6856 -0.5130,
0.4754 -0.7772 -0.4123,
0.4078 -0.7748 -0.4831,
0.5574 -0.7022 -0.4430,
0.5972 -0.7115 -0.3704,
0.4754 -0.7772 -0.4123,
0.5166 -0.6856 -0.5130,
0.5574 -0.7022 -0.4430,
0.4754 -0.7772 -0.4123,
0.6384 -0.5191 -0.5683,
0.7736 -0.5574 -0.3015,
0.5574 -0.7022 -0.4430,
0.7786 -0.4526 -0.4347,
0.7736 -0.5574 -0.3015,
0.6384 -0.5191 -0.5683,
0.6945 -0.3845 -0.6082,
0.7786 -0.4526 -0.4347,
0.6384 -0.5191 -0.5683,
0.6639 -0.4212 -0.6180,
0.6945 -0.3845 -0.6082,
0.6384 -0.5191 -0.5683,
0.5992 -0.5370 -0.5937,
0.6639 -0.4212 -0.6180,
0.6384 -0.5191 -0.5683,
0.6654 -0.4550 -0.5917,
0.6639 -0.4212 -0.6180,
0.5992 -0.5370 -0.5937,
0.6443 -0.4728 -0.6011,
0.6654 -0.4550 -0.5917,
0.5992 -0.5370 -0.5937,
-0.0247 -0.2921 -0.9561,
0.6443 -0.4728 -0.6011,
0.5992 -0.5370 -0.5937,
0.3034 -0.5092 -0.8054,
0.6443 -0.4728 -0.6011,
-0.0247 -0.2921 -0.9561,
0.3607 -0.5085 -0.7819,
0.3034 -0.5092 -0.8054,
-0.0247 -0.2921 -0.9561,
0.6945 -0.3845 -0.6082,
0.6639 -0.4212 -0.6180,
0.6654 -0.4550 -0.5917,
0.7430 -0.3261 -0.5845,
0.7786 -0.4526 -0.4347,
0.6945 -0.3845 -0.6082,
0.9479 0.2025 -0.2458,
0.9164 -0.3227 -0.2367,
0.7294 -0.1032 -0.6762,
0.9555 0.2055 -0.2116,
0.9775 0.1603 -0.1371,
0.9479 0.2025 -0.2458,
0.8845 -0.0745 -0.4605,
0.9665 0.0468 -0.2523,
0.9555 0.2055 -0.2116,
0.9479 0.2025 -0.2458,
0.8845 -0.0745 -0.4605,
0.9555 0.2055 -0.2116,
0.7294 -0.1032 -0.6762,
0.8845 -0.0745 -0.4605,
0.9479 0.2025 -0.2458,
0.8394 -0.1850 -0.5111,
0.8845 -0.0745 -0.4605,
0.7294 -0.1032 -0.6762,
0.7430 -0.3261 -0.5845,
0.8394 -0.1850 -0.5111,
0.7294 -0.1032 -0.6762,
0.7393 -0.3682 -0.5638,
0.8394 -0.1850 -0.5111,
0.7430 -0.3261 -0.5845,
0.6945 -0.3845 -0.6082,
0.7393 -0.3682 -0.5638,
0.7430 -0.3261 -0.5845,
0.6654 -0.4550 -0.5917,
0.7393 -0.3682 -0.5638,
0.6945 -0.3845 -0.6082,
0.6814 -0.3101 -0.6630,
0.7393 -0.3682 -0.5638,
0.6654 -0.4550 -0.5917,
0.4713 -0.3784 -0.7966,
0.6814 -0.3101 -0.6630,
0.6654 -0.4550 -0.5917,
0.6443 -0.4728 -0.6011,
0.4713 -0.3784 -0.7966,
0.6654 -0.4550 -0.5917,
0.3034 -0.5092 -0.8054,
0.4713 -0.3784 -0.7966,
0.6443 -0.4728 -0.6011,
0.3849 -0.3501 -0.8540,
0.4713 -0.3784 -0.7966,
0.3034 -0.5092 -0.8054,
0.3607 -0.5085 -0.7819,
0.3849 -0.3501 -0.8540,
0.3034 -0.5092 -0.8054,
0.3179 -0.5233 -0.7907,
0.3849 -0.3501 -0.8540,
0.3607 -0.5085 -0.7819,
0.1838 -0.6328 -0.7522,
0.3179 -0.5233 -0.7907,
0.3607 -0.5085 -0.7819,
-0.1596 -0.4484 -0.8795,
0.1838 -0.6328 -0.7522,
0.3607 -0.5085 -0.7819,
-0.0247 -0.2921 -0.9561,
-0.1596 -0.4484 -0.8795,
0.3607 -0.5085 -0.7819,
-0.0494 -0.8046 -0.5917,
0.1006 -0.8075 -0.5813,
-0.1596 -0.4484 -0.8795,
0.3074 -0.9004 -0.3079,
0.1006 -0.8075 -0.5813,
-0.0494 -0.8046 -0.5917,
0.0637 -0.8579 -0.5098,
0.1006 -0.8075 -0.5813,
0.3074 -0.9004 -0.3079,
0.1885 -0.9301 -0.3154,
0.0637 -0.8579 -0.5098,
0.3074 -0.9004 -0.3079,
-0.0891 -0.8858 -0.4554,
0.0637 -0.8579 -0.5098,
0.1885 -0.9301 -0.3154,
-0.0760 -0.7356 -0.6731,
0.1006 -0.8075 -0.5813,
0.0637 -0.8579 -0.5098,
-0.1378 -0.7665 -0.6273,
-0.0760 -0.7356 -0.6731,
0.0637 -0.8579 -0.5098,
-0.0891 -0.8858 -0.4554,
-0.1378 -0.7665 -0.6273,
0.0637 -0.8579 -0.5098,
-0.3167 -0.8414 -0.4379,
-0.1378 -0.7665 -0.6273,
-0.0891 -0.8858 -0.4554,
0.4926 -0.8342 0.2481,
0.3104 -0.8789 0.3621,
0.1610 -0.9765 0.1430,
0.5636 -0.7421 0.3628,
0.3104 -0.8789 0.3621,
0.4926 -0.8342 0.2481,
0.4041 -0.7800 0.4779,
0.3104 -0.8789 0.3621,
0.5636 -0.7421 0.3628,
0.3750 -0.8548 0.3587,
0.4041 -0.7800 0.4779,
0.5636 -0.7421 0.3628,
0.8285 -0.3182 0.4608,
0.7170 -0.2936 0.6322,
0.7024 -0.3699 0.6082,
0.7720 -0.2427 0.5875,
0.7703 -0.1392 0.6224,
0.7170 -0.2936 0.6322,
0.8285 -0.3182 0.4608,
0.7720 -0.2427 0.5875,
0.7170 -0.2936 0.6322,
0.9113 -0.2496 0.3275,
0.7720 -0.2427 0.5875,
0.8285 -0.3182 0.4608,
0.9779 -0.1458 0.1500,
0.9189 -0.0154 0.3942,
0.9868 -0.0165 0.1611,
0.9103 0.2174 0.3523,
0.9189 -0.0154 0.3942,
0.9779 -0.1458 0.1500,
0.9912 0.1206 -0.0541,
0.9103 0.2174 0.3523,
0.9779 -0.1458 0.1500,
0.8575 0.4947 0.1415,
0.9103 0.2174 0.3523,
0.9912 0.1206 -0.0541,
0.9603 0.2244 -0.1658,
0.8575 0.4947 0.1415,
0.9912 0.1206 -0.0541,
0.8658 0.5003 0.0079,
0.8575 0.4947 0.1415,
0.9603 0.2244 -0.1658,
0.8652 0.4850 -0.1272,
0.8658 0.5003 0.0079,
0.9603 0.2244 -0.1658,
0.8234 0.5581 -0.1027,
0.8658 0.5003 0.0079,
0.8652 0.4850 -0.1272,
0.8529 0.4654 0.2367,
0.8575 0.4947 0.1415,
0.8658 0.5003 0.0079,
0.8275 0.5607 0.0291,
0.8529 0.4654 0.2367,
0.8658 0.5003 0.0079,
0.8234 0.5581 -0.1027,
0.8275 0.5607 0.0291,
0.8658 0.5003 0.0079,
0.7752 0.6270 -0.0775,
0.8275 0.5607 0.0291,
0.8234 0.5581 -0.1027,
0.7675 0.6063 -0.2081,
0.7752 0.6270 -0.0775,
0.8234 0.5581 -0.1027,
0.8078 0.5442 -0.2264,
0.7675 0.6063 -0.2081,
0.8234 0.5581 -0.1027,
0.8652 0.4850 -0.1272,
0.8078 0.5442 -0.2264,
0.8234 0.5581 -0.1027,
0.8883 0.3048 -0.3436,
0.8078 0.5442 -0.2264,
0.8652 0.4850 -0.1272,
0.2032 -0.6839 0.7007,
0.0851 -0.6570 0.7490,
0.0152 -0.6600 0.7511,
0.8716 0.2796 0.4027,
0.6801 0.4329 0.5917,
0.7038 0.1918 0.6841,
0.2045 0.7944 -0.5719,
0.2800 0.9174 -0.2829,
0.3674 0.9231 -0.1133,
0.6837 0.6640 -0.3027,
0.6016 0.4864 -0.6336,
0.2045 0.7944 -0.5719,
0.3674 0.9231 -0.1133,
0.6837 0.6640 -0.3027,
0.2045 0.7944 -0.5719,
0.1311 0.3948 -0.9094,
0.0746 0.5740 -0.8154,
0.2874 0.2825 -0.9152,
-0.3527 0.1019 -0.9302,
-0.2386 0.0711 -0.9685,
-0.2577 0.0033 -0.9662,
-0.3292 0.1192 -0.9367,
-0.3527 0.1019 -0.9302,
-0.2577 0.0033 -0.9662,
-0.5324 -0.2355 -0.8131,
-0.6810 0.0056 -0.7323,
-0.3292 0.1192 -0.9367,
-0.7084 -0.4408 -0.5512,
-0.6803 -0.4445 -0.5827,
-0.7197 -0.3223 -0.6150,
-0.2298 -0.4906 0.8405,
-0.3020 -0.4305 0.8506,
-0.1827 -0.4455 0.8764,
-0.1837 -0.3539 0.9171,
-0.1298 -0.1615 0.9783,
-0.2594 -0.1181 0.9585,
0.1164 0.1119 0.9869,
0.1500 0.2444 0.9580,
0.2496 -0.0502 0.9671,
0.0393 0.9599 -0.2776,
-0.0526 0.9799 -0.1927,
-0.0988 0.9885 -0.1145,
-0.0766 0.9482 -0.3081,
-0.3225 0.8635 -0.3877,
-0.0621 0.9927 -0.1034,
-0.0526 0.9799 -0.1927,
-0.0766 0.9482 -0.3081,
-0.0621 0.9927 -0.1034,
0.0393 0.9599 -0.2776,
-0.0766 0.9482 -0.3081,
-0.0526 0.9799 -0.1927,
0.0395 0.8941 -0.4461,
-0.0766 0.9482 -0.3081,
0.0393 0.9599 -0.2776,
-0.0919 0.6725 -0.7344,
-0.0720 0.7647 -0.6404,
0.0357 0.7204 -0.6926,
-0.0579 0.5348 -0.8430,
-0.0720 0.7647 -0.6404,
-0.0919 0.6725 -0.7344,
-0.2997 -0.4202 -0.8565,
0.0901 -0.4656 -0.8804,
-0.0742 -0.1865 -0.9797,
-0.4144 -0.0245 -0.9098,
-0.2997 -0.4202 -0.8565,
-0.0742 -0.1865 -0.9797,
-0.5999 -0.3411 0.7237,
-0.6566 -0.4162 0.6290,
-0.5630 -0.4656 0.6827,
-0.4746 -0.2824 0.8337,
-0.6566 -0.4162 0.6290,
-0.5999 -0.3411 0.7237,
-0.2863 -0.1026 0.9526,
-0.5122 -0.1462 0.8463,
-0.4746 -0.2824 0.8337,
-0.2083 0.2149 0.9542,
-0.3237 0.2220 0.9197,
-0.2292 0.1529 0.9613,
0.0056 0.8377 0.5462,
-0.2160 0.7701 0.6002,
0.0610 0.5650 0.8228,
-0.1773 0.9830 -0.0483,
-0.2446 0.9556 0.1644,
-0.1157 0.9701 0.2131,
-0.3537 0.6003 0.7173,
-0.2387 0.6430 0.7277,
0.0113 0.9021 0.4313,
-0.4767 0.7292 -0.4909,
-0.1534 0.9349 -0.3201,
-0.5903 0.8046 -0.0639,
0.1885 -0.9301 -0.3154,
0.3074 -0.9004 -0.3079,
-0.0494 -0.8046 -0.5917,
-0.8733 -0.2410 0.4235,
-0.9075 -0.1651 0.3862,
-0.7628 -0.3197 0.5621,
0.2618 0.9464 -0.1892,
0.4004 0.8730 -0.2784,
0.3120 0.8804 -0.3572,
-0.0424 -0.6506 -0.7582,
-0.0925 -0.6701 -0.7365,
-0.0374 -0.6865 -0.7262,
-0.0240 -0.7484 -0.6628,
-0.0424 -0.6506 -0.7582,
-0.0374 -0.6865 -0.7262,
0.8846 -0.4646 0.0409,
0.7953 -0.5653 -0.2190,
0.9517 -0.2269 0.2066,
0.8656 -0.4868 -0.1171,
0.7953 -0.5653 -0.2190,
0.8846 -0.4646 0.0409,
0.8785 -0.4778 -0.0028,
0.8656 -0.4868 -0.1171,
0.8846 -0.4646 0.0409,
0.9240 -0.3823 0.0077,
0.8785 -0.4778 -0.0028,
0.8846 -0.4646 0.0409,
0.9521 -0.2866 -0.1067,
0.8785 -0.4778 -0.0028,
0.9240 -0.3823 0.0077,
-0.7595 0.1416 -0.6349,
-0.0494 -0.8046 -0.5917,
-0.1596 -0.4484 -0.8795,
-0.0247 -0.2921 -0.9561,
-0.7595 0.1416 -0.6349,
-0.1596 -0.4484 -0.8795,
0.9758 -0.2159 0.0349,
0.9717 -0.2251 0.0718,
0.9993 -0.0383 0.0031,
0.9521 -0.2866 -0.1067,
0.9240 -0.3823 0.0077,
0.9257 -0.3624 0.1087,
0.3708 0.9287 -0.0028,
0.5075 0.8572 -0.0877,
0.4328 0.8994 0.0608,
0.4769 0.8778 0.0456,
0.3708 0.9287 -0.0028,
0.4328 0.8994 0.0608,
0.4134 0.8944 0.1704,
0.4769 0.8778 0.0456,
0.4328 0.8994 0.0608,
0.6544 0.7409 0.1511,
0.4769 0.8778 0.0456,
0.4134 0.8944 0.1704,
0.4375 0.8666 0.2398,
0.6544 0.7409 0.1511,
0.4134 0.8944 0.1704,
0.8112 0.5741 0.1112,
0.6544 0.7409 0.1511,
0.4375 0.8666 0.2398,
0.8201 0.5466 0.1694,
0.8112 0.5741 0.1112,
0.4375 0.8666 0.2398,
0.9245 0.2386 0.2973,
0.8112 0.5741 0.1112,
0.8201 0.5466 0.1694,
0.6818 0.4075 0.6075,
0.9245 0.2386 0.2973,
0.8201 0.5466 0.1694,
0.3674 0.9231 -0.1133,
0.5075 0.8572 -0.0877,
0.3708 0.9287 -0.0028,
0.5832 0.7962 -0.1610,
0.3674 0.9231 -0.1133,
0.3708 0.9287 -0.0028,
0.7136 0.6393 -0.2865,
0.3674 0.9231 -0.1133,
0.5832 0.7962 -0.1610,
0.6837 0.6640 -0.3027,
0.3674 0.9231 -0.1133,
0.7136 0.6393 -0.2865,
0.6016 0.4864 -0.6336,
0.6837 0.6640 -0.3027,
0.7136 0.6393 -0.2865,
0.6847 0.5850 -0.4348,
0.6016 0.4864 -0.6336,
0.7136 0.6393 -0.2865,
0.6160 0.5879 -0.5244,
0.6016 0.4864 -0.6336,
0.6847 0.5850 -0.4348,
0.7724 0.4469 -0.4513,
0.6160 0.5879 -0.5244,
0.6847 0.5850 -0.4348,
0.7600 0.2992 -0.5769,
0.6160 0.5879 -0.5244,
0.7724 0.4469 -0.4513,
0.6143 0.4166 -0.6701,
0.6160 0.5879 -0.5244,
0.7600 0.2992 -0.5769,
0.6777 0.2620 -0.6871,
0.6143 0.4166 -0.6701,
0.7600 0.2992 -0.5769,
0.5908 0.3303 -0.7361,
0.6143 0.4166 -0.6701,
0.6777 0.2620 -0.6871,
0.6231 0.3390 -0.7049,
0.6143 0.4166 -0.6701,
0.5908 0.3303 -0.7361,
0.4701 0.2291 -0.8524,
0.6231 0.3390 -0.7049,
0.5908 0.3303 -0.7361,
0.3880 0.2900 -0.8749,
0.4701 0.2291 -0.8524,
0.5908 0.3303 -0.7361,
0.2678 0.2511 -0.9302,
0.4701 0.2291 -0.8524,
0.3880 0.2900 -0.8749,
0.2874 0.2825 -0.9152,
0.4701 0.2291 -0.8524,
0.2678 0.2511 -0.9302,
0.1311 0.3948 -0.9094,
0.2874 0.2825 -0.9152,
0.2678 0.2511 -0.9302,
0.0587 0.2618 -0.9633,
0.1311 0.3948 -0.9094,
0.2678 0.2511 -0.9302,
0.0831 0.2199 -0.9720,
0.0587 0.2618 -0.9633,
0.2678 0.2511 -0.9302,
0.2927 0.0754 -0.9532,
0.0831 0.2199 -0.9720,
0.2678 0.2511 -0.9302,
0.2236 -0.0196 -0.9745,
0.0831 0.2199 -0.9720,
0.2927 0.0754 -0.9532,
-0.1093 -0.0394 -0.9932,
0.0831 0.2199 -0.9720,
0.2236 -0.0196 -0.9745,
-0.0450 -0.2255 -0.9732,
-0.1093 -0.0394 -0.9932,
0.2236 -0.0196 -0.9745,
-0.1890 -0.1459 -0.9711,
-0.1093 -0.0394 -0.9932,
-0.0450 -0.2255 -0.9732,
-0.2577 0.0033 -0.9662,
-0.1093 -0.0394 -0.9932,
-0.1890 -0.1459 -0.9711,
-0.2887 -0.1799 -0.9404,
-0.2577 0.0033 -0.9662,
-0.1890 -0.1459 -0.9711,
-0.3292 0.1192 -0.9367,
-0.2577 0.0033 -0.9662,
-0.2887 -0.1799 -0.9404,
-0.5324 -0.2355 -0.8131,
-0.3292 0.1192 -0.9367,
-0.2887 -0.1799 -0.9404,
-0.4594 -0.3203 -0.8284,
-0.5324 -0.2355 -0.8131,
-0.2887 -0.1799 -0.9404,
-0.4709 -0.1999 -0.8592,
-0.4594 -0.3203 -0.8284,
-0.2887 -0.1799 -0.9404,
-0.3799 -0.4130 -0.8277,
-0.4594 -0.3203 -0.8284,
-0.4709 -0.1999 -0.8592,
-0.3157 -0.5004 -0.8062,
-0.3799 -0.4130 -0.8277,
-0.4709 -0.1999 -0.8592,
-0.2852 -0.5695 -0.7709,
-0.3799 -0.4130 -0.8277,
-0.3157 -0.5004 -0.8062,
-0.3042 -0.6497 -0.6967,
-0.3799 -0.4130 -0.8277,
-0.2852 -0.5695 -0.7709,
-0.6340 -0.5368 -0.5567,
-0.3799 -0.4130 -0.8277,
-0.3042 -0.6497 -0.6967,
-0.7197 -0.3223 -0.6150,
-0.3799 -0.4130 -0.8277,
-0.6340 -0.5368 -0.5567,
-0.7084 -0.4408 -0.5512,
-0.7197 -0.3223 -0.6150,
-0.6340 -0.5368 -0.5567,
-0.7086 -0.5738 -0.4108,
-0.7084 -0.4408 -0.5512,
-0.6340 -0.5368 -0.5567,
-0.5613 -0.7005 -0.4407,
-0.7086 -0.5738 -0.4108,
-0.6340 -0.5368 -0.5567,
-0.6298 -0.7028 -0.3307,
-0.7086 -0.5738 -0.4108,
-0.5613 -0.7005 -0.4407,
-0.6679 -0.6405 -0.3791,
-0.7086 -0.5738 -0.4108,
-0.6298 -0.7028 -0.3307,
-0.6442 -0.7507 -0.1468,
-0.6679 -0.6405 -0.3791,
-0.6298 -0.7028 -0.3307,
-0.5895 -0.7400 -0.3240,
-0.6442 -0.7507 -0.1468,
-0.6298 -0.7028 -0.3307,
-0.5250 -0.8454 -0.0983,
-0.6442 -0.7507 -0.1468,
-0.5895 -0.7400 -0.3240,
-0.7130 -0.7010 0.0117,
-0.6442 -0.7507 -0.1468,
-0.5250 -0.8454 -0.0983,
-0.4477 -0.8910 0.0750,
-0.7130 -0.7010 0.0117,
-0.5250 -0.8454 -0.0983,
-0.3468 -0.9375 -0.0303,
-0.4477 -0.8910 0.0750,
-0.5250 -0.8454 -0.0983,
-0.4212 -0.9067 0.0200,
-0.4477 -0.8910 0.0750,
-0.3468 -0.9375 -0.0303,
-0.4354 -0.8545 0.2832,
-0.4477 -0.8910 0.0750,
-0.4212 -0.9067 0.0200,
-0.4468 -0.8670 0.2204,
-0.4354 -0.8545 0.2832,
-0.4212 -0.9067 0.0200,
-0.2336 -0.9557 0.1793,
-0.4468 -0.8670 0.2204,
-0.4212 -0.9067 0.0200,
-0.2217 -0.9577 0.1836,
-0.4468 -0.8670 0.2204,
-0.2336 -0.9557 0.1793,
0.9646 0.1364 -0.2256,
0.8652 0.4850 -0.1272,
0.9603 0.2244 -0.1658,
0.9639 0.0133 -0.2661,
0.9646 0.1364 -0.2256,
0.9603 0.2244 -0.1658,
0.8883 0.3048 -0.3436,
0.8652 0.4850 -0.1272,
0.9646 0.1364 -0.2256,
0.9395 0.0170 -0.3421,
0.8883 0.3048 -0.3436,
0.9646 0.1364 -0.2256,
0.8697 0.1635 -0.4657,
0.8883 0.3048 -0.3436,
0.9395 0.0170 -0.3421,
0.9102 0.2313 -0.3436,
0.8697 0.1635 -0.4657,
0.9395 0.0170 -0.3421,
0.8159 0.2125 -0.5377,
0.8697 0.1635 -0.4657,
0.9102 0.2313 -0.3436,
0.8717 0.0113 -0.4899,
0.8159 0.2125 -0.5377,
0.9102 0.2313 -0.3436,
0.7441 0.1781 -0.6439,
0.8159 0.2125 -0.5377,
0.8717 0.0113 -0.4899,
0.7795 -0.1986 -0.5941,
0.7441 0.1781 -0.6439,
0.8717 0.0113 -0.4899,
0.6968 -0.0292 -0.7166,
0.7441 0.1781 -0.6439,
0.7795 -0.1986 -0.5941,
0.5976 0.0170 -0.8016,
0.7441 0.1781 -0.6439,
0.6968 -0.0292 -0.7166,
0.6296 0.2536 -0.7344,
0.7441 0.1781 -0.6439,
0.5976 0.0170 -0.8016,
0.3827 0.0030 -0.9239,
0.6296 0.2536 -0.7344,
0.5976 0.0170 -0.8016,
0.4098 -0.1565 -0.8986,
0.3827 0.0030 -0.9239,
0.5976 0.0170 -0.8016,
0.3159 -0.0863 -0.9448,
0.3827 0.0030 -0.9239,
0.4098 -0.1565 -0.8986,
0.3358 -0.2388 -0.9112,
0.3159 -0.0863 -0.9448,
0.4098 -0.1565 -0.8986,
0.2357 -0.1813 -0.9548,
0.3159 -0.0863 -0.9448,
0.3358 -0.2388 -0.9112,
0.2187 -0.2508 -0.9430,
0.2357 -0.1813 -0.9548,
0.3358 -0.2388 -0.9112,
0.0101 -0.1742 -0.9847,
0.2357 -0.1813 -0.9548,
0.2187 -0.2508 -0.9430,
0.0141 -0.4771 -0.8787,
0.0101 -0.1742 -0.9847,
0.2187 -0.2508 -0.9430,
-0.0727 -0.4954 -0.8656,
0.0101 -0.1742 -0.9847,
0.0141 -0.4771 -0.8787,
-0.0424 -0.6506 -0.7582,
-0.0727 -0.4954 -0.8656,
0.0141 -0.4771 -0.8787,
-0.1794 -0.6214 -0.7627,
-0.0727 -0.4954 -0.8656,
-0.0424 -0.6506 -0.7582,
-0.1337 -0.5566 -0.8200,
-0.1794 -0.6214 -0.7627,
-0.0424 -0.6506 -0.7582,
-0.0240 -0.7484 -0.6628,
-0.1337 -0.5566 -0.8200,
-0.0424 -0.6506 -0.7582,
-0.3182 -0.6855 -0.6549,
-0.1337 -0.5566 -0.8200,
-0.0240 -0.7484 -0.6628,
-0.2214 -0.7960 -0.5634,
-0.3182 -0.6855 -0.6549,
-0.0240 -0.7484 -0.6628,
-0.3499 -0.7483 -0.5636,
-0.3182 -0.6855 -0.6549,
-0.2214 -0.7960 -0.5634,
-0.2935 -0.8799 -0.3737,
-0.3499 -0.7483 -0.5636,
-0.2214 -0.7960 -0.5634,
-0.5371 -0.7772 -0.3277,
-0.3499 -0.7483 -0.5636,
-0.2935 -0.8799 -0.3737,
-0.3970 -0.9065 -0.1438,
-0.5371 -0.7772 -0.3277,
-0.2935 -0.8799 -0.3737,
-0.1603 -0.9477 -0.2761,
-0.3970 -0.9065 -0.1438,
-0.2935 -0.8799 -0.3737,
-0.3688 -0.9205 -0.1291,
-0.3970 -0.9065 -0.1438,
-0.1603 -0.9477 -0.2761,
-0.3952 -0.9072 -0.1441,
-0.3688 -0.9205 -0.1291,
-0.1603 -0.9477 -0.2761,
-0.1405 -0.9800 -0.1408,
-0.3688 -0.9205 -0.1291,
-0.3952 -0.9072 -0.1441,
-0.2825 -0.9593 -0.0068,
-0.3688 -0.9205 -0.1291,
-0.1405 -0.9800 -0.1408,
-0.0048 -0.9960 0.0894,
-0.2825 -0.9593 -0.0068,
-0.1405 -0.9800 -0.1408,
0.0807 -0.9967 -0.0118,
-0.0048 -0.9960 0.0894,
-0.1405 -0.9800 -0.1408,
0.0784 -0.9901 0.1166,
-0.0048 -0.9960 0.0894,
0.0807 -0.9967 -0.0118,
0.0045 -0.9770 0.2130,
-0.0048 -0.9960 0.0894,
0.0784 -0.9901 0.1166,
0.0782 -0.9684 0.2369,
0.0045 -0.9770 0.2130,
0.0784 -0.9901 0.1166,
0.0277 -0.9641 0.2639,
0.0045 -0.9770 0.2130,
0.0782 -0.9684 0.2369,
0.2599 -0.9028 0.3427,
0.0277 -0.9641 0.2639,
0.0782 -0.9684 0.2369,
0.0155 -0.8768 0.4805,
0.0277 -0.9641 0.2639,
0.2599 -0.9028 0.3427,
-0.1525 -0.7388 0.6565,
0.0277 -0.9641 0.2639,
0.0155 -0.8768 0.4805,
0.0152 -0.6600 0.7511,
-0.1525 -0.7388 0.6565,
0.0155 -0.8768 0.4805,
0.3965 -0.6623 0.6357,
0.0152 -0.6600 0.7511,
0.0155 -0.8768 0.4805,
0.2032 -0.6839 0.7007,
0.0152 -0.6600 0.7511,
0.3965 -0.6623 0.6357,
0.3311 -0.7650 0.5525,
0.2032 -0.6839 0.7007,
0.3965 -0.6623 0.6357,
0.3112 -0.6836 0.6602,
0.2032 -0.6839 0.7007,
0.3311 -0.7650 0.5525,
0.5250 -0.6803 0.5115,
0.3112 -0.6836 0.6602,
0.3311 -0.7650 0.5525,
0.6281 -0.4756 0.6158,
0.3112 -0.6836 0.6602,
0.5250 -0.6803 0.5115,
0.4413 -0.5159 0.7342,
0.3112 -0.6836 0.6602,
0.6281 -0.4756 0.6158,
0.4455 -0.3958 0.8031,
0.4413 -0.5159 0.7342,
0.6281 -0.4756 0.6158,
0.6518 -0.3284 0.6836,
0.4455 -0.3958 0.8031,
0.6281 -0.4756 0.6158,
0.7340 -0.3392 0.5884,
0.6518 -0.3284 0.6836,
0.6281 -0.4756 0.6158,
0.7544 -0.2270 0.6159,
0.6518 -0.3284 0.6836,
0.7340 -0.3392 0.5884,
0.5701 -0.1204 0.8127,
0.6518 -0.3284 0.6836,
0.7544 -0.2270 0.6159,
0.7554 -0.1983 0.6245,
0.5701 -0.1204 0.8127,
0.7544 -0.2270 0.6159,
0.5665 0.0926 0.8188,
0.5701 -0.1204 0.8127,
0.7554 -0.1983 0.6245,
0.4924 -0.0701 0.8676,
0.5701 -0.1204 0.8127,
0.5665 0.0926 0.8188,
0.6020 0.0468 0.7971,
0.4924 -0.0701 0.8676,
0.5665 0.0926 0.8188,
0.5880 0.0876 0.8041,
0.4924 -0.0701 0.8676,
0.6020 0.0468 0.7971,
0.5900 0.2592 0.7647,
0.5880 0.0876 0.8041,
0.6020 0.0468 0.7971,
0.7038 0.1918 0.6841,
0.5900 0.2592 0.7647,
0.6020 0.0468 0.7971,
0.7153 -0.0246 0.6984,
0.7038 0.1918 0.6841,
0.6020 0.0468 0.7971,
0.8559 0.0242 0.5166,
0.7038 0.1918 0.6841,
0.7153 -0.0246 0.6984,
0.8716 0.2796 0.4027,
0.7038 0.1918 0.6841,
0.8559 0.0242 0.5166,
0.8456 0.1743 0.5045,
0.8716 0.2796 0.4027,
0.8559 0.0242 0.5166,
0.8138 0.4361 0.3841,
0.8716 0.2796 0.4027,
0.8456 0.1743 0.5045,
0.8609 0.3819 0.3362,
0.8716 0.2796 0.4027,
0.8138 0.4361 0.3841,
0.6801 0.4329 0.5917,
0.8716 0.2796 0.4027,
0.8609 0.3819 0.3362,
0.6818 0.4075 0.6075,
0.6801 0.4329 0.5917,
0.8609 0.3819 0.3362,
0.5085 0.5285 0.6798,
0.6801 0.4329 0.5917,
0.6818 0.4075 0.6075,
0.4803 0.6596 0.5781,
0.5085 0.5285 0.6798,
0.6818 0.4075 0.6075,
0.2007 0.8092 0.5522,
0.4803 0.6596 0.5781,
0.6818 0.4075 0.6075,
0.9904 -0.0551 -0.1266,
0.9912 0.1206 -0.0541,
0.9779 -0.1458 0.1500,
0.9868 -0.0165 0.1611,
0.9904 -0.0551 -0.1266,
0.9779 -0.1458 0.1500,
0.9603 0.2244 -0.1658,
0.9912 0.1206 -0.0541,
0.9904 -0.0551 -0.1266,
0.9639 0.0133 -0.2661,
0.9603 0.2244 -0.1658,
0.9904 -0.0551 -0.1266,
0.8201 0.5466 0.1694,
0.4375 0.8666 0.2398,
0.2007 0.8092 0.5522,
0.6818 0.4075 0.6075,
0.8201 0.5466 0.1694,
0.2007 0.8092 0.5522,
0.6640 -0.7320 0.1525,
0.7290 -0.6732 -0.1235,
0.6511 -0.7528 -0.0964,
0.7425 -0.6695 -0.0189,
0.6640 -0.7320 0.1525,
0.6511 -0.7528 -0.0964,
0.6386 -0.7695 0.0110,
0.6640 -0.7320 0.1525,
0.7425 -0.6695 -0.0189,
0.5231 -0.8487 0.0780,
0.7290 -0.6732 -0.1235,
0.6640 -0.7320 0.1525,
0.4209 -0.8874 0.1883,
0.5231 -0.8487 0.0780,
0.6640 -0.7320 0.1525,
0.5822 -0.7601 0.2887,
0.4209 -0.8874 0.1883,
0.6640 -0.7320 0.1525,
0.5166 -0.6856 -0.5130,
0.5992 -0.5370 -0.5937,
0.6384 -0.5191 -0.5683,
0.5574 -0.7022 -0.4430,
0.5166 -0.6856 -0.5130,
0.6384 -0.5191 -0.5683,
-0.0247 -0.2921 -0.9561,
0.5992 -0.5370 -0.5937,
0.5166 -0.6856 -0.5130,
-0.0494 -0.8046 -0.5917,
0.5166 -0.6856 -0.5130,
0.4078 -0.7748 -0.4831,
0.1911 -0.9142 -0.3573,
-0.0494 -0.8046 -0.5917,
0.4078 -0.7748 -0.4831,
0.1885 -0.9301 -0.3154,
-0.0494 -0.8046 -0.5917,
0.1911 -0.9142 -0.3573,
-0.0247 -0.2921 -0.9561,
0.5166 -0.6856 -0.5130,
-0.0494 -0.8046 -0.5917,
0.1771 -0.9593 -0.2202,
0.1911 -0.9142 -0.3573,
0.1541 -0.9804 -0.1229,
0.1518 -0.9883 0.0148,
0.1771 -0.9593 -0.2202,
0.1541 -0.9804 -0.1229,
0.4209 -0.8874 0.1883,
0.1518 -0.9883 0.0148,
0.1541 -0.9804 -0.1229,
0.1610 -0.9765 0.1430,
0.1518 -0.9883 0.0148,
0.4209 -0.8874 0.1883,
0.4926 -0.8342 0.2481,
0.1610 -0.9765 0.1430,
0.4209 -0.8874 0.1883,
0.5822 -0.7601 0.2887,
0.4926 -0.8342 0.2481,
0.4209 -0.8874 0.1883,
0.5636 -0.7421 0.3628,
0.4926 -0.8342 0.2481,
0.5822 -0.7601 0.2887,
0.3750 -0.8548 0.3587,
0.5636 -0.7421 0.3628,
0.5822 -0.7601 0.2887,
0.4297 -0.8736 0.2285,
0.3750 -0.8548 0.3587,
0.5822 -0.7601 0.2887,
0.5627 -0.7793 0.2760,
0.3750 -0.8548 0.3587,
0.4297 -0.8736 0.2285,
0.6006 -0.6368 0.4835,
0.5627 -0.7793 0.2760,
0.4297 -0.8736 0.2285,
0.4348 -0.8608 0.2644,
0.6006 -0.6368 0.4835,
0.4297 -0.8736 0.2285,
0.5161 -0.4931 0.7004,
0.6006 -0.6368 0.4835,
0.4348 -0.8608 0.2644,
0.6562 -0.5325 0.5347,
0.6006 -0.6368 0.4835,
0.5161 -0.4931 0.7004,
0.7024 -0.3699 0.6082,
0.6562 -0.5325 0.5347,
0.5161 -0.4931 0.7004,
0.9409 -0.1625 0.2972,
0.7024 -0.3699 0.6082,
0.5161 -0.4931 0.7004,
0.8285 -0.3182 0.4608,
0.7024 -0.3699 0.6082,
0.9409 -0.1625 0.2972,
0.1885 -0.9301 -0.3154,
0.1911 -0.9142 -0.3573,
0.1771 -0.9593 -0.2202,
-0.1119 -0.9830 -0.1457,
0.1885 -0.9301 -0.3154,
0.1771 -0.9593 -0.2202,
-0.0891 -0.8858 -0.4554,
0.1885 -0.9301 -0.3154,
-0.1119 -0.9830 -0.1457,
0.9758 -0.2159 0.0349,
0.9993 -0.0383 0.0031,
0.9904 -0.0551 -0.1266,
0.9868 -0.0165 0.1611,
0.9758 -0.2159 0.0349,
0.9904 -0.0551 -0.1266,
0.9113 -0.2496 0.3275,
0.9758 -0.2159 0.0349,
0.9868 -0.0165 0.1611,
0.9257 -0.3624 0.1087,
0.9758 -0.2159 0.0349,
0.9113 -0.2496 0.3275,
0.8285 -0.3182 0.4608,
0.9257 -0.3624 0.1087,
0.9113 -0.2496 0.3275,
0.9409 -0.1625 0.2972,
0.9257 -0.3624 0.1087,
0.8285 -0.3182 0.4608,
0.9521 -0.2866 -0.1067,
0.9257 -0.3624 0.1087,
0.9409 -0.1625 0.2972,
-0.4301 0.1953 -0.8814,
-0.4475 0.1567 -0.8805,
-0.5338 0.1935 -0.8232,
-0.4144 -0.0245 -0.9098,
-0.4301 0.1953 -0.8814,
-0.5338 0.1935 -0.8232,
-0.5920 -0.1025 -0.7994,
-0.4144 -0.0245 -0.9098,
-0.5338 0.1935 -0.8232,
-0.2997 -0.4202 -0.8565,
-0.4144 -0.0245 -0.9098,
-0.5920 -0.1025 -0.7994,
-0.5538 -0.0152 -0.8325,
-0.2997 -0.4202 -0.8565,
-0.5920 -0.1025 -0.7994,
-0.7230 0.0887 -0.6851,
-0.5538 -0.0152 -0.8325,
-0.5920 -0.1025 -0.7994,
-0.6547 -0.0528 -0.7540,
-0.5538 -0.0152 -0.8325,
-0.7230 0.0887 -0.6851,
-0.7888 -0.2343 -0.5682,
-0.5538 -0.0152 -0.8325,
-0.6547 -0.0528 -0.7540,
-0.8591 -0.1463 -0.4905,
-0.7888 -0.2343 -0.5682,
-0.6547 -0.0528 -0.7540,
-0.8740 -0.1815 -0.4507,
-0.7888 -0.2343 -0.5682,
-0.8591 -0.1463 -0.4905,
-0.7702 -0.2895 -0.5684,
-0.8740 -0.1815 -0.4507,
-0.8591 -0.1463 -0.4905,
-0.9077 -0.1958 -0.3710,
-0.8740 -0.1815 -0.4507,
-0.7702 -0.2895 -0.5684,
-0.9622 -0.1188 -0.2451,
-0.8740 -0.1815 -0.4507,
-0.9077 -0.1958 -0.3710,
-0.9544 -0.1981 -0.2234,
-0.9622 -0.1188 -0.2451,
-0.9077 -0.1958 -0.3710,
-0.8621 -0.4030 -0.3073,
-0.9544 -0.1981 -0.2234,
-0.9077 -0.1958 -0.3710,
-0.8935 -0.4105 -0.1820,
-0.9544 -0.1981 -0.2234,
-0.8621 -0.4030 -0.3073,
-0.8820 -0.4699 0.0345,
-0.9544 -0.1981 -0.2234,
-0.8935 -0.4105 -0.1820,
-0.8229 -0.5205 -0.2276,
-0.8820 -0.4699 0.0345,
-0.8935 -0.4105 -0.1820,
-0.7903 -0.6128 0.0003,
-0.8820 -0.4699 0.0345,
-0.8229 -0.5205 -0.2276,
-0.8475 -0.5308 -0.0072,
-0.8820 -0.4699 0.0345,
-0.7903 -0.6128 0.0003,
-0.7299 -0.6830 -0.0261,
-0.8475 -0.5308 -0.0072,
-0.7903 -0.6128 0.0003,
-0.7686 -0.6389 0.0317,
-0.8475 -0.5308 -0.0072,
-0.7299 -0.6830 -0.0261,
-0.5451 -0.8166 0.1896,
-0.7686 -0.6389 0.0317,
-0.7299 -0.6830 -0.0261,
-0.6290 -0.6665 0.4002,
-0.7686 -0.6389 0.0317,
-0.5451 -0.8166 0.1896,
-0.4219 0.2564 -0.8696,
-0.4475 0.1567 -0.8805,
-0.4301 0.1953 -0.8814,
-0.4329 0.2891 -0.8538,
-0.4219 0.2564 -0.8696,
-0.4301 0.1953 -0.8814,
-0.0771 0.2756 -0.9582,
-0.4219 0.2564 -0.8696,
-0.4329 0.2891 -0.8538,
-0.1883 0.4790 -0.8574,
-0.0771 0.2756 -0.9582,
-0.4329 0.2891 -0.8538,
0.2538 0.7086 -0.6584,
0.2903 0.8032 -0.5202,
0.4254 0.6950 -0.5797,
0.1419 0.7087 -0.6911,
0.2538 0.7086 -0.6584,
0.4254 0.6950 -0.5797,
0.2668 0.7811 -0.5646,
0.2903 0.8032 -0.5202,
0.2538 0.7086 -0.6584,
0.2618 0.9464 -0.1892,
-0.0988 0.9885 -0.1145,
0.0761 0.9968 -0.0244,
0.0997 0.9948 -0.0211,
0.2618 0.9464 -0.1892,
0.0761 0.9968 -0.0244,
0.4480 0.8894 -0.0909,
0.2618 0.9464 -0.1892,
0.0997 0.9948 -0.0211,
0.3273 0.9401 0.0953,
0.4480 0.8894 -0.0909,
0.0997 0.9948 -0.0211,
0.6330 0.7740 -0.0136,
0.4480 0.8894 -0.0909,
0.3273 0.9401 0.0953,
0.4921 0.8592 0.1404,
0.6330 0.7740 -0.0136,
0.3273 0.9401 0.0953,
0.1991 0.9270 0.3180,
0.4921 0.8592 0.1404,
0.3273 0.9401 0.0953,
0.4295 0.8309 0.3538,
0.4921 0.8592 0.1404,
0.1991 0.9270 0.3180,
0.5803 0.7851 0.2166,
0.4921 0.8592 0.1404,
0.4295 0.8309 0.3538,
0.5213 0.7699 0.3681,
0.5803 0.7851 0.2166,
0.4295 0.8309 0.3538,
0.5091 0.7132 0.4819,
0.5213 0.7699 0.3681,
0.4295 0.8309 0.3538,
0.3654 0.7492 0.5524,
0.5091 0.7132 0.4819,
0.4295 0.8309 0.3538,
0.3182 0.6855 0.6549,
0.5091 0.7132 0.4819,
0.3654 0.7492 0.5524,
0.5601 0.5262 0.6398,
0.5091 0.7132 0.4819,
0.3182 0.6855 0.6549,
0.4039 0.4428 0.8005,
0.5601 0.5262 0.6398,
0.3182 0.6855 0.6549,
0.0393 0.9599 -0.2776,
-0.0988 0.9885 -0.1145,
0.2618 0.9464 -0.1892,
0.3120 0.8804 -0.3572,
0.0393 0.9599 -0.2776,
0.2618 0.9464 -0.1892,
0.0395 0.8941 -0.4461,
0.0393 0.9599 -0.2776,
0.3120 0.8804 -0.3572,
0.2668 0.7811 -0.5646,
0.0395 0.8941 -0.4461,
0.3120 0.8804 -0.3572,
0.0357 0.7204 -0.6926,
0.0395 0.8941 -0.4461,
0.2668 0.7811 -0.5646,
0.2538 0.7086 -0.6584,
0.0357 0.7204 -0.6926,
0.2668 0.7811 -0.5646,
0.0884 0.6169 -0.7821,
0.0357 0.7204 -0.6926,
0.2538 0.7086 -0.6584,
-0.0919 0.6725 -0.7344,
0.0357 0.7204 -0.6926,
0.0884 0.6169 -0.7821,
-0.0579 0.5348 -0.8430,
-0.0919 0.6725 -0.7344,
0.0884 0.6169 -0.7821,
-0.0611 0.4527 -0.8895,
-0.0579 0.5348 -0.8430,
0.0884 0.6169 -0.7821,
-0.2567 0.5645 -0.7845,
-0.0579 0.5348 -0.8430,
-0.0611 0.4527 -0.8895,
-0.0771 0.2756 -0.9582,
-0.0579 0.5348 -0.8430,
-0.2567 0.5645 -0.7845,
-0.1883 0.4790 -0.8574,
-0.0579 0.5348 -0.8430,
-0.0771 0.2756 -0.9582,
0.4254 0.6950 -0.5797,
0.3769 0.5810 -0.7213,
0.1419 0.7087 -0.6911,
0.6068 0.6287 -0.4864,
0.3769 0.5810 -0.7213,
0.4254 0.6950 -0.5797,
-0.4721 0.7921 -0.3869,
-0.3633 0.7659 -0.5304,
-0.3689 0.8104 -0.4552,
-0.2031 0.8199 -0.5352,
-0.4721 0.7921 -0.3869,
-0.3689 0.8104 -0.4552,
-0.1100 0.8202 -0.5614,
-0.3633 0.7659 -0.5304,
-0.4721 0.7921 -0.3869,
-0.2614 -0.1069 0.9593,
-0.2292 0.1529 0.9613,
-0.3935 0.0176 0.9192,
-0.5282 -0.1577 0.8343,
-0.2614 -0.1069 0.9593,
-0.3935 0.0176 0.9192,
-0.4378 -0.1710 0.8827,
-0.2614 -0.1069 0.9593,
-0.5282 -0.1577 0.8343,
-0.2129 0.0396 0.9763,
-0.2292 0.1529 0.9613,
-0.2614 -0.1069 0.9593,
-0.2083 0.2149 0.9542,
-0.2292 0.1529 0.9613,
-0.2129 0.0396 0.9763,
-0.0765 0.2181 0.9729,
-0.2083 0.2149 0.9542,
-0.2129 0.0396 0.9763,
-0.0263 0.2620 0.9647,
-0.2083 0.2149 0.9542,
-0.0765 0.2181 0.9729,
-0.0665 0.3472 0.9354,
-0.2083 0.2149 0.9542,
-0.0263 0.2620 0.9647,
-0.1621 0.5021 0.8495,
-0.0665 0.3472 0.9354,
-0.0263 0.2620 0.9647,
0.0180 0.3375 0.9411,
-0.1621 0.5021 0.8495,
-0.0263 0.2620 0.9647,
0.1695 0.5692 0.8045,
-0.1621 0.5021 0.8495,
0.0180 0.3375 0.9411,
0.0610 0.5650 0.8228,
-0.1621 0.5021 0.8495,
0.1695 0.5692 0.8045,
0.2451 0.5887 0.7703,
0.0610 0.5650 0.8228,
0.1695 0.5692 0.8045,
0.2967 0.6538 0.6960,
0.0610 0.5650 0.8228,
0.2451 0.5887 0.7703,
0.0056 0.8377 0.5462,
0.0610 0.5650 0.8228,
0.2967 0.6538 0.6960,
0.1818 0.8827 0.4333,
0.0056 0.8377 0.5462,
0.2967 0.6538 0.6960,
-0.0074 0.9167 0.3994,
0.0056 0.8377 0.5462,
0.1818 0.8827 0.4333,
0.1447 0.9352 0.3232,
-0.0074 0.9167 0.3994,
0.1818 0.8827 0.4333,
0.0710 0.9264 0.3699,
-0.0074 0.9167 0.3994,
0.1447 0.9352 0.3232,
0.1776 0.9742 0.1396,
0.0710 0.9264 0.3699,
0.1447 0.9352 0.3232,
-0.0177 0.9998 -0.0128,
0.0710 0.9264 0.3699,
0.1776 0.9742 0.1396,
-0.1157 0.9701 0.2131,
0.0710 0.9264 0.3699,
-0.0177 0.9998 -0.0128,
-0.1773 0.9830 -0.0483,
-0.1157 0.9701 0.2131,
-0.0177 0.9998 -0.0128,
-0.0787 0.9901 -0.1159,
-0.1773 0.9830 -0.0483,
-0.0177 0.9998 -0.0128,
-0.2445 0.9603 -0.1346,
-0.1773 0.9830 -0.0483,
-0.0787 0.9901 -0.1159,
-0.4251 0.9034 -0.0554,
-0.1773 0.9830 -0.0483,
-0.2445 0.9603 -0.1346,
-0.2766 0.9480 -0.1577,
-0.4251 0.9034 -0.0554,
-0.2445 0.9603 -0.1346,
-0.5807 0.7989 -0.1568,
-0.4251 0.9034 -0.0554,
-0.2766 0.9480 -0.1577,
-0.5068 0.8620 0.0010,
-0.4251 0.9034 -0.0554,
-0.5807 0.7989 -0.1568,
-0.5260 0.8232 -0.2135,
-0.5068 0.8620 0.0010,
-0.5807 0.7989 -0.1568,
-0.4650 0.8311 -0.3049,
-0.5260 0.8232 -0.2135,
-0.5807 0.7989 -0.1568,
-0.3069 0.8915 -0.3333,
-0.5260 0.8232 -0.2135,
-0.4650 0.8311 -0.3049,
-0.3633 0.7659 -0.5304,
-0.3069 0.8915 -0.3333,
-0.4650 0.8311 -0.3049,
-0.1100 0.8202 -0.5614,
-0.3069 0.8915 -0.3333,
-0.3633 0.7659 -0.5304,
0.1629 0.9430 -0.2901,
-0.3069 0.8915 -0.3333,
-0.1100 0.8202 -0.5614,
0.2665 0.5487 -0.7924,
0.1629 0.9430 -0.2901,
-0.1100 0.8202 -0.5614,
-0.3261 0.7027 -0.6324,
0.2665 0.5487 -0.7924,
-0.1100 0.8202 -0.5614,
-0.2502 0.2081 -0.9456,
0.2665 0.5487 -0.7924,
-0.3261 0.7027 -0.6324,
0.3513 0.0603 -0.9343,
0.2665 0.5487 -0.7924,
-0.2502 0.2081 -0.9456,
0.5632 0.3634 -0.7421,
0.2665 0.5487 -0.7924,
0.3513 0.0603 -0.9343,
0.2741 -0.0644 -0.9596,
0.5632 0.3634 -0.7421,
0.3513 0.0603 -0.9343,
0.2275 0.4471 -0.8651,
0.5632 0.3634 -0.7421,
0.2741 -0.0644 -0.9596,
0.3537 0.7965 -0.4904,
0.5632 0.3634 -0.7421,
0.2275 0.4471 -0.8651,
-0.1977 0.7236 -0.6614,
0.3537 0.7965 -0.4904,
0.2275 0.4471 -0.8651,
-0.0784 0.9901 -0.1166,
0.3537 0.7965 -0.4904,
-0.1977 0.7236 -0.6614,
0.3666 0.9290 0.0497,
0.3537 0.7965 -0.4904,
-0.0784 0.9901 -0.1166,
0.0113 0.9021 0.4313,
0.3666 0.9290 0.0497,
-0.0784 0.9901 -0.1166,
-0.5136 0.8098 0.2835,
0.0113 0.9021 0.4313,
-0.0784 0.9901 -0.1166,
-0.3537 0.6003 0.7173,
0.0113 0.9021 0.4313,
-0.5136 0.8098 0.2835,
-0.7526 0.3203 0.5753,
-0.3537 0.6003 0.7173,
-0.5136 0.8098 0.2835,
-0.9018 0.4319 -0.0139,
-0.7526 0.3203 0.5753,
-0.5136 0.8098 0.2835,
-0.9704 -0.0490 0.2364,
-0.7526 0.3203 0.5753,
-0.9018 0.4319 -0.0139,
-0.9455 -0.1110 -0.3060,
-0.9704 -0.0490 0.2364,
-0.9018 0.4319 -0.0139,
-0.8234 -0.5581 0.1027,
-0.9704 -0.0490 0.2364,
-0.9455 -0.1110 -0.3060,
-0.6281 -0.6115 -0.4812,
-0.8234 -0.5581 0.1027,
-0.9455 -0.1110 -0.3060,
-0.5894 -0.7983 -0.1242,
-0.8234 -0.5581 0.1027,
-0.6281 -0.6115 -0.4812,
-0.2699 -0.7280 -0.6302,
-0.5894 -0.7983 -0.1242,
-0.6281 -0.6115 -0.4812,
-0.5096 -0.7111 -0.4845,
-0.5894 -0.7983 -0.1242,
-0.2699 -0.7280 -0.6302,
-0.7412 -0.6697 0.0461,
-0.5894 -0.7983 -0.1242,
-0.5096 -0.7111 -0.4845,
-0.8159 -0.2923 -0.4990,
-0.7412 -0.6697 0.0461,
-0.5096 -0.7111 -0.4845,
-0.9747 -0.1872 -0.1223,
-0.7412 -0.6697 0.0461,
-0.8159 -0.2923 -0.4990,
-0.9227 -0.1801 -0.3410,
-0.9747 -0.1872 -0.1223,
-0.8159 -0.2923 -0.4990,
-0.9984 -0.0556 -0.0142,
-0.9747 -0.1872 -0.1223,
-0.9227 -0.1801 -0.3410,
-0.9983 -0.0436 0.0384,
-0.9747 -0.1872 -0.1223,
-0.9984 -0.0556 -0.0142,
-0.9808 -0.0043 -0.1948,
-0.9983 -0.0436 0.0384,
-0.9984 -0.0556 -0.0142,
-0.9775 0.2081 -0.0334,
-0.9983 -0.0436 0.0384,
-0.9808 -0.0043 -0.1948,
-0.9785 0.0278 -0.2043,
-0.9775 0.2081 -0.0334,
-0.9808 -0.0043 -0.1948,
-0.9778 -0.0597 -0.2007,
-0.9785 0.0278 -0.2043,
-0.9808 -0.0043 -0.1948,
-0.9908 -0.1346 -0.0173,
-0.9785 0.0278 -0.2043,
-0.9778 -0.0597 -0.2007,
-0.9715 -0.2345 0.0339,
-0.9908 -0.1346 -0.0173,
-0.9778 -0.0597 -0.2007,
-0.9901 -0.0465 0.1325,
-0.9908 -0.1346 -0.0173,
-0.9715 -0.2345 0.0339,
-0.9762 -0.1037 0.1903,
-0.9908 -0.1346 -0.0173,
-0.9901 -0.0465 0.1325,
-0.4490 0.5349 0.7157,
-0.3224 0.1901 0.9273,
-0.1713 0.5707 0.8031,
-0.3044 0.6348 0.7102,
-0.4490 0.5349 0.7157,
-0.1713 0.5707 0.8031,
-0.0594 0.5683 0.8206,
-0.3044 0.6348 0.7102,
-0.1713 0.5707 0.8031,
-0.2247 0.5659 0.7932,
-0.3044 0.6348 0.7102,
-0.0594 0.5683 0.8206,
-0.2965 0.6818 0.6688,
-0.3044 0.6348 0.7102,
-0.2247 0.5659 0.7932,
-0.0945 0.8157 0.5707,
-0.2965 0.6818 0.6688,
-0.2247 0.5659 0.7932,
-0.2713 0.7883 0.5523,
-0.2965 0.6818 0.6688,
-0.0945 0.8157 0.5707,
-0.1146 0.8349 0.5384,
-0.2713 0.7883 0.5523,
-0.0945 0.8157 0.5707,
-0.0549 0.8835 0.4653,
-0.2713 0.7883 0.5523,
-0.1146 0.8349 0.5384,
-0.4254 0.8344 0.3505,
-0.2713 0.7883 0.5523,
-0.0549 0.8835 0.4653,
-0.2339 0.9279 0.2904,
-0.4254 0.8344 0.3505,
-0.0549 0.8835 0.4653,
-0.4511 0.8714 0.1931,
-0.4254 0.8344 0.3505,
-0.2339 0.9279 0.2904,
-0.5162 0.8271 0.2223,
-0.4254 0.8344 0.3505,
-0.4511 0.8714 0.1931,
-0.5664 0.8077 0.1636,
-0.5162 0.8271 0.2223,
-0.4511 0.8714 0.1931,
-0.6160 0.7693 0.1696,
-0.5162 0.8271 0.2223,
-0.5664 0.8077 0.1636,
-0.5822 0.8130 -0.0107,
-0.5162 0.8271 0.2223,
-0.6160 0.7693 0.1696,
-0.5903 0.8046 -0.0639,
-0.5822 0.8130 -0.0107,
-0.6160 0.7693 0.1696,
-0.7753 0.6315 0.0063,
-0.5903 0.8046 -0.0639,
-0.6160 0.7693 0.1696,
-0.4767 0.7292 -0.4909,
-0.5903 0.8046 -0.0639,
-0.7753 0.6315 0.0063,
-0.5045 0.3036 0.8083,
-0.3224 0.1901 0.9273,
-0.4490 0.5349 0.7157,
-0.4226 0.2601 0.8682,
-0.3224 0.1901 0.9273,
-0.5045 0.3036 0.8083,
-0.4424 0.2222 0.8689,
-0.4226 0.2601 0.8682,
-0.5045 0.3036 0.8083,
-0.4837 0.1791 0.8567,
-0.4226 0.2601 0.8682,
-0.4424 0.2222 0.8689,
-0.5175 0.1664 0.8393,
-0.4837 0.1791 0.8567,
-0.4424 0.2222 0.8689,
-0.3426 0.0758 0.9364,
-0.5175 0.1664 0.8393,
-0.4424 0.2222 0.8689,
-0.7676 -0.1788 0.6155,
-0.5175 0.1664 0.8393,
-0.3426 0.0758 0.9364,
-0.2804 -0.5421 0.7922,
-0.7676 -0.1788 0.6155,
-0.3426 0.0758 0.9364,
0.1496 -0.3002 0.9421,
-0.2804 -0.5421 0.7922,
-0.3426 0.0758 0.9364,
0.0511 -0.6576 0.7516,
-0.2804 -0.5421 0.7922,
0.1496 -0.3002 0.9421,
0.1977 -0.1616 0.9668,
0.0511 -0.6576 0.7516,
0.1496 -0.3002 0.9421,
-0.2275 -0.4471 0.8651,
0.0511 -0.6576 0.7516,
0.1977 -0.1616 0.9668,
-0.3159 0.0863 0.9448,
-0.2275 -0.4471 0.8651,
0.1977 -0.1616 0.9668,
0.1929 0.4312 0.8814,
-0.3159 0.0863 0.9448,
0.1977 -0.1616 0.9668,
-0.3100 0.5939 0.7424,
-0.3159 0.0863 0.9448,
0.1929 0.4312 0.8814,
-0.7526 0.3203 0.5753,
-0.3159 0.0863 0.9448,
-0.3100 0.5939 0.7424,
-0.5136 0.8098 0.2835,
-0.7526 0.3203 0.5753,
-0.3100 0.5939 0.7424,
-0.9018 0.4319 -0.0139,
-0.7526 0.3203 0.5753,
-0.5136 0.8098 0.2835,
-0.5638 0.7839 -0.2601,
-0.9018 0.4319 -0.0139,
-0.5136 0.8098 0.2835,
-0.7065 0.3786 -0.5979,
-0.9018 0.4319 -0.0139,
-0.5638 0.7839 -0.2601,
-0.9455 -0.1110 -0.3060,
-0.9018 0.4319 -0.0139,
-0.7065 0.3786 -0.5979,
-0.6712 -0.1094 -0.7331,
-0.9455 -0.1110 -0.3060,
-0.7065 0.3786 -0.5979,
-0.6747 -0.5899 -0.4437,
-0.9455 -0.1110 -0.3060,
-0.6712 -0.1094 -0.7331,
-0.6204 -0.2742 -0.7348,
-0.6747 -0.5899 -0.4437,
-0.6712 -0.1094 -0.7331,
-0.5733 -0.7963 -0.1928,
-0.6747 -0.5899 -0.4437,
-0.6204 -0.2742 -0.7348,
-0.7015 -0.5376 -0.4679,
-0.5733 -0.7963 -0.1928,
-0.6204 -0.2742 -0.7348,
-0.8716 -0.4877 0.0501,
-0.5733 -0.7963 -0.1928,
-0.7015 -0.5376 -0.4679,
-0.6583 -0.6689 0.3453,
-0.5733 -0.7963 -0.1928,
-0.8716 -0.4877 0.0501,
-0.9651 -0.2191 0.1437,
-0.6583 -0.6689 0.3453,
-0.8716 -0.4877 0.0501,
-0.9762 -0.1037 0.1903,
-0.9651 -0.2191 0.1437,
-0.8716 -0.4877 0.0501,
-0.9465 -0.1550 0.2831,
-0.9651 -0.2191 0.1437,
-0.9762 -0.1037 0.1903,
-0.9901 -0.0465 0.1325,
-0.9465 -0.1550 0.2831,
-0.9762 -0.1037 0.1903,
-0.9166 -0.3800 0.1240,
-0.9465 -0.1550 0.2831,
-0.9901 -0.0465 0.1325,
0.4071 0.4864 0.7731,
0.4039 0.4428 0.8005,
0.3521 0.5382 0.7657,
0.3171 0.3761 0.8706,
0.4071 0.4864 0.7731,
0.3521 0.5382 0.7657,
0.3584 0.2960 0.8854,
0.4071 0.4864 0.7731,
0.3171 0.3761 0.8706,
0.1164 0.1119 0.9869,
0.3584 0.2960 0.8854,
0.3171 0.3761 0.8706,
0.3084 -0.0027 0.9513,
0.3584 0.2960 0.8854,
0.1164 0.1119 0.9869,
0.2496 -0.0502 0.9671,
0.3084 -0.0027 0.9513,
0.1164 0.1119 0.9869,
0.3735 -0.1009 0.9221,
0.3084 -0.0027 0.9513,
0.2496 -0.0502 0.9671,
0.2414 -0.1807 0.9535,
0.3735 -0.1009 0.9221,
0.2496 -0.0502 0.9671,
0.3549 -0.1935 0.9146,
0.3735 -0.1009 0.9221,
0.2414 -0.1807 0.9535,
0.2282 -0.2974 0.9271,
0.3549 -0.1935 0.9146,
0.2414 -0.1807 0.9535,
0.1132 -0.2635 0.9580,
0.2282 -0.2974 0.9271,
0.2414 -0.1807 0.9535,
0.4666 0.4632 0.7535,
0.4039 0.4428 0.8005,
0.4071 0.4864 0.7731,
0.5018 0.4646 0.7296,
0.4039 0.4428 0.8005,
0.4666 0.4632 0.7535,
0.5601 0.5262 0.6398,
0.4039 0.4428 0.8005,
0.5018 0.4646 0.7296,
0.1186 0.5072 0.8536,
-0.2632 0.3493 0.8993,
-0.3107 0.5354 0.7854,
-0.3556 0.4508 0.8187,
0.1186 0.5072 0.8536,
-0.3107 0.5354 0.7854,
-0.5392 0.5159 0.6656,
-0.3556 0.4508 0.8187,
-0.3107 0.5354 0.7854,
-0.3880 0.5523 0.7379,
-0.3556 0.4508 0.8187,
-0.5392 0.5159 0.6656,
-0.3255 0.7684 0.5510,
-0.3556 0.4508 0.8187,
-0.3880 0.5523 0.7379,
-0.4366 0.7669 0.4705,
-0.3255 0.7684 0.5510,
-0.3880 0.5523 0.7379,
-0.4175 0.8001 0.4307,
-0.3255 0.7684 0.5510,
-0.4366 0.7669 0.4705,
-0.4455 0.8361 0.3201,
-0.3255 0.7684 0.5510,
-0.4175 0.8001 0.4307,
-0.2950 0.8249 0.4822,
-0.3255 0.7684 0.5510,
-0.4455 0.8361 0.3201,
-0.4674 0.8784 0.0995,
-0.2950 0.8249 0.4822,
-0.4455 0.8361 0.3201,
0.0586 0.9967 -0.0566,
-0.2950 0.8249 0.4822,
-0.4674 0.8784 0.0995,
0.0742 0.1866 0.9796,
-0.2632 0.3493 0.8993,
0.1186 0.5072 0.8536,
0.3972 0.2323 0.8878,
0.0742 0.1866 0.9796,
0.1186 0.5072 0.8536,
0.3825 0.6740 0.6320,
0.3972 0.2323 0.8878,
0.1186 0.5072 0.8536,
0.2227 0.8482 0.4805,
0.3825 0.6740 0.6320,
0.1186 0.5072 0.8536,
0.2496 0.9610 0.1189,
0.3825 0.6740 0.6320,
0.2227 0.8482 0.4805,
0.0708 0.8784 0.4726,
0.3825 0.6740 0.6320,
0.2496 0.9610 0.1189,
-0.0784 0.9901 -0.1166,
0.0708 0.8784 0.4726,
0.2496 0.9610 0.1189,
-0.0147 0.8654 -0.5009,
-0.0784 0.9901 -0.1166,
0.2496 0.9610 0.1189,
-0.1760 0.7141 -0.6776,
-0.0784 0.9901 -0.1166,
-0.0147 0.8654 -0.5009,
-0.3438 0.4227 -0.8385,
-0.1760 0.7141 -0.6776,
-0.0147 0.8654 -0.5009,
-0.4767 0.7292 -0.4909,
-0.0147 0.8654 -0.5009,
-0.1534 0.9349 -0.3201,
-0.3438 0.4227 -0.8385,
-0.0147 0.8654 -0.5009,
-0.4767 0.7292 -0.4909,
-0.6969 0.3148 -0.6444,
-0.3438 0.4227 -0.8385,
-0.4767 0.7292 -0.4909,
-0.8832 0.4648 -0.0630,
-0.9088 0.2749 -0.3139,
-0.6969 0.3148 -0.6444,
-0.4767 0.7292 -0.4909,
-0.8832 0.4648 -0.0630,
-0.6969 0.3148 -0.6444,
-0.7753 0.6315 0.0063,
-0.8832 0.4648 -0.0630,
-0.4767 0.7292 -0.4909,
-0.8336 0.5141 0.2019,
-0.8832 0.4648 -0.0630,
-0.7753 0.6315 0.0063,
-0.8088 -0.2983 0.5067,
-0.9045 -0.0704 0.4206,
-0.8210 -0.2904 0.4916,
-0.8733 -0.2410 0.4235,
-0.8088 -0.2983 0.5067,
-0.8210 -0.2904 0.4916,
-0.8026 -0.2606 0.5366,
-0.8733 -0.2410 0.4235,
-0.8210 -0.2904 0.4916,
-0.9075 -0.1651 0.3862,
-0.8733 -0.2410 0.4235,
-0.8026 -0.2606 0.5366,
-0.9465 -0.1550 0.2831,
-0.9075 -0.1651 0.3862,
-0.8026 -0.2606 0.5366,
-0.9166 -0.3800 0.1240,
-0.9075 -0.1651 0.3862,
-0.9465 -0.1550 0.2831,
-0.9225 -0.3827 0.0497,
-0.9075 -0.1651 0.3862,
-0.9166 -0.3800 0.1240,
-0.8603 -0.3921 0.3257,
-0.9075 -0.1651 0.3862,
-0.9225 -0.3827 0.0497,
-0.8196 -0.5663 0.0871,
-0.8603 -0.3921 0.3257,
-0.9225 -0.3827 0.0497,
-0.6961 -0.5250 0.4897,
-0.8329 -0.4626 0.3038,
-0.8613 0.0366 0.5069,
-0.5659 0.0131 0.8244,
-0.6836 -0.3023 0.6643,
-0.6961 -0.5250 0.4897,
-0.8613 0.0366 0.5069,
-0.5659 0.0131 0.8244,
-0.6961 -0.5250 0.4897,
-0.4138 0.2472 0.8762,
-0.5659 0.0131 0.8244,
-0.8613 0.0366 0.5069,
-0.7216 0.5439 0.4283,
-0.4138 0.2472 0.8762,
-0.8613 0.0366 0.5069,
-0.8832 0.4648 -0.0630,
-0.7216 0.5439 0.4283,
-0.8613 0.0366 0.5069,
-0.8336 0.5141 0.2019,
-0.7216 0.5439 0.4283,
-0.8832 0.4648 -0.0630,
-0.5153 0.8534 -0.0786,
-0.7216 0.5439 0.4283,
-0.8336 0.5141 0.2019,
-0.4335 -0.8298 0.3514,
-0.5455 -0.7907 0.2778,
-0.4468 -0.8670 0.2204,
-0.2217 -0.9577 0.1836,
-0.4335 -0.8298 0.3514,
-0.4468 -0.8670 0.2204,
-0.1319 -0.8678 0.4790,
-0.4335 -0.8298 0.3514,
-0.2217 -0.9577 0.1836,
-0.5451 -0.6998 0.4617,
-0.5455 -0.7907 0.2778,
-0.4335 -0.8298 0.3514,
-0.3426 -0.7508 0.5647,
-0.5451 -0.6998 0.4617,
-0.4335 -0.8298 0.3514,
-0.5028 -0.6187 0.6037,
-0.5451 -0.6998 0.4617,
-0.3426 -0.7508 0.5647,
-0.2618 -0.7077 0.6563,
-0.5028 -0.6187 0.6037,
-0.3426 -0.7508 0.5647,
-0.0744 -0.7614 0.6440,
-0.2618 -0.7077 0.6563,
-0.3426 -0.7508 0.5647,
0.0237 -0.7275 0.6857,
-0.2618 -0.7077 0.6563,
-0.0744 -0.7614 0.6440,
-0.1827 -0.4455 0.8764,
-0.2618 -0.7077 0.6563,
0.0237 -0.7275 0.6857,
0.0209 -0.5660 0.8242,
-0.1827 -0.4455 0.8764,
0.0237 -0.7275 0.6857,
-0.2298 -0.4906 0.8405,
-0.1827 -0.4455 0.8764,
0.0209 -0.5660 0.8242,
-0.1587 -0.5226 0.8377,
-0.2298 -0.4906 0.8405,
0.0209 -0.5660 0.8242,
-0.1837 -0.3539 0.9171,
-0.2298 -0.4906 0.8405,
-0.1587 -0.5226 0.8377,
0.0750 -0.2868 0.9551,
-0.1837 -0.3539 0.9171,
-0.1587 -0.5226 0.8377,
-0.1298 -0.1615 0.9783,
-0.1837 -0.3539 0.9171,
0.0750 -0.2868 0.9551,
0.1132 -0.2635 0.9580,
-0.1298 -0.1615 0.9783,
0.0750 -0.2868 0.9551,
0.0452 -0.4762 0.8782,
0.1132 -0.2635 0.9580,
0.0750 -0.2868 0.9551,
0.2282 -0.2974 0.9271,
0.1132 -0.2635 0.9580,
0.0452 -0.4762 0.8782,
0.1784 -0.6406 0.7469,
0.2282 -0.2974 0.9271,
0.0452 -0.4762 0.8782,
0.3344 -0.4926 0.8035,
0.2282 -0.2974 0.9271,
0.1784 -0.6406 0.7469,
-0.4572 -0.4232 0.7822,
-0.5999 -0.3411 0.7237,
-0.5630 -0.4656 0.6827,
-0.4746 -0.2824 0.8337,
-0.5999 -0.3411 0.7237,
-0.4572 -0.4232 0.7822,
-0.4562 -0.6607 0.5961,
-0.5630 -0.4656 0.6827,
-0.6830 -0.5859 0.4362,
-0.4988 -0.7906 0.3551,
-0.4562 -0.6607 0.5961,
-0.6830 -0.5859 0.4362,
-0.6290 -0.6665 0.4002,
-0.4988 -0.7906 0.3551,
-0.6830 -0.5859 0.4362,
-0.5451 -0.8166 0.1896,
-0.4988 -0.7906 0.3551,
-0.6290 -0.6665 0.4002,
-0.4343 -0.8560 0.2805,
-0.4988 -0.7906 0.3551,
-0.5451 -0.8166 0.1896,
-0.4487 -0.5090 0.7346,
-0.5630 -0.4656 0.6827,
-0.4562 -0.6607 0.5961,
-0.4572 -0.4232 0.7822,
-0.5630 -0.4656 0.6827,
-0.4487 -0.5090 0.7346,
-0.5282 -0.1577 0.8343,
-0.2863 -0.1026 0.9526,
-0.4746 -0.2824 0.8337,
-0.4378 -0.1710 0.8827,
-0.5282 -0.1577 0.8343,
-0.4746 -0.2824 0.8337,
-0.4572 -0.4232 0.7822,
-0.4378 -0.1710 0.8827,
-0.4746 -0.2824 0.8337,
-0.2841 -0.4197 0.8620,
-0.4378 -0.1710 0.8827,
-0.4572 -0.4232 0.7822,
-0.7216 0.5439 0.4283,
-0.5153 0.8534 -0.0786,
-0.1742 0.9808 -0.0879,
-0.7595 0.1416 -0.6349,
-0.0494 -0.8046 -0.5917,
-0.0247 -0.2921 -0.9561,
0.8210 -0.5178 0.2405,
0.9521 -0.2866 -0.1067,
0.9409 -0.1625 0.2972,
-0.0891 -0.8858 -0.4554,
-0.6704 -0.7352 0.1000,
-0.1119 -0.9830 -0.1457,
-0.3167 -0.8414 -0.4379,
-0.0891 -0.8858 -0.4554,
-0.6704 -0.7352 0.1000,
  ] }
  normalIndex [ 
0 1 2 -1,
3 4 5 -1,
6 7 8 -1,
9 10 11 -1,
12 13 14 -1,
15 16 17 -1,
18 19 20 -1,
21 22 23 -1,
24 25 26 -1,
27 28 29 -1,
30 31 32 -1,
33 34 35 -1,
36 37 38 -1,
39 40 41 -1,
42 43 44 -1,
45 46 47 -1,
48 49 50 -1,
51 52 53 -1,
54 55 56 -1,
57 58 59 -1,
60 61 62 -1,
63 64 65 -1,
66 67 68 -1,
69 70 71 -1,
72 73 74 -1,
75 76 77 -1,
78 79 80 -1,
81 82 83 -1,
84 85 86 -1,
87 88 89 -1,
90 91 92 -1,
93 94 95 -1,
96 97 98 -1,
99 100 101 -1,
102 103 104 -1,
105 106 107 -1,
108 109 110 -1,
111 112 113 -1,
114 115 116 -1,
117 118 119 -1,
120 121 122 -1,
123 124 125 -1,
126 127 128 -1,
129 130 131 -1,
132 133 134 -1,
135 136 137 -1,
138 139 140 -1,
141 142 143 -1,
144 145 146 -1,
147 148 149 -1,
150 151 152 -1,
153 154 155 -1,
156 157 158 -1,
159 160 161 -1,
162 163 164 -1,
165 166 167 -1,
168 169 170 -1,
171 172 173 -1,
174 175 176 -1,
177 178 179 -1,
180 181 182 -1,
183 184 185 -1,
186 187 188 -1,
189 190 191 -1,
192 193 194 -1,
195 196 197 -1,
198 199 200 -1,
201 202 203 -1,
204 205 206 -1,
207 208 209 -1,
210 211 212 -1,
213 214 215 -1,
216 217 218 -1,
219 220 221 -1,
222 223 224 -1,
225 226 227 -1,
228 229 230 -1,
231 232 233 -1,
234 235 236 -1,
237 238 239 -1,
240 241 242 -1,
243 244 245 -1,
246 247 248 -1,
249 250 251 -1,
252 253 254 -1,
255 256 257 -1,
258 259 260 -1,
261 262 263 -1,
264 265 266 -1,
267 268 269 -1,
270 271 272 -1,
273 274 275 -1,
276 277 278 -1,
279 280 281 -1,
282 283 284 -1,
285 286 287 -1,
288 289 290 -1,
291 292 293 -1,
294 295 296 -1,
297 298 299 -1,
300 301 302 -1,
303 304 305 -1,
306 307 308 -1,
309 310 311 -1,
312 313 314 -1,
315 316 317 -1,
318 319 320 -1,
321 322 323 -1,
324 325 326 -1,
327 328 329 -1,
330 331 332 -1,
333 334 335 -1,
336 337 338 -1,
339 340 341 -1,
342 343 344 -1,
345 346 347 -1,
348 349 350 -1,
351 352 353 -1,
354 355 356 -1,
357 358 359 -1,
360 361 362 -1,
363 364 365 -1,
366 367 368 -1,
369 370 371 -1,
372 373 374 -1,
375 376 377 -1,
378 379 380 -1,
381 382 383 -1,
384 385 386 -1,
387 388 389 -1,
390 391 392 -1,
393 394 395 -1,
396 397 398 -1,
399 400 401 -1,
402 403 404 -1,
405 406 407 -1,
408 409 410 -1,
411 412 413 -1,
414 415 416 -1,
417 418 419 -1,
420 421 422 -1,
423 424 425 -1,
426 427 428 -1,
429 430 431 -1,
432 433 434 -1,
435 436 437 -1,
438 439 440 -1,
441 442 443 -1,
444 445 446 -1,
447 448 449 -1,
450 451 452 -1,
453 454 455 -1,
456 457 458 -1,
459 460 461 -1,
462 463 464 -1,
465 466 467 -1,
468 469 470 -1,
471 472 473 -1,
474 475 476 -1,
477 478 479 -1,
480 481 482 -1,
483 484 485 -1,
486 487 488 -1,
489 490 491 -1,
492 493 494 -1,
495 496 497 -1,
498 499 500 -1,
501 502 503 -1,
504 505 506 -1,
507 508 509 -1,
510 511 512 -1,
513 514 515 -1,
516 517 518 -1,
519 520 521 -1,
522 523 524 -1,
525 526 527 -1,
528 529 530 -1,
531 532 533 -1,
534 535 536 -1,
537 538 539 -1,
540 541 542 -1,
543 544 545 -1,
546 547 548 -1,
549 550 551 -1,
552 553 554 -1,
555 556 557 -1,
558 559 560 -1,
561 562 563 -1,
564 565 566 -1,
567 568 569 -1,
570 571 572 -1,
573 574 575 -1,
576 577 578 -1,
579 580 581 -1,
582 583 584 -1,
585 586 587 -1,
588 589 590 -1,
591 592 593 -1,
594 595 596 -1,
597 598 599 -1,
600 601 602 -1,
603 604 605 -1,
606 607 608 -1,
609 610 611 -1,
612 613 614 -1,
615 616 617 -1,
618 619 620 -1,
621 622 623 -1,
624 625 626 -1,
627 628 629 -1,
630 631 632 -1,
633 634 635 -1,
636 637 638 -1,
639 640 641 -1,
642 643 644 -1,
645 646 647 -1,
648 649 650 -1,
651 652 653 -1,
654 655 656 -1,
657 658 659 -1,
660 661 662 -1,
663 664 665 -1,
666 667 668 -1,
669 670 671 -1,
672 673 674 -1,
675 676 677 -1,
678 679 680 -1,
681 682 683 -1,
684 685 686 -1,
687 688 689 -1,
690 691 692 -1,
693 694 695 -1,
696 697 698 -1,
699 700 701 -1,
702 703 704 -1,
705 706 707 -1,
708 709 710 -1,
711 712 713 -1,
714 715 716 -1,
717 718 719 -1,
720 721 722 -1,
723 724 725 -1,
726 727 728 -1,
729 730 731 -1,
732 733 734 -1,
735 736 737 -1,
738 739 740 -1,
741 742 743 -1,
744 745 746 -1,
747 748 749 -1,
750 751 752 -1,
753 754 755 -1,
756 757 758 -1,
759 760 761 -1,
762 763 764 -1,
765 766 767 -1,
768 769 770 -1,
771 772 773 -1,
774 775 776 -1,
777 778 779 -1,
780 781 782 -1,
783 784 785 -1,
786 787 788 -1,
789 790 791 -1,
792 793 794 -1,
795 796 797 -1,
798 799 800 -1,
801 802 803 -1,
804 805 806 -1,
807 808 809 -1,
810 811 812 -1,
813 814 815 -1,
816 817 818 -1,
819 820 821 -1,
822 823 824 -1,
825 826 827 -1,
828 829 830 -1,
831 832 833 -1,
834 835 836 -1,
837 838 839 -1,
840 841 842 -1,
843 844 845 -1,
846 847 848 -1,
849 850 851 -1,
852 853 854 -1,
855 856 857 -1,
858 859 860 -1,
861 862 863 -1,
864 865 866 -1,
867 868 869 -1,
870 871 872 -1,
873 874 875 -1,
876 877 878 -1,
879 880 881 -1,
882 883 884 -1,
885 886 887 -1,
888 889 890 -1,
891 892 893 -1,
894 895 896 -1,
897 898 899 -1,
900 901 902 -1,
903 904 905 -1,
906 907 908 -1,
909 910 911 -1,
912 913 914 -1,
915 916 917 -1,
918 919 920 -1,
921 922 923 -1,
924 925 926 -1,
927 928 929 -1,
930 931 932 -1,
933 934 935 -1,
936 937 938 -1,
939 940 941 -1,
942 943 944 -1,
945 946 947 -1,
948 949 950 -1,
951 952 953 -1,
954 955 956 -1,
957 958 959 -1,
960 961 962 -1,
963 964 965 -1,
966 967 968 -1,
969 970 971 -1,
972 973 974 -1,
975 976 977 -1,
978 979 980 -1,
981 982 983 -1,
984 985 986 -1,
987 988 989 -1,
990 991 992 -1,
993 994 995 -1,
996 997 998 -1,
999 1000 1001 -1,
1002 1003 1004 -1,
1005 1006 1007 -1,
1008 1009 1010 -1,
1011 1012 1013 -1,
1014 1015 1016 -1,
1017 1018 1019 -1,
1020 1021 1022 -1,
1023 1024 1025 -1,
1026 1027 1028 -1,
1029 1030 1031 -1,
1032 1033 1034 -1,
1035 1036 1037 -1,
1038 1039 1040 -1,
1041 1042 1043 -1,
1044 1045 1046 -1,
1047 1048 1049 -1,
1050 1051 1052 -1,
1053 1054 1055 -1,
1056 1057 1058 -1,
1059 1060 1061 -1,
1062 1063 1064 -1,
1065 1066 1067 -1,
1068 1069 1070 -1,
1071 1072 1073 -1,
1074 1075 1076 -1,
1077 1078 1079 -1,
1080 1081 1082 -1,
1083 1084 1085 -1,
1086 1087 1088 -1,
1089 1090 1091 -1,
1092 1093 1094 -1,
1095 1096 1097 -1,
1098 1099 1100 -1,
1101 1102 1103 -1,
1104 1105 1106 -1,
1107 1108 1109 -1,
1110 1111 1112 -1,
1113 1114 1115 -1,
1116 1117 1118 -1,
1119 1120 1121 -1,
1122 1123 1124 -1,
1125 1126 1127 -1,
1128 1129 1130 -1,
1131 1132 1133 -1,
1134 1135 1136 -1,
1137 1138 1139 -1,
1140 1141 1142 -1,
1143 1144 1145 -1,
1146 1147 1148 -1,
1149 1150 1151 -1,
1152 1153 1154 -1,
1155 1156 1157 -1,
1158 1159 1160 -1,
1161 1162 1163 -1,
1164 1165 1166 -1,
1167 1168 1169 -1,
1170 1171 1172 -1,
1173 1174 1175 -1,
1176 1177 1178 -1,
1179 1180 1181 -1,
1182 1183 1184 -1,
1185 1186 1187 -1,
1188 1189 1190 -1,
1191 1192 1193 -1,
1194 1195 1196 -1,
1197 1198 1199 -1,
1200 1201 1202 -1,
1203 1204 1205 -1,
1206 1207 1208 -1,
1209 1210 1211 -1,
1212 1213 1214 -1,
1215 1216 1217 -1,
1218 1219 1220 -1,
1221 1222 1223 -1,
1224 1225 1226 -1,
1227 1228 1229 -1,
1230 1231 1232 -1,
1233 1234 1235 -1,
1236 1237 1238 -1,
1239 1240 1241 -1,
1242 1243 1244 -1,
1245 1246 1247 -1,
1248 1249 1250 -1,
1251 1252 1253 -1,
1254 1255 1256 -1,
1257 1258 1259 -1,
1260 1261 1262 -1,
1263 1264 1265 -1,
1266 1267 1268 -1,
1269 1270 1271 -1,
1272 1273 1274 -1,
1275 1276 1277 -1,
1278 1279 1280 -1,
1281 1282 1283 -1,
1284 1285 1286 -1,
1287 1288 1289 -1,
1290 1291 1292 -1,
1293 1294 1295 -1,
1296 1297 1298 -1,
1299 1300 1301 -1,
1302 1303 1304 -1,
1305 1306 1307 -1,
1308 1309 1310 -1,
1311 1312 1313 -1,
1314 1315 1316 -1,
1317 1318 1319 -1,
1320 1321 1322 -1,
1323 1324 1325 -1,
1326 1327 1328 -1,
1329 1330 1331 -1,
1332 1333 1334 -1,
1335 1336 1337 -1,
1338 1339 1340 -1,
1341 1342 1343 -1,
1344 1345 1346 -1,
1347 1348 1349 -1,
1350 1351 1352 -1,
1353 1354 1355 -1,
1356 1357 1358 -1,
1359 1360 1361 -1,
1362 1363 1364 -1,
1365 1366 1367 -1,
1368 1369 1370 -1,
1371 1372 1373 -1,
1374 1375 1376 -1,
1377 1378 1379 -1,
1380 1381 1382 -1,
1383 1384 1385 -1,
1386 1387 1388 -1,
1389 1390 1391 -1,
1392 1393 1394 -1,
1395 1396 1397 -1,
1398 1399 1400 -1,
1401 1402 1403 -1,
1404 1405 1406 -1,
1407 1408 1409 -1,
1410 1411 1412 -1,
1413 1414 1415 -1,
1416 1417 1418 -1,
1419 1420 1421 -1,
1422 1423 1424 -1,
1425 1426 1427 -1,
1428 1429 1430 -1,
1431 1432 1433 -1,
1434 1435 1436 -1,
1437 1438 1439 -1,
1440 1441 1442 -1,
1443 1444 1445 -1,
1446 1447 1448 -1,
1449 1450 1451 -1,
1452 1453 1454 -1,
1455 1456 1457 -1,
1458 1459 1460 -1,
1461 1462 1463 -1,
1464 1465 1466 -1,
1467 1468 1469 -1,
1470 1471 1472 -1,
1473 1474 1475 -1,
1476 1477 1478 -1,
1479 1480 1481 -1,
1482 1483 1484 -1,
1485 1486 1487 -1,
1488 1489 1490 -1,
1491 1492 1493 -1,
1494 1495 1496 -1,
1497 1498 1499 -1,
1500 1501 1502 -1,
1503 1504 1505 -1,
1506 1507 1508 -1,
1509 1510 1511 -1,
1512 1513 1514 -1,
1515 1516 1517 -1,
1518 1519 1520 -1,
1521 1522 1523 -1,
1524 1525 1526 -1,
1527 1528 1529 -1,
1530 1531 1532 -1,
1533 1534 1535 -1,
1536 1537 1538 -1,
1539 1540 1541 -1,
1542 1543 1544 -1,
1545 1546 1547 -1,
1548 1549 1550 -1,
1551 1552 1553 -1,
1554 1555 1556 -1,
1557 1558 1559 -1,
1560 1561 1562 -1,
1563 1564 1565 -1,
1566 1567 1568 -1,
1569 1570 1571 -1,
1572 1573 1574 -1,
1575 1576 1577 -1,
1578 1579 1580 -1,
1581 1582 1583 -1,
1584 1585 1586 -1,
1587 1588 1589 -1,
1590 1591 1592 -1,
1593 1594 1595 -1,
1596 1597 1598 -1,
1599 1600 1601 -1,
1602 1603 1604 -1,
1605 1606 1607 -1,
1608 1609 1610 -1,
1611 1612 1613 -1,
1614 1615 1616 -1,
1617 1618 1619 -1,
1620 1621 1622 -1,
1623 1624 1625 -1,
1626 1627 1628 -1,
1629 1630 1631 -1,
1632 1633 1634 -1,
1635 1636 1637 -1,
1638 1639 1640 -1,
1641 1642 1643 -1,
1644 1645 1646 -1,
1647 1648 1649 -1,
1650 1651 1652 -1,
1653 1654 1655 -1,
1656 1657 1658 -1,
1659 1660 1661 -1,
1662 1663 1664 -1,
1665 1666 1667 -1,
1668 1669 1670 -1,
1671 1672 1673 -1,
1674 1675 1676 -1,
1677 1678 1679 -1,
1680 1681 1682 -1,
1683 1684 1685 -1,
1686 1687 1688 -1,
1689 1690 1691 -1,
1692 1693 1694 -1,
1695 1696 1697 -1,
1698 1699 1700 -1,
1701 1702 1703 -1,
1704 1705 1706 -1,
1707 1708 1709 -1,
1710 1711 1712 -1,
1713 1714 1715 -1,
1716 1717 1718 -1,
1719 1720 1721 -1,
1722 1723 1724 -1,
1725 1726 1727 -1,
1728 1729 1730 -1,
1731 1732 1733 -1,
1734 1735 1736 -1,
1737 1738 1739 -1,
1740 1741 1742 -1,
1743 1744 1745 -1,
1746 1747 1748 -1,
1749 1750 1751 -1,
1752 1753 1754 -1,
1755 1756 1757 -1,
1758 1759 1760 -1,
1761 1762 1763 -1,
1764 1765 1766 -1,
1767 1768 1769 -1,
1770 1771 1772 -1,
1773 1774 1775 -1,
1776 1777 1778 -1,
1779 1780 1781 -1,
1782 1783 1784 -1,
1785 1786 1787 -1,
1788 1789 1790 -1,
1791 1792 1793 -1,
1794 1795 1796 -1,
1797 1798 1799 -1,
1800 1801 1802 -1,
1803 1804 1805 -1,
1806 1807 1808 -1,
1809 1810 1811 -1,
1812 1813 1814 -1,
1815 1816 1817 -1,
1818 1819 1820 -1,
1821 1822 1823 -1,
1824 1825 1826 -1,
1827 1828 1829 -1,
1830 1831 1832 -1,
1833 1834 1835 -1,
1836 1837 1838 -1,
1839 1840 1841 -1,
1842 1843 1844 -1,
1845 1846 1847 -1,
1848 1849 1850 -1,
1851 1852 1853 -1,
1854 1855 1856 -1,
1857 1858 1859 -1,
1860 1861 1862 -1,
1863 1864 1865 -1,
1866 1867 1868 -1,
1869 1870 1871 -1,
1872 1873 1874 -1,
1875 1876 1877 -1,
1878 1879 1880 -1,
1881 1882 1883 -1,
1884 1885 1886 -1,
1887 1888 1889 -1,
1890 1891 1892 -1,
1893 1894 1895 -1,
1896 1897 1898 -1,
1899 1900 1901 -1,
1902 1903 1904 -1,
1905 1906 1907 -1,
1908 1909 1910 -1,
1911 1912 1913 -1,
1914 1915 1916 -1,
1917 1918 1919 -1,
1920 1921 1922 -1,
1923 1924 1925 -1,
1926 1927 1928 -1,
1929 1930 1931 -1,
1932 1933 1934 -1,
1935 1936 1937 -1,
1938 1939 1940 -1,
1941 1942 1943 -1,
1944 1945 1946 -1,
1947 1948 1949 -1,
1950 1951 1952 -1,
1953 1954 1955 -1,
1956 1957 1958 -1,
1959 1960 1961 -1,
1962 1963 1964 -1,
1965 1966 1967 -1,
1968 1969 1970 -1,
1971 1972 1973 -1,
1974 1975 1976 -1,
1977 1978 1979 -1,
1980 1981 1982 -1,
1983 1984 1985 -1,
1986 1987 1988 -1,
1989 1990 1991 -1,
1992 1993 1994 -1,
1995 1996 1997 -1,
1998 1999 2000 -1,
2001 2002 2003 -1,
2004 2005 2006 -1,
2007 2008 2009 -1,
2010 2011 2012 -1,
2013 2014 2015 -1,
2016 2017 2018 -1,
2019 2020 2021 -1,
2022 2023 2024 -1,
2025 2026 2027 -1,
2028 2029 2030 -1,
2031 2032 2033 -1,
2034 2035 2036 -1,
2037 2038 2039 -1,
2040 2041 2042 -1,
2043 2044 2045 -1,
2046 2047 2048 -1,
2049 2050 2051 -1,
2052 2053 2054 -1,
2055 2056 2057 -1,
2058 2059 2060 -1,
2061 2062 2063 -1,
2064 2065 2066 -1,
2067 2068 2069 -1,
2070 2071 2072 -1,
2073 2074 2075 -1,
2076 2077 2078 -1,
2079 2080 2081 -1,
2082 2083 2084 -1,
2085 2086 2087 -1,
2088 2089 2090 -1,
2091 2092 2093 -1,
2094 2095 2096 -1,
2097 2098 2099 -1,
2100 2101 2102 -1,
2103 2104 2105 -1,
2106 2107 2108 -1,
2109 2110 2111 -1,
2112 2113 2114 -1,
2115 2116 2117 -1,
2118 2119 2120 -1,
2121 2122 2123 -1,
2124 2125 2126 -1,
2127 2128 2129 -1,
2130 2131 2132 -1,
2133 2134 2135 -1,
2136 2137 2138 -1,
2139 2140 2141 -1,
2142 2143 2144 -1,
2145 2146 2147 -1,
2148 2149 2150 -1,
2151 2152 2153 -1,
2154 2155 2156 -1,
2157 2158 2159 -1,
2160 2161 2162 -1,
2163 2164 2165 -1,
2166 2167 2168 -1,
2169 2170 2171 -1,
2172 2173 2174 -1,
2175 2176 2177 -1,
2178 2179 2180 -1,
2181 2182 2183 -1,
2184 2185 2186 -1,
2187 2188 2189 -1,
2190 2191 2192 -1,
2193 2194 2195 -1,
2196 2197 2198 -1,
2199 2200 2201 -1,
2202 2203 2204 -1,
2205 2206 2207 -1,
2208 2209 2210 -1,
2211 2212 2213 -1,
2214 2215 2216 -1,
2217 2218 2219 -1,
2220 2221 2222 -1,
2223 2224 2225 -1,
2226 2227 2228 -1,
2229 2230 2231 -1,
2232 2233 2234 -1,
2235 2236 2237 -1,
2238 2239 2240 -1,
2241 2242 2243 -1,
2244 2245 2246 -1,
2247 2248 2249 -1,
2250 2251 2252 -1,
2253 2254 2255 -1,
2256 2257 2258 -1,
2259 2260 2261 -1,
2262 2263 2264 -1,
2265 2266 2267 -1,
2268 2269 2270 -1,
2271 2272 2273 -1,
2274 2275 2276 -1,
2277 2278 2279 -1,
2280 2281 2282 -1,
2283 2284 2285 -1,
2286 2287 2288 -1,
2289 2290 2291 -1,
2292 2293 2294 -1,
2295 2296 2297 -1,
2298 2299 2300 -1,
2301 2302 2303 -1,
2304 2305 2306 -1,
2307 2308 2309 -1,
2310 2311 2312 -1,
2313 2314 2315 -1,
2316 2317 2318 -1,
2319 2320 2321 -1,
2322 2323 2324 -1,
2325 2326 2327 -1,
2328 2329 2330 -1,
2331 2332 2333 -1,
2334 2335 2336 -1,
2337 2338 2339 -1,
2340 2341 2342 -1,
2343 2344 2345 -1,
2346 2347 2348 -1,
2349 2350 2351 -1,
2352 2353 2354 -1,
2355 2356 2357 -1,
2358 2359 2360 -1,
2361 2362 2363 -1,
2364 2365 2366 -1,
2367 2368 2369 -1,
2370 2371 2372 -1,
2373 2374 2375 -1,
2376 2377 2378 -1,
2379 2380 2381 -1,
2382 2383 2384 -1,
2385 2386 2387 -1,
2388 2389 2390 -1,
2391 2392 2393 -1,
2394 2395 2396 -1,
2397 2398 2399 -1,
2400 2401 2402 -1,
2403 2404 2405 -1,
2406 2407 2408 -1,
2409 2410 2411 -1,
2412 2413 2414 -1,
2415 2416 2417 -1,
2418 2419 2420 -1,
2421 2422 2423 -1,
2424 2425 2426 -1,
2427 2428 2429 -1,
2430 2431 2432 -1,
2433 2434 2435 -1,
2436 2437 2438 -1,
2439 2440 2441 -1,
2442 2443 2444 -1,
2445 2446 2447 -1,
2448 2449 2450 -1,
2451 2452 2453 -1,
2454 2455 2456 -1,
2457 2458 2459 -1,
2460 2461 2462 -1,
2463 2464 2465 -1,
2466 2467 2468 -1,
2469 2470 2471 -1,
2472 2473 2474 -1,
2475 2476 2477 -1,
2478 2479 2480 -1,
2481 2482 2483 -1,
2484 2485 2486 -1,
2487 2488 2489 -1,
2490 2491 2492 -1,
2493 2494 2495 -1,
2496 2497 2498 -1,
2499 2500 2501 -1,
2502 2503 2504 -1,
2505 2506 2507 -1,
2508 2509 2510 -1,
2511 2512 2513 -1,
2514 2515 2516 -1,
2517 2518 2519 -1,
2520 2521 2522 -1,
2523 2524 2525 -1,
2526 2527 2528 -1,
2529 2530 2531 -1,
2532 2533 2534 -1,
2535 2536 2537 -1,
2538 2539 2540 -1,
2541 2542 2543 -1,
2544 2545 2546 -1,
2547 2548 2549 -1,
2550 2551 2552 -1,
2553 2554 2555 -1,
2556 2557 2558 -1,
2559 2560 2561 -1,
2562 2563 2564 -1,
2565 2566 2567 -1,
2568 2569 2570 -1,
2571 2572 2573 -1,
2574 2575 2576 -1,
2577 2578 2579 -1,
2580 2581 2582 -1,
2583 2584 2585 -1,
2586 2587 2588 -1,
2589 2590 2591 -1,
2592 2593 2594 -1,
2595 2596 2597 -1,
2598 2599 2600 -1,
2601 2602 2603 -1,
2604 2605 2606 -1,
2607 2608 2609 -1,
2610 2611 2612 -1,
2613 2614 2615 -1,
2616 2617 2618 -1,
2619 2620 2621 -1,
2622 2623 2624 -1,
2625 2626 2627 -1,
2628 2629 2630 -1,
2631 2632 2633 -1,
2634 2635 2636 -1,
2637 2638 2639 -1,
2640 2641 2642 -1,
2643 2644 2645 -1,
2646 2647 2648 -1,
2649 2650 2651 -1,
2652 2653 2654 -1,
2655 2656 2657 -1,
2658 2659 2660 -1,
2661 2662 2663 -1,
2664 2665 2666 -1,
2667 2668 2669 -1,
2670 2671 2672 -1,
2673 2674 2675 -1,
2676 2677 2678 -1,
2679 2680 2681 -1,
2682 2683 2684 -1,
2685 2686 2687 -1,
2688 2689 2690 -1,
2691 2692 2693 -1,
2694 2695 2696 -1,
2697 2698 2699 -1,
2700 2701 2702 -1,
2703 2704 2705 -1,
2706 2707 2708 -1,
2709 2710 2711 -1,
2712 2713 2714 -1,
2715 2716 2717 -1,
2718 2719 2720 -1,
2721 2722 2723 -1,
2724 2725 2726 -1,
2727 2728 2729 -1,
2730 2731 2732 -1,
2733 2734 2735 -1,
2736 2737 2738 -1,
2739 2740 2741 -1,
2742 2743 2744 -1,
2745 2746 2747 -1,
2748 2749 2750 -1,
2751 2752 2753 -1,
2754 2755 2756 -1,
2757 2758 2759 -1,
2760 2761 2762 -1,
2763 2764 2765 -1,
2766 2767 2768 -1,
2769 2770 2771 -1,
2772 2773 2774 -1,
2775 2776 2777 -1,
2778 2779 2780 -1,
2781 2782 2783 -1,
2784 2785 2786 -1,
2787 2788 2789 -1,
2790 2791 2792 -1,
2793 2794 2795 -1,
2796 2797 2798 -1,
2799 2800 2801 -1,
2802 2803 2804 -1,
2805 2806 2807 -1,
2808 2809 2810 -1,
2811 2812 2813 -1,
2814 2815 2816 -1,
2817 2818 2819 -1,
2820 2821 2822 -1,
2823 2824 2825 -1,
2826 2827 2828 -1,
2829 2830 2831 -1,
2832 2833 2834 -1,
2835 2836 2837 -1,
2838 2839 2840 -1,
2841 2842 2843 -1,
2844 2845 2846 -1,
2847 2848 2849 -1,
2850 2851 2852 -1,
2853 2854 2855 -1,
2856 2857 2858 -1,
2859 2860 2861 -1,
2862 2863 2864 -1,
2865 2866 2867 -1,
2868 2869 2870 -1,
2871 2872 2873 -1,
2874 2875 2876 -1,
2877 2878 2879 -1,
2880 2881 2882 -1,
2883 2884 2885 -1,
2886 2887 2888 -1,
2889 2890 2891 -1,
2892 2893 2894 -1,
2895 2896 2897 -1,
2898 2899 2900 -1,
2901 2902 2903 -1,
2904 2905 2906 -1,
2907 2908 2909 -1,
2910 2911 2912 -1,
2913 2914 2915 -1,
2916 2917 2918 -1,
2919 2920 2921 -1,
2922 2923 2924 -1,
2925 2926 2927 -1,
2928 2929 2930 -1,
2931 2932 2933 -1,
2934 2935 2936 -1,
2937 2938 2939 -1,
2940 2941 2942 -1,
2943 2944 2945 -1,
2946 2947 2948 -1,
2949 2950 2951 -1,
2952 2953 2954 -1,
2955 2956 2957 -1,
2958 2959 2960 -1,
2961 2962 2963 -1,
2964 2965 2966 -1,
2967 2968 2969 -1,
2970 2971 2972 -1,
2973 2974 2975 -1,
2976 2977 2978 -1,
2979 2980 2981 -1,
2982 2983 2984 -1,
2985 2986 2987 -1,
2988 2989 2990 -1,
2991 2992 2993 -1,
2994 2995 2996 -1,
2997 2998 2999 -1,
3000 3001 3002 -1,
3003 3004 3005 -1,
3006 3007 3008 -1,
3009 3010 3011 -1,
3012 3013 3014 -1,
3015 3016 3017 -1,
3018 3019 3020 -1,
3021 3022 3023 -1,
3024 3025 3026 -1,
3027 3028 3029 -1,
3030 3031 3032 -1,
3033 3034 3035 -1,
3036 3037 3038 -1,
3039 3040 3041 -1,
3042 3043 3044 -1,
3045 3046 3047 -1,
3048 3049 3050 -1,
3051 3052 3053 -1,
3054 3055 3056 -1,
3057 3058 3059 -1,
3060 3061 3062 -1,
3063 3064 3065 -1,
3066 3067 3068 -1,
3069 3070 3071 -1,
3072 3073 3074 -1,
3075 3076 3077 -1,
3078 3079 3080 -1,
3081 3082 3083 -1,
3084 3085 3086 -1,
3087 3088 3089 -1,
3090 3091 3092 -1,
3093 3094 3095 -1,
3096 3097 3098 -1,
3099 3100 3101 -1,
3102 3103 3104 -1,
3105 3106 3107 -1,
3108 3109 3110 -1,
3111 3112 3113 -1,
3114 3115 3116 -1,
3117 3118 3119 -1,
3120 3121 3122 -1,
3123 3124 3125 -1,
3126 3127 3128 -1,
3129 3130 3131 -1,
3132 3133 3134 -1,
3135 3136 3137 -1,
3138 3139 3140 -1,
3141 3142 3143 -1,
3144 3145 3146 -1,
3147 3148 3149 -1,
3150 3151 3152 -1,
3153 3154 3155 -1,
3156 3157 3158 -1,
3159 3160 3161 -1,
3162 3163 3164 -1,
3165 3166 3167 -1,
3168 3169 3170 -1,
3171 3172 3173 -1,
3174 3175 3176 -1,
3177 3178 3179 -1,
3180 3181 3182 -1,
3183 3184 3185 -1,
3186 3187 3188 -1,
3189 3190 3191 -1,
3192 3193 3194 -1,
3195 3196 3197 -1,
3198 3199 3200 -1,
3201 3202 3203 -1,
3204 3205 3206 -1,
3207 3208 3209 -1,
3210 3211 3212 -1,
3213 3214 3215 -1,
3216 3217 3218 -1,
3219 3220 3221 -1,
3222 3223 3224 -1,
3225 3226 3227 -1,
3228 3229 3230 -1,
3231 3232 3233 -1,
3234 3235 3236 -1,
3237 3238 3239 -1,
3240 3241 3242 -1,
3243 3244 3245 -1,
3246 3247 3248 -1,
3249 3250 3251 -1,
3252 3253 3254 -1,
3255 3256 3257 -1,
3258 3259 3260 -1,
3261 3262 3263 -1,
3264 3265 3266 -1,
3267 3268 3269 -1,
3270 3271 3272 -1,
3273 3274 3275 -1,
3276 3277 3278 -1,
3279 3280 3281 -1,
3282 3283 3284 -1,
3285 3286 3287 -1,
3288 3289 3290 -1,
3291 3292 3293 -1,
3294 3295 3296 -1,
3297 3298 3299 -1,
3300 3301 3302 -1,
3303 3304 3305 -1,
3306 3307 3308 -1,
3309 3310 3311 -1,
3312 3313 3314 -1,
3315 3316 3317 -1,
3318 3319 3320 -1,
3321 3322 3323 -1,
3324 3325 3326 -1,
3327 3328 3329 -1,
3330 3331 3332 -1,
3333 3334 3335 -1,
3336 3337 3338 -1,
3339 3340 3341 -1,
3342 3343 3344 -1,
3345 3346 3347 -1,
3348 3349 3350 -1,
3351 3352 3353 -1,
3354 3355 3356 -1,
3357 3358 3359 -1,
3360 3361 3362 -1,
3363 3364 3365 -1,
3366 3367 3368 -1,
3369 3370 3371 -1,
3372 3373 3374 -1,
3375 3376 3377 -1,
3378 3379 3380 -1,
3381 3382 3383 -1,
3384 3385 3386 -1,
3387 3388 3389 -1,
3390 3391 3392 -1,
3393 3394 3395 -1,
3396 3397 3398 -1,
3399 3400 3401 -1,
3402 3403 3404 -1,
3405 3406 3407 -1,
3408 3409 3410 -1,
3411 3412 3413 -1,
3414 3415 3416 -1,
3417 3418 3419 -1,
3420 3421 3422 -1,
3423 3424 3425 -1,
3426 3427 3428 -1,
3429 3430 3431 -1,
3432 3433 3434 -1,
3435 3436 3437 -1,
3438 3439 3440 -1,
3441 3442 3443 -1,
3444 3445 3446 -1,
3447 3448 3449 -1,
3450 3451 3452 -1,
3453 3454 3455 -1,
3456 3457 3458 -1,
3459 3460 3461 -1,
3462 3463 3464 -1,
3465 3466 3467 -1,
3468 3469 3470 -1,
3471 3472 3473 -1,
3474 3475 3476 -1,
3477 3478 3479 -1,
3480 3481 3482 -1,
3483 3484 3485 -1,
3486 3487 3488 -1,
3489 3490 3491 -1,
3492 3493 3494 -1,
3495 3496 3497 -1,
3498 3499 3500 -1,
3501 3502 3503 -1,
3504 3505 3506 -1,
3507 3508 3509 -1,
3510 3511 3512 -1,
3513 3514 3515 -1,
3516 3517 3518 -1,
3519 3520 3521 -1,
3522 3523 3524 -1,
3525 3526 3527 -1,
3528 3529 3530 -1,
3531 3532 3533 -1,
3534 3535 3536 -1,
3537 3538 3539 -1,
 ] 
 }
}
