#VRML V2.0 utf8

Viewpoint {
 position 0 0 85.00094604
 orientation 1 0 0 0
 description "Z view"
 fieldOfView 0.800655
}
DirectionalLight {
 direction -0.348155 -0.348155   -0.870
}
NavigationInfo {
 headlight TRUE
 type "EXAMINE"
}
Shape {
 appearance Appearance {
  material Material { diffuseColor 1.0 1.0 1.0 }
 }
 geometry IndexedFaceSet {
  coord Coordinate {
   point [
-2.491063 0.546341 13.587112,
-3.298196 -0.074497 13.081688,
-3.227130 0.426015 13.046608,
-2.677342 1.114006 13.109108,
-2.491063 0.546341 13.587112,
-3.227130 0.426015 13.046608,
-3.203761 1.225518 12.918777,
-2.677342 1.114006 13.109108,
-3.227130 0.426015 13.046608,
-2.632909 1.661369 12.802757,
-2.677342 1.114006 13.109108,
-3.203761 1.225518 12.918777,
-3.345233 2.184084 12.530869,
-2.632909 1.661369 12.802757,
-3.203761 1.225518 12.918777,
-3.948449 1.182380 12.455109,
-3.345233 2.184084 12.530869,
-3.203761 1.225518 12.918777,
-3.227130 0.426015 13.046608,
-3.948449 1.182380 12.455109,
-3.203761 1.225518 12.918777,
-4.055151 -0.073646 12.303261,
-3.948449 1.182380 12.455109,
-3.227130 0.426015 13.046608,
-3.298196 -0.074497 13.081688,
-4.055151 -0.073646 12.303261,
-3.227130 0.426015 13.046608,
-3.843205 -0.957765 13.189522,
-4.055151 -0.073646 12.303261,
-3.298196 -0.074497 13.081688,
-3.111916 -0.642163 13.559692,
-3.843205 -0.957765 13.189522,
-3.298196 -0.074497 13.081688,
-3.339898 -1.195707 13.718399,
-3.843205 -0.957765 13.189522,
-3.111916 -0.642163 13.559692,
-2.696219 -0.845251 14.166229,
-3.339898 -1.195707 13.718399,
-3.111916 -0.642163 13.559692,
-2.244296 -0.112845 14.076813,
-2.696219 -0.845251 14.166229,
-3.111916 -0.642163 13.559692,
-1.972876 -0.761678 14.772057,
-2.696219 -0.845251 14.166229,
-2.244296 -0.112845 14.076813,
-1.605004 0.156305 14.769516,
-1.972876 -0.761678 14.772057,
-2.244296 -0.112845 14.076813,
-1.953461 0.769150 14.159348,
-1.605004 0.156305 14.769516,
-2.244296 -0.112845 14.076813,
-1.405453 0.731479 14.565796,
-1.605004 0.156305 14.769516,
-1.953461 0.769150 14.159348,
-1.678700 1.654942 14.255241,
-1.405453 0.731479 14.565796,
-1.953461 0.769150 14.159348,
-1.943036 1.451049 13.430176,
-1.678700 1.654942 14.255241,
-1.953461 0.769150 14.159348,
-1.921746 2.444026 13.949051,
-1.678700 1.654942 14.255241,
-1.943036 1.451049 13.430176,
-2.673680 2.314809 13.198723,
-1.921746 2.444026 13.949051,
-1.943036 1.451049 13.430176,
-1.631413 2.482855 14.502144,
-1.678700 1.654942 14.255241,
-1.921746 2.444026 13.949051,
-1.843011 3.472536 14.294449,
-1.631413 2.482855 14.502144,
-1.921746 2.444026 13.949051,
-2.164790 3.233108 13.642860,
-1.843011 3.472536 14.294449,
-1.921746 2.444026 13.949051,
-2.673680 2.314809 13.198723,
-2.164790 3.233108 13.642860,
-1.921746 2.444026 13.949051,
-2.552453 3.069900 13.222809,
-2.164790 3.233108 13.642860,
-2.673680 2.314809 13.198723,
-3.250844 3.044996 12.671204,
-2.552453 3.069900 13.222809,
-2.673680 2.314809 13.198723,
-3.194371 4.033656 12.966049,
-2.552453 3.069900 13.222809,
-3.250844 3.044996 12.671204,
-4.035176 3.645195 12.619232,
-3.194371 4.033656 12.966049,
-3.250844 3.044996 12.671204,
-4.102717 2.678460 12.362648,
-4.035176 3.645195 12.619232,
-3.250844 3.044996 12.671204,
-4.789402 3.311055 12.073685,
-4.035176 3.645195 12.619232,
-4.102717 2.678460 12.362648,
-4.804673 2.624964 12.133369,
-4.789402 3.311055 12.073685,
-4.102717 2.678460 12.362648,
-4.223946 1.923369 12.338562,
-4.804673 2.624964 12.133369,
-4.102717 2.678460 12.362648,
-4.925902 1.869876 12.109276,
-4.804673 2.624964 12.133369,
-4.223946 1.923369 12.338562,
-5.917552 2.773547 11.875000,
-4.789402 3.311055 12.073685,
-4.804673 2.624964 12.133369,
-5.629567 3.602018 12.027779,
-4.789402 3.311055 12.073685,
-5.917552 2.773547 11.875000,
-6.227150 3.538093 11.927139,
-5.629567 3.602018 12.027779,
-5.917552 2.773547 11.875000,
-6.856217 3.105858 11.980919,
-6.227150 3.538093 11.927139,
-5.917552 2.773547 11.875000,
-6.768240 2.343021 12.137894,
-6.856217 3.105858 11.980919,
-5.917552 2.773547 11.875000,
-6.109738 1.745101 11.741371,
-6.768240 2.343021 12.137894,
-5.917552 2.773547 11.875000,
-7.207741 0.968932 11.966660,
-6.768240 2.343021 12.137894,
-6.109738 1.745101 11.741371,
-6.227028 0.301933 11.459793,
-7.207741 0.968932 11.966660,
-6.109738 1.745101 11.741371,
-4.926617 0.921515 11.688812,
-6.227028 0.301933 11.459793,
-6.109738 1.745101 11.741371,
-5.130978 -0.351350 11.648209,
-6.227028 0.301933 11.459793,
-4.926617 0.921515 11.688812,
-6.159258 -1.076152 11.932693,
-6.227028 0.301933 11.459793,
-5.130978 -0.351350 11.648209,
-4.816964 -1.308270 12.453987,
-6.159258 -1.076152 11.932693,
-5.130978 -0.351350 11.648209,
-5.969887 -1.910313 13.114075,
-6.159258 -1.076152 11.932693,
-4.816964 -1.308270 12.453987,
-4.808800 -1.770510 13.658089,
-5.969887 -1.910313 13.114075,
-4.816964 -1.308270 12.453987,
-5.780573 -2.071690 14.263847,
-5.969887 -1.910313 13.114075,
-4.808800 -1.770510 13.658089,
-4.959301 -2.216806 14.419815,
-5.780573 -2.071690 14.263847,
-4.808800 -1.770510 13.658089,
-4.120017 -1.687576 13.980812,
-4.959301 -2.216806 14.419815,
-4.808800 -1.770510 13.658089,
-3.983109 -2.079673 14.711166,
-4.959301 -2.216806 14.419815,
-4.120017 -1.687576 13.980812,
-3.335055 -1.469918 14.432693,
-3.983109 -2.079673 14.711166,
-4.120017 -1.687576 13.980812,
-3.232173 -1.931686 15.097740,
-3.983109 -2.079673 14.711166,
-3.335055 -1.469918 14.432693,
-2.568942 -1.405890 14.960228,
-3.232173 -1.931686 15.097740,
-3.335055 -1.469918 14.432693,
-2.456603 -1.900734 15.661049,
-3.232173 -1.931686 15.097740,
-2.568942 -1.405890 14.960228,
-2.004679 -1.168328 15.571632,
-2.456603 -1.900734 15.661049,
-2.568942 -1.405890 14.960228,
-2.042233 -1.430704 16.387100,
-2.456603 -1.900734 15.661049,
-2.004679 -1.168328 15.571632,
-1.610020 -0.743654 16.301849,
-2.042233 -1.430704 16.387100,
-2.004679 -1.168328 15.571632,
-1.492665 -0.338537 15.470337,
-1.610020 -0.743654 16.301849,
-2.004679 -1.168328 15.571632,
-0.993920 -0.179255 16.175430,
-1.610020 -0.743654 16.301849,
-1.492665 -0.338537 15.470337,
-1.027917 0.272779 15.586243,
-0.993920 -0.179255 16.175430,
-1.492665 -0.338537 15.470337,
-0.486827 0.456488 16.060333,
-0.993920 -0.179255 16.175430,
-1.027917 0.272779 15.586243,
-0.445471 1.135647 15.605980,
-0.486827 0.456488 16.060333,
-1.027917 0.272779 15.586243,
-1.083674 0.970905 15.217392,
-0.445471 1.135647 15.605980,
-1.027917 0.272779 15.586243,
-1.100567 1.750132 15.079277,
-0.445471 1.135647 15.605980,
-1.083674 0.970905 15.217392,
-0.559968 1.943824 15.549934,
-0.445471 1.135647 15.605980,
-1.100567 1.750132 15.079277,
-1.062398 2.418375 15.278564,
-0.559968 1.943824 15.549934,
-1.100567 1.750132 15.079277,
-0.363370 2.572978 16.034622,
-0.559968 1.943824 15.549934,
-1.062398 2.418375 15.278564,
-1.078707 3.094990 15.723122,
-0.363370 2.572978 16.034622,
-1.062398 2.418375 15.278564,
-1.336884 3.006860 14.873871,
-1.078707 3.094990 15.723122,
-1.062398 2.418375 15.278564,
-1.495406 3.946682 15.098175,
-1.078707 3.094990 15.723122,
-1.336884 3.006860 14.873871,
-1.255849 4.035463 15.965088,
-1.078707 3.094990 15.723122,
-1.495406 3.946682 15.098175,
-1.660237 4.709075 15.422691,
-1.255849 4.035463 15.965088,
-1.495406 3.946682 15.098175,
-1.774716 4.644004 14.389084,
-1.660237 4.709075 15.422691,
-1.495406 3.946682 15.098175,
-1.294655 4.165898 14.330299,
-1.774716 4.644004 14.389084,
-1.495406 3.946682 15.098175,
-2.128932 5.248631 15.088905,
-1.660237 4.709075 15.422691,
-1.774716 4.644004 14.389084,
-2.520047 5.106926 14.289207,
-2.128932 5.248631 15.088905,
-1.774716 4.644004 14.389084,
-2.520003 4.372809 13.840820,
-2.520047 5.106926 14.289207,
-1.774716 4.644004 14.389084,
-3.084309 4.869366 13.677803,
-2.520047 5.106926 14.289207,
-2.520003 4.372809 13.840820,
-3.037019 5.697277 13.924698,
-2.520047 5.106926 14.289207,
-3.084309 4.869366 13.677803,
-3.478217 5.474916 13.563759,
-3.037019 5.697277 13.924698,
-3.084309 4.869366 13.677803,
-3.437442 4.821477 13.167793,
-3.478217 5.474916 13.563759,
-3.084309 4.869366 13.677803,
-4.042481 5.237354 12.952347,
-3.478217 5.474916 13.563759,
-3.437442 4.821477 13.167793,
-3.913945 4.400285 12.643318,
-4.042481 5.237354 12.952347,
-3.437442 4.821477 13.167793,
-4.693005 4.941903 12.600479,
-4.042481 5.237354 12.952347,
-3.913945 4.400285 12.643318,
-4.602189 4.262006 12.229622,
-4.693005 4.941903 12.600479,
-3.913945 4.400285 12.643318,
-5.335078 4.651762 12.229195,
-4.693005 4.941903 12.600479,
-4.602189 4.262006 12.229622,
-5.289313 5.452965 12.468124,
-4.693005 4.941903 12.600479,
-5.335078 4.651762 12.229195,
-6.027211 5.180261 12.157707,
-5.289313 5.452965 12.468124,
-5.335078 4.651762 12.229195,
-6.106507 4.284214 12.093330,
-6.027211 5.180261 12.157707,
-5.335078 4.651762 12.229195,
-6.807284 4.729725 12.200790,
-6.027211 5.180261 12.157707,
-6.106507 4.284214 12.093330,
-6.808928 3.933771 12.227821,
-6.807284 4.729725 12.200790,
-6.106507 4.284214 12.093330,
-7.392909 4.303840 12.307617,
-6.807284 4.729725 12.200790,
-6.808928 3.933771 12.227821,
-7.580357 3.566222 12.091965,
-7.392909 4.303840 12.307617,
-6.808928 3.933771 12.227821,
-6.096289 1.731137 22.664619,
-6.075514 1.121642 21.963501,
-5.829121 2.178901 22.313782,
-1.774716 4.644004 14.389084,
-1.294655 4.165898 14.330299,
-1.843011 3.472536 14.294449,
-7.941868 2.478828 11.972313,
-8.133571 3.260583 12.501678,
-7.418440 2.730562 12.026115,
-7.771315 1.840823 12.358704,
-7.941868 2.478828 11.972313,
-7.418440 2.730562 12.026115,
-8.288093 2.325894 12.552849,
-7.941868 2.478828 11.972313,
-7.771315 1.840823 12.358704,
-8.455253 1.483679 12.750275,
-8.288093 2.325894 12.552849,
-7.771315 1.840823 12.358704,
-7.873475 1.088002 12.449593,
-8.455253 1.483679 12.750275,
-7.771315 1.840823 12.358704,
-8.889829 1.052645 12.741013,
-8.455253 1.483679 12.750275,
-7.873475 1.088002 12.449593,
-8.036197 0.504087 12.673470,
-8.889829 1.052645 12.741013,
-7.873475 1.088002 12.449593,
-8.927308 0.224854 13.095413,
-8.889829 1.052645 12.741013,
-8.036197 0.504087 12.673470,
-8.617509 -0.287584 13.490295,
-8.927308 0.224854 13.095413,
-8.036197 0.504087 12.673470,
-7.928402 -0.768705 13.155731,
-8.617509 -0.287584 13.490295,
-8.036197 0.504087 12.673470,
-7.379950 -0.300110 12.119873,
-7.928402 -0.768705 13.155731,
-8.036197 0.504087 12.673470,
-7.092446 -1.375604 12.771210,
-7.928402 -0.768705 13.155731,
-7.379950 -0.300110 12.119873,
-7.030285 -1.794298 13.788971,
-7.928402 -0.768705 13.155731,
-7.092446 -1.375604 12.771210,
-7.709271 -1.888973 14.248161,
-7.928402 -0.768705 13.155731,
-7.030285 -1.794298 13.788971,
-8.514628 -1.042418 13.942924,
-7.928402 -0.768705 13.155731,
-7.709271 -1.888973 14.248161,
-8.081328 -1.610335 14.511032,
-8.514628 -1.042418 13.942924,
-7.709271 -1.888973 14.248161,
-8.123551 -1.951328 15.065018,
-8.081328 -1.610335 14.511032,
-7.709271 -1.888973 14.248161,
-6.842558 -2.107881 15.136742,
-8.123551 -1.951328 15.065018,
-7.709271 -1.888973 14.248161,
-7.382630 -2.331761 15.770279,
-8.123551 -1.951328 15.065018,
-6.842558 -2.107881 15.136742,
-6.674344 -2.454851 16.045181,
-7.382630 -2.331761 15.770279,
-6.842558 -2.107881 15.136742,
-6.098134 -2.517234 15.420578,
-6.674344 -2.454851 16.045181,
-6.842558 -2.107881 15.136742,
-6.008420 -2.772051 16.248573,
-6.674344 -2.454851 16.045181,
-6.098134 -2.517234 15.420578,
-5.425948 -2.561755 15.629799,
-6.008420 -2.772051 16.248573,
-6.098134 -2.517234 15.420578,
-5.281533 -2.822376 16.513275,
-6.008420 -2.772051 16.248573,
-5.425948 -2.561755 15.629799,
-4.674481 -2.684844 15.923515,
-5.281533 -2.822376 16.513275,
-5.425948 -2.561755 15.629799,
-4.667048 -2.436817 15.102745,
-4.674481 -2.684844 15.923515,
-5.425948 -2.561755 15.629799,
-3.870770 -2.574517 15.411987,
-4.674481 -2.684844 15.923515,
-4.667048 -2.436817 15.102745,
-3.985703 -2.601912 16.246231,
-4.674481 -2.684844 15.923515,
-3.870770 -2.574517 15.411987,
-3.544461 -2.609668 15.949852,
-3.985703 -2.601912 16.246231,
-3.870770 -2.574517 15.411987,
-3.227330 -2.205897 15.812042,
-3.544461 -2.609668 15.949852,
-3.870770 -2.574517 15.411987,
-3.320245 -2.308217 16.616409,
-3.544461 -2.609668 15.949852,
-3.227330 -2.205897 15.812042,
-2.773034 -2.242119 16.085716,
-3.320245 -2.308217 16.616409,
-3.227330 -2.205897 15.812042,
-2.601651 -1.942477 16.489990,
-3.320245 -2.308217 16.616409,
-2.773034 -2.242119 16.085716,
-2.631467 -2.225283 16.939133,
-3.320245 -2.308217 16.616409,
-2.601651 -1.942477 16.489990,
-2.197085 -1.869871 17.225502,
-2.631467 -2.225283 16.939133,
-2.601651 -1.942477 16.489990,
-2.973340 -2.175690 17.343178,
-2.631467 -2.225283 16.939133,
-2.197085 -1.869871 17.225502,
-2.749121 -1.874239 18.009735,
-2.973340 -2.175690 17.343178,
-2.197085 -1.869871 17.225502,
-2.080363 -1.347786 17.905533,
-2.749121 -1.874239 18.009735,
-2.197085 -1.869871 17.225502,
-1.745162 -1.137465 17.136093,
-2.080363 -1.347786 17.905533,
-2.197085 -1.869871 17.225502,
-1.495753 -0.723331 17.949417,
-2.080363 -1.347786 17.905533,
-1.745162 -1.137465 17.136093,
-1.325741 -0.403827 17.417702,
-1.495753 -0.723331 17.949417,
-1.745162 -1.137465 17.136093,
-0.946971 -0.382141 16.875580,
-1.325741 -0.403827 17.417702,
-1.745162 -1.137465 17.136093,
-0.873818 0.328579 17.328285,
-1.325741 -0.403827 17.417702,
-0.946971 -0.382141 16.875580,
-0.250439 0.276558 16.822662,
-0.873818 0.328579 17.328285,
-0.946971 -0.382141 16.875580,
-1.496201 -0.023877 18.586578,
-1.495753 -0.723331 17.949417,
-1.325741 -0.403827 17.417702,
-0.780717 0.833742 17.874184,
-1.496201 -0.023877 18.586578,
-1.325741 -0.403827 17.417702,
-0.873818 0.328579 17.328285,
-0.780717 0.833742 17.874184,
-1.325741 -0.403827 17.417702,
-1.258278 0.688107 18.453979,
-1.496201 -0.023877 18.586578,
-0.780717 0.833742 17.874184,
-0.735787 1.620318 18.108757,
-1.258278 0.688107 18.453979,
-0.780717 0.833742 17.874184,
-1.213349 1.474683 18.688553,
-1.258278 0.688107 18.453979,
-0.735787 1.620318 18.108757,
-1.575898 0.655178 19.104034,
-1.258278 0.688107 18.453979,
-1.213349 1.474683 18.688553,
-1.601536 1.241947 19.594421,
-1.575898 0.655178 19.104034,
-1.213349 1.474683 18.688553,
-1.454327 1.854684 19.382896,
-1.601536 1.241947 19.594421,
-1.213349 1.474683 18.688553,
-2.008431 1.002759 19.902954,
-1.601536 1.241947 19.594421,
-1.454327 1.854684 19.382896,
-2.034074 1.589529 20.393341,
-2.008431 1.002759 19.902954,
-1.454327 1.854684 19.382896,
-2.053460 0.509542 19.683830,
-1.601536 1.241947 19.594421,
-2.008431 1.002759 19.902954,
-1.575898 0.655178 19.104034,
-1.601536 1.241947 19.594421,
-2.053460 0.509542 19.683830,
-1.831402 -0.234201 19.356018,
-1.575898 0.655178 19.104034,
-2.053460 0.509542 19.683830,
-2.554570 -0.302577 19.782974,
-1.831402 -0.234201 19.356018,
-2.053460 0.509542 19.683830,
-2.330353 -0.001124 20.449532,
-2.554570 -0.302577 19.782974,
-2.053460 0.509542 19.683830,
-2.696145 0.884710 20.598007,
-2.330353 -0.001124 20.449532,
-2.053460 0.509542 19.683830,
-2.008431 1.002759 19.902954,
-2.696145 0.884710 20.598007,
-2.053460 0.509542 19.683830,
-2.034074 1.589529 20.393341,
-2.696145 0.884710 20.598007,
-2.008431 1.002759 19.902954,
-2.818532 1.494316 21.168808,
-2.696145 0.884710 20.598007,
-2.034074 1.589529 20.393341,
-1.828436 2.068795 21.189617,
-2.818532 1.494316 21.168808,
-2.034074 1.589529 20.393341,
-1.337605 2.376767 20.062927,
-1.828436 2.068795 21.189617,
-2.034074 1.589529 20.393341,
-1.454327 1.854684 19.382896,
-1.337605 2.376767 20.062927,
-2.034074 1.589529 20.393341,
-1.226588 2.743040 19.148705,
-1.337605 2.376767 20.062927,
-1.454327 1.854684 19.382896,
-1.213349 1.474683 18.688553,
-1.226588 2.743040 19.148705,
-1.454327 1.854684 19.382896,
-0.758464 2.348038 17.930542,
-1.226588 2.743040 19.148705,
-1.213349 1.474683 18.688553,
-0.735787 1.620318 18.108757,
-0.758464 2.348038 17.930542,
-1.213349 1.474683 18.688553,
-0.117596 2.602206 17.516228,
-0.758464 2.348038 17.930542,
-0.735787 1.620318 18.108757,
0.557605 1.571306 17.808731,
-0.117596 2.602206 17.516228,
-0.735787 1.620318 18.108757,
0.525153 2.231149 17.582298,
-0.117596 2.602206 17.516228,
0.557605 1.571306 17.808731,
1.109638 1.859570 17.492676,
0.525153 2.231149 17.582298,
0.557605 1.571306 17.808731,
1.027183 1.251938 17.566040,
1.109638 1.859570 17.492676,
0.557605 1.571306 17.808731,
0.519435 0.903063 17.609444,
1.027183 1.251938 17.566040,
0.557605 1.571306 17.808731,
1.047878 0.778331 17.170219,
1.027183 1.251938 17.566040,
0.519435 0.903063 17.609444,
0.425220 0.481667 17.060562,
1.047878 0.778331 17.170219,
0.519435 0.903063 17.609444,
0.866905 0.535016 16.632217,
1.047878 0.778331 17.170219,
0.425220 0.481667 17.060562,
0.310956 0.468077 16.371735,
0.866905 0.535016 16.632217,
0.425220 0.481667 17.060562,
0.862991 0.756343 16.055679,
0.866905 0.535016 16.632217,
0.310956 0.468077 16.371735,
0.220285 0.867487 15.806076,
0.862991 0.756343 16.055679,
0.310956 0.468077 16.371735,
0.712638 1.214531 15.669861,
0.862991 0.756343 16.055679,
0.220285 0.867487 15.806076,
0.187835 1.527330 15.579643,
0.712638 1.214531 15.669861,
0.220285 0.867487 15.806076,
0.810489 1.823994 15.689301,
0.712638 1.214531 15.669861,
0.187835 1.527330 15.579643,
0.226005 2.195574 15.778931,
0.810489 1.823994 15.689301,
0.187835 1.527330 15.579643,
0.777580 2.351415 16.008904,
0.810489 1.823994 15.689301,
0.226005 2.195574 15.778931,
0.320216 2.616969 16.327812,
0.777580 2.351415 16.008904,
0.226005 2.195574 15.778931,
0.962924 2.505829 16.577415,
0.777580 2.351415 16.008904,
0.320216 2.616969 16.327812,
0.434480 2.630559 17.016640,
0.962924 2.505829 16.577415,
0.320216 2.616969 16.327812,
-0.347611 2.893681 16.787155,
0.434480 2.630559 17.016640,
0.320216 2.616969 16.327812,
0.971978 2.374534 17.180801,
0.962924 2.505829 16.577415,
0.434480 2.630559 17.016640,
1.380191 2.029332 16.871620,
0.962924 2.505829 16.577415,
0.971978 2.374534 17.180801,
1.265928 2.015742 16.182793,
0.962924 2.505829 16.577415,
1.380191 2.029332 16.871620,
1.487481 1.540750 16.509438,
1.265928 2.015742 16.182793,
1.380191 2.029332 16.871620,
1.412645 1.369487 17.098053,
1.487481 1.540750 16.509438,
1.380191 2.029332 16.871620,
1.318435 0.948090 16.549171,
1.487481 1.540750 16.509438,
1.412645 1.369487 17.098053,
1.227760 1.347499 15.983513,
1.487481 1.540750 16.509438,
1.318435 0.948090 16.549171,
1.265928 2.015742 16.182793,
1.487481 1.540750 16.509438,
1.227760 1.347499 15.983513,
0.777580 2.351415 16.008904,
0.962924 2.505829 16.577415,
1.265928 2.015742 16.182793,
0.810489 1.823994 15.689301,
0.777580 2.351415 16.008904,
1.265928 2.015742 16.182793,
1.227760 1.347499 15.983513,
0.810489 1.823994 15.689301,
1.265928 2.015742 16.182793,
0.712638 1.214531 15.669861,
0.810489 1.823994 15.689301,
1.227760 1.347499 15.983513,
0.862991 0.756343 16.055679,
0.712638 1.214531 15.669861,
1.227760 1.347499 15.983513,
1.318435 0.948090 16.549171,
0.862991 0.756343 16.055679,
1.227760 1.347499 15.983513,
0.866905 0.535016 16.632217,
0.862991 0.756343 16.055679,
1.318435 0.948090 16.549171,
1.047878 0.778331 17.170219,
0.866905 0.535016 16.632217,
1.318435 0.948090 16.549171,
1.412645 1.369487 17.098053,
1.047878 0.778331 17.170219,
1.318435 0.948090 16.549171,
1.027183 1.251938 17.566040,
1.047878 0.778331 17.170219,
1.412645 1.369487 17.098053,
1.109638 1.859570 17.492676,
1.027183 1.251938 17.566040,
1.412645 1.369487 17.098053,
1.380191 2.029332 16.871620,
1.109638 1.859570 17.492676,
1.412645 1.369487 17.098053,
0.971978 2.374534 17.180801,
1.109638 1.859570 17.492676,
1.380191 2.029332 16.871620,
0.525153 2.231149 17.582298,
1.109638 1.859570 17.492676,
0.971978 2.374534 17.180801,
0.434480 2.630559 17.016640,
0.525153 2.231149 17.582298,
0.971978 2.374534 17.180801,
-0.117596 2.602206 17.516228,
0.525153 2.231149 17.582298,
0.434480 2.630559 17.016640,
-0.347611 2.893681 16.787155,
-0.117596 2.602206 17.516228,
0.434480 2.630559 17.016640,
-0.737202 3.375443 17.196304,
-0.117596 2.602206 17.516228,
-0.347611 2.893681 16.787155,
-0.851466 3.361853 16.507477,
-0.737202 3.375443 17.196304,
-0.347611 2.893681 16.787155,
-1.234032 4.138633 16.741997,
-0.737202 3.375443 17.196304,
-0.851466 3.361853 16.507477,
-1.092465 4.155469 17.595406,
-0.737202 3.375443 17.196304,
-1.234032 4.138633 16.741997,
-1.366950 4.743954 17.190720,
-1.092465 4.155469 17.595406,
-1.234032 4.138633 16.741997,
-1.229901 4.795250 16.258293,
-1.366950 4.743954 17.190720,
-1.234032 4.138633 16.741997,
-1.605305 5.402435 16.747200,
-1.366950 4.743954 17.190720,
-1.229901 4.795250 16.258293,
-1.746873 5.385599 15.893784,
-1.605305 5.402435 16.747200,
-1.229901 4.795250 16.258293,
-1.967717 6.108912 16.354767,
-1.605305 5.402435 16.747200,
-1.746873 5.385599 15.893784,
-2.313170 6.032277 15.494507,
-1.967717 6.108912 16.354767,
-1.746873 5.385599 15.893784,
-2.688575 6.639463 15.983414,
-1.967717 6.108912 16.354767,
-2.313170 6.032277 15.494507,
-2.830142 6.622627 15.130005,
-2.688575 6.639463 15.983414,
-2.313170 6.032277 15.494507,
-2.602834 5.785460 14.758095,
-2.830142 6.622627 15.130005,
-2.313170 6.032277 15.494507,
-3.207871 6.201337 14.542656,
-2.830142 6.622627 15.130005,
-2.602834 5.785460 14.758095,
-3.610196 6.852065 15.066620,
-2.830142 6.622627 15.130005,
-3.207871 6.201337 14.542656,
-3.655709 6.825137 14.455963,
-3.610196 6.852065 15.066620,
-3.207871 6.201337 14.542656,
-3.553471 6.072291 13.979950,
-3.655709 6.825137 14.455963,
-3.207871 6.201337 14.542656,
-4.158513 6.488168 13.764511,
-3.655709 6.825137 14.455963,
-3.553471 6.072291 13.979950,
-4.513447 7.062246 14.226761,
-3.655709 6.825137 14.455963,
-4.158513 6.488168 13.764511,
-4.804844 6.734200 13.686554,
-4.513447 7.062246 14.226761,
-4.158513 6.488168 13.764511,
-4.692009 6.263556 13.186440,
-4.804844 6.734200 13.686554,
-4.158513 6.488168 13.764511,
-5.376664 6.698819 13.291428,
-4.804844 6.734200 13.686554,
-4.692009 6.263556 13.186440,
-5.266308 7.192438 13.934380,
-4.804844 6.734200 13.686554,
-5.376664 6.698819 13.291428,
-4.513447 7.062246 14.226761,
-4.804844 6.734200 13.686554,
-5.266308 7.192438 13.934380,
-4.283814 7.253555 14.931107,
-3.655709 6.825137 14.455963,
-4.513447 7.062246 14.226761,
-4.804734 7.620446 15.291351,
-4.283814 7.253555 14.931107,
-4.513447 7.062246 14.226761,
-5.832951 7.521446 14.329483,
-4.804734 7.620446 15.291351,
-4.513447 7.062246 14.226761,
-5.266308 7.192438 13.934380,
-5.832951 7.521446 14.329483,
-4.513447 7.062246 14.226761,
-5.601010 7.758146 14.982109,
-4.804734 7.620446 15.291351,
-5.832951 7.521446 14.329483,
-6.359066 7.636618 14.770271,
-5.601010 7.758146 14.982109,
-5.832951 7.521446 14.329483,
-6.484551 7.386162 14.024750,
-6.359066 7.636618 14.770271,
-5.832951 7.521446 14.329483,
-5.266308 7.192438 13.934380,
-6.484551 7.386162 14.024750,
-5.832951 7.521446 14.329483,
-7.118138 7.535711 14.551361,
-6.359066 7.636618 14.770271,
-6.484551 7.386162 14.024750,
-7.314293 7.154415 13.757973,
-7.118138 7.535711 14.551361,
-6.484551 7.386162 14.024750,
-6.601269 6.864079 13.344719,
-7.314293 7.154415 13.757973,
-6.484551 7.386162 14.024750,
-6.060029 6.505744 13.006500,
-6.601269 6.864079 13.344719,
-6.484551 7.386162 14.024750,
-5.266308 7.192438 13.934380,
-6.060029 6.505744 13.006500,
-6.484551 7.386162 14.024750,
-5.376664 6.698819 13.291428,
-6.060029 6.505744 13.006500,
-5.266308 7.192438 13.934380,
-6.679215 6.204616 12.905045,
-6.601269 6.864079 13.344719,
-6.060029 6.505744 13.006500,
-6.013451 5.913329 12.579170,
-6.679215 6.204616 12.905045,
-6.060029 6.505744 13.006500,
-5.376664 6.698819 13.291428,
-6.013451 5.913329 12.579170,
-6.060029 6.505744 13.006500,
-6.759991 5.557637 12.447693,
-6.679215 6.204616 12.905045,
-6.013451 5.913329 12.579170,
-7.300904 5.914525 12.787956,
-6.679215 6.204616 12.905045,
-6.759991 5.557637 12.447693,
-7.929974 5.482288 12.841743,
-7.300904 5.914525 12.787956,
-6.759991 5.557637 12.447693,
-7.347811 6.508388 13.213234,
-7.300904 5.914525 12.787956,
-7.929974 5.482288 12.841743,
-6.679215 6.204616 12.905045,
-7.300904 5.914525 12.787956,
-7.347811 6.508388 13.213234,
-6.601269 6.864079 13.344719,
-6.679215 6.204616 12.905045,
-7.347811 6.508388 13.213234,
-7.314293 7.154415 13.757973,
-6.601269 6.864079 13.344719,
-7.347811 6.508388 13.213234,
-8.002522 6.662921 13.757408,
-7.314293 7.154415 13.757973,
-7.347811 6.508388 13.213234,
-7.889567 7.168161 14.415497,
-7.314293 7.154415 13.757973,
-8.002522 6.662921 13.757408,
-8.474988 6.628484 14.397621,
-7.889567 7.168161 14.415497,
-8.002522 6.662921 13.757408,
-8.574626 6.215168 13.846626,
-8.474988 6.628484 14.397621,
-8.002522 6.662921 13.757408,
-9.041108 6.217814 14.196487,
-8.474988 6.628484 14.397621,
-8.574626 6.215168 13.846626,
-9.009122 5.594762 13.684105,
-9.041108 6.217814 14.196487,
-8.574626 6.215168 13.846626,
-8.548987 5.628399 13.356239,
-9.009122 5.594762 13.684105,
-8.574626 6.215168 13.846626,
-9.189912 4.832355 13.263771,
-9.009122 5.594762 13.684105,
-8.548987 5.628399 13.356239,
-8.404666 5.019057 13.052559,
-9.189912 4.832355 13.263771,
-8.548987 5.628399 13.356239,
-8.814507 4.225169 12.774864,
-9.189912 4.832355 13.263771,
-8.404666 5.019057 13.052559,
-7.974688 4.699517 12.608299,
-8.814507 4.225169 12.774864,
-8.404666 5.019057 13.052559,
-1.943036 1.451049 13.430176,
-2.673680 2.314809 13.198723,
-1.949544 1.854446 13.087685,
-9.266431 3.492763 12.864281,
-8.814507 4.225169 12.774864,
-8.715350 3.656261 12.802361,
-9.292069 4.079534 13.354668,
-8.814507 4.225169 12.774864,
-9.266431 3.492763 12.864281,
-9.921140 3.647299 13.408447,
-9.292069 4.079534 13.354668,
-9.266431 3.492763 12.864281,
-9.554982 3.217814 13.283081,
-9.921140 3.647299 13.408447,
-9.266431 3.492763 12.864281,
-9.873849 4.475211 13.655350,
-9.292069 4.079534 13.354668,
-9.921140 3.647299 13.408447,
-10.015845 3.963224 13.883286,
-9.873849 4.475211 13.655350,
-9.921140 3.647299 13.408447,
-9.189912 4.832355 13.263771,
-8.814507 4.225169 12.774864,
-9.292069 4.079534 13.354668,
-9.873849 4.475211 13.655350,
-9.189912 4.832355 13.263771,
-9.292069 4.079534 13.354668,
-9.461045 4.862357 13.773514,
-9.189912 4.832355 13.263771,
-9.873849 4.475211 13.655350,
-9.009122 5.594762 13.684105,
-9.189912 4.832355 13.263771,
-9.461045 4.862357 13.773514,
-9.486684 5.449126 14.263901,
-9.009122 5.594762 13.684105,
-9.461045 4.862357 13.773514,
-10.285523 4.733997 14.332489,
-9.486684 5.449126 14.263901,
-9.461045 4.862357 13.773514,
-9.873849 4.475211 13.655350,
-10.285523 4.733997 14.332489,
-9.461045 4.862357 13.773514,
-10.015845 3.963224 13.883286,
-10.285523 4.733997 14.332489,
-9.873849 4.475211 13.655350,
-10.493407 3.817589 14.463081,
-10.285523 4.733997 14.332489,
-10.015845 3.963224 13.883286,
-10.378545 3.105475 13.846825,
-10.493407 3.817589 14.463081,
-10.015845 3.963224 13.883286,
-9.921140 3.647299 13.408447,
-10.378545 3.105475 13.846825,
-10.015845 3.963224 13.883286,
-9.554982 3.217814 13.283081,
-10.378545 3.105475 13.846825,
-9.921140 3.647299 13.408447,
-10.674932 2.889271 14.536697,
-10.493407 3.817589 14.463081,
-10.378545 3.105475 13.846825,
-10.299527 2.282087 14.047783,
-10.674932 2.889271 14.536697,
-10.378545 3.105475 13.846825,
-9.657138 2.464993 13.373970,
-10.299527 2.282087 14.047783,
-10.378545 3.105475 13.846825,
-9.554982 3.217814 13.283081,
-9.657138 2.464993 13.373970,
-10.378545 3.105475 13.846825,
-9.033505 2.708966 12.701920,
-9.657138 2.464993 13.373970,
-9.554982 3.217814 13.283081,
-9.266431 3.492763 12.864281,
-9.033505 2.708966 12.701920,
-9.554982 3.217814 13.283081,
-8.715350 3.656261 12.802361,
-9.033505 2.708966 12.701920,
-9.266431 3.492763 12.864281,
-8.972030 1.968750 12.944420,
-9.657138 2.464993 13.373970,
-9.033505 2.708966 12.701920,
-9.627730 1.605978 13.653305,
-9.657138 2.464993 13.373970,
-8.972030 1.968750 12.944420,
-9.252324 0.998794 13.164398,
-9.627730 1.605978 13.653305,
-8.972030 1.968750 12.944420,
-9.937882 0.653774 13.828842,
-9.627730 1.605978 13.653305,
-9.252324 0.998794 13.164398,
-9.123267 0.140099 13.873352,
-9.937882 0.653774 13.828842,
-9.252324 0.998794 13.164398,
-9.676852 -0.037544 14.370773,
-9.937882 0.653774 13.828842,
-9.123267 0.140099 13.873352,
-8.952714 -0.497908 14.259735,
-9.676852 -0.037544 14.370773,
-9.123267 0.140099 13.873352,
-9.253009 -0.865451 14.690704,
-9.676852 -0.037544 14.370773,
-8.952714 -0.497908 14.259735,
-8.587085 -1.182652 14.894096,
-9.253009 -0.865451 14.690704,
-8.952714 -0.497908 14.259735,
-9.409026 -0.784219 15.307190,
-9.253009 -0.865451 14.690704,
-8.587085 -1.182652 14.894096,
-8.629310 -1.523643 15.448074,
-9.409026 -0.784219 15.307190,
-8.587085 -1.182652 14.894096,
-9.273808 -1.235619 15.754761,
-9.409026 -0.784219 15.307190,
-8.629310 -1.523643 15.448074,
-9.182893 -1.701286 15.945503,
-9.273808 -1.235619 15.754761,
-8.629310 -1.523643 15.448074,
-8.733199 -1.852960 16.135933,
-9.182893 -1.701286 15.945503,
-8.629310 -1.523643 15.448074,
-8.458756 -2.161649 15.834457,
-8.733199 -1.852960 16.135933,
-8.629310 -1.523643 15.448074,
-8.048558 -2.014560 15.566879,
-8.458756 -2.161649 15.834457,
-8.629310 -1.523643 15.448074,
-8.186088 -2.423258 16.236809,
-8.458756 -2.161649 15.834457,
-8.048558 -2.014560 15.566879,
-8.733199 -1.852960 16.135933,
-8.458756 -2.161649 15.834457,
-8.186088 -2.423258 16.236809,
-9.438764 -1.626883 16.428894,
-9.182893 -1.701286 15.945503,
-8.733199 -1.852960 16.135933,
-9.273808 -1.235619 15.754761,
-9.182893 -1.701286 15.945503,
-9.438764 -1.626883 16.428894,
-9.779565 -0.807934 16.137825,
-9.409026 -0.784219 15.307190,
-9.273808 -1.235619 15.754761,
-9.438764 -1.626883 16.428894,
-9.779565 -0.807934 16.137825,
-9.273808 -1.235619 15.754761,
-9.814168 -1.019696 16.917801,
-9.779565 -0.807934 16.137825,
-9.438764 -1.626883 16.428894,
-9.297196 -1.610047 17.282310,
-9.814168 -1.019696 16.917801,
-9.438764 -1.626883 16.428894,
-8.721982 -2.015625 16.883499,
-9.297196 -1.610047 17.282310,
-9.438764 -1.626883 16.428894,
-8.733199 -1.852960 16.135933,
-8.721982 -2.015625 16.883499,
-9.438764 -1.626883 16.428894,
-8.186088 -2.423258 16.236809,
-8.721982 -2.015625 16.883499,
-8.733199 -1.852960 16.135933,
-8.044520 -2.406423 17.090225,
-8.721982 -2.015625 16.883499,
-8.186088 -2.423258 16.236809,
-7.389811 -2.560957 16.546051,
-8.044520 -2.406423 17.090225,
-8.186088 -2.423258 16.236809,
-7.219130 -2.747400 17.428970,
-8.044520 -2.406423 17.090225,
-7.389811 -2.560957 16.546051,
-6.538491 -2.708174 16.876678,
-7.219130 -2.747400 17.428970,
-7.389811 -2.560957 16.546051,
-6.396924 -2.691338 17.730087,
-7.219130 -2.747400 17.428970,
-6.538491 -2.708174 16.876678,
-5.742213 -2.845872 17.185913,
-6.396924 -2.691338 17.730087,
-6.538491 -2.708174 16.876678,
-5.692101 -2.734432 18.155449,
-6.396924 -2.691338 17.730087,
-5.742213 -2.845872 17.185913,
-5.139966 -2.805539 17.366684,
-5.692101 -2.734432 18.155449,
-5.742213 -2.845872 17.185913,
-4.993157 -2.510286 18.238800,
-5.692101 -2.734432 18.155449,
-5.139966 -2.805539 17.366684,
-4.375939 -2.649340 17.723221,
-4.993157 -2.510286 18.238800,
-5.139966 -2.805539 17.366684,
-4.485257 -2.960074 16.822517,
-4.375939 -2.649340 17.723221,
-5.139966 -2.805539 17.366684,
-3.828728 -2.583243 17.192535,
-4.375939 -2.649340 17.723221,
-4.485257 -2.960074 16.822517,
-3.879662 -2.819990 16.719299,
-3.828728 -2.583243 17.192535,
-4.485257 -2.960074 16.822517,
-3.450862 -2.524578 17.943329,
-4.375939 -2.649340 17.723221,
-3.828728 -2.583243 17.192535,
-3.315400 -2.582427 17.330704,
-3.450862 -2.524578 17.943329,
-3.828728 -2.583243 17.192535,
-4.105572 -2.370043 18.487503,
-4.375939 -2.649340 17.723221,
-3.450862 -2.524578 17.943329,
-3.334141 -2.002494 18.623367,
-4.105572 -2.370043 18.487503,
-3.450862 -2.524578 17.943329,
-3.926816 -1.939234 19.359550,
-4.105572 -2.370043 18.487503,
-3.334141 -2.002494 18.623367,
-3.201897 -1.410993 19.393814,
-3.926816 -1.939234 19.359550,
-3.334141 -2.002494 18.623367,
-2.634785 -1.386638 18.654152,
-3.201897 -1.410993 19.393814,
-3.334141 -2.002494 18.623367,
-2.528931 -0.889346 19.292587,
-3.201897 -1.410993 19.393814,
-2.634785 -1.386638 18.654152,
-1.948125 -0.756283 18.675987,
-2.528931 -0.889346 19.292587,
-2.634785 -1.386638 18.654152,
-3.085179 -0.888908 20.073853,
-3.201897 -1.410993 19.393814,
-2.528931 -0.889346 19.292587,
-3.856610 -1.256458 19.937988,
-3.201897 -1.410993 19.393814,
-3.085179 -0.888908 20.073853,
-3.632392 -0.955007 20.604538,
-3.856610 -1.256458 19.937988,
-3.085179 -0.888908 20.073853,
-2.889773 -0.512898 20.552422,
-3.632392 -0.955007 20.604538,
-3.085179 -0.888908 20.073853,
-4.413908 -1.456809 20.692566,
-3.856610 -1.256458 19.937988,
-3.632392 -0.955007 20.604538,
-4.730612 -1.672878 19.784065,
-3.856610 -1.256458 19.937988,
-4.413908 -1.456809 20.692566,
-5.396151 -1.267090 20.584511,
-4.730612 -1.672878 19.784065,
-4.413908 -1.456809 20.692566,
-4.588593 -0.857495 20.936424,
-5.396151 -1.267090 20.584511,
-4.413908 -1.456809 20.692566,
-3.632392 -0.955007 20.604538,
-4.588593 -0.857495 20.936424,
-4.413908 -1.456809 20.692566,
-3.841920 -0.348326 20.877396,
-4.588593 -0.857495 20.936424,
-3.632392 -0.955007 20.604538,
-2.889773 -0.512898 20.552422,
-3.841920 -0.348326 20.877396,
-3.632392 -0.955007 20.604538,
-2.934397 0.075557 20.851082,
-3.841920 -0.348326 20.877396,
-2.889773 -0.512898 20.552422,
-3.794631 0.479588 21.124294,
-3.841920 -0.348326 20.877396,
-2.934397 0.075557 20.851082,
-3.544354 1.084916 21.303009,
-3.794631 0.479588 21.124294,
-2.934397 0.075557 20.851082,
-4.441247 0.783381 21.729836,
-3.794631 0.479588 21.124294,
-3.544354 1.084916 21.303009,
-4.273781 1.537462 21.785828,
-4.441247 0.783381 21.729836,
-3.544354 1.084916 21.303009,
-3.644711 1.969697 21.732044,
-4.273781 1.537462 21.785828,
-3.544354 1.084916 21.303009,
-4.494986 2.148505 22.033978,
-4.273781 1.537462 21.785828,
-3.644711 1.969697 21.732044,
-3.847464 2.969184 22.149033,
-4.494986 2.148505 22.033978,
-3.644711 1.969697 21.732044,
-2.787118 2.295078 21.986435,
-3.847464 2.969184 22.149033,
-3.644711 1.969697 21.732044,
-2.717870 3.507378 22.347973,
-3.847464 2.969184 22.149033,
-2.787118 2.295078 21.986435,
-1.865979 2.927994 21.907684,
-2.717870 3.507378 22.347973,
-2.787118 2.295078 21.986435,
-1.716391 4.030338 21.774593,
-2.717870 3.507378 22.347973,
-1.865979 2.927994 21.907684,
-1.166691 3.141247 21.058689,
-1.716391 4.030338 21.774593,
-1.865979 2.927994 21.907684,
-1.225560 4.338312 20.647903,
-1.716391 4.030338 21.774593,
-1.166691 3.141247 21.058689,
-1.030923 3.451945 19.990845,
-1.225560 4.338312 20.647903,
-1.166691 3.141247 21.058689,
-1.287457 4.341931 19.483223,
-1.225560 4.338312 20.647903,
-1.030923 3.451945 19.990845,
-1.279612 3.338379 18.978996,
-1.287457 4.341931 19.483223,
-1.030923 3.451945 19.990845,
-1.284905 4.572975 18.717880,
-1.287457 4.341931 19.483223,
-1.279612 3.338379 18.978996,
-1.186894 3.550565 18.249741,
-1.284905 4.572975 18.717880,
-1.279612 3.338379 18.978996,
-1.189278 4.708548 18.001450,
-1.284905 4.572975 18.717880,
-1.186894 3.550565 18.249741,
-1.920437 5.156748 19.097916,
-1.287457 4.341931 19.483223,
-1.284905 4.572975 18.717880,
-2.040211 5.688371 18.829712,
-1.920437 5.156748 19.097916,
-1.284905 4.572975 18.717880,
-1.706254 5.298898 17.636948,
-2.040211 5.688371 18.829712,
-1.284905 4.572975 18.717880,
-1.189278 4.708548 18.001450,
-1.706254 5.298898 17.636948,
-1.284905 4.572975 18.717880,
-2.051429 5.851036 18.082146,
-2.040211 5.688371 18.829712,
-1.706254 5.298898 17.636948,
-2.016528 6.067555 17.282761,
-2.051429 5.851036 18.082146,
-1.706254 5.298898 17.636948,
-2.391934 6.674742 17.771667,
-2.051429 5.851036 18.082146,
-2.016528 6.067555 17.282761,
-2.533501 6.657906 16.918251,
-2.391934 6.674742 17.771667,
-2.016528 6.067555 17.282761,
-3.122445 7.074070 17.327003,
-2.391934 6.674742 17.771667,
-2.533501 6.657906 16.918251,
-3.249783 7.061510 16.548645,
-3.122445 7.074070 17.327003,
-2.533501 6.657906 16.918251,
-3.816975 7.473862 17.115067,
-3.122445 7.074070 17.327003,
-3.249783 7.061510 16.548645,
-3.848035 7.810280 16.299194,
-3.816975 7.473862 17.115067,
-3.249783 7.061510 16.548645,
-3.380563 7.043373 15.770973,
-3.848035 7.810280 16.299194,
-3.249783 7.061510 16.548645,
-3.985600 7.459249 15.555534,
-3.848035 7.810280 16.299194,
-3.380563 7.043373 15.770973,
-4.688015 8.142530 15.971382,
-3.848035 7.810280 16.299194,
-3.985600 7.459249 15.555534,
-4.482899 7.791062 16.911667,
-3.848035 7.810280 16.299194,
-4.688015 8.142530 15.971382,
-5.321599 8.292080 16.497993,
-4.482899 7.791062 16.911667,
-4.688015 8.142530 15.971382,
-5.458596 7.970040 15.758949,
-5.321599 8.292080 16.497993,
-4.688015 8.142530 15.971382,
-6.093029 7.924532 16.362129,
-5.321599 8.292080 16.497993,
-5.458596 7.970040 15.758949,
-6.234597 7.907696 15.508720,
-6.093029 7.924532 16.362129,
-5.458596 7.970040 15.758949,
-5.935507 7.919497 17.176224,
-5.321599 8.292080 16.497993,
-6.093029 7.924532 16.362129,
-6.610661 7.802774 16.865097,
-5.935507 7.919497 17.176224,
-6.093029 7.924532 16.362129,
-7.299443 7.719840 16.542374,
-6.610661 7.802774 16.865097,
-6.093029 7.924532 16.362129,
-7.401635 7.615841 17.291252,
-6.610661 7.802774 16.865097,
-7.299443 7.719840 16.542374,
-8.193997 7.476112 17.208542,
-7.401635 7.615841 17.291252,
-7.299443 7.719840 16.542374,
-7.859995 7.455322 16.225876,
-8.193997 7.476112 17.208542,
-7.299443 7.719840 16.542374,
-7.433291 7.703922 15.735497,
-7.859995 7.455322 16.225876,
-7.299443 7.719840 16.542374,
-8.162660 7.356415 15.607040,
-7.859995 7.455322 16.225876,
-7.433291 7.703922 15.735497,
-8.683480 7.051321 15.581322,
-7.859995 7.455322 16.225876,
-8.162660 7.356415 15.607040,
-8.386876 7.054962 14.940491,
-8.683480 7.051321 15.581322,
-8.162660 7.356415 15.607040,
-8.924388 6.739897 14.876526,
-8.683480 7.051321 15.581322,
-8.386876 7.054962 14.940491,
-9.242900 6.539548 15.684212,
-8.683480 7.051321 15.581322,
-8.924388 6.739897 14.876526,
-9.376311 6.007492 14.965935,
-9.242900 6.539548 15.684212,
-8.924388 6.739897 14.876526,
-10.031020 6.162027 15.510109,
-9.242900 6.539548 15.684212,
-9.376311 6.007492 14.965935,
-10.127120 5.300364 14.947906,
-10.031020 6.162027 15.510109,
-9.376311 6.007492 14.965935,
-10.555884 5.489542 16.123108,
-10.031020 6.162027 15.510109,
-10.127120 5.300364 14.947906,
-10.697169 5.096697 15.740005,
-10.555884 5.489542 16.123108,
-10.127120 5.300364 14.947906,
-10.579043 4.567958 15.037315,
-10.697169 5.096697 15.740005,
-10.127120 5.300364 14.947906,
-10.999097 4.304398 16.001534,
-10.697169 5.096697 15.740005,
-10.579043 4.567958 15.037315,
-10.861203 3.601018 15.259720,
-10.999097 4.304398 16.001534,
-10.579043 4.567958 15.037315,
-11.193509 3.378311 16.070145,
-10.999097 4.304398 16.001534,
-10.861203 3.601018 15.259720,
-11.094985 2.625711 15.500916,
-11.193509 3.378311 16.070145,
-10.861203 3.601018 15.259720,
-11.403634 2.462288 16.199875,
-11.193509 3.378311 16.070145,
-11.094985 2.625711 15.500916,
-11.054782 1.808204 15.781448,
-11.403634 2.462288 16.199875,
-11.094985 2.625711 15.500916,
-10.864030 1.965639 14.878593,
-11.054782 1.808204 15.781448,
-11.094985 2.625711 15.500916,
-10.584350 1.047318 15.168785,
-11.054782 1.808204 15.781448,
-10.864030 1.965639 14.878593,
-10.249146 1.257641 14.399338,
-10.584350 1.047318 15.168785,
-10.864030 1.965639 14.878593,
-10.208943 0.440134 14.679871,
-10.584350 1.047318 15.168785,
-10.249146 1.257641 14.399338,
-10.611028 0.131356 15.491531,
-10.584350 1.047318 15.168785,
-10.208943 0.440134 14.679871,
-9.925998 -0.193871 14.942680,
-10.611028 0.131356 15.491531,
-10.208943 0.440134 14.679871,
-9.914781 -0.356535 15.690247,
-10.611028 0.131356 15.491531,
-9.925998 -0.193871 14.942680,
-10.114064 -0.268085 16.572632,
-10.611028 0.131356 15.491531,
-9.914781 -0.356535 15.690247,
-10.729108 0.914921 16.181480,
-10.611028 0.131356 15.491531,
-10.114064 -0.268085 16.572632,
-10.619821 0.159599 16.955688,
-10.729108 0.914921 16.181480,
-10.114064 -0.268085 16.572632,
-10.215524 -0.370538 17.440514,
-10.619821 0.159599 16.955688,
-10.114064 -0.268085 16.572632,
-10.552512 0.216370 17.607132,
-10.619821 0.159599 16.955688,
-10.215524 -0.370538 17.440514,
-10.312295 0.101436 18.266441,
-10.552512 0.216370 17.607132,
-10.215524 -0.370538 17.440514,
-10.055881 -0.420376 18.482529,
-10.312295 0.101436 18.266441,
-10.215524 -0.370538 17.440514,
-9.858975 -1.069145 17.833763,
-10.055881 -0.420376 18.482529,
-10.215524 -0.370538 17.440514,
-9.702889 -0.823469 18.731415,
-10.055881 -0.420376 18.482529,
-9.858975 -1.069145 17.833763,
-9.145843 -1.592047 18.194717,
-9.702889 -0.823469 18.731415,
-9.858975 -1.069145 17.833763,
-9.279500 -1.077952 18.994637,
-9.702889 -0.823469 18.731415,
-9.145843 -1.592047 18.194717,
-8.647944 -1.443665 19.187141,
-9.279500 -1.077952 18.994637,
-9.145843 -1.592047 18.194717,
-8.470124 -1.985673 18.401787,
-8.647944 -1.443665 19.187141,
-9.145843 -1.592047 18.194717,
-8.596383 -2.001182 17.642708,
-8.470124 -1.985673 18.401787,
-9.145843 -1.592047 18.194717,
-7.893166 -2.388422 18.002632,
-8.470124 -1.985673 18.401787,
-8.596383 -2.001182 17.642708,
-7.751601 -2.371586 18.856041,
-8.470124 -1.985673 18.401787,
-7.893166 -2.388422 18.002632,
-7.096890 -2.526121 18.311874,
-7.751601 -2.371586 18.856041,
-7.893166 -2.388422 18.002632,
-6.841164 -2.267366 19.034416,
-7.751601 -2.371586 18.856041,
-7.096890 -2.526121 18.311874,
-6.258744 -2.405425 18.550560,
-6.841164 -2.267366 19.034416,
-7.096890 -2.526121 18.311874,
-6.120778 -2.115167 19.369537,
-6.841164 -2.267366 19.034416,
-6.258744 -2.405425 18.550560,
-5.462468 -2.543124 18.859802,
-6.120778 -2.115167 19.369537,
-6.258744 -2.405425 18.550560,
-5.549000 -1.831222 19.688431,
-6.120778 -2.115167 19.369537,
-5.462468 -2.543124 18.859802,
-4.847332 -2.194962 19.104027,
-5.549000 -1.831222 19.688431,
-5.462468 -2.543124 18.859802,
-6.203618 -1.584215 20.080627,
-6.120778 -2.115167 19.369537,
-5.549000 -1.831222 19.688431,
-7.075156 -1.715644 19.797958,
-6.120778 -2.115167 19.369537,
-6.203618 -1.584215 20.080627,
-6.841164 -2.267366 19.034416,
-6.120778 -2.115167 19.369537,
-7.075156 -1.715644 19.797958,
-7.407807 -1.938359 19.429520,
-6.841164 -2.267366 19.034416,
-7.075156 -1.715644 19.797958,
-7.641800 -1.386636 20.193062,
-7.407807 -1.938359 19.429520,
-7.075156 -1.715644 19.797958,
-7.950108 -1.867836 19.383698,
-7.407807 -1.938359 19.429520,
-7.641800 -1.386636 20.193062,
-8.418313 -1.252357 19.891495,
-7.950108 -1.867836 19.383698,
-7.641800 -1.386636 20.193062,
-8.118960 -0.916379 20.450699,
-8.418313 -1.252357 19.891495,
-7.641800 -1.386636 20.193062,
-7.527977 -0.877512 20.856209,
-8.118960 -0.916379 20.450699,
-7.641800 -1.386636 20.193062,
-8.234141 -0.428576 20.964493,
-8.118960 -0.916379 20.450699,
-7.527977 -0.877512 20.856209,
-8.784398 -0.660242 20.368271,
-8.118960 -0.916379 20.450699,
-8.234141 -0.428576 20.964493,
-8.418313 -1.252357 19.891495,
-8.118960 -0.916379 20.450699,
-8.784398 -0.660242 20.368271,
-7.751601 -2.371586 18.856041,
-6.841164 -2.267366 19.034416,
-7.407807 -1.938359 19.429520,
-7.950108 -1.867836 19.383698,
-7.751601 -2.371586 18.856041,
-7.407807 -1.938359 19.429520,
-8.470124 -1.985673 18.401787,
-7.751601 -2.371586 18.856041,
-7.950108 -1.867836 19.383698,
-8.647944 -1.443665 19.187141,
-8.470124 -1.985673 18.401787,
-7.950108 -1.867836 19.383698,
-8.418313 -1.252357 19.891495,
-8.647944 -1.443665 19.187141,
-7.950108 -1.867836 19.383698,
-9.279500 -1.077952 18.994637,
-8.647944 -1.443665 19.187141,
-8.418313 -1.252357 19.891495,
-9.389436 -0.244365 20.152824,
-9.279500 -1.077952 18.994637,
-8.418313 -1.252357 19.891495,
-8.784398 -0.660242 20.368271,
-9.389436 -0.244365 20.152824,
-8.418313 -1.252357 19.891495,
-9.466466 0.372104 20.581421,
-9.389436 -0.244365 20.152824,
-8.784398 -0.660242 20.368271,
-9.813066 0.248076 19.847473,
-9.389436 -0.244365 20.152824,
-9.466466 0.372104 20.581421,
-9.982289 0.961142 20.217728,
-9.813066 0.248076 19.847473,
-9.466466 0.372104 20.581421,
-9.538547 1.192029 20.986969,
-9.982289 0.961142 20.217728,
-9.466466 0.372104 20.581421,
-8.902202 0.609668 21.192825,
-9.538547 1.192029 20.986969,
-9.466466 0.372104 20.581421,
-8.855016 1.435741 21.439175,
-9.538547 1.192029 20.986969,
-8.902202 0.609668 21.192825,
-8.233129 0.913253 21.559406,
-8.855016 1.435741 21.439175,
-8.902202 0.609668 21.192825,
-8.274915 0.224864 21.360462,
-8.233129 0.913253 21.559406,
-8.902202 0.609668 21.192825,
-7.616663 0.387362 21.692078,
-8.233129 0.913253 21.559406,
-8.274915 0.224864 21.360462,
-7.569478 1.213436 21.938431,
-8.233129 0.913253 21.559406,
-7.616663 0.387362 21.692078,
-6.869111 0.730409 22.023674,
-7.569478 1.213436 21.938431,
-7.616663 0.387362 21.692078,
-6.892523 -0.073002 21.581036,
-6.869111 0.730409 22.023674,
-7.616663 0.387362 21.692078,
-6.844611 -0.684436 21.141136,
-6.892523 -0.073002 21.581036,
-7.616663 0.387362 21.692078,
-6.205538 -0.375766 21.248497,
-6.892523 -0.073002 21.581036,
-6.844611 -0.684436 21.141136,
-6.286456 -1.053265 20.791725,
-6.205538 -0.375766 21.248497,
-6.844611 -0.684436 21.141136,
-5.312729 -0.397132 21.047462,
-6.205538 -0.375766 21.248497,
-6.286456 -1.053265 20.791725,
-6.122807 0.293731 21.716599,
-6.205538 -0.375766 21.248497,
-5.312729 -0.397132 21.047462,
-5.200295 0.345022 21.691422,
-6.122807 0.293731 21.716599,
-5.312729 -0.397132 21.047462,
-4.423703 0.047352 21.178078,
-5.200295 0.345022 21.691422,
-5.312729 -0.397132 21.047462,
-6.075514 1.121642 21.963501,
-6.122807 0.293731 21.716599,
-5.200295 0.345022 21.691422,
-5.131136 1.555771 22.052490,
-6.075514 1.121642 21.963501,
-5.200295 0.345022 21.691422,
-5.829121 2.178901 22.313782,
-6.075514 1.121642 21.963501,
-5.131136 1.555771 22.052490,
-5.145186 2.536045 21.922203,
-5.829121 2.178901 22.313782,
-5.131136 1.555771 22.052490,
-5.989130 3.068501 22.018257,
-5.829121 2.178901 22.313782,
-5.145186 2.536045 21.922203,
-5.138478 3.474311 21.979065,
-5.989130 3.068501 22.018257,
-5.145186 2.536045 21.922203,
-5.867899 3.823590 22.042343,
-5.989130 3.068501 22.018257,
-5.138478 3.474311 21.979065,
-5.178681 4.291819 21.698524,
-5.867899 3.823590 22.042343,
-5.138478 3.474311 21.979065,
-4.528481 3.904278 21.810303,
-5.178681 4.291819 21.698524,
-5.138478 3.474311 21.979065,
-5.292572 4.866131 21.672550,
-5.178681 4.291819 21.698524,
-4.528481 3.904278 21.810303,
-4.738989 5.043772 21.175125,
-5.292572 4.866131 21.672550,
-4.528481 3.904278 21.810303,
-5.287617 5.432357 20.928307,
-5.292572 4.866131 21.672550,
-4.738989 5.043772 21.175125,
-4.677620 5.862325 20.759537,
-5.287617 5.432357 20.928307,
-4.738989 5.043772 21.175125,
-3.929948 5.631061 20.768143,
-4.677620 5.862325 20.759537,
-4.738989 5.043772 21.175125,
-3.942712 4.906074 21.484367,
-3.929948 5.631061 20.768143,
-4.738989 5.043772 21.175125,
-4.528481 3.904278 21.810303,
-3.942712 4.906074 21.484367,
-4.738989 5.043772 21.175125,
-3.669949 4.074849 22.184303,
-3.942712 4.906074 21.484367,
-4.528481 3.904278 21.810303,
-2.776738 4.704444 21.937187,
-3.942712 4.906074 21.484367,
-3.669949 4.074849 22.184303,
-2.941235 5.429034 20.910988,
-3.942712 4.906074 21.484367,
-2.776738 4.704444 21.937187,
-1.966130 4.964563 21.208813,
-2.941235 5.429034 20.910988,
-2.776738 4.704444 21.937187,
-1.982554 5.202750 20.114166,
-2.941235 5.429034 20.910988,
-1.966130 4.964563 21.208813,
-2.749245 5.715911 20.053261,
-2.941235 5.429034 20.910988,
-1.982554 5.202750 20.114166,
-3.580149 6.051849 20.109650,
-2.941235 5.429034 20.910988,
-2.749245 5.715911 20.053261,
-3.205081 6.413172 19.528221,
-3.580149 6.051849 20.109650,
-2.749245 5.715911 20.053261,
-2.550370 6.258636 18.984055,
-3.205081 6.413172 19.528221,
-2.749245 5.715911 20.053261,
-3.216296 6.575838 18.780655,
-3.205081 6.413172 19.528221,
-2.550370 6.258636 18.984055,
-2.557185 6.278721 18.465210,
-3.216296 6.575838 18.780655,
-2.550370 6.258636 18.984055,
-2.662711 6.753479 18.283234,
-3.216296 6.575838 18.780655,
-2.557185 6.278721 18.465210,
-3.111228 6.911406 18.074562,
-3.216296 6.575838 18.780655,
-2.662711 6.753479 18.283234,
-3.386849 7.213842 18.394272,
-3.216296 6.575838 18.780655,
-3.111228 6.911406 18.074562,
-3.675408 7.490697 17.968475,
-3.386849 7.213842 18.394272,
-3.111228 6.911406 18.074562,
-3.812888 7.077021 18.657761,
-3.386849 7.213842 18.394272,
-3.675408 7.490697 17.968475,
-3.216296 6.575838 18.780655,
-3.386849 7.213842 18.394272,
-3.812888 7.077021 18.657761,
-3.722050 7.003521 19.163719,
-3.216296 6.575838 18.780655,
-3.812888 7.077021 18.657761,
-4.269528 7.117920 19.332253,
-3.722050 7.003521 19.163719,
-3.812888 7.077021 18.657761,
-3.692490 6.546692 19.408829,
-3.722050 7.003521 19.163719,
-4.269528 7.117920 19.332253,
-3.216296 6.575838 18.780655,
-3.722050 7.003521 19.163719,
-3.692490 6.546692 19.408829,
-3.205081 6.413172 19.528221,
-3.216296 6.575838 18.780655,
-3.692490 6.546692 19.408829,
-3.692490 6.546692 19.408829,
-3.580149 6.051849 20.109650,
-3.205081 6.413172 19.528221,
-4.246075 6.369052 19.906258,
-3.580149 6.051849 20.109650,
-3.692490 6.546692 19.408829,
-4.269528 7.117920 19.332253,
-4.246075 6.369052 19.906258,
-3.692490 6.546692 19.408829,
-4.953463 6.760777 19.723831,
-4.246075 6.369052 19.906258,
-4.269528 7.117920 19.332253,
-5.065804 7.255617 19.023010,
-4.953463 6.760777 19.723831,
-4.269528 7.117920 19.332253,
-4.478812 7.394221 18.454361,
-5.065804 7.255617 19.023010,
-4.269528 7.117920 19.332253,
-3.812888 7.077021 18.657761,
-4.478812 7.394221 18.454361,
-4.269528 7.117920 19.332253,
-3.675408 7.490697 17.968475,
-4.478812 7.394221 18.454361,
-3.812888 7.077021 18.657761,
-4.471684 7.628395 17.659233,
-4.478812 7.394221 18.454361,
-3.675408 7.490697 17.968475,
-5.204556 7.522908 18.173386,
-4.478812 7.394221 18.454361,
-4.471684 7.628395 17.659233,
-5.152777 8.118246 17.383644,
-5.204556 7.522908 18.173386,
-4.471684 7.628395 17.659233,
-5.930663 7.645287 17.890518,
-5.204556 7.522908 18.173386,
-5.152777 8.118246 17.383644,
-5.938056 7.406456 18.684258,
-5.204556 7.522908 18.173386,
-5.930663 7.645287 17.890518,
-6.734334 7.544153 18.375015,
-5.938056 7.406456 18.684258,
-5.930663 7.645287 17.890518,
-6.619442 7.562353 17.567795,
-6.734334 7.544153 18.375015,
-5.930663 7.645287 17.890518,
-7.396790 7.341629 18.005547,
-6.734334 7.544153 18.375015,
-6.619442 7.562353 17.567795,
-7.404234 7.092684 18.829018,
-6.734334 7.544153 18.375015,
-7.396790 7.341629 18.005547,
-8.200513 7.230381 18.519775,
-7.404234 7.092684 18.829018,
-7.396790 7.341629 18.005547,
-8.085572 7.258696 17.682823,
-8.200513 7.230381 18.519775,
-7.396790 7.341629 18.005547,
-8.529199 7.265791 17.977989,
-8.200513 7.230381 18.519775,
-8.085572 7.258696 17.682823,
-8.753415 6.964339 17.311440,
-8.529199 7.265791 17.977989,
-8.085572 7.258696 17.682823,
-8.846486 6.861355 18.118477,
-8.529199 7.265791 17.977989,
-8.753415 6.964339 17.311440,
-9.300630 6.898241 17.842125,
-8.846486 6.861355 18.118477,
-8.753415 6.964339 17.311440,
-9.474257 6.597055 17.438255,
-9.300630 6.898241 17.842125,
-8.753415 6.964339 17.311440,
-9.442197 6.881405 16.988716,
-9.474257 6.597055 17.438255,
-8.753415 6.964339 17.311440,
-9.619367 6.554366 18.269890,
-9.300630 6.898241 17.842125,
-9.474257 6.597055 17.438255,
-10.033677 6.085280 17.541145,
-9.619367 6.554366 18.269890,
-9.474257 6.597055 17.438255,
-9.442197 6.881405 16.988716,
-10.033677 6.085280 17.541145,
-9.474257 6.597055 17.438255,
-10.071290 5.821960 18.359306,
-9.619367 6.554366 18.269890,
-10.033677 6.085280 17.541145,
-10.458184 5.804140 17.890846,
-10.071290 5.821960 18.359306,
-10.033677 6.085280 17.541145,
-10.779965 5.564713 17.239258,
-10.458184 5.804140 17.890846,
-10.033677 6.085280 17.541145,
-10.331668 5.790995 16.789658,
-10.779965 5.564713 17.239258,
-10.033677 6.085280 17.541145,
-10.667626 5.069871 17.940079,
-10.458184 5.804140 17.890846,
-10.779965 5.564713 17.239258,
-10.979325 4.760396 17.393707,
-10.667626 5.069871 17.940079,
-10.779965 5.564713 17.239258,
-10.882375 4.826480 16.681564,
-10.979325 4.760396 17.393707,
-10.779965 5.564713 17.239258,
-10.331668 5.790995 16.789658,
-10.882375 4.826480 16.681564,
-10.779965 5.564713 17.239258,
-11.211238 4.110974 16.616272,
-10.979325 4.760396 17.393707,
-10.882375 4.826480 16.681564,
-11.311158 3.396138 17.490524,
-10.979325 4.760396 17.393707,
-11.211238 4.110974 16.616272,
-11.252336 3.387224 16.780334,
-11.311158 3.396138 17.490524,
-11.211238 4.110974 16.616272,
-11.236875 2.162517 17.143799,
-11.311158 3.396138 17.490524,
-11.252336 3.387224 16.780334,
-11.195710 3.218464 18.064194,
-11.311158 3.396138 17.490524,
-11.236875 2.162517 17.143799,
-11.214236 3.829667 18.055214,
-11.311158 3.396138 17.490524,
-11.195710 3.218464 18.064194,
-11.120950 3.418759 18.637161,
-11.214236 3.829667 18.055214,
-11.195710 3.218464 18.064194,
-11.160220 2.731275 18.432137,
-11.120950 3.418759 18.637161,
-11.195710 3.218464 18.064194,
-11.214236 3.829667 18.055214,
-10.979325 4.760396 17.393707,
-11.311158 3.396138 17.490524,
-11.004796 4.563936 18.005989,
-10.979325 4.760396 17.393707,
-11.214236 3.829667 18.055214,
-10.784320 4.783587 18.569260,
-11.004796 4.563936 18.005989,
-11.214236 3.829667 18.055214,
-10.667626 5.069871 17.940079,
-10.979325 4.760396 17.393707,
-11.004796 4.563936 18.005989,
-10.784320 4.783587 18.569260,
-10.667626 5.069871 17.940079,
-11.004796 4.563936 18.005989,
-10.399587 5.407103 18.493141,
-10.667626 5.069871 17.940079,
-10.784320 4.783587 18.569260,
-10.403266 5.068304 19.263359,
-10.399587 5.407103 18.493141,
-10.784320 4.783587 18.569260,
-10.671981 4.288746 19.270081,
-10.403266 5.068304 19.263359,
-10.784320 4.783587 18.569260,
-10.799172 3.658186 19.288750,
-10.671981 4.288746 19.270081,
-10.784320 4.783587 18.569260,
-11.214236 3.829667 18.055214,
-10.799172 3.658186 19.288750,
-10.784320 4.783587 18.569260,
-11.120950 3.418759 18.637161,
-10.799172 3.658186 19.288750,
-11.214236 3.829667 18.055214,
-10.384370 3.822161 19.707138,
-10.671981 4.288746 19.270081,
-10.799172 3.658186 19.288750,
-10.616605 3.162652 19.656509,
-10.384370 3.822161 19.707138,
-10.799172 3.658186 19.288750,
-11.120950 3.418759 18.637161,
-10.616605 3.162652 19.656509,
-10.799172 3.658186 19.288750,
-10.197621 3.156581 20.174294,
-10.384370 3.822161 19.707138,
-10.616605 3.162652 19.656509,
-10.330483 2.487829 20.105698,
-10.197621 3.156581 20.174294,
-10.616605 3.162652 19.656509,
-10.663896 2.334739 19.409607,
-10.330483 2.487829 20.105698,
-10.616605 3.162652 19.656509,
-9.680650 2.566232 20.538795,
-10.197621 3.156581 20.174294,
-10.330483 2.487829 20.105698,
-9.934999 1.789056 20.464630,
-9.680650 2.566232 20.538795,
-10.330483 2.487829 20.105698,
-10.663896 2.334739 19.409607,
-9.934999 1.789056 20.464630,
-10.330483 2.487829 20.105698,
-9.371987 2.026090 21.074673,
-9.680650 2.566232 20.538795,
-9.934999 1.789056 20.464630,
-9.217568 2.764477 21.050133,
-9.680650 2.566232 20.538795,
-9.371987 2.026090 21.074673,
-8.579366 2.929218 21.438721,
-9.217568 2.764477 21.050133,
-9.371987 2.026090 21.074673,
-9.096337 3.519567 21.074219,
-9.217568 2.764477 21.050133,
-8.579366 2.929218 21.438721,
-9.633359 3.394145 20.785698,
-9.217568 2.764477 21.050133,
-9.096337 3.519567 21.074219,
-9.363816 4.158538 20.541092,
-9.633359 3.394145 20.785698,
-9.096337 3.519567 21.074219,
-9.042039 4.397965 21.192688,
-9.363816 4.158538 20.541092,
-9.096337 3.519567 21.074219,
-8.508519 4.988458 20.715820,
-9.363816 4.158538 20.541092,
-9.042039 4.397965 21.192688,
-8.280457 4.347905 21.454811,
-8.508519 4.988458 20.715820,
-9.042039 4.397965 21.192688,
-9.096337 3.519567 21.074219,
-8.280457 4.347905 21.454811,
-9.042039 4.397965 21.192688,
-7.893681 3.027502 21.626854,
-8.280457 4.347905 21.454811,
-9.096337 3.519567 21.074219,
-8.579366 2.929218 21.438721,
-7.893681 3.027502 21.626854,
-9.096337 3.519567 21.074219,
-8.075225 2.353521 21.794182,
-7.893681 3.027502 21.626854,
-8.579366 2.929218 21.438721,
-7.322943 2.711947 21.926670,
-7.893681 3.027502 21.626854,
-8.075225 2.353521 21.794182,
-7.448748 3.909045 21.526207,
-7.893681 3.027502 21.626854,
-7.322943 2.711947 21.926670,
-6.639328 3.456042 21.906479,
-7.448748 3.909045 21.526207,
-7.322943 2.711947 21.926670,
-6.672745 2.324406 22.038445,
-6.639328 3.456042 21.906479,
-7.322943 2.711947 21.926670,
-6.798047 1.580984 22.074295,
-6.672745 2.324406 22.038445,
-7.322943 2.711947 21.926670,
-8.196456 1.598433 21.770092,
-6.798047 1.580984 22.074295,
-7.322943 2.711947 21.926670,
-8.075225 2.353521 21.794182,
-8.196456 1.598433 21.770092,
-7.322943 2.711947 21.926670,
-6.096289 1.731137 22.664619,
-6.672745 2.324406 22.038445,
-6.798047 1.580984 22.074295,
-6.810544 4.073785 21.914803,
-7.448748 3.909045 21.526207,
-6.639328 3.456042 21.906479,
-7.327517 4.664134 21.550297,
-7.448748 3.909045 21.526207,
-6.810544 4.073785 21.914803,
-6.694056 4.568918 21.524590,
-7.327517 4.664134 21.550297,
-6.810544 4.073785 21.914803,
-5.897780 4.431219 21.833832,
-6.694056 4.568918 21.524590,
-6.810544 4.073785 21.914803,
-6.084059 4.998885 21.355827,
-6.694056 4.568918 21.524590,
-5.897780 4.431219 21.833832,
-7.104840 5.456961 21.105061,
-6.694056 4.568918 21.524590,
-6.084059 4.998885 21.355827,
-6.180352 5.856870 20.897781,
-7.104840 5.456961 21.105061,
-6.084059 4.998885 21.355827,
-7.154711 5.997030 20.386726,
-7.104840 5.456961 21.105061,
-6.180352 5.856870 20.897781,
-6.535229 6.388683 20.278214,
-7.154711 5.997030 20.386726,
-6.180352 5.856870 20.897781,
-5.897027 6.553422 20.666801,
-6.535229 6.388683 20.278214,
-6.180352 5.856870 20.897781,
-5.327818 6.249865 20.647766,
-5.897027 6.553422 20.666801,
-6.180352 5.856870 20.897781,
-6.447211 7.104961 20.115776,
-6.535229 6.388683 20.278214,
-5.897027 6.553422 20.666801,
-5.776299 7.105112 19.459496,
-6.447211 7.104961 20.115776,
-5.897027 6.553422 20.666801,
-7.374932 6.710742 19.695892,
-6.535229 6.388683 20.278214,
-6.447211 7.104961 20.115776,
-6.621993 7.049311 19.075836,
-7.374932 6.710742 19.695892,
-6.447211 7.104961 20.115776,
-5.776299 7.105112 19.459496,
-6.621993 7.049311 19.075836,
-6.447211 7.104961 20.115776,
-7.154711 5.997030 20.386726,
-6.535229 6.388683 20.278214,
-7.374932 6.710742 19.695892,
-7.960473 6.173042 20.017227,
-7.154711 5.997030 20.386726,
-7.374932 6.710742 19.695892,
-8.088172 6.735540 19.220596,
-7.960473 6.173042 20.017227,
-7.374932 6.710742 19.695892,
-8.738570 6.124080 19.500252,
-7.960473 6.173042 20.017227,
-8.088172 6.735540 19.220596,
-8.841643 6.587144 18.832771,
-8.738570 6.124080 19.500252,
-8.088172 6.735540 19.220596,
-9.507028 6.059524 18.970711,
-8.738570 6.124080 19.500252,
-8.841643 6.587144 18.832771,
-9.422505 5.766936 19.891823,
-8.738570 6.124080 19.500252,
-9.507028 6.059524 18.970711,
-9.835324 5.644666 19.104546,
-9.422505 5.766936 19.891823,
-9.507028 6.059524 18.970711,
-9.739688 5.223394 19.701172,
-9.422505 5.766936 19.891823,
-9.835324 5.644666 19.104546,
-9.239003 5.220548 20.328033,
-9.422505 5.766936 19.891823,
-9.739688 5.223394 19.701172,
-8.629006 5.650515 20.159271,
-9.422505 5.766936 19.891823,
-9.239003 5.220548 20.328033,
-8.738570 6.124080 19.500252,
-9.422505 5.766936 19.891823,
-8.629006 5.650515 20.159271,
-7.960473 6.173042 20.017227,
-8.738570 6.124080 19.500252,
-8.629006 5.650515 20.159271,
-7.964310 5.324033 20.625610,
-7.960473 6.173042 20.017227,
-8.629006 5.650515 20.159271,
-7.154711 5.997030 20.386726,
-7.960473 6.173042 20.017227,
-7.964310 5.324033 20.625610,
-7.104840 5.456961 21.105061,
-7.154711 5.997030 20.386726,
-7.964310 5.324033 20.625610,
-7.778031 4.756368 21.103615,
-7.104840 5.456961 21.105061,
-7.964310 5.324033 20.625610,
-7.327517 4.664134 21.550297,
-6.694056 4.568918 21.524590,
-7.104840 5.456961 21.105061,
-7.778031 4.756368 21.103615,
-7.327517 4.664134 21.550297,
-7.104840 5.456961 21.105061,
-7.448748 3.909045 21.526207,
-7.327517 4.664134 21.550297,
-7.778031 4.756368 21.103615,
-7.448748 3.909045 21.526207,
-8.280457 4.347905 21.454811,
-7.893681 3.027502 21.626854,
-7.778031 4.756368 21.103615,
-8.280457 4.347905 21.454811,
-7.448748 3.909045 21.526207,
-8.508519 4.988458 20.715820,
-8.280457 4.347905 21.454811,
-7.778031 4.756368 21.103615,
-7.964310 5.324033 20.625610,
-8.508519 4.988458 20.715820,
-7.778031 4.756368 21.103615,
-8.629006 5.650515 20.159271,
-8.508519 4.988458 20.715820,
-7.964310 5.324033 20.625610,
-9.239003 5.220548 20.328033,
-8.508519 4.988458 20.715820,
-8.629006 5.650515 20.159271,
-9.363816 4.158538 20.541092,
-8.508519 4.988458 20.715820,
-9.239003 5.220548 20.328033,
-10.002019 3.993797 20.152504,
-9.633359 3.394145 20.785698,
-9.363816 4.158538 20.541092,
-10.191611 4.490988 19.790581,
-10.002019 3.993797 20.152504,
-9.363816 4.158538 20.541092,
-9.239003 5.220548 20.328033,
-10.191611 4.490988 19.790581,
-9.363816 4.158538 20.541092,
-9.739688 5.223394 19.701172,
-10.191611 4.490988 19.790581,
-9.239003 5.220548 20.328033,
-9.680650 2.566232 20.538795,
-9.217568 2.764477 21.050133,
-9.633359 3.394145 20.785698,
-10.197621 3.156581 20.174294,
-9.680650 2.566232 20.538795,
-9.633359 3.394145 20.785698,
-10.002019 3.993797 20.152504,
-10.197621 3.156581 20.174294,
-9.633359 3.394145 20.785698,
-10.384370 3.822161 19.707138,
-10.197621 3.156581 20.174294,
-10.002019 3.993797 20.152504,
-10.191611 4.490988 19.790581,
-10.384370 3.822161 19.707138,
-10.002019 3.993797 20.152504,
-10.671981 4.288746 19.270081,
-10.384370 3.822161 19.707138,
-10.191611 4.490988 19.790581,
-10.403266 5.068304 19.263359,
-10.671981 4.288746 19.270081,
-10.191611 4.490988 19.790581,
-9.739688 5.223394 19.701172,
-10.403266 5.068304 19.263359,
-10.191611 4.490988 19.790581,
-9.835324 5.644666 19.104546,
-10.403266 5.068304 19.263359,
-9.739688 5.223394 19.701172,
-10.399587 5.407103 18.493141,
-10.403266 5.068304 19.263359,
-9.835324 5.644666 19.104546,
-10.458184 5.804140 17.890846,
-10.667626 5.069871 17.940079,
-10.399587 5.407103 18.493141,
-10.071290 5.821960 18.359306,
-10.458184 5.804140 17.890846,
-10.399587 5.407103 18.493141,
-9.835324 5.644666 19.104546,
-10.071290 5.821960 18.359306,
-10.399587 5.407103 18.493141,
-9.507028 6.059524 18.970711,
-10.071290 5.821960 18.359306,
-9.835324 5.644666 19.104546,
-9.619367 6.554366 18.269890,
-10.071290 5.821960 18.359306,
-9.507028 6.059524 18.970711,
-8.841643 6.587144 18.832771,
-9.619367 6.554366 18.269890,
-9.507028 6.059524 18.970711,
-8.846486 6.861355 18.118477,
-9.300630 6.898241 17.842125,
-9.619367 6.554366 18.269890,
-8.841643 6.587144 18.832771,
-8.846486 6.861355 18.118477,
-9.619367 6.554366 18.269890,
-8.200513 7.230381 18.519775,
-8.529199 7.265791 17.977989,
-8.846486 6.861355 18.118477,
-8.841643 6.587144 18.832771,
-8.200513 7.230381 18.519775,
-8.846486 6.861355 18.118477,
-8.088172 6.735540 19.220596,
-8.200513 7.230381 18.519775,
-8.841643 6.587144 18.832771,
-7.404234 7.092684 18.829018,
-8.200513 7.230381 18.519775,
-8.088172 6.735540 19.220596,
-7.374932 6.710742 19.695892,
-7.404234 7.092684 18.829018,
-8.088172 6.735540 19.220596,
-6.621993 7.049311 19.075836,
-7.404234 7.092684 18.829018,
-7.374932 6.710742 19.695892,
-6.734334 7.544153 18.375015,
-7.404234 7.092684 18.829018,
-6.621993 7.049311 19.075836,
-5.938056 7.406456 18.684258,
-6.734334 7.544153 18.375015,
-6.621993 7.049311 19.075836,
-5.776299 7.105112 19.459496,
-5.938056 7.406456 18.684258,
-6.621993 7.049311 19.075836,
-5.065804 7.255617 19.023010,
-4.478812 7.394221 18.454361,
-5.204556 7.522908 18.173386,
-5.938056 7.406456 18.684258,
-5.065804 7.255617 19.023010,
-5.204556 7.522908 18.173386,
-5.776299 7.105112 19.459496,
-5.065804 7.255617 19.023010,
-5.938056 7.406456 18.684258,
-4.953463 6.760777 19.723831,
-5.065804 7.255617 19.023010,
-5.776299 7.105112 19.459496,
-5.608172 6.915310 20.267998,
-4.953463 6.760777 19.723831,
-5.776299 7.105112 19.459496,
-4.811896 6.777613 20.577240,
-4.953463 6.760777 19.723831,
-5.608172 6.915310 20.267998,
-4.246075 6.369052 19.906258,
-4.953463 6.760777 19.723831,
-4.811896 6.777613 20.577240,
-3.929948 5.631061 20.768143,
-3.942712 4.906074 21.484367,
-2.941235 5.429034 20.910988,
-3.580149 6.051849 20.109650,
-3.929948 5.631061 20.768143,
-2.941235 5.429034 20.910988,
-4.246075 6.369052 19.906258,
-3.929948 5.631061 20.768143,
-3.580149 6.051849 20.109650,
-4.677620 5.862325 20.759537,
-3.929948 5.631061 20.768143,
-4.246075 6.369052 19.906258,
-4.811896 6.777613 20.577240,
-4.677620 5.862325 20.759537,
-4.246075 6.369052 19.906258,
-6.892523 -0.073002 21.581036,
-6.205538 -0.375766 21.248497,
-6.122807 0.293731 21.716599,
-6.869111 0.730409 22.023674,
-6.892523 -0.073002 21.581036,
-6.122807 0.293731 21.716599,
-6.075514 1.121642 21.963501,
-6.869111 0.730409 22.023674,
-6.122807 0.293731 21.716599,
-10.247130 0.735068 19.548088,
-9.813066 0.248076 19.847473,
-9.982289 0.961142 20.217728,
-10.521619 1.323555 19.143402,
-10.247130 0.735068 19.548088,
-9.982289 0.961142 20.217728,
-10.170728 0.118272 19.119858,
-10.247130 0.735068 19.548088,
-10.521619 1.323555 19.143402,
-10.685433 0.821691 18.055847,
-10.170728 0.118272 19.119858,
-10.521619 1.323555 19.143402,
-11.191190 1.249375 18.438911,
-10.685433 0.821691 18.055847,
-10.521619 1.323555 19.143402,
-10.885732 2.142790 18.836830,
-11.191190 1.249375 18.438911,
-10.521619 1.323555 19.143402,
-11.207513 1.903363 18.185234,
-11.191190 1.249375 18.438911,
-10.885732 2.142790 18.836830,
-11.199538 1.378526 17.557838,
-11.191190 1.249375 18.438911,
-11.207513 1.903363 18.185234,
-10.685433 0.821691 18.055847,
-11.191190 1.249375 18.438911,
-11.199538 1.378526 17.557838,
-10.827001 0.804856 17.202438,
-10.685433 0.821691 18.055847,
-11.199538 1.378526 17.557838,
-11.103951 1.557195 16.695076,
-10.827001 0.804856 17.202438,
-11.199538 1.378526 17.557838,
-9.813066 0.248076 19.847473,
-10.247130 0.735068 19.548088,
-10.170728 0.118272 19.119858,
-9.654904 -0.470767 19.483543,
-9.813066 0.248076 19.847473,
-10.170728 0.118272 19.119858,
-9.389436 -0.244365 20.152824,
-9.813066 0.248076 19.847473,
-9.654904 -0.470767 19.483543,
-9.654904 -0.470767 19.483543,
-9.279500 -1.077952 18.994637,
-9.389436 -0.244365 20.152824,
-9.702889 -0.823469 18.731415,
-9.279500 -1.077952 18.994637,
-9.654904 -0.470767 19.483543,
-10.055881 -0.420376 18.482529,
-9.702889 -0.823469 18.731415,
-9.654904 -0.470767 19.483543,
-10.170728 0.118272 19.119858,
-10.055881 -0.420376 18.482529,
-9.654904 -0.470767 19.483543,
-10.312295 0.101436 18.266441,
-10.055881 -0.420376 18.482529,
-10.170728 0.118272 19.119858,
-10.584350 1.047318 15.168785,
-10.611028 0.131356 15.491531,
-10.729108 0.914921 16.181480,
-11.054782 1.808204 15.781448,
-10.584350 1.047318 15.168785,
-10.729108 0.914921 16.181480,
-9.996465 6.001317 16.020218,
-10.031020 6.162027 15.510109,
-10.555884 5.489542 16.123108,
-9.242900 6.539548 15.684212,
-10.031020 6.162027 15.510109,
-9.996465 6.001317 16.020218,
-9.834931 6.498425 16.457573,
-9.242900 6.539548 15.684212,
-9.996465 6.001317 16.020218,
-9.018685 6.841001 16.350769,
-9.242900 6.539548 15.684212,
-9.834931 6.498425 16.457573,
-8.683480 7.051321 15.581322,
-9.242900 6.539548 15.684212,
-9.018685 6.841001 16.350769,
-8.582734 7.313887 16.676857,
-8.683480 7.051321 15.581322,
-9.018685 6.841001 16.350769,
-7.859995 7.455322 16.225876,
-8.683480 7.051321 15.581322,
-8.582734 7.313887 16.676857,
-8.193997 7.476112 17.208542,
-7.859995 7.455322 16.225876,
-8.582734 7.313887 16.676857,
-3.816975 7.473862 17.115067,
-3.848035 7.810280 16.299194,
-4.482899 7.791062 16.911667,
-3.926816 -1.939234 19.359550,
-3.201897 -1.410993 19.393814,
-3.856610 -1.256458 19.937988,
-4.730612 -1.672878 19.784065,
-3.926816 -1.939234 19.359550,
-3.856610 -1.256458 19.937988,
-4.993157 -2.510286 18.238800,
-4.375939 -2.649340 17.723221,
-4.105572 -2.370043 18.487503,
-10.299527 2.282087 14.047783,
-9.657138 2.464993 13.373970,
-9.627730 1.605978 13.653305,
-9.041108 6.217814 14.196487,
-9.009122 5.594762 13.684105,
-9.486684 5.449126 14.263901,
-7.118138 7.535711 14.551361,
-7.314293 7.154415 13.757973,
-7.889567 7.168161 14.415497,
-6.886076 7.770020 15.204803,
-6.359066 7.636618 14.770271,
-7.118138 7.535711 14.551361,
-3.610196 6.852065 15.066620,
-3.655709 6.825137 14.455963,
-4.283814 7.253555 14.931107,
-0.811490 2.943378 17.760834,
-0.117596 2.602206 17.516228,
-0.737202 3.375443 17.196304,
-0.758464 2.348038 17.930542,
-0.117596 2.602206 17.516228,
-0.811490 2.943378 17.760834,
-1.496201 -0.023877 18.586578,
-1.258278 0.688107 18.453979,
-1.575898 0.655178 19.104034,
-1.831402 -0.234201 19.356018,
-1.496201 -0.023877 18.586578,
-1.575898 0.655178 19.104034,
-3.320245 -2.308217 16.616409,
-2.631467 -2.225283 16.939133,
-2.973340 -2.175690 17.343178,
-3.985703 -2.601912 16.246231,
-3.544461 -2.609668 15.949852,
-3.320245 -2.308217 16.616409,
-8.617509 -0.287584 13.490295,
-7.928402 -0.768705 13.155731,
-8.514628 -1.042418 13.942924,
-8.133571 3.260583 12.501678,
-7.941868 2.478828 11.972313,
-8.288093 2.325894 12.552849,
-4.651234 5.610117 12.790474,
-4.693005 4.941903 12.600479,
-5.289313 5.452965 12.468124,
-4.042481 5.237354 12.952347,
-4.693005 4.941903 12.600479,
-4.651234 5.610117 12.790474,
-2.519959 3.638693 13.392441,
-2.552453 3.069900 13.222809,
-3.194371 4.033656 12.966049,
-2.164790 3.233108 13.642860,
-2.552453 3.069900 13.222809,
-2.519959 3.638693 13.392441,
-1.843011 3.472536 14.294449,
-2.164790 3.233108 13.642860,
-2.519959 3.638693 13.392441,
-5.608172 6.915310 20.267998,
-5.776299 7.105112 19.459496,
-5.897027 6.553422 20.666801,
-5.327818 6.249865 20.647766,
-5.608172 6.915310 20.267998,
-5.897027 6.553422 20.666801,
-4.811896 6.777613 20.577240,
-5.608172 6.915310 20.267998,
-5.327818 6.249865 20.647766,
-4.677620 5.862325 20.759537,
-4.811896 6.777613 20.577240,
-5.327818 6.249865 20.647766,
-5.287617 5.432357 20.928307,
-4.677620 5.862325 20.759537,
-5.327818 6.249865 20.647766,
-6.180352 5.856870 20.897781,
-5.287617 5.432357 20.928307,
-5.327818 6.249865 20.647766,
-6.084059 4.998885 21.355827,
-5.287617 5.432357 20.928307,
-6.180352 5.856870 20.897781,
-5.292572 4.866131 21.672550,
-5.287617 5.432357 20.928307,
-6.084059 4.998885 21.355827,
-5.897780 4.431219 21.833832,
-5.292572 4.866131 21.672550,
-6.084059 4.998885 21.355827,
-5.178681 4.291819 21.698524,
-5.292572 4.866131 21.672550,
-5.897780 4.431219 21.833832,
-5.867899 3.823590 22.042343,
-5.178681 4.291819 21.698524,
-5.897780 4.431219 21.833832,
-6.810544 4.073785 21.914803,
-5.867899 3.823590 22.042343,
-5.897780 4.431219 21.833832,
-6.639328 3.456042 21.906479,
-5.867899 3.823590 22.042343,
-6.810544 4.073785 21.914803,
-5.989130 3.068501 22.018257,
-5.867899 3.823590 22.042343,
-6.639328 3.456042 21.906479,
-6.672745 2.324406 22.038445,
-5.989130 3.068501 22.018257,
-6.639328 3.456042 21.906479,
-5.829121 2.178901 22.313782,
-5.989130 3.068501 22.018257,
-6.672745 2.324406 22.038445,
-6.096289 1.731137 22.664619,
-5.829121 2.178901 22.313782,
-6.672745 2.324406 22.038445,
-10.312295 0.101436 18.266441,
-10.170728 0.118272 19.119858,
-10.685433 0.821691 18.055847,
-10.552512 0.216370 17.607132,
-10.312295 0.101436 18.266441,
-10.685433 0.821691 18.055847,
-10.827001 0.804856 17.202438,
-10.552512 0.216370 17.607132,
-10.685433 0.821691 18.055847,
-10.619821 0.159599 16.955688,
-10.552512 0.216370 17.607132,
-10.827001 0.804856 17.202438,
-10.729108 0.914921 16.181480,
-10.619821 0.159599 16.955688,
-10.827001 0.804856 17.202438,
-11.103951 1.557195 16.695076,
-10.729108 0.914921 16.181480,
-10.827001 0.804856 17.202438,
-11.054782 1.808204 15.781448,
-10.729108 0.914921 16.181480,
-11.103951 1.557195 16.695076,
-11.403634 2.462288 16.199875,
-11.054782 1.808204 15.781448,
-11.103951 1.557195 16.695076,
-0.250439 0.276558 16.822662,
-0.780717 0.833742 17.874184,
-0.873818 0.328579 17.328285,
-0.780717 0.833742 17.874184,
0.557605 1.571306 17.808731,
-0.735787 1.620318 18.108757,
0.519435 0.903063 17.609444,
0.557605 1.571306 17.808731,
-0.780717 0.833742 17.874184,
-0.250439 0.276558 16.822662,
0.519435 0.903063 17.609444,
-0.780717 0.833742 17.874184,
0.425220 0.481667 17.060562,
0.519435 0.903063 17.609444,
-0.250439 0.276558 16.822662,
0.310956 0.468077 16.371735,
0.425220 0.481667 17.060562,
-0.250439 0.276558 16.822662,
-8.574626 6.215168 13.846626,
-8.002522 6.662921 13.757408,
-7.347811 6.508388 13.213234,
-7.929974 5.482288 12.841743,
-8.574626 6.215168 13.846626,
-7.347811 6.508388 13.213234,
-8.548987 5.628399 13.356239,
-8.574626 6.215168 13.846626,
-7.929974 5.482288 12.841743,
-8.404666 5.019057 13.052559,
-8.548987 5.628399 13.356239,
-7.929974 5.482288 12.841743,
-7.974688 4.699517 12.608299,
-8.404666 5.019057 13.052559,
-7.929974 5.482288 12.841743,
-8.196456 1.598433 21.770092,
-8.075225 2.353521 21.794182,
-8.579366 2.929218 21.438721,
-9.371987 2.026090 21.074673,
-8.196456 1.598433 21.770092,
-8.579366 2.929218 21.438721,
-8.274915 0.224864 21.360462,
-8.902202 0.609668 21.192825,
-9.466466 0.372104 20.581421,
-8.784398 -0.660242 20.368271,
-8.274915 0.224864 21.360462,
-9.466466 0.372104 20.581421,
-8.234141 -0.428576 20.964493,
-8.274915 0.224864 21.360462,
-8.784398 -0.660242 20.368271,
-7.616663 0.387362 21.692078,
-8.274915 0.224864 21.360462,
-8.234141 -0.428576 20.964493,
-6.844611 -0.684436 21.141136,
-7.616663 0.387362 21.692078,
-8.234141 -0.428576 20.964493,
-7.527977 -0.877512 20.856209,
-6.844611 -0.684436 21.141136,
-8.234141 -0.428576 20.964493,
-6.286456 -1.053265 20.791725,
-6.844611 -0.684436 21.141136,
-7.527977 -0.877512 20.856209,
-7.075156 -1.715644 19.797958,
-7.527977 -0.877512 20.856209,
-7.641800 -1.386636 20.193062,
-6.286456 -1.053265 20.791725,
-7.527977 -0.877512 20.856209,
-7.075156 -1.715644 19.797958,
-6.203618 -1.584215 20.080627,
-6.286456 -1.053265 20.791725,
-7.075156 -1.715644 19.797958,
-10.249146 1.257641 14.399338,
-9.627730 1.605978 13.653305,
-9.937882 0.653774 13.828842,
-10.208943 0.440134 14.679871,
-10.249146 1.257641 14.399338,
-9.937882 0.653774 13.828842,
-9.676852 -0.037544 14.370773,
-10.208943 0.440134 14.679871,
-9.937882 0.653774 13.828842,
-9.925998 -0.193871 14.942680,
-10.208943 0.440134 14.679871,
-9.676852 -0.037544 14.370773,
-9.253009 -0.865451 14.690704,
-9.925998 -0.193871 14.942680,
-9.676852 -0.037544 14.370773,
-9.409026 -0.784219 15.307190,
-9.925998 -0.193871 14.942680,
-9.253009 -0.865451 14.690704,
-9.914781 -0.356535 15.690247,
-9.925998 -0.193871 14.942680,
-9.409026 -0.784219 15.307190,
-9.779565 -0.807934 16.137825,
-9.914781 -0.356535 15.690247,
-9.409026 -0.784219 15.307190,
-10.114064 -0.268085 16.572632,
-9.914781 -0.356535 15.690247,
-9.779565 -0.807934 16.137825,
-9.814168 -1.019696 16.917801,
-10.114064 -0.268085 16.572632,
-9.779565 -0.807934 16.137825,
-10.215524 -0.370538 17.440514,
-10.114064 -0.268085 16.572632,
-9.814168 -1.019696 16.917801,
-9.858975 -1.069145 17.833763,
-10.215524 -0.370538 17.440514,
-9.814168 -1.019696 16.917801,
-9.297196 -1.610047 17.282310,
-9.858975 -1.069145 17.833763,
-9.814168 -1.019696 16.917801,
-9.145843 -1.592047 18.194717,
-9.858975 -1.069145 17.833763,
-9.297196 -1.610047 17.282310,
-8.596383 -2.001182 17.642708,
-9.145843 -1.592047 18.194717,
-9.297196 -1.610047 17.282310,
-8.721982 -2.015625 16.883499,
-8.596383 -2.001182 17.642708,
-9.297196 -1.610047 17.282310,
-8.044520 -2.406423 17.090225,
-8.596383 -2.001182 17.642708,
-8.721982 -2.015625 16.883499,
-7.893166 -2.388422 18.002632,
-8.596383 -2.001182 17.642708,
-8.044520 -2.406423 17.090225,
-7.219130 -2.747400 17.428970,
-7.893166 -2.388422 18.002632,
-8.044520 -2.406423 17.090225,
-7.096890 -2.526121 18.311874,
-7.893166 -2.388422 18.002632,
-7.219130 -2.747400 17.428970,
-6.396924 -2.691338 17.730087,
-7.096890 -2.526121 18.311874,
-7.219130 -2.747400 17.428970,
-6.258744 -2.405425 18.550560,
-7.096890 -2.526121 18.311874,
-6.396924 -2.691338 17.730087,
-5.692101 -2.734432 18.155449,
-6.258744 -2.405425 18.550560,
-6.396924 -2.691338 17.730087,
-5.462468 -2.543124 18.859802,
-6.258744 -2.405425 18.550560,
-5.692101 -2.734432 18.155449,
-4.993157 -2.510286 18.238800,
-5.462468 -2.543124 18.859802,
-5.692101 -2.734432 18.155449,
-4.847332 -2.194962 19.104027,
-5.462468 -2.543124 18.859802,
-4.993157 -2.510286 18.238800,
-4.105572 -2.370043 18.487503,
-4.847332 -2.194962 19.104027,
-4.993157 -2.510286 18.238800,
-3.926816 -1.939234 19.359550,
-4.847332 -2.194962 19.104027,
-4.105572 -2.370043 18.487503,
-4.730612 -1.672878 19.784065,
-4.847332 -2.194962 19.104027,
-3.926816 -1.939234 19.359550,
-5.549000 -1.831222 19.688431,
-4.847332 -2.194962 19.104027,
-4.730612 -1.672878 19.784065,
-5.396151 -1.267090 20.584511,
-5.549000 -1.831222 19.688431,
-4.730612 -1.672878 19.784065,
-6.203618 -1.584215 20.080627,
-5.549000 -1.831222 19.688431,
-5.396151 -1.267090 20.584511,
-6.286456 -1.053265 20.791725,
-6.203618 -1.584215 20.080627,
-5.396151 -1.267090 20.584511,
-5.312729 -0.397132 21.047462,
-6.286456 -1.053265 20.791725,
-5.396151 -1.267090 20.584511,
-4.588593 -0.857495 20.936424,
-5.312729 -0.397132 21.047462,
-5.396151 -1.267090 20.584511,
-4.423703 0.047352 21.178078,
-5.312729 -0.397132 21.047462,
-4.588593 -0.857495 20.936424,
-3.841920 -0.348326 20.877396,
-4.423703 0.047352 21.178078,
-4.588593 -0.857495 20.936424,
-3.794631 0.479588 21.124294,
-4.423703 0.047352 21.178078,
-3.841920 -0.348326 20.877396,
-4.441247 0.783381 21.729836,
-4.423703 0.047352 21.178078,
-3.794631 0.479588 21.124294,
-5.200295 0.345022 21.691422,
-4.423703 0.047352 21.178078,
-4.441247 0.783381 21.729836,
-5.131136 1.555771 22.052490,
-5.200295 0.345022 21.691422,
-4.441247 0.783381 21.729836,
-4.273781 1.537462 21.785828,
-5.131136 1.555771 22.052490,
-4.441247 0.783381 21.729836,
-4.494986 2.148505 22.033978,
-5.131136 1.555771 22.052490,
-4.273781 1.537462 21.785828,
-5.145186 2.536045 21.922203,
-5.131136 1.555771 22.052490,
-4.494986 2.148505 22.033978,
-10.299527 2.282087 14.047783,
-9.627730 1.605978 13.653305,
-10.249146 1.257641 14.399338,
-10.864030 1.965639 14.878593,
-10.299527 2.282087 14.047783,
-10.249146 1.257641 14.399338,
-10.674932 2.889271 14.536697,
-10.299527 2.282087 14.047783,
-10.864030 1.965639 14.878593,
-11.094985 2.625711 15.500916,
-10.674932 2.889271 14.536697,
-10.864030 1.965639 14.878593,
-10.861203 3.601018 15.259720,
-10.674932 2.889271 14.536697,
-11.094985 2.625711 15.500916,
-10.493407 3.817589 14.463081,
-10.674932 2.889271 14.536697,
-10.861203 3.601018 15.259720,
-10.579043 4.567958 15.037315,
-10.493407 3.817589 14.463081,
-10.861203 3.601018 15.259720,
-10.285523 4.733997 14.332489,
-10.493407 3.817589 14.463081,
-10.579043 4.567958 15.037315,
-10.127120 5.300364 14.947906,
-10.285523 4.733997 14.332489,
-10.579043 4.567958 15.037315,
-9.486684 5.449126 14.263901,
-10.285523 4.733997 14.332489,
-10.127120 5.300364 14.947906,
-9.376311 6.007492 14.965935,
-9.486684 5.449126 14.263901,
-10.127120 5.300364 14.947906,
-9.041108 6.217814 14.196487,
-9.486684 5.449126 14.263901,
-9.376311 6.007492 14.965935,
-8.924388 6.739897 14.876526,
-9.041108 6.217814 14.196487,
-9.376311 6.007492 14.965935,
-8.474988 6.628484 14.397621,
-9.041108 6.217814 14.196487,
-8.924388 6.739897 14.876526,
-8.386876 7.054962 14.940491,
-8.474988 6.628484 14.397621,
-8.924388 6.739897 14.876526,
-7.889567 7.168161 14.415497,
-8.474988 6.628484 14.397621,
-8.386876 7.054962 14.940491,
-8.162660 7.356415 15.607040,
-7.889567 7.168161 14.415497,
-8.386876 7.054962 14.940491,
-8.889829 1.052645 12.741013,
-9.252324 0.998794 13.164398,
-8.972030 1.968750 12.944420,
-8.455253 1.483679 12.750275,
-8.889829 1.052645 12.741013,
-8.972030 1.968750 12.944420,
-8.288093 2.325894 12.552849,
-8.455253 1.483679 12.750275,
-8.972030 1.968750 12.944420,
-9.033505 2.708966 12.701920,
-8.288093 2.325894 12.552849,
-8.972030 1.968750 12.944420,
-8.133571 3.260583 12.501678,
-8.288093 2.325894 12.552849,
-9.033505 2.708966 12.701920,
-7.974688 4.699517 12.608299,
-7.392909 4.303840 12.307617,
-8.133571 3.260583 12.501678,
-8.927308 0.224854 13.095413,
-9.252324 0.998794 13.164398,
-8.889829 1.052645 12.741013,
-9.123267 0.140099 13.873352,
-9.252324 0.998794 13.164398,
-8.927308 0.224854 13.095413,
-8.617509 -0.287584 13.490295,
-9.123267 0.140099 13.873352,
-8.927308 0.224854 13.095413,
-8.952714 -0.497908 14.259735,
-9.123267 0.140099 13.873352,
-8.617509 -0.287584 13.490295,
-8.514628 -1.042418 13.942924,
-8.952714 -0.497908 14.259735,
-8.617509 -0.287584 13.490295,
-8.587085 -1.182652 14.894096,
-8.952714 -0.497908 14.259735,
-8.514628 -1.042418 13.942924,
-8.081328 -1.610335 14.511032,
-8.587085 -1.182652 14.894096,
-8.514628 -1.042418 13.942924,
-8.123551 -1.951328 15.065018,
-8.587085 -1.182652 14.894096,
-8.081328 -1.610335 14.511032,
-8.629310 -1.523643 15.448074,
-8.587085 -1.182652 14.894096,
-8.123551 -1.951328 15.065018,
-8.048558 -2.014560 15.566879,
-8.629310 -1.523643 15.448074,
-8.123551 -1.951328 15.065018,
-7.382630 -2.331761 15.770279,
-8.048558 -2.014560 15.566879,
-8.123551 -1.951328 15.065018,
-8.186088 -2.423258 16.236809,
-8.048558 -2.014560 15.566879,
-7.382630 -2.331761 15.770279,
-7.389811 -2.560957 16.546051,
-8.186088 -2.423258 16.236809,
-7.382630 -2.331761 15.770279,
-6.674344 -2.454851 16.045181,
-7.389811 -2.560957 16.546051,
-7.382630 -2.331761 15.770279,
-6.538491 -2.708174 16.876678,
-7.389811 -2.560957 16.546051,
-6.674344 -2.454851 16.045181,
-6.008420 -2.772051 16.248573,
-6.538491 -2.708174 16.876678,
-6.674344 -2.454851 16.045181,
-5.742213 -2.845872 17.185913,
-6.538491 -2.708174 16.876678,
-6.008420 -2.772051 16.248573,
-5.281533 -2.822376 16.513275,
-5.742213 -2.845872 17.185913,
-6.008420 -2.772051 16.248573,
-5.139966 -2.805539 17.366684,
-5.742213 -2.845872 17.185913,
-5.281533 -2.822376 16.513275,
-4.485257 -2.960074 16.822517,
-5.139966 -2.805539 17.366684,
-5.281533 -2.822376 16.513275,
-4.674481 -2.684844 15.923515,
-4.485257 -2.960074 16.822517,
-5.281533 -2.822376 16.513275,
-3.985703 -2.601912 16.246231,
-4.485257 -2.960074 16.822517,
-4.674481 -2.684844 15.923515,
-3.879662 -2.819990 16.719299,
-4.485257 -2.960074 16.822517,
-3.985703 -2.601912 16.246231,
-3.320245 -2.308217 16.616409,
-3.879662 -2.819990 16.719299,
-3.985703 -2.601912 16.246231,
-3.828728 -2.583243 17.192535,
-3.879662 -2.819990 16.719299,
-3.320245 -2.308217 16.616409,
-3.315400 -2.582427 17.330704,
-3.828728 -2.583243 17.192535,
-3.320245 -2.308217 16.616409,
-2.973340 -2.175690 17.343178,
-3.315400 -2.582427 17.330704,
-3.320245 -2.308217 16.616409,
-3.450862 -2.524578 17.943329,
-3.315400 -2.582427 17.330704,
-2.973340 -2.175690 17.343178,
-2.749121 -1.874239 18.009735,
-3.450862 -2.524578 17.943329,
-2.973340 -2.175690 17.343178,
-3.334141 -2.002494 18.623367,
-3.450862 -2.524578 17.943329,
-2.749121 -1.874239 18.009735,
-2.634785 -1.386638 18.654152,
-3.334141 -2.002494 18.623367,
-2.749121 -1.874239 18.009735,
-2.080363 -1.347786 17.905533,
-2.634785 -1.386638 18.654152,
-2.749121 -1.874239 18.009735,
-1.948125 -0.756283 18.675987,
-2.634785 -1.386638 18.654152,
-2.080363 -1.347786 17.905533,
-1.495753 -0.723331 17.949417,
-1.948125 -0.756283 18.675987,
-2.080363 -1.347786 17.905533,
-1.496201 -0.023877 18.586578,
-1.948125 -0.756283 18.675987,
-1.495753 -0.723331 17.949417,
-1.831402 -0.234201 19.356018,
-1.948125 -0.756283 18.675987,
-1.496201 -0.023877 18.586578,
-2.528931 -0.889346 19.292587,
-1.948125 -0.756283 18.675987,
-1.831402 -0.234201 19.356018,
-2.554570 -0.302577 19.782974,
-2.528931 -0.889346 19.292587,
-1.831402 -0.234201 19.356018,
-3.085179 -0.888908 20.073853,
-2.528931 -0.889346 19.292587,
-2.554570 -0.302577 19.782974,
-2.889773 -0.512898 20.552422,
-3.085179 -0.888908 20.073853,
-2.554570 -0.302577 19.782974,
-2.330353 -0.001124 20.449532,
-2.889773 -0.512898 20.552422,
-2.554570 -0.302577 19.782974,
-2.934397 0.075557 20.851082,
-2.889773 -0.512898 20.552422,
-2.330353 -0.001124 20.449532,
-2.696145 0.884710 20.598007,
-2.934397 0.075557 20.851082,
-2.330353 -0.001124 20.449532,
-3.544354 1.084916 21.303009,
-2.934397 0.075557 20.851082,
-2.696145 0.884710 20.598007,
-2.818532 1.494316 21.168808,
-3.544354 1.084916 21.303009,
-2.696145 0.884710 20.598007,
-3.644711 1.969697 21.732044,
-3.544354 1.084916 21.303009,
-2.818532 1.494316 21.168808,
-2.787118 2.295078 21.986435,
-3.644711 1.969697 21.732044,
-2.818532 1.494316 21.168808,
-1.828436 2.068795 21.189617,
-2.787118 2.295078 21.986435,
-2.818532 1.494316 21.168808,
-1.865979 2.927994 21.907684,
-2.787118 2.295078 21.986435,
-1.828436 2.068795 21.189617,
-1.166691 3.141247 21.058689,
-1.865979 2.927994 21.907684,
-1.828436 2.068795 21.189617,
-1.337605 2.376767 20.062927,
-1.166691 3.141247 21.058689,
-1.828436 2.068795 21.189617,
-1.030923 3.451945 19.990845,
-1.166691 3.141247 21.058689,
-1.337605 2.376767 20.062927,
-1.226588 2.743040 19.148705,
-1.030923 3.451945 19.990845,
-1.337605 2.376767 20.062927,
-1.279612 3.338379 18.978996,
-1.030923 3.451945 19.990845,
-1.226588 2.743040 19.148705,
-1.186894 3.550565 18.249741,
-1.279612 3.338379 18.978996,
-1.226588 2.743040 19.148705,
-0.758464 2.348038 17.930542,
-1.186894 3.550565 18.249741,
-1.226588 2.743040 19.148705,
-0.811490 2.943378 17.760834,
-1.186894 3.550565 18.249741,
-0.758464 2.348038 17.930542,
-0.737202 3.375443 17.196304,
-1.186894 3.550565 18.249741,
-0.811490 2.943378 17.760834,
-1.092465 4.155469 17.595406,
-1.186894 3.550565 18.249741,
-0.737202 3.375443 17.196304,
-1.189278 4.708548 18.001450,
-1.186894 3.550565 18.249741,
-1.092465 4.155469 17.595406,
-1.366950 4.743954 17.190720,
-1.189278 4.708548 18.001450,
-1.092465 4.155469 17.595406,
-1.706254 5.298898 17.636948,
-1.189278 4.708548 18.001450,
-1.366950 4.743954 17.190720,
-1.605305 5.402435 16.747200,
-1.706254 5.298898 17.636948,
-1.366950 4.743954 17.190720,
-2.016528 6.067555 17.282761,
-1.706254 5.298898 17.636948,
-1.605305 5.402435 16.747200,
-1.967717 6.108912 16.354767,
-2.016528 6.067555 17.282761,
-1.605305 5.402435 16.747200,
-2.533501 6.657906 16.918251,
-2.016528 6.067555 17.282761,
-1.967717 6.108912 16.354767,
-2.688575 6.639463 15.983414,
-2.533501 6.657906 16.918251,
-1.967717 6.108912 16.354767,
-3.249783 7.061510 16.548645,
-2.533501 6.657906 16.918251,
-2.688575 6.639463 15.983414,
-3.380563 7.043373 15.770973,
-3.249783 7.061510 16.548645,
-2.688575 6.639463 15.983414,
-2.830142 6.622627 15.130005,
-3.380563 7.043373 15.770973,
-2.688575 6.639463 15.983414,
-3.610196 6.852065 15.066620,
-3.380563 7.043373 15.770973,
-2.830142 6.622627 15.130005,
-3.985600 7.459249 15.555534,
-3.380563 7.043373 15.770973,
-3.610196 6.852065 15.066620,
-4.283814 7.253555 14.931107,
-3.985600 7.459249 15.555534,
-3.610196 6.852065 15.066620,
-4.804734 7.620446 15.291351,
-3.985600 7.459249 15.555534,
-4.283814 7.253555 14.931107,
-4.688015 8.142530 15.971382,
-3.985600 7.459249 15.555534,
-4.804734 7.620446 15.291351,
-5.458596 7.970040 15.758949,
-4.688015 8.142530 15.971382,
-4.804734 7.620446 15.291351,
-5.601010 7.758146 14.982109,
-5.458596 7.970040 15.758949,
-4.804734 7.620446 15.291351,
-6.234597 7.907696 15.508720,
-5.458596 7.970040 15.758949,
-5.601010 7.758146 14.982109,
-6.359066 7.636618 14.770271,
-6.234597 7.907696 15.508720,
-5.601010 7.758146 14.982109,
-6.886076 7.770020 15.204803,
-6.234597 7.907696 15.508720,
-6.359066 7.636618 14.770271,
-7.889567 7.168161 14.415497,
-8.162660 7.356415 15.607040,
-7.118138 7.535711 14.551361,
-10.331668 5.790995 16.789658,
-9.834931 6.498425 16.457573,
-9.996465 6.001317 16.020218,
-10.555884 5.489542 16.123108,
-10.331668 5.790995 16.789658,
-9.996465 6.001317 16.020218,
-10.882375 4.826480 16.681564,
-10.331668 5.790995 16.789658,
-10.555884 5.489542 16.123108,
-10.697169 5.096697 15.740005,
-10.882375 4.826480 16.681564,
-10.555884 5.489542 16.123108,
-10.999097 4.304398 16.001534,
-10.882375 4.826480 16.681564,
-10.697169 5.096697 15.740005,
-11.211238 4.110974 16.616272,
-10.882375 4.826480 16.681564,
-10.999097 4.304398 16.001534,
-11.193509 3.378311 16.070145,
-11.211238 4.110974 16.616272,
-10.999097 4.304398 16.001534,
-11.252336 3.387224 16.780334,
-11.211238 4.110974 16.616272,
-11.193509 3.378311 16.070145,
-11.403634 2.462288 16.199875,
-11.252336 3.387224 16.780334,
-11.193509 3.378311 16.070145,
-11.236875 2.162517 17.143799,
-11.252336 3.387224 16.780334,
-11.403634 2.462288 16.199875,
-11.103951 1.557195 16.695076,
-11.236875 2.162517 17.143799,
-11.403634 2.462288 16.199875,
-11.199538 1.378526 17.557838,
-11.236875 2.162517 17.143799,
-11.103951 1.557195 16.695076,
-11.207513 1.903363 18.185234,
-11.236875 2.162517 17.143799,
-11.199538 1.378526 17.557838,
-11.195710 3.218464 18.064194,
-11.236875 2.162517 17.143799,
-11.207513 1.903363 18.185234,
-11.160220 2.731275 18.432137,
-11.195710 3.218464 18.064194,
-11.207513 1.903363 18.185234,
-10.885732 2.142790 18.836830,
-11.160220 2.731275 18.432137,
-11.207513 1.903363 18.185234,
-10.033677 6.085280 17.541145,
-9.834931 6.498425 16.457573,
-10.331668 5.790995 16.789658,
-9.442197 6.881405 16.988716,
-9.834931 6.498425 16.457573,
-10.033677 6.085280 17.541145,
-9.018685 6.841001 16.350769,
-9.834931 6.498425 16.457573,
-9.442197 6.881405 16.988716,
-8.753415 6.964339 17.311440,
-9.018685 6.841001 16.350769,
-9.442197 6.881405 16.988716,
-8.582734 7.313887 16.676857,
-9.018685 6.841001 16.350769,
-8.753415 6.964339 17.311440,
-8.193997 7.476112 17.208542,
-8.582734 7.313887 16.676857,
-8.753415 6.964339 17.311440,
-8.085572 7.258696 17.682823,
-8.193997 7.476112 17.208542,
-8.753415 6.964339 17.311440,
-7.401635 7.615841 17.291252,
-8.193997 7.476112 17.208542,
-8.085572 7.258696 17.682823,
-7.396790 7.341629 18.005547,
-7.401635 7.615841 17.291252,
-8.085572 7.258696 17.682823,
-6.619442 7.562353 17.567795,
-7.401635 7.615841 17.291252,
-7.396790 7.341629 18.005547,
-6.610661 7.802774 16.865097,
-7.401635 7.615841 17.291252,
-6.619442 7.562353 17.567795,
-5.935507 7.919497 17.176224,
-6.610661 7.802774 16.865097,
-6.619442 7.562353 17.567795,
-5.930663 7.645287 17.890518,
-5.935507 7.919497 17.176224,
-6.619442 7.562353 17.567795,
-5.152777 8.118246 17.383644,
-5.935507 7.919497 17.176224,
-5.930663 7.645287 17.890518,
-5.321599 8.292080 16.497993,
-5.935507 7.919497 17.176224,
-5.152777 8.118246 17.383644,
-4.482899 7.791062 16.911667,
-5.321599 8.292080 16.497993,
-5.152777 8.118246 17.383644,
-4.471684 7.628395 17.659233,
-4.482899 7.791062 16.911667,
-5.152777 8.118246 17.383644,
-3.816975 7.473862 17.115067,
-4.482899 7.791062 16.911667,
-4.471684 7.628395 17.659233,
-3.675408 7.490697 17.968475,
-3.816975 7.473862 17.115067,
-4.471684 7.628395 17.659233,
-3.122445 7.074070 17.327003,
-3.816975 7.473862 17.115067,
-3.675408 7.490697 17.968475,
-3.111228 6.911406 18.074562,
-3.122445 7.074070 17.327003,
-3.675408 7.490697 17.968475,
-2.391934 6.674742 17.771667,
-3.122445 7.074070 17.327003,
-3.111228 6.911406 18.074562,
-2.662711 6.753479 18.283234,
-2.391934 6.674742 17.771667,
-3.111228 6.911406 18.074562,
-2.557185 6.278721 18.465210,
-2.391934 6.674742 17.771667,
-2.662711 6.753479 18.283234,
-2.051429 5.851036 18.082146,
-2.391934 6.674742 17.771667,
-2.557185 6.278721 18.465210,
-2.040211 5.688371 18.829712,
-2.051429 5.851036 18.082146,
-2.557185 6.278721 18.465210,
-2.550370 6.258636 18.984055,
-2.040211 5.688371 18.829712,
-2.557185 6.278721 18.465210,
-1.920437 5.156748 19.097916,
-2.040211 5.688371 18.829712,
-2.550370 6.258636 18.984055,
-2.749245 5.715911 20.053261,
-1.920437 5.156748 19.097916,
-2.550370 6.258636 18.984055,
-1.982554 5.202750 20.114166,
-1.920437 5.156748 19.097916,
-2.749245 5.715911 20.053261,
-1.287457 4.341931 19.483223,
-1.920437 5.156748 19.097916,
-1.982554 5.202750 20.114166,
-1.225560 4.338312 20.647903,
-1.287457 4.341931 19.483223,
-1.982554 5.202750 20.114166,
-1.966130 4.964563 21.208813,
-1.225560 4.338312 20.647903,
-1.982554 5.202750 20.114166,
-1.716391 4.030338 21.774593,
-1.225560 4.338312 20.647903,
-1.966130 4.964563 21.208813,
-2.776738 4.704444 21.937187,
-1.716391 4.030338 21.774593,
-1.966130 4.964563 21.208813,
-2.717870 3.507378 22.347973,
-1.716391 4.030338 21.774593,
-2.776738 4.704444 21.937187,
-3.669949 4.074849 22.184303,
-2.717870 3.507378 22.347973,
-2.776738 4.704444 21.937187,
-3.847464 2.969184 22.149033,
-2.717870 3.507378 22.347973,
-3.669949 4.074849 22.184303,
-4.528481 3.904278 21.810303,
-3.847464 2.969184 22.149033,
-3.669949 4.074849 22.184303,
-5.138478 3.474311 21.979065,
-3.847464 2.969184 22.149033,
-4.528481 3.904278 21.810303,
-5.145186 2.536045 21.922203,
-3.847464 2.969184 22.149033,
-5.138478 3.474311 21.979065,
-4.494986 2.148505 22.033978,
-3.847464 2.969184 22.149033,
-5.145186 2.536045 21.922203,
-10.663896 2.334739 19.409607,
-10.885732 2.142790 18.836830,
-10.521619 1.323555 19.143402,
-9.934999 1.789056 20.464630,
-10.663896 2.334739 19.409607,
-10.521619 1.323555 19.143402,
-9.982289 0.961142 20.217728,
-9.934999 1.789056 20.464630,
-10.521619 1.323555 19.143402,
-9.538547 1.192029 20.986969,
-9.934999 1.789056 20.464630,
-9.982289 0.961142 20.217728,
-9.371987 2.026090 21.074673,
-9.934999 1.789056 20.464630,
-9.538547 1.192029 20.986969,
-8.855016 1.435741 21.439175,
-9.371987 2.026090 21.074673,
-9.538547 1.192029 20.986969,
-8.196456 1.598433 21.770092,
-9.371987 2.026090 21.074673,
-8.855016 1.435741 21.439175,
-8.233129 0.913253 21.559406,
-8.196456 1.598433 21.770092,
-8.855016 1.435741 21.439175,
-7.569478 1.213436 21.938431,
-8.196456 1.598433 21.770092,
-8.233129 0.913253 21.559406,
-6.798047 1.580984 22.074295,
-8.196456 1.598433 21.770092,
-7.569478 1.213436 21.938431,
-6.869111 0.730409 22.023674,
-6.798047 1.580984 22.074295,
-7.569478 1.213436 21.938431,
-6.075514 1.121642 21.963501,
-6.798047 1.580984 22.074295,
-6.869111 0.730409 22.023674,
-6.096289 1.731137 22.664619,
-6.798047 1.580984 22.074295,
-6.075514 1.121642 21.963501,
-11.160220 2.731275 18.432137,
-10.885732 2.142790 18.836830,
-10.663896 2.334739 19.409607,
-11.120950 3.418759 18.637161,
-11.160220 2.731275 18.432137,
-10.663896 2.334739 19.409607,
-10.616605 3.162652 19.656509,
-11.120950 3.418759 18.637161,
-10.663896 2.334739 19.409607,
-4.055151 -0.073646 12.303261,
-5.130978 -0.351350 11.648209,
-4.926617 0.921515 11.688812,
-3.948449 1.182380 12.455109,
-4.055151 -0.073646 12.303261,
-4.926617 0.921515 11.688812,
-4.816964 -1.308270 12.453987,
-5.130978 -0.351350 11.648209,
-4.055151 -0.073646 12.303261,
-3.843205 -0.957765 13.189522,
-4.816964 -1.308270 12.453987,
-4.055151 -0.073646 12.303261,
-4.808800 -1.770510 13.658089,
-4.816964 -1.308270 12.453987,
-3.843205 -0.957765 13.189522,
-4.120017 -1.687576 13.980812,
-4.808800 -1.770510 13.658089,
-3.843205 -0.957765 13.189522,
-3.339898 -1.195707 13.718399,
-4.120017 -1.687576 13.980812,
-3.843205 -0.957765 13.189522,
-3.335055 -1.469918 14.432693,
-4.120017 -1.687576 13.980812,
-3.339898 -1.195707 13.718399,
-2.696219 -0.845251 14.166229,
-3.335055 -1.469918 14.432693,
-3.339898 -1.195707 13.718399,
-2.568942 -1.405890 14.960228,
-3.335055 -1.469918 14.432693,
-2.696219 -0.845251 14.166229,
-1.972876 -0.761678 14.772057,
-2.568942 -1.405890 14.960228,
-2.696219 -0.845251 14.166229,
-2.004679 -1.168328 15.571632,
-2.568942 -1.405890 14.960228,
-1.972876 -0.761678 14.772057,
-1.492665 -0.338537 15.470337,
-2.004679 -1.168328 15.571632,
-1.972876 -0.761678 14.772057,
-1.605004 0.156305 14.769516,
-1.492665 -0.338537 15.470337,
-1.972876 -0.761678 14.772057,
-1.027917 0.272779 15.586243,
-1.492665 -0.338537 15.470337,
-1.605004 0.156305 14.769516,
-1.083674 0.970905 15.217392,
-1.027917 0.272779 15.586243,
-1.605004 0.156305 14.769516,
-1.405453 0.731479 14.565796,
-1.083674 0.970905 15.217392,
-1.605004 0.156305 14.769516,
-1.100567 1.750132 15.079277,
-1.083674 0.970905 15.217392,
-1.405453 0.731479 14.565796,
-1.678700 1.654942 14.255241,
-1.100567 1.750132 15.079277,
-1.405453 0.731479 14.565796,
-1.631413 2.482855 14.502144,
-1.100567 1.750132 15.079277,
-1.678700 1.654942 14.255241,
-1.062398 2.418375 15.278564,
-1.100567 1.750132 15.079277,
-1.631413 2.482855 14.502144,
-1.336884 3.006860 14.873871,
-1.062398 2.418375 15.278564,
-1.631413 2.482855 14.502144,
-1.843011 3.472536 14.294449,
-1.336884 3.006860 14.873871,
-1.631413 2.482855 14.502144,
-1.495406 3.946682 15.098175,
-1.336884 3.006860 14.873871,
-1.843011 3.472536 14.294449,
-1.294655 4.165898 14.330299,
-1.495406 3.946682 15.098175,
-1.843011 3.472536 14.294449,
-7.771315 1.840823 12.358704,
-6.768240 2.343021 12.137894,
-7.207741 0.968932 11.966660,
-7.873475 1.088002 12.449593,
-7.771315 1.840823 12.358704,
-7.207741 0.968932 11.966660,
-8.036197 0.504087 12.673470,
-7.873475 1.088002 12.449593,
-7.207741 0.968932 11.966660,
-7.379950 -0.300110 12.119873,
-8.036197 0.504087 12.673470,
-7.207741 0.968932 11.966660,
-6.227028 0.301933 11.459793,
-7.379950 -0.300110 12.119873,
-7.207741 0.968932 11.966660,
-6.159258 -1.076152 11.932693,
-7.379950 -0.300110 12.119873,
-6.227028 0.301933 11.459793,
-7.092446 -1.375604 12.771210,
-7.379950 -0.300110 12.119873,
-6.159258 -1.076152 11.932693,
-5.969887 -1.910313 13.114075,
-7.092446 -1.375604 12.771210,
-6.159258 -1.076152 11.932693,
-7.030285 -1.794298 13.788971,
-7.092446 -1.375604 12.771210,
-5.969887 -1.910313 13.114075,
-5.780573 -2.071690 14.263847,
-7.030285 -1.794298 13.788971,
-5.969887 -1.910313 13.114075,
-7.418440 2.730562 12.026115,
-6.768240 2.343021 12.137894,
-7.771315 1.840823 12.358704,
-6.856217 3.105858 11.980919,
-6.768240 2.343021 12.137894,
-7.418440 2.730562 12.026115,
-7.580357 3.566222 12.091965,
-6.856217 3.105858 11.980919,
-7.418440 2.730562 12.026115,
-6.808928 3.933771 12.227821,
-6.856217 3.105858 11.980919,
-7.580357 3.566222 12.091965,
-6.227150 3.538093 11.927139,
-6.856217 3.105858 11.980919,
-6.808928 3.933771 12.227821,
-6.106507 4.284214 12.093330,
-6.227150 3.538093 11.927139,
-6.808928 3.933771 12.227821,
-5.629567 3.602018 12.027779,
-6.227150 3.538093 11.927139,
-6.106507 4.284214 12.093330,
-5.335078 4.651762 12.229195,
-5.629567 3.602018 12.027779,
-6.106507 4.284214 12.093330,
-4.602189 4.262006 12.229622,
-5.629567 3.602018 12.027779,
-5.335078 4.651762 12.229195,
-4.789402 3.311055 12.073685,
-5.629567 3.602018 12.027779,
-4.602189 4.262006 12.229622,
-4.035176 3.645195 12.619232,
-4.789402 3.311055 12.073685,
-4.602189 4.262006 12.229622,
-3.913945 4.400285 12.643318,
-4.035176 3.645195 12.619232,
-4.602189 4.262006 12.229622,
-3.194371 4.033656 12.966049,
-4.035176 3.645195 12.619232,
-3.913945 4.400285 12.643318,
-3.437442 4.821477 13.167793,
-3.194371 4.033656 12.966049,
-3.913945 4.400285 12.643318,
-3.084309 4.869366 13.677803,
-3.194371 4.033656 12.966049,
-3.437442 4.821477 13.167793,
-2.520003 4.372809 13.840820,
-3.194371 4.033656 12.966049,
-3.084309 4.869366 13.677803,
-2.519959 3.638693 13.392441,
-3.194371 4.033656 12.966049,
-2.520003 4.372809 13.840820,
-1.843011 3.472536 14.294449,
-2.519959 3.638693 13.392441,
-2.520003 4.372809 13.840820,
-1.774716 4.644004 14.389084,
-1.843011 3.472536 14.294449,
-2.520003 4.372809 13.840820,
-4.667048 -2.436817 15.102745,
-5.780573 -2.071690 14.263847,
-4.959301 -2.216806 14.419815,
-3.983109 -2.079673 14.711166,
-4.667048 -2.436817 15.102745,
-4.959301 -2.216806 14.419815,
-3.870770 -2.574517 15.411987,
-4.667048 -2.436817 15.102745,
-3.983109 -2.079673 14.711166,
-3.232173 -1.931686 15.097740,
-3.870770 -2.574517 15.411987,
-3.983109 -2.079673 14.711166,
-3.227330 -2.205897 15.812042,
-3.870770 -2.574517 15.411987,
-3.232173 -1.931686 15.097740,
-2.456603 -1.900734 15.661049,
-3.227330 -2.205897 15.812042,
-3.232173 -1.931686 15.097740,
-2.773034 -2.242119 16.085716,
-3.227330 -2.205897 15.812042,
-2.456603 -1.900734 15.661049,
-2.601651 -1.942477 16.489990,
-2.773034 -2.242119 16.085716,
-2.456603 -1.900734 15.661049,
-2.042233 -1.430704 16.387100,
-2.601651 -1.942477 16.489990,
-2.456603 -1.900734 15.661049,
-2.197085 -1.869871 17.225502,
-2.601651 -1.942477 16.489990,
-2.042233 -1.430704 16.387100,
-1.745162 -1.137465 17.136093,
-2.197085 -1.869871 17.225502,
-2.042233 -1.430704 16.387100,
-1.610020 -0.743654 16.301849,
-1.745162 -1.137465 17.136093,
-2.042233 -1.430704 16.387100,
-0.946971 -0.382141 16.875580,
-1.745162 -1.137465 17.136093,
-1.610020 -0.743654 16.301849,
-0.993920 -0.179255 16.175430,
-0.946971 -0.382141 16.875580,
-1.610020 -0.743654 16.301849,
-0.250439 0.276558 16.822662,
-0.946971 -0.382141 16.875580,
-0.993920 -0.179255 16.175430,
-0.486827 0.456488 16.060333,
-0.250439 0.276558 16.822662,
-0.993920 -0.179255 16.175430,
0.310956 0.468077 16.371735,
-0.250439 0.276558 16.822662,
-0.486827 0.456488 16.060333,
0.220285 0.867487 15.806076,
0.310956 0.468077 16.371735,
-0.486827 0.456488 16.060333,
-0.445471 1.135647 15.605980,
0.220285 0.867487 15.806076,
-0.486827 0.456488 16.060333,
0.187835 1.527330 15.579643,
0.220285 0.867487 15.806076,
-0.445471 1.135647 15.605980,
-0.559968 1.943824 15.549934,
0.187835 1.527330 15.579643,
-0.445471 1.135647 15.605980,
0.226005 2.195574 15.778931,
0.187835 1.527330 15.579643,
-0.559968 1.943824 15.549934,
-0.363370 2.572978 16.034622,
0.226005 2.195574 15.778931,
-0.559968 1.943824 15.549934,
0.320216 2.616969 16.327812,
0.226005 2.195574 15.778931,
-0.363370 2.572978 16.034622,
-0.347611 2.893681 16.787155,
0.320216 2.616969 16.327812,
-0.363370 2.572978 16.034622,
-0.851466 3.361853 16.507477,
-0.347611 2.893681 16.787155,
-0.363370 2.572978 16.034622,
-1.078707 3.094990 15.723122,
-0.851466 3.361853 16.507477,
-0.363370 2.572978 16.034622,
-1.255849 4.035463 15.965088,
-0.851466 3.361853 16.507477,
-1.078707 3.094990 15.723122,
-1.234032 4.138633 16.741997,
-0.851466 3.361853 16.507477,
-1.255849 4.035463 15.965088,
-1.229901 4.795250 16.258293,
-1.234032 4.138633 16.741997,
-1.255849 4.035463 15.965088,
-1.660237 4.709075 15.422691,
-1.229901 4.795250 16.258293,
-1.255849 4.035463 15.965088,
-1.746873 5.385599 15.893784,
-1.229901 4.795250 16.258293,
-1.660237 4.709075 15.422691,
-2.128932 5.248631 15.088905,
-1.746873 5.385599 15.893784,
-1.660237 4.709075 15.422691,
-2.313170 6.032277 15.494507,
-1.746873 5.385599 15.893784,
-2.128932 5.248631 15.088905,
-2.602834 5.785460 14.758095,
-2.313170 6.032277 15.494507,
-2.128932 5.248631 15.088905,
-2.520047 5.106926 14.289207,
-2.602834 5.785460 14.758095,
-2.128932 5.248631 15.088905,
-3.037019 5.697277 13.924698,
-2.602834 5.785460 14.758095,
-2.520047 5.106926 14.289207,
-3.207871 6.201337 14.542656,
-2.602834 5.785460 14.758095,
-3.037019 5.697277 13.924698,
-3.553471 6.072291 13.979950,
-3.207871 6.201337 14.542656,
-3.037019 5.697277 13.924698,
-3.478217 5.474916 13.563759,
-3.553471 6.072291 13.979950,
-3.037019 5.697277 13.924698,
-4.158513 6.488168 13.764511,
-3.553471 6.072291 13.979950,
-3.478217 5.474916 13.563759,
-4.925902 1.869876 12.109276,
-4.926617 0.921515 11.688812,
-6.109738 1.745101 11.741371,
-5.917552 2.773547 11.875000,
-4.925902 1.869876 12.109276,
-6.109738 1.745101 11.741371,
-4.804673 2.624964 12.133369,
-4.925902 1.869876 12.109276,
-5.917552 2.773547 11.875000,
-3.948449 1.182380 12.455109,
-4.926617 0.921515 11.688812,
-4.925902 1.869876 12.109276,
-4.223946 1.923369 12.338562,
-3.948449 1.182380 12.455109,
-4.925902 1.869876 12.109276,
-3.345233 2.184084 12.530869,
-3.948449 1.182380 12.455109,
-4.223946 1.923369 12.338562,
-4.102717 2.678460 12.362648,
-3.345233 2.184084 12.530869,
-4.223946 1.923369 12.338562,
-3.250844 3.044996 12.671204,
-3.345233 2.184084 12.530869,
-4.102717 2.678460 12.362648,
-2.673680 2.314809 13.198723,
-3.345233 2.184084 12.530869,
-3.250844 3.044996 12.671204,
-2.632909 1.661369 12.802757,
-3.345233 2.184084 12.530869,
-2.673680 2.314809 13.198723,
-1.949544 1.854446 13.087685,
-2.632909 1.661369 12.802757,
-2.673680 2.314809 13.198723,
-2.491063 0.546341 13.587112,
-3.111916 -0.642163 13.559692,
-3.298196 -0.074497 13.081688,
-2.244296 -0.112845 14.076813,
-3.111916 -0.642163 13.559692,
-2.491063 0.546341 13.587112,
-1.953461 0.769150 14.159348,
-2.244296 -0.112845 14.076813,
-2.491063 0.546341 13.587112,
-1.943036 1.451049 13.430176,
-1.953461 0.769150 14.159348,
-2.491063 0.546341 13.587112,
-2.677342 1.114006 13.109108,
-1.943036 1.451049 13.430176,
-2.491063 0.546341 13.587112,
-2.632909 1.661369 12.802757,
-1.943036 1.451049 13.430176,
-2.677342 1.114006 13.109108,
-1.949544 1.854446 13.087685,
-1.943036 1.451049 13.430176,
-2.632909 1.661369 12.802757,
-6.842558 -2.107881 15.136742,
-7.709271 -1.888973 14.248161,
-7.030285 -1.794298 13.788971,
-5.780573 -2.071690 14.263847,
-6.842558 -2.107881 15.136742,
-7.030285 -1.794298 13.788971,
-6.098134 -2.517234 15.420578,
-6.842558 -2.107881 15.136742,
-5.780573 -2.071690 14.263847,
-4.667048 -2.436817 15.102745,
-6.098134 -2.517234 15.420578,
-5.780573 -2.071690 14.263847,
-5.425948 -2.561755 15.629799,
-6.098134 -2.517234 15.420578,
-4.667048 -2.436817 15.102745,
-7.392909 4.303840 12.307617,
-7.929974 5.482288 12.841743,
-6.759991 5.557637 12.447693,
-6.807284 4.729725 12.200790,
-7.392909 4.303840 12.307617,
-6.759991 5.557637 12.447693,
-6.027211 5.180261 12.157707,
-6.807284 4.729725 12.200790,
-6.759991 5.557637 12.447693,
-6.013451 5.913329 12.579170,
-6.027211 5.180261 12.157707,
-6.759991 5.557637 12.447693,
-5.289313 5.452965 12.468124,
-6.027211 5.180261 12.157707,
-6.013451 5.913329 12.579170,
-4.651234 5.610117 12.790474,
-5.289313 5.452965 12.468124,
-6.013451 5.913329 12.579170,
-5.376664 6.698819 13.291428,
-4.651234 5.610117 12.790474,
-6.013451 5.913329 12.579170,
-4.692009 6.263556 13.186440,
-4.651234 5.610117 12.790474,
-5.376664 6.698819 13.291428,
-4.042481 5.237354 12.952347,
-4.651234 5.610117 12.790474,
-4.692009 6.263556 13.186440,
-4.158513 6.488168 13.764511,
-4.042481 5.237354 12.952347,
-4.692009 6.263556 13.186440,
-3.478217 5.474916 13.563759,
-4.042481 5.237354 12.952347,
-4.158513 6.488168 13.764511,
-7.974688 4.699517 12.608299,
-7.929974 5.482288 12.841743,
-7.392909 4.303840 12.307617,
-6.886076 7.770020 15.204803,
-7.299443 7.719840 16.542374,
-6.093029 7.924532 16.362129,
-6.234597 7.907696 15.508720,
-6.886076 7.770020 15.204803,
-6.093029 7.924532 16.362129,
-7.433291 7.703922 15.735497,
-7.299443 7.719840 16.542374,
-6.886076 7.770020 15.204803,
-7.118138 7.535711 14.551361,
-7.433291 7.703922 15.735497,
-6.886076 7.770020 15.204803,
-8.162660 7.356415 15.607040,
-7.433291 7.703922 15.735497,
-7.118138 7.535711 14.551361,
-8.133571 3.260583 12.501678,
-7.392909 4.303840 12.307617,
-7.580357 3.566222 12.091965,
-7.418440 2.730562 12.026115,
-8.133571 3.260583 12.501678,
-7.580357 3.566222 12.091965,
-8.133571 3.260583 12.501678,
-9.033505 2.708966 12.701920,
-8.715350 3.656261 12.802361,
-8.814507 4.225169 12.774864,
-8.133571 3.260583 12.501678,
-8.715350 3.656261 12.802361,
-7.974688 4.699517 12.608299,
-8.133571 3.260583 12.501678,
-8.814507 4.225169 12.774864,
   ]
  }
  coordIndex [
0 1 2 -1,
3 4 5 -1,
6 7 8 -1,
9 10 11 -1,
12 13 14 -1,
15 16 17 -1,
18 19 20 -1,
21 22 23 -1,
24 25 26 -1,
27 28 29 -1,
30 31 32 -1,
33 34 35 -1,
36 37 38 -1,
39 40 41 -1,
42 43 44 -1,
45 46 47 -1,
48 49 50 -1,
51 52 53 -1,
54 55 56 -1,
57 58 59 -1,
60 61 62 -1,
63 64 65 -1,
66 67 68 -1,
69 70 71 -1,
72 73 74 -1,
75 76 77 -1,
78 79 80 -1,
81 82 83 -1,
84 85 86 -1,
87 88 89 -1,
90 91 92 -1,
93 94 95 -1,
96 97 98 -1,
99 100 101 -1,
102 103 104 -1,
105 106 107 -1,
108 109 110 -1,
111 112 113 -1,
114 115 116 -1,
117 118 119 -1,
120 121 122 -1,
123 124 125 -1,
126 127 128 -1,
129 130 131 -1,
132 133 134 -1,
135 136 137 -1,
138 139 140 -1,
141 142 143 -1,
144 145 146 -1,
147 148 149 -1,
150 151 152 -1,
153 154 155 -1,
156 157 158 -1,
159 160 161 -1,
162 163 164 -1,
165 166 167 -1,
168 169 170 -1,
171 172 173 -1,
174 175 176 -1,
177 178 179 -1,
180 181 182 -1,
183 184 185 -1,
186 187 188 -1,
189 190 191 -1,
192 193 194 -1,
195 196 197 -1,
198 199 200 -1,
201 202 203 -1,
204 205 206 -1,
207 208 209 -1,
210 211 212 -1,
213 214 215 -1,
216 217 218 -1,
219 220 221 -1,
222 223 224 -1,
225 226 227 -1,
228 229 230 -1,
231 232 233 -1,
234 235 236 -1,
237 238 239 -1,
240 241 242 -1,
243 244 245 -1,
246 247 248 -1,
249 250 251 -1,
252 253 254 -1,
255 256 257 -1,
258 259 260 -1,
261 262 263 -1,
264 265 266 -1,
267 268 269 -1,
270 271 272 -1,
273 274 275 -1,
276 277 278 -1,
279 280 281 -1,
282 283 284 -1,
285 286 287 -1,
288 289 290 -1,
291 292 293 -1,
294 295 296 -1,
297 298 299 -1,
300 301 302 -1,
303 304 305 -1,
306 307 308 -1,
309 310 311 -1,
312 313 314 -1,
315 316 317 -1,
318 319 320 -1,
321 322 323 -1,
324 325 326 -1,
327 328 329 -1,
330 331 332 -1,
333 334 335 -1,
336 337 338 -1,
339 340 341 -1,
342 343 344 -1,
345 346 347 -1,
348 349 350 -1,
351 352 353 -1,
354 355 356 -1,
357 358 359 -1,
360 361 362 -1,
363 364 365 -1,
366 367 368 -1,
369 370 371 -1,
372 373 374 -1,
375 376 377 -1,
378 379 380 -1,
381 382 383 -1,
384 385 386 -1,
387 388 389 -1,
390 391 392 -1,
393 394 395 -1,
396 397 398 -1,
399 400 401 -1,
402 403 404 -1,
405 406 407 -1,
408 409 410 -1,
411 412 413 -1,
414 415 416 -1,
417 418 419 -1,
420 421 422 -1,
423 424 425 -1,
426 427 428 -1,
429 430 431 -1,
432 433 434 -1,
435 436 437 -1,
438 439 440 -1,
441 442 443 -1,
444 445 446 -1,
447 448 449 -1,
450 451 452 -1,
453 454 455 -1,
456 457 458 -1,
459 460 461 -1,
462 463 464 -1,
465 466 467 -1,
468 469 470 -1,
471 472 473 -1,
474 475 476 -1,
477 478 479 -1,
480 481 482 -1,
483 484 485 -1,
486 487 488 -1,
489 490 491 -1,
492 493 494 -1,
495 496 497 -1,
498 499 500 -1,
501 502 503 -1,
504 505 506 -1,
507 508 509 -1,
510 511 512 -1,
513 514 515 -1,
516 517 518 -1,
519 520 521 -1,
522 523 524 -1,
525 526 527 -1,
528 529 530 -1,
531 532 533 -1,
534 535 536 -1,
537 538 539 -1,
540 541 542 -1,
543 544 545 -1,
546 547 548 -1,
549 550 551 -1,
552 553 554 -1,
555 556 557 -1,
558 559 560 -1,
561 562 563 -1,
564 565 566 -1,
567 568 569 -1,
570 571 572 -1,
573 574 575 -1,
576 577 578 -1,
579 580 581 -1,
582 583 584 -1,
585 586 587 -1,
588 589 590 -1,
591 592 593 -1,
594 595 596 -1,
597 598 599 -1,
600 601 602 -1,
603 604 605 -1,
606 607 608 -1,
609 610 611 -1,
612 613 614 -1,
615 616 617 -1,
618 619 620 -1,
621 622 623 -1,
624 625 626 -1,
627 628 629 -1,
630 631 632 -1,
633 634 635 -1,
636 637 638 -1,
639 640 641 -1,
642 643 644 -1,
645 646 647 -1,
648 649 650 -1,
651 652 653 -1,
654 655 656 -1,
657 658 659 -1,
660 661 662 -1,
663 664 665 -1,
666 667 668 -1,
669 670 671 -1,
672 673 674 -1,
675 676 677 -1,
678 679 680 -1,
681 682 683 -1,
684 685 686 -1,
687 688 689 -1,
690 691 692 -1,
693 694 695 -1,
696 697 698 -1,
699 700 701 -1,
702 703 704 -1,
705 706 707 -1,
708 709 710 -1,
711 712 713 -1,
714 715 716 -1,
717 718 719 -1,
720 721 722 -1,
723 724 725 -1,
726 727 728 -1,
729 730 731 -1,
732 733 734 -1,
735 736 737 -1,
738 739 740 -1,
741 742 743 -1,
744 745 746 -1,
747 748 749 -1,
750 751 752 -1,
753 754 755 -1,
756 757 758 -1,
759 760 761 -1,
762 763 764 -1,
765 766 767 -1,
768 769 770 -1,
771 772 773 -1,
774 775 776 -1,
777 778 779 -1,
780 781 782 -1,
783 784 785 -1,
786 787 788 -1,
789 790 791 -1,
792 793 794 -1,
795 796 797 -1,
798 799 800 -1,
801 802 803 -1,
804 805 806 -1,
807 808 809 -1,
810 811 812 -1,
813 814 815 -1,
816 817 818 -1,
819 820 821 -1,
822 823 824 -1,
825 826 827 -1,
828 829 830 -1,
831 832 833 -1,
834 835 836 -1,
837 838 839 -1,
840 841 842 -1,
843 844 845 -1,
846 847 848 -1,
849 850 851 -1,
852 853 854 -1,
855 856 857 -1,
858 859 860 -1,
861 862 863 -1,
864 865 866 -1,
867 868 869 -1,
870 871 872 -1,
873 874 875 -1,
876 877 878 -1,
879 880 881 -1,
882 883 884 -1,
885 886 887 -1,
888 889 890 -1,
891 892 893 -1,
894 895 896 -1,
897 898 899 -1,
900 901 902 -1,
903 904 905 -1,
906 907 908 -1,
909 910 911 -1,
912 913 914 -1,
915 916 917 -1,
918 919 920 -1,
921 922 923 -1,
924 925 926 -1,
927 928 929 -1,
930 931 932 -1,
933 934 935 -1,
936 937 938 -1,
939 940 941 -1,
942 943 944 -1,
945 946 947 -1,
948 949 950 -1,
951 952 953 -1,
954 955 956 -1,
957 958 959 -1,
960 961 962 -1,
963 964 965 -1,
966 967 968 -1,
969 970 971 -1,
972 973 974 -1,
975 976 977 -1,
978 979 980 -1,
981 982 983 -1,
984 985 986 -1,
987 988 989 -1,
990 991 992 -1,
993 994 995 -1,
996 997 998 -1,
999 1000 1001 -1,
1002 1003 1004 -1,
1005 1006 1007 -1,
1008 1009 1010 -1,
1011 1012 1013 -1,
1014 1015 1016 -1,
1017 1018 1019 -1,
1020 1021 1022 -1,
1023 1024 1025 -1,
1026 1027 1028 -1,
1029 1030 1031 -1,
1032 1033 1034 -1,
1035 1036 1037 -1,
1038 1039 1040 -1,
1041 1042 1043 -1,
1044 1045 1046 -1,
1047 1048 1049 -1,
1050 1051 1052 -1,
1053 1054 1055 -1,
1056 1057 1058 -1,
1059 1060 1061 -1,
1062 1063 1064 -1,
1065 1066 1067 -1,
1068 1069 1070 -1,
1071 1072 1073 -1,
1074 1075 1076 -1,
1077 1078 1079 -1,
1080 1081 1082 -1,
1083 1084 1085 -1,
1086 1087 1088 -1,
1089 1090 1091 -1,
1092 1093 1094 -1,
1095 1096 1097 -1,
1098 1099 1100 -1,
1101 1102 1103 -1,
1104 1105 1106 -1,
1107 1108 1109 -1,
1110 1111 1112 -1,
1113 1114 1115 -1,
1116 1117 1118 -1,
1119 1120 1121 -1,
1122 1123 1124 -1,
1125 1126 1127 -1,
1128 1129 1130 -1,
1131 1132 1133 -1,
1134 1135 1136 -1,
1137 1138 1139 -1,
1140 1141 1142 -1,
1143 1144 1145 -1,
1146 1147 1148 -1,
1149 1150 1151 -1,
1152 1153 1154 -1,
1155 1156 1157 -1,
1158 1159 1160 -1,
1161 1162 1163 -1,
1164 1165 1166 -1,
1167 1168 1169 -1,
1170 1171 1172 -1,
1173 1174 1175 -1,
1176 1177 1178 -1,
1179 1180 1181 -1,
1182 1183 1184 -1,
1185 1186 1187 -1,
1188 1189 1190 -1,
1191 1192 1193 -1,
1194 1195 1196 -1,
1197 1198 1199 -1,
1200 1201 1202 -1,
1203 1204 1205 -1,
1206 1207 1208 -1,
1209 1210 1211 -1,
1212 1213 1214 -1,
1215 1216 1217 -1,
1218 1219 1220 -1,
1221 1222 1223 -1,
1224 1225 1226 -1,
1227 1228 1229 -1,
1230 1231 1232 -1,
1233 1234 1235 -1,
1236 1237 1238 -1,
1239 1240 1241 -1,
1242 1243 1244 -1,
1245 1246 1247 -1,
1248 1249 1250 -1,
1251 1252 1253 -1,
1254 1255 1256 -1,
1257 1258 1259 -1,
1260 1261 1262 -1,
1263 1264 1265 -1,
1266 1267 1268 -1,
1269 1270 1271 -1,
1272 1273 1274 -1,
1275 1276 1277 -1,
1278 1279 1280 -1,
1281 1282 1283 -1,
1284 1285 1286 -1,
1287 1288 1289 -1,
1290 1291 1292 -1,
1293 1294 1295 -1,
1296 1297 1298 -1,
1299 1300 1301 -1,
1302 1303 1304 -1,
1305 1306 1307 -1,
1308 1309 1310 -1,
1311 1312 1313 -1,
1314 1315 1316 -1,
1317 1318 1319 -1,
1320 1321 1322 -1,
1323 1324 1325 -1,
1326 1327 1328 -1,
1329 1330 1331 -1,
1332 1333 1334 -1,
1335 1336 1337 -1,
1338 1339 1340 -1,
1341 1342 1343 -1,
1344 1345 1346 -1,
1347 1348 1349 -1,
1350 1351 1352 -1,
1353 1354 1355 -1,
1356 1357 1358 -1,
1359 1360 1361 -1,
1362 1363 1364 -1,
1365 1366 1367 -1,
1368 1369 1370 -1,
1371 1372 1373 -1,
1374 1375 1376 -1,
1377 1378 1379 -1,
1380 1381 1382 -1,
1383 1384 1385 -1,
1386 1387 1388 -1,
1389 1390 1391 -1,
1392 1393 1394 -1,
1395 1396 1397 -1,
1398 1399 1400 -1,
1401 1402 1403 -1,
1404 1405 1406 -1,
1407 1408 1409 -1,
1410 1411 1412 -1,
1413 1414 1415 -1,
1416 1417 1418 -1,
1419 1420 1421 -1,
1422 1423 1424 -1,
1425 1426 1427 -1,
1428 1429 1430 -1,
1431 1432 1433 -1,
1434 1435 1436 -1,
1437 1438 1439 -1,
1440 1441 1442 -1,
1443 1444 1445 -1,
1446 1447 1448 -1,
1449 1450 1451 -1,
1452 1453 1454 -1,
1455 1456 1457 -1,
1458 1459 1460 -1,
1461 1462 1463 -1,
1464 1465 1466 -1,
1467 1468 1469 -1,
1470 1471 1472 -1,
1473 1474 1475 -1,
1476 1477 1478 -1,
1479 1480 1481 -1,
1482 1483 1484 -1,
1485 1486 1487 -1,
1488 1489 1490 -1,
1491 1492 1493 -1,
1494 1495 1496 -1,
1497 1498 1499 -1,
1500 1501 1502 -1,
1503 1504 1505 -1,
1506 1507 1508 -1,
1509 1510 1511 -1,
1512 1513 1514 -1,
1515 1516 1517 -1,
1518 1519 1520 -1,
1521 1522 1523 -1,
1524 1525 1526 -1,
1527 1528 1529 -1,
1530 1531 1532 -1,
1533 1534 1535 -1,
1536 1537 1538 -1,
1539 1540 1541 -1,
1542 1543 1544 -1,
1545 1546 1547 -1,
1548 1549 1550 -1,
1551 1552 1553 -1,
1554 1555 1556 -1,
1557 1558 1559 -1,
1560 1561 1562 -1,
1563 1564 1565 -1,
1566 1567 1568 -1,
1569 1570 1571 -1,
1572 1573 1574 -1,
1575 1576 1577 -1,
1578 1579 1580 -1,
1581 1582 1583 -1,
1584 1585 1586 -1,
1587 1588 1589 -1,
1590 1591 1592 -1,
1593 1594 1595 -1,
1596 1597 1598 -1,
1599 1600 1601 -1,
1602 1603 1604 -1,
1605 1606 1607 -1,
1608 1609 1610 -1,
1611 1612 1613 -1,
1614 1615 1616 -1,
1617 1618 1619 -1,
1620 1621 1622 -1,
1623 1624 1625 -1,
1626 1627 1628 -1,
1629 1630 1631 -1,
1632 1633 1634 -1,
1635 1636 1637 -1,
1638 1639 1640 -1,
1641 1642 1643 -1,
1644 1645 1646 -1,
1647 1648 1649 -1,
1650 1651 1652 -1,
1653 1654 1655 -1,
1656 1657 1658 -1,
1659 1660 1661 -1,
1662 1663 1664 -1,
1665 1666 1667 -1,
1668 1669 1670 -1,
1671 1672 1673 -1,
1674 1675 1676 -1,
1677 1678 1679 -1,
1680 1681 1682 -1,
1683 1684 1685 -1,
1686 1687 1688 -1,
1689 1690 1691 -1,
1692 1693 1694 -1,
1695 1696 1697 -1,
1698 1699 1700 -1,
1701 1702 1703 -1,
1704 1705 1706 -1,
1707 1708 1709 -1,
1710 1711 1712 -1,
1713 1714 1715 -1,
1716 1717 1718 -1,
1719 1720 1721 -1,
1722 1723 1724 -1,
1725 1726 1727 -1,
1728 1729 1730 -1,
1731 1732 1733 -1,
1734 1735 1736 -1,
1737 1738 1739 -1,
1740 1741 1742 -1,
1743 1744 1745 -1,
1746 1747 1748 -1,
1749 1750 1751 -1,
1752 1753 1754 -1,
1755 1756 1757 -1,
1758 1759 1760 -1,
1761 1762 1763 -1,
1764 1765 1766 -1,
1767 1768 1769 -1,
1770 1771 1772 -1,
1773 1774 1775 -1,
1776 1777 1778 -1,
1779 1780 1781 -1,
1782 1783 1784 -1,
1785 1786 1787 -1,
1788 1789 1790 -1,
1791 1792 1793 -1,
1794 1795 1796 -1,
1797 1798 1799 -1,
1800 1801 1802 -1,
1803 1804 1805 -1,
1806 1807 1808 -1,
1809 1810 1811 -1,
1812 1813 1814 -1,
1815 1816 1817 -1,
1818 1819 1820 -1,
1821 1822 1823 -1,
1824 1825 1826 -1,
1827 1828 1829 -1,
1830 1831 1832 -1,
1833 1834 1835 -1,
1836 1837 1838 -1,
1839 1840 1841 -1,
1842 1843 1844 -1,
1845 1846 1847 -1,
1848 1849 1850 -1,
1851 1852 1853 -1,
1854 1855 1856 -1,
1857 1858 1859 -1,
1860 1861 1862 -1,
1863 1864 1865 -1,
1866 1867 1868 -1,
1869 1870 1871 -1,
1872 1873 1874 -1,
1875 1876 1877 -1,
1878 1879 1880 -1,
1881 1882 1883 -1,
1884 1885 1886 -1,
1887 1888 1889 -1,
1890 1891 1892 -1,
1893 1894 1895 -1,
1896 1897 1898 -1,
1899 1900 1901 -1,
1902 1903 1904 -1,
1905 1906 1907 -1,
1908 1909 1910 -1,
1911 1912 1913 -1,
1914 1915 1916 -1,
1917 1918 1919 -1,
1920 1921 1922 -1,
1923 1924 1925 -1,
1926 1927 1928 -1,
1929 1930 1931 -1,
1932 1933 1934 -1,
1935 1936 1937 -1,
1938 1939 1940 -1,
1941 1942 1943 -1,
1944 1945 1946 -1,
1947 1948 1949 -1,
1950 1951 1952 -1,
1953 1954 1955 -1,
1956 1957 1958 -1,
1959 1960 1961 -1,
1962 1963 1964 -1,
1965 1966 1967 -1,
1968 1969 1970 -1,
1971 1972 1973 -1,
1974 1975 1976 -1,
1977 1978 1979 -1,
1980 1981 1982 -1,
1983 1984 1985 -1,
1986 1987 1988 -1,
1989 1990 1991 -1,
1992 1993 1994 -1,
1995 1996 1997 -1,
1998 1999 2000 -1,
2001 2002 2003 -1,
2004 2005 2006 -1,
2007 2008 2009 -1,
2010 2011 2012 -1,
2013 2014 2015 -1,
2016 2017 2018 -1,
2019 2020 2021 -1,
2022 2023 2024 -1,
2025 2026 2027 -1,
2028 2029 2030 -1,
2031 2032 2033 -1,
2034 2035 2036 -1,
2037 2038 2039 -1,
2040 2041 2042 -1,
2043 2044 2045 -1,
2046 2047 2048 -1,
2049 2050 2051 -1,
2052 2053 2054 -1,
2055 2056 2057 -1,
2058 2059 2060 -1,
2061 2062 2063 -1,
2064 2065 2066 -1,
2067 2068 2069 -1,
2070 2071 2072 -1,
2073 2074 2075 -1,
2076 2077 2078 -1,
2079 2080 2081 -1,
2082 2083 2084 -1,
2085 2086 2087 -1,
2088 2089 2090 -1,
2091 2092 2093 -1,
2094 2095 2096 -1,
2097 2098 2099 -1,
2100 2101 2102 -1,
2103 2104 2105 -1,
2106 2107 2108 -1,
2109 2110 2111 -1,
2112 2113 2114 -1,
2115 2116 2117 -1,
2118 2119 2120 -1,
2121 2122 2123 -1,
2124 2125 2126 -1,
2127 2128 2129 -1,
2130 2131 2132 -1,
2133 2134 2135 -1,
2136 2137 2138 -1,
2139 2140 2141 -1,
2142 2143 2144 -1,
2145 2146 2147 -1,
2148 2149 2150 -1,
2151 2152 2153 -1,
2154 2155 2156 -1,
2157 2158 2159 -1,
2160 2161 2162 -1,
2163 2164 2165 -1,
2166 2167 2168 -1,
2169 2170 2171 -1,
2172 2173 2174 -1,
2175 2176 2177 -1,
2178 2179 2180 -1,
2181 2182 2183 -1,
2184 2185 2186 -1,
2187 2188 2189 -1,
2190 2191 2192 -1,
2193 2194 2195 -1,
2196 2197 2198 -1,
2199 2200 2201 -1,
2202 2203 2204 -1,
2205 2206 2207 -1,
2208 2209 2210 -1,
2211 2212 2213 -1,
2214 2215 2216 -1,
2217 2218 2219 -1,
2220 2221 2222 -1,
2223 2224 2225 -1,
2226 2227 2228 -1,
2229 2230 2231 -1,
2232 2233 2234 -1,
2235 2236 2237 -1,
2238 2239 2240 -1,
2241 2242 2243 -1,
2244 2245 2246 -1,
2247 2248 2249 -1,
2250 2251 2252 -1,
2253 2254 2255 -1,
2256 2257 2258 -1,
2259 2260 2261 -1,
2262 2263 2264 -1,
2265 2266 2267 -1,
2268 2269 2270 -1,
2271 2272 2273 -1,
2274 2275 2276 -1,
2277 2278 2279 -1,
2280 2281 2282 -1,
2283 2284 2285 -1,
2286 2287 2288 -1,
2289 2290 2291 -1,
2292 2293 2294 -1,
2295 2296 2297 -1,
2298 2299 2300 -1,
2301 2302 2303 -1,
2304 2305 2306 -1,
2307 2308 2309 -1,
2310 2311 2312 -1,
2313 2314 2315 -1,
2316 2317 2318 -1,
2319 2320 2321 -1,
2322 2323 2324 -1,
2325 2326 2327 -1,
2328 2329 2330 -1,
2331 2332 2333 -1,
2334 2335 2336 -1,
2337 2338 2339 -1,
2340 2341 2342 -1,
2343 2344 2345 -1,
2346 2347 2348 -1,
2349 2350 2351 -1,
2352 2353 2354 -1,
2355 2356 2357 -1,
2358 2359 2360 -1,
2361 2362 2363 -1,
2364 2365 2366 -1,
2367 2368 2369 -1,
2370 2371 2372 -1,
2373 2374 2375 -1,
2376 2377 2378 -1,
2379 2380 2381 -1,
2382 2383 2384 -1,
2385 2386 2387 -1,
2388 2389 2390 -1,
2391 2392 2393 -1,
2394 2395 2396 -1,
2397 2398 2399 -1,
2400 2401 2402 -1,
2403 2404 2405 -1,
2406 2407 2408 -1,
2409 2410 2411 -1,
2412 2413 2414 -1,
2415 2416 2417 -1,
2418 2419 2420 -1,
2421 2422 2423 -1,
2424 2425 2426 -1,
2427 2428 2429 -1,
2430 2431 2432 -1,
2433 2434 2435 -1,
2436 2437 2438 -1,
2439 2440 2441 -1,
2442 2443 2444 -1,
2445 2446 2447 -1,
2448 2449 2450 -1,
2451 2452 2453 -1,
2454 2455 2456 -1,
2457 2458 2459 -1,
2460 2461 2462 -1,
2463 2464 2465 -1,
2466 2467 2468 -1,
2469 2470 2471 -1,
2472 2473 2474 -1,
2475 2476 2477 -1,
2478 2479 2480 -1,
2481 2482 2483 -1,
2484 2485 2486 -1,
2487 2488 2489 -1,
2490 2491 2492 -1,
2493 2494 2495 -1,
2496 2497 2498 -1,
2499 2500 2501 -1,
2502 2503 2504 -1,
2505 2506 2507 -1,
2508 2509 2510 -1,
2511 2512 2513 -1,
2514 2515 2516 -1,
2517 2518 2519 -1,
2520 2521 2522 -1,
2523 2524 2525 -1,
2526 2527 2528 -1,
2529 2530 2531 -1,
2532 2533 2534 -1,
2535 2536 2537 -1,
2538 2539 2540 -1,
2541 2542 2543 -1,
2544 2545 2546 -1,
2547 2548 2549 -1,
2550 2551 2552 -1,
2553 2554 2555 -1,
2556 2557 2558 -1,
2559 2560 2561 -1,
2562 2563 2564 -1,
2565 2566 2567 -1,
2568 2569 2570 -1,
2571 2572 2573 -1,
2574 2575 2576 -1,
2577 2578 2579 -1,
2580 2581 2582 -1,
2583 2584 2585 -1,
2586 2587 2588 -1,
2589 2590 2591 -1,
2592 2593 2594 -1,
2595 2596 2597 -1,
2598 2599 2600 -1,
2601 2602 2603 -1,
2604 2605 2606 -1,
2607 2608 2609 -1,
2610 2611 2612 -1,
2613 2614 2615 -1,
2616 2617 2618 -1,
2619 2620 2621 -1,
2622 2623 2624 -1,
2625 2626 2627 -1,
2628 2629 2630 -1,
2631 2632 2633 -1,
2634 2635 2636 -1,
2637 2638 2639 -1,
2640 2641 2642 -1,
2643 2644 2645 -1,
2646 2647 2648 -1,
2649 2650 2651 -1,
2652 2653 2654 -1,
2655 2656 2657 -1,
2658 2659 2660 -1,
2661 2662 2663 -1,
2664 2665 2666 -1,
2667 2668 2669 -1,
2670 2671 2672 -1,
2673 2674 2675 -1,
2676 2677 2678 -1,
2679 2680 2681 -1,
2682 2683 2684 -1,
2685 2686 2687 -1,
2688 2689 2690 -1,
2691 2692 2693 -1,
2694 2695 2696 -1,
2697 2698 2699 -1,
2700 2701 2702 -1,
2703 2704 2705 -1,
2706 2707 2708 -1,
2709 2710 2711 -1,
2712 2713 2714 -1,
2715 2716 2717 -1,
2718 2719 2720 -1,
2721 2722 2723 -1,
2724 2725 2726 -1,
2727 2728 2729 -1,
2730 2731 2732 -1,
2733 2734 2735 -1,
2736 2737 2738 -1,
2739 2740 2741 -1,
2742 2743 2744 -1,
2745 2746 2747 -1,
2748 2749 2750 -1,
2751 2752 2753 -1,
2754 2755 2756 -1,
2757 2758 2759 -1,
2760 2761 2762 -1,
2763 2764 2765 -1,
2766 2767 2768 -1,
2769 2770 2771 -1,
2772 2773 2774 -1,
2775 2776 2777 -1,
2778 2779 2780 -1,
2781 2782 2783 -1,
2784 2785 2786 -1,
2787 2788 2789 -1,
2790 2791 2792 -1,
2793 2794 2795 -1,
2796 2797 2798 -1,
2799 2800 2801 -1,
2802 2803 2804 -1,
2805 2806 2807 -1,
2808 2809 2810 -1,
2811 2812 2813 -1,
2814 2815 2816 -1,
2817 2818 2819 -1,
2820 2821 2822 -1,
2823 2824 2825 -1,
2826 2827 2828 -1,
2829 2830 2831 -1,
2832 2833 2834 -1,
2835 2836 2837 -1,
2838 2839 2840 -1,
2841 2842 2843 -1,
2844 2845 2846 -1,
2847 2848 2849 -1,
2850 2851 2852 -1,
2853 2854 2855 -1,
2856 2857 2858 -1,
2859 2860 2861 -1,
2862 2863 2864 -1,
2865 2866 2867 -1,
2868 2869 2870 -1,
2871 2872 2873 -1,
2874 2875 2876 -1,
2877 2878 2879 -1,
2880 2881 2882 -1,
2883 2884 2885 -1,
2886 2887 2888 -1,
2889 2890 2891 -1,
2892 2893 2894 -1,
2895 2896 2897 -1,
2898 2899 2900 -1,
2901 2902 2903 -1,
2904 2905 2906 -1,
2907 2908 2909 -1,
2910 2911 2912 -1,
2913 2914 2915 -1,
2916 2917 2918 -1,
2919 2920 2921 -1,
2922 2923 2924 -1,
2925 2926 2927 -1,
2928 2929 2930 -1,
2931 2932 2933 -1,
2934 2935 2936 -1,
2937 2938 2939 -1,
2940 2941 2942 -1,
2943 2944 2945 -1,
2946 2947 2948 -1,
2949 2950 2951 -1,
2952 2953 2954 -1,
2955 2956 2957 -1,
2958 2959 2960 -1,
2961 2962 2963 -1,
2964 2965 2966 -1,
2967 2968 2969 -1,
2970 2971 2972 -1,
2973 2974 2975 -1,
2976 2977 2978 -1,
2979 2980 2981 -1,
2982 2983 2984 -1,
2985 2986 2987 -1,
2988 2989 2990 -1,
2991 2992 2993 -1,
2994 2995 2996 -1,
2997 2998 2999 -1,
3000 3001 3002 -1,
3003 3004 3005 -1,
3006 3007 3008 -1,
3009 3010 3011 -1,
3012 3013 3014 -1,
3015 3016 3017 -1,
3018 3019 3020 -1,
3021 3022 3023 -1,
3024 3025 3026 -1,
3027 3028 3029 -1,
3030 3031 3032 -1,
3033 3034 3035 -1,
3036 3037 3038 -1,
3039 3040 3041 -1,
3042 3043 3044 -1,
3045 3046 3047 -1,
3048 3049 3050 -1,
3051 3052 3053 -1,
3054 3055 3056 -1,
3057 3058 3059 -1,
3060 3061 3062 -1,
3063 3064 3065 -1,
3066 3067 3068 -1,
3069 3070 3071 -1,
3072 3073 3074 -1,
3075 3076 3077 -1,
3078 3079 3080 -1,
3081 3082 3083 -1,
3084 3085 3086 -1,
3087 3088 3089 -1,
3090 3091 3092 -1,
3093 3094 3095 -1,
3096 3097 3098 -1,
3099 3100 3101 -1,
3102 3103 3104 -1,
3105 3106 3107 -1,
3108 3109 3110 -1,
3111 3112 3113 -1,
3114 3115 3116 -1,
3117 3118 3119 -1,
3120 3121 3122 -1,
3123 3124 3125 -1,
3126 3127 3128 -1,
3129 3130 3131 -1,
3132 3133 3134 -1,
3135 3136 3137 -1,
3138 3139 3140 -1,
3141 3142 3143 -1,
3144 3145 3146 -1,
3147 3148 3149 -1,
3150 3151 3152 -1,
3153 3154 3155 -1,
3156 3157 3158 -1,
3159 3160 3161 -1,
3162 3163 3164 -1,
3165 3166 3167 -1,
3168 3169 3170 -1,
3171 3172 3173 -1,
3174 3175 3176 -1,
3177 3178 3179 -1,
3180 3181 3182 -1,
3183 3184 3185 -1,
3186 3187 3188 -1,
3189 3190 3191 -1,
3192 3193 3194 -1,
3195 3196 3197 -1,
3198 3199 3200 -1,
3201 3202 3203 -1,
3204 3205 3206 -1,
3207 3208 3209 -1,
3210 3211 3212 -1,
3213 3214 3215 -1,
3216 3217 3218 -1,
3219 3220 3221 -1,
3222 3223 3224 -1,
3225 3226 3227 -1,
3228 3229 3230 -1,
3231 3232 3233 -1,
3234 3235 3236 -1,
3237 3238 3239 -1,
3240 3241 3242 -1,
3243 3244 3245 -1,
3246 3247 3248 -1,
3249 3250 3251 -1,
3252 3253 3254 -1,
3255 3256 3257 -1,
3258 3259 3260 -1,
3261 3262 3263 -1,
3264 3265 3266 -1,
3267 3268 3269 -1,
3270 3271 3272 -1,
3273 3274 3275 -1,
3276 3277 3278 -1,
3279 3280 3281 -1,
3282 3283 3284 -1,
3285 3286 3287 -1,
3288 3289 3290 -1,
3291 3292 3293 -1,
3294 3295 3296 -1,
3297 3298 3299 -1,
3300 3301 3302 -1,
3303 3304 3305 -1,
3306 3307 3308 -1,
3309 3310 3311 -1,
3312 3313 3314 -1,
3315 3316 3317 -1,
3318 3319 3320 -1,
3321 3322 3323 -1,
3324 3325 3326 -1,
3327 3328 3329 -1,
3330 3331 3332 -1,
3333 3334 3335 -1,
3336 3337 3338 -1,
3339 3340 3341 -1,
3342 3343 3344 -1,
3345 3346 3347 -1,
3348 3349 3350 -1,
3351 3352 3353 -1,
3354 3355 3356 -1,
3357 3358 3359 -1,
3360 3361 3362 -1,
3363 3364 3365 -1,
3366 3367 3368 -1,
3369 3370 3371 -1,
3372 3373 3374 -1,
3375 3376 3377 -1,
3378 3379 3380 -1,
3381 3382 3383 -1,
3384 3385 3386 -1,
3387 3388 3389 -1,
3390 3391 3392 -1,
3393 3394 3395 -1,
3396 3397 3398 -1,
3399 3400 3401 -1,
3402 3403 3404 -1,
3405 3406 3407 -1,
3408 3409 3410 -1,
3411 3412 3413 -1,
3414 3415 3416 -1,
3417 3418 3419 -1,
3420 3421 3422 -1,
3423 3424 3425 -1,
3426 3427 3428 -1,
3429 3430 3431 -1,
3432 3433 3434 -1,
3435 3436 3437 -1,
3438 3439 3440 -1,
3441 3442 3443 -1,
3444 3445 3446 -1,
3447 3448 3449 -1,
3450 3451 3452 -1,
3453 3454 3455 -1,
3456 3457 3458 -1,
3459 3460 3461 -1,
3462 3463 3464 -1,
3465 3466 3467 -1,
3468 3469 3470 -1,
3471 3472 3473 -1,
3474 3475 3476 -1,
3477 3478 3479 -1,
3480 3481 3482 -1,
3483 3484 3485 -1,
3486 3487 3488 -1,
3489 3490 3491 -1,
3492 3493 3494 -1,
3495 3496 3497 -1,
  ]
  colorPerVertex TRUE
  color Color {
   color [
0.6510 0.6510 0.6706,
0.6510 0.6510 0.6706,
0.6510 0.6510 0.6706,
0.6510 0.6510 0.6706,
0.6510 0.6510 0.6706,
0.6510 0.6510 0.6706,
0.6510 0.6510 0.6706,
0.6510 0.6510 0.6706,
0.6510 0.6510 0.6706,
0.6510 0.6510 0.6706,
0.6510 0.6510 0.6706,
0.6510 0.6510 0.6706,
0.6510 0.6510 0.6706,
0.6510 0.6510 0.6706,
0.6510 0.6510 0.6706,
0.6510 0.6510 0.6706,
0.6510 0.6510 0.6706,
0.6510 0.6510 0.6706,
0.6510 0.6510 0.6706,
0.6510 0.6510 0.6706,
0.6510 0.6510 0.6706,
0.6510 0.6510 0.6706,
0.6510 0.6510 0.6706,
0.6510 0.6510 0.6706,
0.6510 0.6510 0.6706,
0.6510 0.6510 0.6706,
0.6510 0.6510 0.6706,
0.6510 0.6510 0.6706,
0.6510 0.6510 0.6706,
0.6510 0.6510 0.6706,
0.6510 0.6510 0.6706,
0.6510 0.6510 0.6706,
0.6510 0.6510 0.6706,
0.6510 0.6510 0.6706,
0.6510 0.6510 0.6706,
0.6510 0.6510 0.6706,
0.6510 0.6510 0.6706,
0.6510 0.6510 0.6706,
0.6510 0.6510 0.6706,
0.6510 0.6510 0.6706,
0.6510 0.6510 0.6706,
0.6510 0.6510 0.6706,
0.6510 0.6510 0.6706,
0.6510 0.6510 0.6706,
0.6510 0.6510 0.6706,
0.6510 0.6510 0.6706,
0.6510 0.6510 0.6706,
0.6510 0.6510 0.6706,
0.6510 0.6510 0.6706,
0.6510 0.6510 0.6706,
0.6510 0.6510 0.6706,
0.6510 0.6510 0.6706,
0.6510 0.6510 0.6706,
0.6510 0.6510 0.6706,
0.6510 0.6510 0.6706,
0.6510 0.6510 0.6706,
0.6510 0.6510 0.6706,
0.6510 0.6510 0.6706,
0.6510 0.6510 0.6706,
0.6510 0.6510 0.6706,
0.6510 0.6510 0.6706,
0.6510 0.6510 0.6706,
0.6510 0.6510 0.6706,
0.6510 0.6510 0.6706,
0.6510 0.6510 0.6706,
0.6510 0.6510 0.6706,
0.6510 0.6510 0.6706,
0.6510 0.6510 0.6706,
0.6510 0.6510 0.6706,
0.6510 0.6510 0.6706,
0.6510 0.6510 0.6706,
0.6510 0.6510 0.6706,
0.6510 0.6510 0.6706,
0.6510 0.6510 0.6706,
0.6510 0.6510 0.6706,
0.6510 0.6510 0.6706,
0.6510 0.6510 0.6706,
0.6510 0.6510 0.6706,
0.6510 0.6510 0.6706,
0.6510 0.6510 0.6706,
0.6510 0.6510 0.6706,
0.6510 0.6510 0.6706,
0.6510 0.6510 0.6706,
0.6510 0.6510 0.6706,
0.6510 0.6510 0.6706,
0.6510 0.6510 0.6706,
0.6510 0.6510 0.6706,
0.6510 0.6510 0.6706,
0.6510 0.6510 0.6706,
0.6510 0.6510 0.6706,
0.6510 0.6510 0.6706,
0.6510 0.6510 0.6706,
0.6510 0.6510 0.6706,
0.6510 0.6510 0.6706,
0.6510 0.6510 0.6706,
0.6510 0.6510 0.6706,
0.6510 0.6510 0.6706,
0.6510 0.6510 0.6706,
0.6510 0.6510 0.6706,
0.6510 0.6510 0.6706,
0.6510 0.6510 0.6706,
0.6510 0.6510 0.6706,
0.6510 0.6510 0.6706,
0.6510 0.6510 0.6706,
0.6510 0.6510 0.6706,
0.6510 0.6510 0.6706,
0.6510 0.6510 0.6706,
0.6510 0.6510 0.6706,
0.6510 0.6510 0.6706,
0.6510 0.6510 0.6706,
0.6510 0.6510 0.6706,
0.6510 0.6510 0.6706,
0.6510 0.6510 0.6706,
0.6510 0.6510 0.6706,
0.6510 0.6510 0.6706,
0.6510 0.6510 0.6706,
0.6510 0.6510 0.6706,
0.6510 0.6510 0.6706,
0.6510 0.6510 0.6706,
0.6510 0.6510 0.6706,
0.6510 0.6510 0.6706,
0.6510 0.6510 0.6706,
0.6510 0.6510 0.6706,
0.6510 0.6510 0.6706,
0.6510 0.6510 0.6706,
0.6510 0.6510 0.6706,
0.6510 0.6510 0.6706,
0.6510 0.6510 0.6706,
0.6510 0.6510 0.6706,
0.6510 0.6510 0.6706,
0.6510 0.6510 0.6706,
0.6510 0.6510 0.6706,
0.6510 0.6510 0.6706,
0.6510 0.6510 0.6706,
0.6510 0.6510 0.6706,
0.6510 0.6510 0.6706,
0.6510 0.6510 0.6706,
0.6510 0.6510 0.6706,
0.6510 0.6510 0.6706,
0.6510 0.6510 0.6706,
0.6510 0.6510 0.6706,
0.6510 0.6510 0.6706,
0.6510 0.6510 0.6706,
0.6510 0.6510 0.6706,
0.6510 0.6510 0.6706,
0.6510 0.6510 0.6706,
0.6510 0.6510 0.6706,
0.6510 0.6510 0.6706,
0.6510 0.6510 0.6706,
0.6510 0.6510 0.6706,
0.6510 0.6510 0.6706,
0.6510 0.6510 0.6706,
0.6510 0.6510 0.6706,
0.6510 0.6510 0.6706,
0.6510 0.6510 0.6706,
0.6510 0.6510 0.6706,
0.6510 0.6510 0.6706,
0.6510 0.6510 0.6706,
0.6510 0.6510 0.6706,
0.6510 0.6510 0.6706,
0.6510 0.6510 0.6706,
0.6510 0.6510 0.6706,
0.6510 0.6510 0.6706,
0.6510 0.6510 0.6706,
0.6510 0.6510 0.6706,
0.6510 0.6510 0.6706,
0.6510 0.6510 0.6706,
0.6510 0.6510 0.6706,
0.6510 0.6510 0.6706,
0.6510 0.6510 0.6706,
0.6510 0.6510 0.6706,
0.6510 0.6510 0.6706,
0.6510 0.6510 0.6706,
0.6510 0.6510 0.6706,
0.6510 0.6510 0.6706,
0.6510 0.6510 0.6706,
0.6510 0.6510 0.6706,
0.6510 0.6510 0.6706,
0.6510 0.6510 0.6706,
0.6510 0.6510 0.6706,
0.6510 0.6510 0.6706,
0.6510 0.6510 0.6706,
0.6510 0.6510 0.6706,
0.6510 0.6510 0.6706,
0.6510 0.6510 0.6706,
0.6510 0.6510 0.6706,
0.6510 0.6510 0.6706,
0.6510 0.6510 0.6706,
0.6510 0.6510 0.6706,
0.6510 0.6510 0.6706,
0.6510 0.6510 0.6706,
0.6510 0.6510 0.6706,
0.6510 0.6510 0.6706,
0.6510 0.6510 0.6706,
0.6510 0.6510 0.6706,
0.6510 0.6510 0.6706,
0.6510 0.6510 0.6706,
0.6510 0.6510 0.6706,
0.6510 0.6510 0.6706,
0.6510 0.6510 0.6706,
0.6510 0.6510 0.6706,
0.6510 0.6510 0.6706,
0.6510 0.6510 0.6706,
0.6510 0.6510 0.6706,
0.6510 0.6510 0.6706,
0.6510 0.6510 0.6706,
0.6510 0.6510 0.6706,
0.6510 0.6510 0.6706,
0.6510 0.6510 0.6706,
0.6510 0.6510 0.6706,
0.6510 0.6510 0.6706,
0.6510 0.6510 0.6706,
0.6510 0.6510 0.6706,
0.6510 0.6510 0.6706,
0.6510 0.6510 0.6706,
0.6510 0.6510 0.6706,
0.6510 0.6510 0.6706,
0.6510 0.6510 0.6706,
0.6510 0.6510 0.6706,
0.6510 0.6510 0.6706,
0.6510 0.6510 0.6706,
0.6510 0.6510 0.6706,
0.6510 0.6510 0.6706,
0.6510 0.6510 0.6706,
0.6510 0.6510 0.6706,
0.6510 0.6510 0.6706,
0.6510 0.6510 0.6706,
0.6510 0.6510 0.6706,
0.6510 0.6510 0.6706,
0.6510 0.6510 0.6706,
0.6510 0.6510 0.6706,
0.6510 0.6510 0.6706,
0.6510 0.6510 0.6706,
0.6510 0.6510 0.6706,
0.6510 0.6510 0.6706,
0.6510 0.6510 0.6706,
0.6510 0.6510 0.6706,
0.6510 0.6510 0.6706,
0.6510 0.6510 0.6706,
0.6510 0.6510 0.6706,
0.6510 0.6510 0.6706,
0.6510 0.6510 0.6706,
0.6510 0.6510 0.6706,
0.6510 0.6510 0.6706,
0.6510 0.6510 0.6706,
0.6510 0.6510 0.6706,
0.6510 0.6510 0.6706,
0.6510 0.6510 0.6706,
0.6510 0.6510 0.6706,
0.6510 0.6510 0.6706,
0.6510 0.6510 0.6706,
0.6510 0.6510 0.6706,
0.6510 0.6510 0.6706,
0.6510 0.6510 0.6706,
0.6510 0.6510 0.6706,
0.6510 0.6510 0.6706,
0.6510 0.6510 0.6706,
0.6510 0.6510 0.6706,
0.6510 0.6510 0.6706,
0.6510 0.6510 0.6706,
0.6510 0.6510 0.6706,
0.6510 0.6510 0.6706,
0.6510 0.6510 0.6706,
0.6510 0.6510 0.6706,
0.6510 0.6510 0.6706,
0.6510 0.6510 0.6706,
0.6510 0.6510 0.6706,
0.6510 0.6510 0.6706,
0.6510 0.6510 0.6706,
0.6510 0.6510 0.6706,
0.6510 0.6510 0.6706,
0.6510 0.6510 0.6706,
0.6510 0.6510 0.6706,
0.6510 0.6510 0.6706,
0.6510 0.6510 0.6706,
0.6510 0.6510 0.6706,
0.6510 0.6510 0.6706,
0.6510 0.6510 0.6706,
0.6510 0.6510 0.6706,
0.6510 0.6510 0.6706,
0.6510 0.6510 0.6706,
0.6510 0.6510 0.6706,
0.6510 0.6510 0.6706,
0.6510 0.6510 0.6706,
0.6510 0.6510 0.6706,
0.6510 0.6510 0.6706,
0.6510 0.6510 0.6706,
0.6510 0.6510 0.6706,
0.6510 0.6510 0.6706,
0.6510 0.6510 0.6706,
0.6510 0.6510 0.6706,
0.6510 0.6510 0.6706,
0.6510 0.6510 0.6706,
0.6510 0.6510 0.6706,
0.6510 0.6510 0.6706,
0.6510 0.6510 0.6706,
0.6510 0.6510 0.6706,
0.6510 0.6510 0.6706,
0.6510 0.6510 0.6706,
0.6510 0.6510 0.6706,
0.6510 0.6510 0.6706,
0.6510 0.6510 0.6706,
0.6510 0.6510 0.6706,
0.6510 0.6510 0.6706,
0.6510 0.6510 0.6706,
0.6510 0.6510 0.6706,
0.6510 0.6510 0.6706,
0.6510 0.6510 0.6706,
0.6510 0.6510 0.6706,
0.6510 0.6510 0.6706,
0.6510 0.6510 0.6706,
0.6510 0.6510 0.6706,
0.6510 0.6510 0.6706,
0.6510 0.6510 0.6706,
0.6510 0.6510 0.6706,
0.6510 0.6510 0.6706,
0.6510 0.6510 0.6706,
0.6510 0.6510 0.6706,
0.6510 0.6510 0.6706,
0.6510 0.6510 0.6706,
0.6510 0.6510 0.6706,
0.6510 0.6510 0.6706,
0.6510 0.6510 0.6706,
0.6510 0.6510 0.6706,
0.6510 0.6510 0.6706,
0.6510 0.6510 0.6706,
0.6510 0.6510 0.6706,
0.6510 0.6510 0.6706,
0.6510 0.6510 0.6706,
0.6510 0.6510 0.6706,
0.6510 0.6510 0.6706,
0.6510 0.6510 0.6706,
0.6510 0.6510 0.6706,
0.6510 0.6510 0.6706,
0.6510 0.6510 0.6706,
0.6510 0.6510 0.6706,
0.6510 0.6510 0.6706,
0.6510 0.6510 0.6706,
0.6510 0.6510 0.6706,
0.6510 0.6510 0.6706,
0.6510 0.6510 0.6706,
0.6510 0.6510 0.6706,
0.6510 0.6510 0.6706,
0.6510 0.6510 0.6706,
0.6510 0.6510 0.6706,
0.6510 0.6510 0.6706,
0.6510 0.6510 0.6706,
0.6510 0.6510 0.6706,
0.6510 0.6510 0.6706,
0.6510 0.6510 0.6706,
0.6510 0.6510 0.6706,
0.6510 0.6510 0.6706,
0.6510 0.6510 0.6706,
0.6510 0.6510 0.6706,
0.6510 0.6510 0.6706,
0.6510 0.6510 0.6706,
0.6510 0.6510 0.6706,
0.6510 0.6510 0.6706,
0.6510 0.6510 0.6706,
0.6510 0.6510 0.6706,
0.6510 0.6510 0.6706,
0.6510 0.6510 0.6706,
0.6510 0.6510 0.6706,
0.6510 0.6510 0.6706,
0.6510 0.6510 0.6706,
0.6510 0.6510 0.6706,
0.6510 0.6510 0.6706,
0.6510 0.6510 0.6706,
0.6510 0.6510 0.6706,
0.6510 0.6510 0.6706,
0.6510 0.6510 0.6706,
0.6510 0.6510 0.6706,
0.6510 0.6510 0.6706,
0.6510 0.6510 0.6706,
0.6510 0.6510 0.6706,
0.6510 0.6510 0.6706,
0.6510 0.6510 0.6706,
0.6510 0.6510 0.6706,
0.6510 0.6510 0.6706,
0.6510 0.6510 0.6706,
0.6510 0.6510 0.6706,
0.6510 0.6510 0.6706,
0.6510 0.6510 0.6706,
0.6510 0.6510 0.6706,
0.6510 0.6510 0.6706,
0.6510 0.6510 0.6706,
0.6510 0.6510 0.6706,
0.6510 0.6510 0.6706,
0.6510 0.6510 0.6706,
0.6510 0.6510 0.6706,
0.6510 0.6510 0.6706,
0.6510 0.6510 0.6706,
0.6510 0.6510 0.6706,
0.6510 0.6510 0.6706,
0.6510 0.6510 0.6706,
0.6510 0.6510 0.6706,
0.6510 0.6510 0.6706,
0.6510 0.6510 0.6706,
0.6510 0.6510 0.6706,
0.6510 0.6510 0.6706,
0.6510 0.6510 0.6706,
0.6510 0.6510 0.6706,
0.6510 0.6510 0.6706,
0.6510 0.6510 0.6706,
0.6510 0.6510 0.6706,
0.6510 0.6510 0.6706,
0.6510 0.6510 0.6706,
0.6510 0.6510 0.6706,
0.6510 0.6510 0.6706,
0.6510 0.6510 0.6706,
0.6510 0.6510 0.6706,
0.6510 0.6510 0.6706,
0.6510 0.6510 0.6706,
0.6510 0.6510 0.6706,
0.6510 0.6510 0.6706,
0.6510 0.6510 0.6706,
0.6510 0.6510 0.6706,
0.6510 0.6510 0.6706,
0.6510 0.6510 0.6706,
0.6510 0.6510 0.6706,
0.6510 0.6510 0.6706,
0.6510 0.6510 0.6706,
0.6510 0.6510 0.6706,
0.6510 0.6510 0.6706,
0.6510 0.6510 0.6706,
0.6510 0.6510 0.6706,
0.6510 0.6510 0.6706,
0.6510 0.6510 0.6706,
0.6510 0.6510 0.6706,
0.6510 0.6510 0.6706,
0.6510 0.6510 0.6706,
0.6510 0.6510 0.6706,
0.6510 0.6510 0.6706,
0.6510 0.6510 0.6706,
0.6510 0.6510 0.6706,
0.6510 0.6510 0.6706,
0.6510 0.6510 0.6706,
0.6510 0.6510 0.6706,
0.6510 0.6510 0.6706,
0.6510 0.6510 0.6706,
0.6510 0.6510 0.6706,
0.6510 0.6510 0.6706,
0.6510 0.6510 0.6706,
0.6510 0.6510 0.6706,
0.6510 0.6510 0.6706,
0.6510 0.6510 0.6706,
0.6510 0.6510 0.6706,
0.6510 0.6510 0.6706,
0.6510 0.6510 0.6706,
0.6510 0.6510 0.6706,
0.6510 0.6510 0.6706,
0.6510 0.6510 0.6706,
0.6510 0.6510 0.6706,
0.6510 0.6510 0.6706,
0.6510 0.6510 0.6706,
0.6510 0.6510 0.6706,
0.6510 0.6510 0.6706,
0.6510 0.6510 0.6706,
0.6510 0.6510 0.6706,
0.6510 0.6510 0.6706,
0.6510 0.6510 0.6706,
0.6510 0.6510 0.6706,
0.6510 0.6510 0.6706,
0.6510 0.6510 0.6706,
0.6510 0.6510 0.6706,
0.6510 0.6510 0.6706,
0.6510 0.6510 0.6706,
0.6510 0.6510 0.6706,
0.6510 0.6510 0.6706,
0.6510 0.6510 0.6706,
0.6510 0.6510 0.6706,
0.6510 0.6510 0.6706,
0.6510 0.6510 0.6706,
0.6510 0.6510 0.6706,
0.6510 0.6510 0.6706,
0.6510 0.6510 0.6706,
0.6510 0.6510 0.6706,
0.6510 0.6510 0.6706,
0.6510 0.6510 0.6706,
0.6510 0.6510 0.6706,
0.6510 0.6510 0.6706,
0.6510 0.6510 0.6706,
0.6510 0.6510 0.6706,
0.6510 0.6510 0.6706,
0.6510 0.6510 0.6706,
0.6510 0.6510 0.6706,
0.6510 0.6510 0.6706,
0.6510 0.6510 0.6706,
0.6510 0.6510 0.6706,
0.6510 0.6510 0.6706,
0.6510 0.6510 0.6706,
0.6510 0.6510 0.6706,
0.6510 0.6510 0.6706,
0.6510 0.6510 0.6706,
0.6510 0.6510 0.6706,
0.6510 0.6510 0.6706,
0.6510 0.6510 0.6706,
0.6510 0.6510 0.6706,
0.6510 0.6510 0.6706,
0.6510 0.6510 0.6706,
0.6510 0.6510 0.6706,
0.6510 0.6510 0.6706,
0.6510 0.6510 0.6706,
0.6510 0.6510 0.6706,
0.6510 0.6510 0.6706,
0.6510 0.6510 0.6706,
0.6510 0.6510 0.6706,
0.6510 0.6510 0.6706,
0.6510 0.6510 0.6706,
0.6510 0.6510 0.6706,
0.6510 0.6510 0.6706,
0.6510 0.6510 0.6706,
0.6510 0.6510 0.6706,
0.6510 0.6510 0.6706,
0.6510 0.6510 0.6706,
0.6510 0.6510 0.6706,
0.6510 0.6510 0.6706,
0.6510 0.6510 0.6706,
0.6510 0.6510 0.6706,
0.6510 0.6510 0.6706,
0.6510 0.6510 0.6706,
0.6510 0.6510 0.6706,
0.6510 0.6510 0.6706,
0.6510 0.6510 0.6706,
0.6510 0.6510 0.6706,
0.6510 0.6510 0.6706,
0.6510 0.6510 0.6706,
0.6510 0.6510 0.6706,
0.6510 0.6510 0.6706,
0.6510 0.6510 0.6706,
0.6510 0.6510 0.6706,
0.6510 0.6510 0.6706,
0.6510 0.6510 0.6706,
0.6510 0.6510 0.6706,
0.6510 0.6510 0.6706,
0.6510 0.6510 0.6706,
0.6510 0.6510 0.6706,
0.6510 0.6510 0.6706,
0.6510 0.6510 0.6706,
0.6510 0.6510 0.6706,
0.6510 0.6510 0.6706,
0.6510 0.6510 0.6706,
0.6510 0.6510 0.6706,
0.6510 0.6510 0.6706,
0.6510 0.6510 0.6706,
0.6510 0.6510 0.6706,
0.6510 0.6510 0.6706,
0.6510 0.6510 0.6706,
0.6510 0.6510 0.6706,
0.6510 0.6510 0.6706,
0.6510 0.6510 0.6706,
0.6510 0.6510 0.6706,
0.6510 0.6510 0.6706,
0.6510 0.6510 0.6706,
0.6510 0.6510 0.6706,
0.6510 0.6510 0.6706,
0.6510 0.6510 0.6706,
0.6510 0.6510 0.6706,
0.6510 0.6510 0.6706,
0.6510 0.6510 0.6706,
0.6510 0.6510 0.6706,
0.6510 0.6510 0.6706,
0.6510 0.6510 0.6706,
0.6510 0.6510 0.6706,
0.6510 0.6510 0.6706,
0.6510 0.6510 0.6706,
0.6510 0.6510 0.6706,
0.6510 0.6510 0.6706,
0.6510 0.6510 0.6706,
0.6510 0.6510 0.6706,
0.6510 0.6510 0.6706,
0.6510 0.6510 0.6706,
0.6510 0.6510 0.6706,
0.6510 0.6510 0.6706,
0.6510 0.6510 0.6706,
0.6510 0.6510 0.6706,
0.6510 0.6510 0.6706,
0.6510 0.6510 0.6706,
0.6510 0.6510 0.6706,
0.6510 0.6510 0.6706,
0.6510 0.6510 0.6706,
0.6510 0.6510 0.6706,
0.6510 0.6510 0.6706,
0.6510 0.6510 0.6706,
0.6510 0.6510 0.6706,
0.6510 0.6510 0.6706,
0.6510 0.6510 0.6706,
0.6510 0.6510 0.6706,
0.6510 0.6510 0.6706,
0.6510 0.6510 0.6706,
0.6510 0.6510 0.6706,
0.6510 0.6510 0.6706,
0.6510 0.6510 0.6706,
0.6510 0.6510 0.6706,
0.6510 0.6510 0.6706,
0.6510 0.6510 0.6706,
0.6510 0.6510 0.6706,
0.6510 0.6510 0.6706,
0.6510 0.6510 0.6706,
0.6510 0.6510 0.6706,
0.6510 0.6510 0.6706,
0.6510 0.6510 0.6706,
0.6510 0.6510 0.6706,
0.6510 0.6510 0.6706,
0.6510 0.6510 0.6706,
0.6510 0.6510 0.6706,
0.6510 0.6510 0.6706,
0.6510 0.6510 0.6706,
0.6510 0.6510 0.6706,
0.6510 0.6510 0.6706,
0.6510 0.6510 0.6706,
0.6510 0.6510 0.6706,
0.6510 0.6510 0.6706,
0.6510 0.6510 0.6706,
0.6510 0.6510 0.6706,
0.6510 0.6510 0.6706,
0.6510 0.6510 0.6706,
0.6510 0.6510 0.6706,
0.6510 0.6510 0.6706,
0.6510 0.6510 0.6706,
0.6510 0.6510 0.6706,
0.6510 0.6510 0.6706,
0.6510 0.6510 0.6706,
0.6510 0.6510 0.6706,
0.6510 0.6510 0.6706,
0.6510 0.6510 0.6706,
0.6510 0.6510 0.6706,
0.6510 0.6510 0.6706,
0.6510 0.6510 0.6706,
0.6510 0.6510 0.6706,
0.6510 0.6510 0.6706,
0.6510 0.6510 0.6706,
0.6510 0.6510 0.6706,
0.6510 0.6510 0.6706,
0.6510 0.6510 0.6706,
0.6510 0.6510 0.6706,
0.6510 0.6510 0.6706,
0.6510 0.6510 0.6706,
0.6510 0.6510 0.6706,
0.6510 0.6510 0.6706,
0.6510 0.6510 0.6706,
0.6510 0.6510 0.6706,
0.6510 0.6510 0.6706,
0.6510 0.6510 0.6706,
0.6510 0.6510 0.6706,
0.6510 0.6510 0.6706,
0.6510 0.6510 0.6706,
0.6510 0.6510 0.6706,
0.6510 0.6510 0.6706,
0.6510 0.6510 0.6706,
0.6510 0.6510 0.6706,
0.6510 0.6510 0.6706,
0.6510 0.6510 0.6706,
0.6510 0.6510 0.6706,
0.6510 0.6510 0.6706,
0.6510 0.6510 0.6706,
0.6510 0.6510 0.6706,
0.6510 0.6510 0.6706,
0.6510 0.6510 0.6706,
0.6510 0.6510 0.6706,
0.6510 0.6510 0.6706,
0.6510 0.6510 0.6706,
0.6510 0.6510 0.6706,
0.6510 0.6510 0.6706,
0.6510 0.6510 0.6706,
0.6510 0.6510 0.6706,
0.6510 0.6510 0.6706,
0.6510 0.6510 0.6706,
0.6510 0.6510 0.6706,
0.6510 0.6510 0.6706,
0.6510 0.6510 0.6706,
0.6510 0.6510 0.6706,
0.6510 0.6510 0.6706,
0.6510 0.6510 0.6706,
0.6510 0.6510 0.6706,
0.6510 0.6510 0.6706,
0.6510 0.6510 0.6706,
0.6510 0.6510 0.6706,
0.6510 0.6510 0.6706,
0.6510 0.6510 0.6706,
0.6510 0.6510 0.6706,
0.6510 0.6510 0.6706,
0.6510 0.6510 0.6706,
0.6510 0.6510 0.6706,
0.6510 0.6510 0.6706,
0.6510 0.6510 0.6706,
0.6510 0.6510 0.6706,
0.6510 0.6510 0.6706,
0.6510 0.6510 0.6706,
0.6510 0.6510 0.6706,
0.6510 0.6510 0.6706,
0.6510 0.6510 0.6706,
0.6510 0.6510 0.6706,
0.6510 0.6510 0.6706,
0.6510 0.6510 0.6706,
0.6510 0.6510 0.6706,
0.6510 0.6510 0.6706,
0.6510 0.6510 0.6706,
0.6510 0.6510 0.6706,
0.6510 0.6510 0.6706,
0.6510 0.6510 0.6706,
0.6510 0.6510 0.6706,
0.6510 0.6510 0.6706,
0.6510 0.6510 0.6706,
0.6510 0.6510 0.6706,
0.6510 0.6510 0.6706,
0.6510 0.6510 0.6706,
0.6510 0.6510 0.6706,
0.6510 0.6510 0.6706,
0.6510 0.6510 0.6706,
0.6510 0.6510 0.6706,
0.6510 0.6510 0.6706,
0.6510 0.6510 0.6706,
0.6510 0.6510 0.6706,
0.6510 0.6510 0.6706,
0.6510 0.6510 0.6706,
0.6510 0.6510 0.6706,
0.6510 0.6510 0.6706,
0.6510 0.6510 0.6706,
0.6510 0.6510 0.6706,
0.6510 0.6510 0.6706,
0.6510 0.6510 0.6706,
0.6510 0.6510 0.6706,
0.6510 0.6510 0.6706,
0.6510 0.6510 0.6706,
0.6510 0.6510 0.6706,
0.6510 0.6510 0.6706,
0.6510 0.6510 0.6706,
0.6510 0.6510 0.6706,
0.6510 0.6510 0.6706,
0.6510 0.6510 0.6706,
0.6510 0.6510 0.6706,
0.6510 0.6510 0.6706,
0.6510 0.6510 0.6706,
0.6510 0.6510 0.6706,
0.6510 0.6510 0.6706,
0.6510 0.6510 0.6706,
0.6510 0.6510 0.6706,
0.6510 0.6510 0.6706,
0.6510 0.6510 0.6706,
0.6510 0.6510 0.6706,
0.6510 0.6510 0.6706,
0.6510 0.6510 0.6706,
0.6510 0.6510 0.6706,
0.6510 0.6510 0.6706,
0.6510 0.6510 0.6706,
0.6510 0.6510 0.6706,
0.6510 0.6510 0.6706,
0.6510 0.6510 0.6706,
0.6510 0.6510 0.6706,
0.6510 0.6510 0.6706,
0.6510 0.6510 0.6706,
0.6510 0.6510 0.6706,
0.6510 0.6510 0.6706,
0.6510 0.6510 0.6706,
0.6510 0.6510 0.6706,
0.6510 0.6510 0.6706,
0.6510 0.6510 0.6706,
0.6510 0.6510 0.6706,
0.6510 0.6510 0.6706,
0.6510 0.6510 0.6706,
0.6510 0.6510 0.6706,
0.6510 0.6510 0.6706,
0.6510 0.6510 0.6706,
0.6510 0.6510 0.6706,
0.6510 0.6510 0.6706,
0.6510 0.6510 0.6706,
0.6510 0.6510 0.6706,
0.6510 0.6510 0.6706,
0.6510 0.6510 0.6706,
0.6510 0.6510 0.6706,
0.6510 0.6510 0.6706,
0.6510 0.6510 0.6706,
0.6510 0.6510 0.6706,
0.6510 0.6510 0.6706,
0.6510 0.6510 0.6706,
0.6510 0.6510 0.6706,
0.6510 0.6510 0.6706,
0.6510 0.6510 0.6706,
0.6510 0.6510 0.6706,
0.6510 0.6510 0.6706,
0.6510 0.6510 0.6706,
0.6510 0.6510 0.6706,
0.6510 0.6510 0.6706,
0.6510 0.6510 0.6706,
0.6510 0.6510 0.6706,
0.6510 0.6510 0.6706,
0.6510 0.6510 0.6706,
0.6510 0.6510 0.6706,
0.6510 0.6510 0.6706,
0.6510 0.6510 0.6706,
0.6510 0.6510 0.6706,
0.6510 0.6510 0.6706,
0.6510 0.6510 0.6706,
0.6510 0.6510 0.6706,
0.6510 0.6510 0.6706,
0.6510 0.6510 0.6706,
0.6510 0.6510 0.6706,
0.6510 0.6510 0.6706,
0.6510 0.6510 0.6706,
0.6510 0.6510 0.6706,
0.6510 0.6510 0.6706,
0.6510 0.6510 0.6706,
0.6510 0.6510 0.6706,
0.6510 0.6510 0.6706,
0.6510 0.6510 0.6706,
0.6510 0.6510 0.6706,
0.6510 0.6510 0.6706,
0.6510 0.6510 0.6706,
0.6510 0.6510 0.6706,
0.6510 0.6510 0.6706,
0.6510 0.6510 0.6706,
0.6510 0.6510 0.6706,
0.6510 0.6510 0.6706,
0.6510 0.6510 0.6706,
0.6510 0.6510 0.6706,
0.6510 0.6510 0.6706,
0.6510 0.6510 0.6706,
0.6510 0.6510 0.6706,
0.6510 0.6510 0.6706,
0.6510 0.6510 0.6706,
0.6510 0.6510 0.6706,
0.6510 0.6510 0.6706,
0.6510 0.6510 0.6706,
0.6510 0.6510 0.6706,
0.6510 0.6510 0.6706,
0.6510 0.6510 0.6706,
0.6510 0.6510 0.6706,
0.6510 0.6510 0.6706,
0.6510 0.6510 0.6706,
0.6510 0.6510 0.6706,
0.6510 0.6510 0.6706,
0.6510 0.6510 0.6706,
0.6510 0.6510 0.6706,
0.6510 0.6510 0.6706,
0.6510 0.6510 0.6706,
0.6510 0.6510 0.6706,
0.6510 0.6510 0.6706,
0.6510 0.6510 0.6706,
0.6510 0.6510 0.6706,
0.6510 0.6510 0.6706,
0.6510 0.6510 0.6706,
0.6510 0.6510 0.6706,
0.6510 0.6510 0.6706,
0.6510 0.6510 0.6706,
0.6510 0.6510 0.6706,
0.6510 0.6510 0.6706,
0.6510 0.6510 0.6706,
0.6510 0.6510 0.6706,
0.6510 0.6510 0.6706,
0.6510 0.6510 0.6706,
0.6510 0.6510 0.6706,
0.6510 0.6510 0.6706,
0.6510 0.6510 0.6706,
0.6510 0.6510 0.6706,
0.6510 0.6510 0.6706,
0.6510 0.6510 0.6706,
0.6510 0.6510 0.6706,
0.6510 0.6510 0.6706,
0.6510 0.6510 0.6706,
0.6510 0.6510 0.6706,
0.6510 0.6510 0.6706,
0.6510 0.6510 0.6706,
0.6510 0.6510 0.6706,
0.6510 0.6510 0.6706,
0.6510 0.6510 0.6706,
0.6510 0.6510 0.6706,
0.6510 0.6510 0.6706,
0.6510 0.6510 0.6706,
0.6510 0.6510 0.6706,
0.6510 0.6510 0.6706,
0.6510 0.6510 0.6706,
0.6510 0.6510 0.6706,
0.6510 0.6510 0.6706,
0.6510 0.6510 0.6706,
0.6510 0.6510 0.6706,
0.6510 0.6510 0.6706,
0.6510 0.6510 0.6706,
0.6510 0.6510 0.6706,
0.6510 0.6510 0.6706,
0.6510 0.6510 0.6706,
0.6510 0.6510 0.6706,
0.6510 0.6510 0.6706,
0.6510 0.6510 0.6706,
0.6510 0.6510 0.6706,
0.6510 0.6510 0.6706,
0.6510 0.6510 0.6706,
0.6510 0.6510 0.6706,
0.6510 0.6510 0.6706,
0.6510 0.6510 0.6706,
0.6510 0.6510 0.6706,
0.6510 0.6510 0.6706,
0.6510 0.6510 0.6706,
0.6510 0.6510 0.6706,
0.6510 0.6510 0.6706,
0.6510 0.6510 0.6706,
0.6510 0.6510 0.6706,
0.6510 0.6510 0.6706,
0.6510 0.6510 0.6706,
0.6510 0.6510 0.6706,
0.6510 0.6510 0.6706,
0.6510 0.6510 0.6706,
0.6510 0.6510 0.6706,
0.6510 0.6510 0.6706,
0.6510 0.6510 0.6706,
0.6510 0.6510 0.6706,
0.6510 0.6510 0.6706,
0.6510 0.6510 0.6706,
0.6510 0.6510 0.6706,
0.6510 0.6510 0.6706,
0.6510 0.6510 0.6706,
0.6510 0.6510 0.6706,
0.6510 0.6510 0.6706,
0.6510 0.6510 0.6706,
0.6510 0.6510 0.6706,
0.6510 0.6510 0.6706,
0.6510 0.6510 0.6706,
0.6510 0.6510 0.6706,
0.6510 0.6510 0.6706,
0.6510 0.6510 0.6706,
0.6510 0.6510 0.6706,
0.6510 0.6510 0.6706,
0.6510 0.6510 0.6706,
0.6510 0.6510 0.6706,
0.6510 0.6510 0.6706,
0.6510 0.6510 0.6706,
0.6510 0.6510 0.6706,
0.6510 0.6510 0.6706,
0.6510 0.6510 0.6706,
0.6510 0.6510 0.6706,
0.6510 0.6510 0.6706,
0.6510 0.6510 0.6706,
0.6510 0.6510 0.6706,
0.6510 0.6510 0.6706,
0.6510 0.6510 0.6706,
0.6510 0.6510 0.6706,
0.6510 0.6510 0.6706,
0.6510 0.6510 0.6706,
0.6510 0.6510 0.6706,
0.6510 0.6510 0.6706,
0.6510 0.6510 0.6706,
0.6510 0.6510 0.6706,
0.6510 0.6510 0.6706,
0.6510 0.6510 0.6706,
0.6510 0.6510 0.6706,
0.6510 0.6510 0.6706,
0.6510 0.6510 0.6706,
0.6510 0.6510 0.6706,
0.6510 0.6510 0.6706,
0.6510 0.6510 0.6706,
0.6510 0.6510 0.6706,
0.6510 0.6510 0.6706,
0.6510 0.6510 0.6706,
0.6510 0.6510 0.6706,
0.6510 0.6510 0.6706,
0.6510 0.6510 0.6706,
0.6510 0.6510 0.6706,
0.6510 0.6510 0.6706,
0.6510 0.6510 0.6706,
0.6510 0.6510 0.6706,
0.6510 0.6510 0.6706,
0.6510 0.6510 0.6706,
0.6510 0.6510 0.6706,
0.6510 0.6510 0.6706,
0.6510 0.6510 0.6706,
0.6510 0.6510 0.6706,
0.6510 0.6510 0.6706,
0.6510 0.6510 0.6706,
0.6510 0.6510 0.6706,
0.6510 0.6510 0.6706,
0.6510 0.6510 0.6706,
0.6510 0.6510 0.6706,
0.6510 0.6510 0.6706,
0.6510 0.6510 0.6706,
0.6510 0.6510 0.6706,
0.6510 0.6510 0.6706,
0.6510 0.6510 0.6706,
0.6510 0.6510 0.6706,
0.6510 0.6510 0.6706,
0.6510 0.6510 0.6706,
0.6510 0.6510 0.6706,
0.6510 0.6510 0.6706,
0.6510 0.6510 0.6706,
0.6510 0.6510 0.6706,
0.6510 0.6510 0.6706,
0.6510 0.6510 0.6706,
0.6510 0.6510 0.6706,
0.6510 0.6510 0.6706,
0.6510 0.6510 0.6706,
0.6510 0.6510 0.6706,
0.6510 0.6510 0.6706,
0.6510 0.6510 0.6706,
0.6510 0.6510 0.6706,
0.6510 0.6510 0.6706,
0.6510 0.6510 0.6706,
0.6510 0.6510 0.6706,
0.6510 0.6510 0.6706,
0.6510 0.6510 0.6706,
0.6510 0.6510 0.6706,
0.6510 0.6510 0.6706,
0.6510 0.6510 0.6706,
0.6510 0.6510 0.6706,
0.6510 0.6510 0.6706,
0.6510 0.6510 0.6706,
0.6510 0.6510 0.6706,
0.6510 0.6510 0.6706,
0.6510 0.6510 0.6706,
0.6510 0.6510 0.6706,
0.6510 0.6510 0.6706,
0.6510 0.6510 0.6706,
0.6510 0.6510 0.6706,
0.6510 0.6510 0.6706,
0.6510 0.6510 0.6706,
0.6510 0.6510 0.6706,
0.6510 0.6510 0.6706,
0.6510 0.6510 0.6706,
0.6510 0.6510 0.6706,
0.6510 0.6510 0.6706,
0.6510 0.6510 0.6706,
0.6510 0.6510 0.6706,
0.6510 0.6510 0.6706,
0.6510 0.6510 0.6706,
0.6510 0.6510 0.6706,
0.6510 0.6510 0.6706,
0.6510 0.6510 0.6706,
0.6510 0.6510 0.6706,
0.6510 0.6510 0.6706,
0.6510 0.6510 0.6706,
0.6510 0.6510 0.6706,
0.6510 0.6510 0.6706,
0.6510 0.6510 0.6706,
0.6510 0.6510 0.6706,
0.6510 0.6510 0.6706,
0.6510 0.6510 0.6706,
0.6510 0.6510 0.6706,
0.6510 0.6510 0.6706,
0.6510 0.6510 0.6706,
0.6510 0.6510 0.6706,
0.6510 0.6510 0.6706,
0.6510 0.6510 0.6706,
0.6510 0.6510 0.6706,
0.6510 0.6510 0.6706,
0.6510 0.6510 0.6706,
0.6510 0.6510 0.6706,
0.6510 0.6510 0.6706,
0.6510 0.6510 0.6706,
0.6510 0.6510 0.6706,
0.6510 0.6510 0.6706,
0.6510 0.6510 0.6706,
0.6510 0.6510 0.6706,
0.6510 0.6510 0.6706,
0.6510 0.6510 0.6706,
0.6510 0.6510 0.6706,
0.6510 0.6510 0.6706,
0.6510 0.6510 0.6706,
0.6510 0.6510 0.6706,
0.6510 0.6510 0.6706,
0.6510 0.6510 0.6706,
0.6510 0.6510 0.6706,
0.6510 0.6510 0.6706,
0.6510 0.6510 0.6706,
0.6510 0.6510 0.6706,
0.6510 0.6510 0.6706,
0.6510 0.6510 0.6706,
0.6510 0.6510 0.6706,
0.6510 0.6510 0.6706,
0.6510 0.6510 0.6706,
0.6510 0.6510 0.6706,
0.6510 0.6510 0.6706,
0.6510 0.6510 0.6706,
0.6510 0.6510 0.6706,
0.6510 0.6510 0.6706,
0.6510 0.6510 0.6706,
0.6510 0.6510 0.6706,
0.6510 0.6510 0.6706,
0.6510 0.6510 0.6706,
0.6510 0.6510 0.6706,
0.6510 0.6510 0.6706,
0.6510 0.6510 0.6706,
0.6510 0.6510 0.6706,
0.6510 0.6510 0.6706,
0.6510 0.6510 0.6706,
0.6510 0.6510 0.6706,
0.6510 0.6510 0.6706,
0.6510 0.6510 0.6706,
0.6510 0.6510 0.6706,
0.6510 0.6510 0.6706,
0.6510 0.6510 0.6706,
0.6510 0.6510 0.6706,
0.6510 0.6510 0.6706,
0.6510 0.6510 0.6706,
0.6510 0.6510 0.6706,
0.6510 0.6510 0.6706,
0.6510 0.6510 0.6706,
0.6510 0.6510 0.6706,
0.6510 0.6510 0.6706,
0.6510 0.6510 0.6706,
0.6510 0.6510 0.6706,
0.6510 0.6510 0.6706,
0.6510 0.6510 0.6706,
0.6510 0.6510 0.6706,
0.6510 0.6510 0.6706,
0.6510 0.6510 0.6706,
0.6510 0.6510 0.6706,
0.6510 0.6510 0.6706,
0.6510 0.6510 0.6706,
0.6510 0.6510 0.6706,
0.6510 0.6510 0.6706,
0.6510 0.6510 0.6706,
0.6510 0.6510 0.6706,
0.6510 0.6510 0.6706,
0.6510 0.6510 0.6706,
0.6510 0.6510 0.6706,
0.6510 0.6510 0.6706,
0.6510 0.6510 0.6706,
0.6510 0.6510 0.6706,
0.6510 0.6510 0.6706,
0.6510 0.6510 0.6706,
0.6510 0.6510 0.6706,
0.6510 0.6510 0.6706,
0.6510 0.6510 0.6706,
0.6510 0.6510 0.6706,
0.6510 0.6510 0.6706,
0.6510 0.6510 0.6706,
0.6510 0.6510 0.6706,
0.6510 0.6510 0.6706,
0.6510 0.6510 0.6706,
0.6510 0.6510 0.6706,
0.6510 0.6510 0.6706,
0.6510 0.6510 0.6706,
0.6510 0.6510 0.6706,
0.6510 0.6510 0.6706,
0.6510 0.6510 0.6706,
0.6510 0.6510 0.6706,
0.6510 0.6510 0.6706,
0.6510 0.6510 0.6706,
0.6510 0.6510 0.6706,
0.6510 0.6510 0.6706,
0.6510 0.6510 0.6706,
0.6510 0.6510 0.6706,
0.6510 0.6510 0.6706,
0.6510 0.6510 0.6706,
0.6510 0.6510 0.6706,
0.6510 0.6510 0.6706,
0.6510 0.6510 0.6706,
0.6510 0.6510 0.6706,
0.6510 0.6510 0.6706,
0.6510 0.6510 0.6706,
0.6510 0.6510 0.6706,
0.6510 0.6510 0.6706,
0.6510 0.6510 0.6706,
0.6510 0.6510 0.6706,
0.6510 0.6510 0.6706,
0.6510 0.6510 0.6706,
0.6510 0.6510 0.6706,
0.6510 0.6510 0.6706,
0.6510 0.6510 0.6706,
0.6510 0.6510 0.6706,
0.6510 0.6510 0.6706,
0.6510 0.6510 0.6706,
0.6510 0.6510 0.6706,
0.6510 0.6510 0.6706,
0.6510 0.6510 0.6706,
0.6510 0.6510 0.6706,
0.6510 0.6510 0.6706,
0.6510 0.6510 0.6706,
0.6510 0.6510 0.6706,
0.6510 0.6510 0.6706,
0.6510 0.6510 0.6706,
0.6510 0.6510 0.6706,
0.6510 0.6510 0.6706,
0.6510 0.6510 0.6706,
0.6510 0.6510 0.6706,
0.6510 0.6510 0.6706,
0.6510 0.6510 0.6706,
0.6510 0.6510 0.6706,
0.6510 0.6510 0.6706,
0.6510 0.6510 0.6706,
0.6510 0.6510 0.6706,
0.6510 0.6510 0.6706,
0.6510 0.6510 0.6706,
0.6510 0.6510 0.6706,
0.6510 0.6510 0.6706,
0.6510 0.6510 0.6706,
0.6510 0.6510 0.6706,
0.6510 0.6510 0.6706,
0.6510 0.6510 0.6706,
0.6510 0.6510 0.6706,
0.6510 0.6510 0.6706,
0.6510 0.6510 0.6706,
0.6510 0.6510 0.6706,
0.6510 0.6510 0.6706,
0.6510 0.6510 0.6706,
0.6510 0.6510 0.6706,
0.6510 0.6510 0.6706,
0.6510 0.6510 0.6706,
0.6510 0.6510 0.6706,
0.6510 0.6510 0.6706,
0.6510 0.6510 0.6706,
0.6510 0.6510 0.6706,
0.6510 0.6510 0.6706,
0.6510 0.6510 0.6706,
0.6510 0.6510 0.6706,
0.6510 0.6510 0.6706,
0.6510 0.6510 0.6706,
0.6510 0.6510 0.6706,
0.6510 0.6510 0.6706,
0.6510 0.6510 0.6706,
0.6510 0.6510 0.6706,
0.6510 0.6510 0.6706,
0.6510 0.6510 0.6706,
0.6510 0.6510 0.6706,
0.6510 0.6510 0.6706,
0.6510 0.6510 0.6706,
0.6510 0.6510 0.6706,
0.6510 0.6510 0.6706,
0.6510 0.6510 0.6706,
0.6510 0.6510 0.6706,
0.6510 0.6510 0.6706,
0.6510 0.6510 0.6706,
0.6510 0.6510 0.6706,
0.6510 0.6510 0.6706,
0.6510 0.6510 0.6706,
0.6510 0.6510 0.6706,
0.6510 0.6510 0.6706,
0.6510 0.6510 0.6706,
0.6510 0.6510 0.6706,
0.6510 0.6510 0.6706,
0.6510 0.6510 0.6706,
0.6510 0.6510 0.6706,
0.6510 0.6510 0.6706,
0.6510 0.6510 0.6706,
0.6510 0.6510 0.6706,
0.6510 0.6510 0.6706,
0.6510 0.6510 0.6706,
0.6510 0.6510 0.6706,
0.6510 0.6510 0.6706,
0.6510 0.6510 0.6706,
0.6510 0.6510 0.6706,
0.6510 0.6510 0.6706,
0.6510 0.6510 0.6706,
0.6510 0.6510 0.6706,
0.6510 0.6510 0.6706,
0.6510 0.6510 0.6706,
0.6510 0.6510 0.6706,
0.6510 0.6510 0.6706,
0.6510 0.6510 0.6706,
0.6510 0.6510 0.6706,
0.6510 0.6510 0.6706,
0.6510 0.6510 0.6706,
0.6510 0.6510 0.6706,
0.6510 0.6510 0.6706,
0.6510 0.6510 0.6706,
0.6510 0.6510 0.6706,
0.6510 0.6510 0.6706,
0.6510 0.6510 0.6706,
0.6510 0.6510 0.6706,
0.6510 0.6510 0.6706,
0.6510 0.6510 0.6706,
0.6510 0.6510 0.6706,
0.6510 0.6510 0.6706,
0.6510 0.6510 0.6706,
0.6510 0.6510 0.6706,
0.6510 0.6510 0.6706,
0.6510 0.6510 0.6706,
0.6510 0.6510 0.6706,
0.6510 0.6510 0.6706,
0.6510 0.6510 0.6706,
0.6510 0.6510 0.6706,
0.6510 0.6510 0.6706,
0.6510 0.6510 0.6706,
0.6510 0.6510 0.6706,
0.6510 0.6510 0.6706,
0.6510 0.6510 0.6706,
0.6510 0.6510 0.6706,
0.6510 0.6510 0.6706,
0.6510 0.6510 0.6706,
0.6510 0.6510 0.6706,
0.6510 0.6510 0.6706,
0.6510 0.6510 0.6706,
0.6510 0.6510 0.6706,
0.6510 0.6510 0.6706,
0.6510 0.6510 0.6706,
0.6510 0.6510 0.6706,
0.6510 0.6510 0.6706,
0.6510 0.6510 0.6706,
0.6510 0.6510 0.6706,
0.6510 0.6510 0.6706,
0.6510 0.6510 0.6706,
0.6510 0.6510 0.6706,
0.6510 0.6510 0.6706,
0.6510 0.6510 0.6706,
0.6510 0.6510 0.6706,
0.6510 0.6510 0.6706,
0.6510 0.6510 0.6706,
0.6510 0.6510 0.6706,
0.6510 0.6510 0.6706,
0.6510 0.6510 0.6706,
0.6510 0.6510 0.6706,
0.6510 0.6510 0.6706,
0.6510 0.6510 0.6706,
0.6510 0.6510 0.6706,
0.6510 0.6510 0.6706,
0.6510 0.6510 0.6706,
0.6510 0.6510 0.6706,
0.6510 0.6510 0.6706,
0.6510 0.6510 0.6706,
0.6510 0.6510 0.6706,
0.6510 0.6510 0.6706,
0.6510 0.6510 0.6706,
0.6510 0.6510 0.6706,
0.6510 0.6510 0.6706,
0.6510 0.6510 0.6706,
0.6510 0.6510 0.6706,
0.6510 0.6510 0.6706,
0.6510 0.6510 0.6706,
0.6510 0.6510 0.6706,
0.6510 0.6510 0.6706,
0.6510 0.6510 0.6706,
0.6510 0.6510 0.6706,
0.6510 0.6510 0.6706,
0.6510 0.6510 0.6706,
0.6510 0.6510 0.6706,
0.6510 0.6510 0.6706,
0.6510 0.6510 0.6706,
0.6510 0.6510 0.6706,
0.6510 0.6510 0.6706,
0.6510 0.6510 0.6706,
0.6510 0.6510 0.6706,
0.6510 0.6510 0.6706,
0.6510 0.6510 0.6706,
0.6510 0.6510 0.6706,
0.6510 0.6510 0.6706,
0.6510 0.6510 0.6706,
0.6510 0.6510 0.6706,
0.6510 0.6510 0.6706,
0.6510 0.6510 0.6706,
0.6510 0.6510 0.6706,
0.6510 0.6510 0.6706,
0.6510 0.6510 0.6706,
0.6510 0.6510 0.6706,
0.6510 0.6510 0.6706,
0.6510 0.6510 0.6706,
0.6510 0.6510 0.6706,
0.6510 0.6510 0.6706,
0.6510 0.6510 0.6706,
0.6510 0.6510 0.6706,
0.6510 0.6510 0.6706,
0.6510 0.6510 0.6706,
0.6510 0.6510 0.6706,
0.6510 0.6510 0.6706,
0.6510 0.6510 0.6706,
0.6510 0.6510 0.6706,
0.6510 0.6510 0.6706,
0.6510 0.6510 0.6706,
0.6510 0.6510 0.6706,
0.6510 0.6510 0.6706,
0.6510 0.6510 0.6706,
0.6510 0.6510 0.6706,
0.6510 0.6510 0.6706,
0.6510 0.6510 0.6706,
0.6510 0.6510 0.6706,
0.6510 0.6510 0.6706,
0.6510 0.6510 0.6706,
0.6510 0.6510 0.6706,
0.6510 0.6510 0.6706,
0.6510 0.6510 0.6706,
0.6510 0.6510 0.6706,
0.6510 0.6510 0.6706,
0.6510 0.6510 0.6706,
0.6510 0.6510 0.6706,
0.6510 0.6510 0.6706,
0.6510 0.6510 0.6706,
0.6510 0.6510 0.6706,
0.6510 0.6510 0.6706,
0.6510 0.6510 0.6706,
0.6510 0.6510 0.6706,
0.6510 0.6510 0.6706,
0.6510 0.6510 0.6706,
0.6510 0.6510 0.6706,
0.6510 0.6510 0.6706,
0.6510 0.6510 0.6706,
0.6510 0.6510 0.6706,
0.6510 0.6510 0.6706,
0.6510 0.6510 0.6706,
0.6510 0.6510 0.6706,
0.6510 0.6510 0.6706,
0.6510 0.6510 0.6706,
0.6510 0.6510 0.6706,
0.6510 0.6510 0.6706,
0.6510 0.6510 0.6706,
0.6510 0.6510 0.6706,
0.6510 0.6510 0.6706,
0.6510 0.6510 0.6706,
0.6510 0.6510 0.6706,
0.6510 0.6510 0.6706,
0.6510 0.6510 0.6706,
0.6510 0.6510 0.6706,
0.6510 0.6510 0.6706,
0.6510 0.6510 0.6706,
0.6510 0.6510 0.6706,
0.6510 0.6510 0.6706,
0.6510 0.6510 0.6706,
0.6510 0.6510 0.6706,
0.6510 0.6510 0.6706,
0.6510 0.6510 0.6706,
0.6510 0.6510 0.6706,
0.6510 0.6510 0.6706,
0.6510 0.6510 0.6706,
0.6510 0.6510 0.6706,
0.6510 0.6510 0.6706,
0.6510 0.6510 0.6706,
0.6510 0.6510 0.6706,
0.6510 0.6510 0.6706,
0.6510 0.6510 0.6706,
0.6510 0.6510 0.6706,
0.6510 0.6510 0.6706,
0.6510 0.6510 0.6706,
0.6510 0.6510 0.6706,
0.6510 0.6510 0.6706,
0.6510 0.6510 0.6706,
0.6510 0.6510 0.6706,
0.6510 0.6510 0.6706,
0.6510 0.6510 0.6706,
0.6510 0.6510 0.6706,
0.6510 0.6510 0.6706,
0.6510 0.6510 0.6706,
0.6510 0.6510 0.6706,
0.6510 0.6510 0.6706,
0.6510 0.6510 0.6706,
0.6510 0.6510 0.6706,
0.6510 0.6510 0.6706,
0.6510 0.6510 0.6706,
0.6510 0.6510 0.6706,
0.6510 0.6510 0.6706,
0.6510 0.6510 0.6706,
0.6510 0.6510 0.6706,
0.6510 0.6510 0.6706,
0.6510 0.6510 0.6706,
0.6510 0.6510 0.6706,
0.6510 0.6510 0.6706,
0.6510 0.6510 0.6706,
0.6510 0.6510 0.6706,
0.6510 0.6510 0.6706,
0.6510 0.6510 0.6706,
0.6510 0.6510 0.6706,
0.6510 0.6510 0.6706,
0.6510 0.6510 0.6706,
0.6510 0.6510 0.6706,
0.6510 0.6510 0.6706,
0.6510 0.6510 0.6706,
0.6510 0.6510 0.6706,
0.6510 0.6510 0.6706,
0.6510 0.6510 0.6706,
0.6510 0.6510 0.6706,
0.6510 0.6510 0.6706,
0.6510 0.6510 0.6706,
0.6510 0.6510 0.6706,
0.6510 0.6510 0.6706,
0.6510 0.6510 0.6706,
0.6510 0.6510 0.6706,
0.6510 0.6510 0.6706,
0.6510 0.6510 0.6706,
0.6510 0.6510 0.6706,
0.6510 0.6510 0.6706,
0.6510 0.6510 0.6706,
0.6510 0.6510 0.6706,
0.6510 0.6510 0.6706,
0.6510 0.6510 0.6706,
0.6510 0.6510 0.6706,
0.6510 0.6510 0.6706,
0.6510 0.6510 0.6706,
0.6510 0.6510 0.6706,
0.6510 0.6510 0.6706,
0.6510 0.6510 0.6706,
0.6510 0.6510 0.6706,
0.6510 0.6510 0.6706,
0.6510 0.6510 0.6706,
0.6510 0.6510 0.6706,
0.6510 0.6510 0.6706,
0.6510 0.6510 0.6706,
0.6510 0.6510 0.6706,
0.6510 0.6510 0.6706,
0.6510 0.6510 0.6706,
0.6510 0.6510 0.6706,
0.6510 0.6510 0.6706,
0.6510 0.6510 0.6706,
0.6510 0.6510 0.6706,
0.6510 0.6510 0.6706,
0.6510 0.6510 0.6706,
0.6510 0.6510 0.6706,
0.6510 0.6510 0.6706,
0.6510 0.6510 0.6706,
0.6510 0.6510 0.6706,
0.6510 0.6510 0.6706,
0.6510 0.6510 0.6706,
0.6510 0.6510 0.6706,
0.6510 0.6510 0.6706,
0.6510 0.6510 0.6706,
0.6510 0.6510 0.6706,
0.6510 0.6510 0.6706,
0.6510 0.6510 0.6706,
0.6510 0.6510 0.6706,
0.6510 0.6510 0.6706,
0.6510 0.6510 0.6706,
0.6510 0.6510 0.6706,
0.6510 0.6510 0.6706,
0.6510 0.6510 0.6706,
0.6510 0.6510 0.6706,
0.6510 0.6510 0.6706,
0.6510 0.6510 0.6706,
0.6510 0.6510 0.6706,
0.6510 0.6510 0.6706,
0.6510 0.6510 0.6706,
0.6510 0.6510 0.6706,
0.6510 0.6510 0.6706,
0.6510 0.6510 0.6706,
0.6510 0.6510 0.6706,
0.6510 0.6510 0.6706,
0.6510 0.6510 0.6706,
0.6510 0.6510 0.6706,
0.6510 0.6510 0.6706,
0.6510 0.6510 0.6706,
0.6510 0.6510 0.6706,
0.6510 0.6510 0.6706,
0.6510 0.6510 0.6706,
0.6510 0.6510 0.6706,
0.6510 0.6510 0.6706,
0.6510 0.6510 0.6706,
0.6510 0.6510 0.6706,
0.6510 0.6510 0.6706,
0.6510 0.6510 0.6706,
0.6510 0.6510 0.6706,
0.6510 0.6510 0.6706,
0.6510 0.6510 0.6706,
0.6510 0.6510 0.6706,
0.6510 0.6510 0.6706,
0.6510 0.6510 0.6706,
0.6510 0.6510 0.6706,
0.6510 0.6510 0.6706,
0.6510 0.6510 0.6706,
0.6510 0.6510 0.6706,
0.6510 0.6510 0.6706,
0.6510 0.6510 0.6706,
0.6510 0.6510 0.6706,
0.6510 0.6510 0.6706,
0.6510 0.6510 0.6706,
0.6510 0.6510 0.6706,
0.6510 0.6510 0.6706,
0.6510 0.6510 0.6706,
0.6510 0.6510 0.6706,
0.6510 0.6510 0.6706,
0.6510 0.6510 0.6706,
0.6510 0.6510 0.6706,
0.6510 0.6510 0.6706,
0.6510 0.6510 0.6706,
0.6510 0.6510 0.6706,
0.6510 0.6510 0.6706,
0.6510 0.6510 0.6706,
0.6510 0.6510 0.6706,
0.6510 0.6510 0.6706,
0.6510 0.6510 0.6706,
0.6510 0.6510 0.6706,
0.6510 0.6510 0.6706,
0.6510 0.6510 0.6706,
0.6510 0.6510 0.6706,
0.6510 0.6510 0.6706,
0.6510 0.6510 0.6706,
0.6510 0.6510 0.6706,
0.6510 0.6510 0.6706,
0.6510 0.6510 0.6706,
0.6510 0.6510 0.6706,
0.6510 0.6510 0.6706,
0.6510 0.6510 0.6706,
0.6510 0.6510 0.6706,
0.6510 0.6510 0.6706,
0.6510 0.6510 0.6706,
0.6510 0.6510 0.6706,
0.6510 0.6510 0.6706,
0.6510 0.6510 0.6706,
0.6510 0.6510 0.6706,
0.6510 0.6510 0.6706,
0.6510 0.6510 0.6706,
0.6510 0.6510 0.6706,
0.6510 0.6510 0.6706,
0.6510 0.6510 0.6706,
0.6510 0.6510 0.6706,
0.6510 0.6510 0.6706,
0.6510 0.6510 0.6706,
0.6510 0.6510 0.6706,
0.6510 0.6510 0.6706,
0.6510 0.6510 0.6706,
0.6510 0.6510 0.6706,
0.6510 0.6510 0.6706,
0.6510 0.6510 0.6706,
0.6510 0.6510 0.6706,
0.6510 0.6510 0.6706,
0.6510 0.6510 0.6706,
0.6510 0.6510 0.6706,
0.6510 0.6510 0.6706,
0.6510 0.6510 0.6706,
0.6510 0.6510 0.6706,
0.6510 0.6510 0.6706,
0.6510 0.6510 0.6706,
0.6510 0.6510 0.6706,
0.6510 0.6510 0.6706,
0.6510 0.6510 0.6706,
0.6510 0.6510 0.6706,
0.6510 0.6510 0.6706,
0.6510 0.6510 0.6706,
0.6510 0.6510 0.6706,
0.6510 0.6510 0.6706,
0.6510 0.6510 0.6706,
0.6510 0.6510 0.6706,
0.6510 0.6510 0.6706,
0.6510 0.6510 0.6706,
0.6510 0.6510 0.6706,
0.6510 0.6510 0.6706,
0.6510 0.6510 0.6706,
0.6510 0.6510 0.6706,
0.6510 0.6510 0.6706,
0.6510 0.6510 0.6706,
0.6510 0.6510 0.6706,
0.6510 0.6510 0.6706,
0.6510 0.6510 0.6706,
0.6510 0.6510 0.6706,
0.6510 0.6510 0.6706,
0.6510 0.6510 0.6706,
0.6510 0.6510 0.6706,
0.6510 0.6510 0.6706,
0.6510 0.6510 0.6706,
0.6510 0.6510 0.6706,
0.6510 0.6510 0.6706,
0.6510 0.6510 0.6706,
0.6510 0.6510 0.6706,
0.6510 0.6510 0.6706,
0.6510 0.6510 0.6706,
0.6510 0.6510 0.6706,
0.6510 0.6510 0.6706,
0.6510 0.6510 0.6706,
0.6510 0.6510 0.6706,
0.6510 0.6510 0.6706,
0.6510 0.6510 0.6706,
0.6510 0.6510 0.6706,
0.6510 0.6510 0.6706,
0.6510 0.6510 0.6706,
0.6510 0.6510 0.6706,
0.6510 0.6510 0.6706,
0.6510 0.6510 0.6706,
0.6510 0.6510 0.6706,
0.6510 0.6510 0.6706,
0.6510 0.6510 0.6706,
0.6510 0.6510 0.6706,
0.6510 0.6510 0.6706,
0.6510 0.6510 0.6706,
0.6510 0.6510 0.6706,
0.6510 0.6510 0.6706,
0.6510 0.6510 0.6706,
0.6510 0.6510 0.6706,
0.6510 0.6510 0.6706,
0.6510 0.6510 0.6706,
0.6510 0.6510 0.6706,
0.6510 0.6510 0.6706,
0.6510 0.6510 0.6706,
0.6510 0.6510 0.6706,
0.6510 0.6510 0.6706,
0.6510 0.6510 0.6706,
0.6510 0.6510 0.6706,
0.6510 0.6510 0.6706,
0.6510 0.6510 0.6706,
0.6510 0.6510 0.6706,
0.6510 0.6510 0.6706,
0.6510 0.6510 0.6706,
0.6510 0.6510 0.6706,
0.6510 0.6510 0.6706,
0.6510 0.6510 0.6706,
0.6510 0.6510 0.6706,
0.6510 0.6510 0.6706,
0.6510 0.6510 0.6706,
0.6510 0.6510 0.6706,
0.6510 0.6510 0.6706,
0.6510 0.6510 0.6706,
0.6510 0.6510 0.6706,
0.6510 0.6510 0.6706,
0.6510 0.6510 0.6706,
0.6510 0.6510 0.6706,
0.6510 0.6510 0.6706,
0.6510 0.6510 0.6706,
0.6510 0.6510 0.6706,
0.6510 0.6510 0.6706,
0.6510 0.6510 0.6706,
0.6510 0.6510 0.6706,
0.6510 0.6510 0.6706,
0.6510 0.6510 0.6706,
0.6510 0.6510 0.6706,
0.6510 0.6510 0.6706,
0.6510 0.6510 0.6706,
0.6510 0.6510 0.6706,
0.6510 0.6510 0.6706,
0.6510 0.6510 0.6706,
0.6510 0.6510 0.6706,
0.6510 0.6510 0.6706,
0.6510 0.6510 0.6706,
0.6510 0.6510 0.6706,
0.6510 0.6510 0.6706,
0.6510 0.6510 0.6706,
0.6510 0.6510 0.6706,
0.6510 0.6510 0.6706,
0.6510 0.6510 0.6706,
0.6510 0.6510 0.6706,
0.6510 0.6510 0.6706,
0.6510 0.6510 0.6706,
0.6510 0.6510 0.6706,
0.6510 0.6510 0.6706,
0.6510 0.6510 0.6706,
0.6510 0.6510 0.6706,
0.6510 0.6510 0.6706,
0.6510 0.6510 0.6706,
0.6510 0.6510 0.6706,
0.6510 0.6510 0.6706,
0.6510 0.6510 0.6706,
0.6510 0.6510 0.6706,
0.6510 0.6510 0.6706,
0.6510 0.6510 0.6706,
0.6510 0.6510 0.6706,
0.6510 0.6510 0.6706,
0.6510 0.6510 0.6706,
0.6510 0.6510 0.6706,
0.6510 0.6510 0.6706,
0.6510 0.6510 0.6706,
0.6510 0.6510 0.6706,
0.6510 0.6510 0.6706,
0.6510 0.6510 0.6706,
0.6510 0.6510 0.6706,
0.6510 0.6510 0.6706,
0.6510 0.6510 0.6706,
0.6510 0.6510 0.6706,
0.6510 0.6510 0.6706,
0.6510 0.6510 0.6706,
0.6510 0.6510 0.6706,
0.6510 0.6510 0.6706,
0.6510 0.6510 0.6706,
0.6510 0.6510 0.6706,
0.6510 0.6510 0.6706,
0.6510 0.6510 0.6706,
0.6510 0.6510 0.6706,
0.6510 0.6510 0.6706,
0.6510 0.6510 0.6706,
0.6510 0.6510 0.6706,
0.6510 0.6510 0.6706,
0.6510 0.6510 0.6706,
0.6510 0.6510 0.6706,
0.6510 0.6510 0.6706,
0.6510 0.6510 0.6706,
0.6510 0.6510 0.6706,
0.6510 0.6510 0.6706,
0.6510 0.6510 0.6706,
0.6510 0.6510 0.6706,
0.6510 0.6510 0.6706,
0.6510 0.6510 0.6706,
0.6510 0.6510 0.6706,
0.6510 0.6510 0.6706,
0.6510 0.6510 0.6706,
0.6510 0.6510 0.6706,
0.6510 0.6510 0.6706,
0.6510 0.6510 0.6706,
0.6510 0.6510 0.6706,
0.6510 0.6510 0.6706,
0.6510 0.6510 0.6706,
0.6510 0.6510 0.6706,
0.6510 0.6510 0.6706,
0.6510 0.6510 0.6706,
0.6510 0.6510 0.6706,
0.6510 0.6510 0.6706,
0.6510 0.6510 0.6706,
0.6510 0.6510 0.6706,
0.6510 0.6510 0.6706,
0.6510 0.6510 0.6706,
0.6510 0.6510 0.6706,
0.6510 0.6510 0.6706,
0.6510 0.6510 0.6706,
0.6510 0.6510 0.6706,
0.6510 0.6510 0.6706,
0.6510 0.6510 0.6706,
0.6510 0.6510 0.6706,
0.6510 0.6510 0.6706,
0.6510 0.6510 0.6706,
0.6510 0.6510 0.6706,
0.6510 0.6510 0.6706,
0.6510 0.6510 0.6706,
0.6510 0.6510 0.6706,
0.6510 0.6510 0.6706,
0.6510 0.6510 0.6706,
0.6510 0.6510 0.6706,
0.6510 0.6510 0.6706,
0.6510 0.6510 0.6706,
0.6510 0.6510 0.6706,
0.6510 0.6510 0.6706,
0.6510 0.6510 0.6706,
0.6510 0.6510 0.6706,
0.6510 0.6510 0.6706,
0.6510 0.6510 0.6706,
0.6510 0.6510 0.6706,
0.6510 0.6510 0.6706,
0.6510 0.6510 0.6706,
0.6510 0.6510 0.6706,
0.6510 0.6510 0.6706,
0.6510 0.6510 0.6706,
0.6510 0.6510 0.6706,
0.6510 0.6510 0.6706,
0.6510 0.6510 0.6706,
0.6510 0.6510 0.6706,
0.6510 0.6510 0.6706,
0.6510 0.6510 0.6706,
0.6510 0.6510 0.6706,
0.6510 0.6510 0.6706,
0.6510 0.6510 0.6706,
0.6510 0.6510 0.6706,
0.6510 0.6510 0.6706,
0.6510 0.6510 0.6706,
0.6510 0.6510 0.6706,
0.6510 0.6510 0.6706,
0.6510 0.6510 0.6706,
0.6510 0.6510 0.6706,
0.6510 0.6510 0.6706,
0.6510 0.6510 0.6706,
0.6510 0.6510 0.6706,
0.6510 0.6510 0.6706,
0.6510 0.6510 0.6706,
0.6510 0.6510 0.6706,
0.6510 0.6510 0.6706,
0.6510 0.6510 0.6706,
0.6510 0.6510 0.6706,
0.6510 0.6510 0.6706,
0.6510 0.6510 0.6706,
0.6510 0.6510 0.6706,
0.6510 0.6510 0.6706,
0.6510 0.6510 0.6706,
0.6510 0.6510 0.6706,
0.6510 0.6510 0.6706,
0.6510 0.6510 0.6706,
0.6510 0.6510 0.6706,
0.6510 0.6510 0.6706,
0.6510 0.6510 0.6706,
0.6510 0.6510 0.6706,
0.6510 0.6510 0.6706,
0.6510 0.6510 0.6706,
0.6510 0.6510 0.6706,
0.6510 0.6510 0.6706,
0.6510 0.6510 0.6706,
0.6510 0.6510 0.6706,
0.6510 0.6510 0.6706,
0.6510 0.6510 0.6706,
0.6510 0.6510 0.6706,
0.6510 0.6510 0.6706,
0.6510 0.6510 0.6706,
0.6510 0.6510 0.6706,
0.6510 0.6510 0.6706,
0.6510 0.6510 0.6706,
0.6510 0.6510 0.6706,
0.6510 0.6510 0.6706,
0.6510 0.6510 0.6706,
0.6510 0.6510 0.6706,
0.6510 0.6510 0.6706,
0.6510 0.6510 0.6706,
0.6510 0.6510 0.6706,
0.6510 0.6510 0.6706,
0.6510 0.6510 0.6706,
0.6510 0.6510 0.6706,
0.6510 0.6510 0.6706,
0.6510 0.6510 0.6706,
0.6510 0.6510 0.6706,
0.6510 0.6510 0.6706,
0.6510 0.6510 0.6706,
0.6510 0.6510 0.6706,
0.6510 0.6510 0.6706,
0.6510 0.6510 0.6706,
0.6510 0.6510 0.6706,
0.6510 0.6510 0.6706,
0.6510 0.6510 0.6706,
0.6510 0.6510 0.6706,
0.6510 0.6510 0.6706,
0.6510 0.6510 0.6706,
0.6510 0.6510 0.6706,
0.6510 0.6510 0.6706,
0.6510 0.6510 0.6706,
0.6510 0.6510 0.6706,
0.6510 0.6510 0.6706,
0.6510 0.6510 0.6706,
0.6510 0.6510 0.6706,
0.6510 0.6510 0.6706,
0.6510 0.6510 0.6706,
0.6510 0.6510 0.6706,
0.6510 0.6510 0.6706,
0.6510 0.6510 0.6706,
0.6510 0.6510 0.6706,
0.6510 0.6510 0.6706,
0.6510 0.6510 0.6706,
0.6510 0.6510 0.6706,
0.6510 0.6510 0.6706,
0.6510 0.6510 0.6706,
0.6510 0.6510 0.6706,
0.6510 0.6510 0.6706,
0.6510 0.6510 0.6706,
0.6510 0.6510 0.6706,
0.6510 0.6510 0.6706,
0.6510 0.6510 0.6706,
0.6510 0.6510 0.6706,
0.6510 0.6510 0.6706,
0.6510 0.6510 0.6706,
0.6510 0.6510 0.6706,
0.6510 0.6510 0.6706,
0.6510 0.6510 0.6706,
0.6510 0.6510 0.6706,
0.6510 0.6510 0.6706,
0.6510 0.6510 0.6706,
0.6510 0.6510 0.6706,
0.6510 0.6510 0.6706,
0.6510 0.6510 0.6706,
0.6510 0.6510 0.6706,
0.6510 0.6510 0.6706,
0.6510 0.6510 0.6706,
0.6510 0.6510 0.6706,
0.6510 0.6510 0.6706,
0.6510 0.6510 0.6706,
0.6510 0.6510 0.6706,
0.6510 0.6510 0.6706,
0.6510 0.6510 0.6706,
0.6510 0.6510 0.6706,
0.6510 0.6510 0.6706,
0.6510 0.6510 0.6706,
0.6510 0.6510 0.6706,
0.6510 0.6510 0.6706,
0.6510 0.6510 0.6706,
0.6510 0.6510 0.6706,
0.6510 0.6510 0.6706,
0.6510 0.6510 0.6706,
0.6510 0.6510 0.6706,
0.6510 0.6510 0.6706,
0.6510 0.6510 0.6706,
0.6510 0.6510 0.6706,
0.6510 0.6510 0.6706,
0.6510 0.6510 0.6706,
0.6510 0.6510 0.6706,
0.6510 0.6510 0.6706,
0.6510 0.6510 0.6706,
0.6510 0.6510 0.6706,
0.6510 0.6510 0.6706,
0.6510 0.6510 0.6706,
0.6510 0.6510 0.6706,
0.6510 0.6510 0.6706,
0.6510 0.6510 0.6706,
0.6510 0.6510 0.6706,
0.6510 0.6510 0.6706,
0.6510 0.6510 0.6706,
0.6510 0.6510 0.6706,
0.6510 0.6510 0.6706,
0.6510 0.6510 0.6706,
0.6510 0.6510 0.6706,
0.6510 0.6510 0.6706,
0.6510 0.6510 0.6706,
0.6510 0.6510 0.6706,
0.6510 0.6510 0.6706,
0.6510 0.6510 0.6706,
0.6510 0.6510 0.6706,
0.6510 0.6510 0.6706,
0.6510 0.6510 0.6706,
0.6510 0.6510 0.6706,
0.6510 0.6510 0.6706,
0.6510 0.6510 0.6706,
0.6510 0.6510 0.6706,
0.6510 0.6510 0.6706,
0.6510 0.6510 0.6706,
0.6510 0.6510 0.6706,
0.6510 0.6510 0.6706,
0.6510 0.6510 0.6706,
0.6510 0.6510 0.6706,
0.6510 0.6510 0.6706,
0.6510 0.6510 0.6706,
0.6510 0.6510 0.6706,
0.6510 0.6510 0.6706,
0.6510 0.6510 0.6706,
0.6510 0.6510 0.6706,
0.6510 0.6510 0.6706,
0.6510 0.6510 0.6706,
0.6510 0.6510 0.6706,
0.6510 0.6510 0.6706,
0.6510 0.6510 0.6706,
0.6510 0.6510 0.6706,
0.6510 0.6510 0.6706,
0.6510 0.6510 0.6706,
0.6510 0.6510 0.6706,
0.6510 0.6510 0.6706,
0.6510 0.6510 0.6706,
0.6510 0.6510 0.6706,
0.6510 0.6510 0.6706,
0.6510 0.6510 0.6706,
0.6510 0.6510 0.6706,
0.6510 0.6510 0.6706,
0.6510 0.6510 0.6706,
0.6510 0.6510 0.6706,
0.6510 0.6510 0.6706,
0.6510 0.6510 0.6706,
0.6510 0.6510 0.6706,
0.6510 0.6510 0.6706,
0.6510 0.6510 0.6706,
0.6510 0.6510 0.6706,
0.6510 0.6510 0.6706,
0.6510 0.6510 0.6706,
0.6510 0.6510 0.6706,
0.6510 0.6510 0.6706,
0.6510 0.6510 0.6706,
0.6510 0.6510 0.6706,
0.6510 0.6510 0.6706,
0.6510 0.6510 0.6706,
0.6510 0.6510 0.6706,
0.6510 0.6510 0.6706,
0.6510 0.6510 0.6706,
0.6510 0.6510 0.6706,
0.6510 0.6510 0.6706,
0.6510 0.6510 0.6706,
0.6510 0.6510 0.6706,
0.6510 0.6510 0.6706,
0.6510 0.6510 0.6706,
0.6510 0.6510 0.6706,
0.6510 0.6510 0.6706,
0.6510 0.6510 0.6706,
0.6510 0.6510 0.6706,
0.6510 0.6510 0.6706,
0.6510 0.6510 0.6706,
0.6510 0.6510 0.6706,
0.6510 0.6510 0.6706,
0.6510 0.6510 0.6706,
0.6510 0.6510 0.6706,
0.6510 0.6510 0.6706,
0.6510 0.6510 0.6706,
0.6510 0.6510 0.6706,
0.6510 0.6510 0.6706,
0.6510 0.6510 0.6706,
0.6510 0.6510 0.6706,
0.6510 0.6510 0.6706,
0.6510 0.6510 0.6706,
0.6510 0.6510 0.6706,
0.6510 0.6510 0.6706,
0.6510 0.6510 0.6706,
0.6510 0.6510 0.6706,
0.6510 0.6510 0.6706,
0.6510 0.6510 0.6706,
0.6510 0.6510 0.6706,
0.6510 0.6510 0.6706,
0.6510 0.6510 0.6706,
0.6510 0.6510 0.6706,
0.6510 0.6510 0.6706,
0.6510 0.6510 0.6706,
0.6510 0.6510 0.6706,
0.6510 0.6510 0.6706,
0.6510 0.6510 0.6706,
0.6510 0.6510 0.6706,
0.6510 0.6510 0.6706,
0.6510 0.6510 0.6706,
0.6510 0.6510 0.6706,
0.6510 0.6510 0.6706,
0.6510 0.6510 0.6706,
0.6510 0.6510 0.6706,
0.6510 0.6510 0.6706,
0.6510 0.6510 0.6706,
0.6510 0.6510 0.6706,
0.6510 0.6510 0.6706,
0.6510 0.6510 0.6706,
0.6510 0.6510 0.6706,
0.6510 0.6510 0.6706,
0.6510 0.6510 0.6706,
0.6510 0.6510 0.6706,
0.6510 0.6510 0.6706,
0.6510 0.6510 0.6706,
0.6510 0.6510 0.6706,
0.6510 0.6510 0.6706,
0.6510 0.6510 0.6706,
0.6510 0.6510 0.6706,
0.6510 0.6510 0.6706,
0.6510 0.6510 0.6706,
0.6510 0.6510 0.6706,
0.6510 0.6510 0.6706,
0.6510 0.6510 0.6706,
0.6510 0.6510 0.6706,
0.6510 0.6510 0.6706,
0.6510 0.6510 0.6706,
0.6510 0.6510 0.6706,
0.6510 0.6510 0.6706,
0.6510 0.6510 0.6706,
0.6510 0.6510 0.6706,
0.6510 0.6510 0.6706,
0.6510 0.6510 0.6706,
0.6510 0.6510 0.6706,
0.6510 0.6510 0.6706,
0.6510 0.6510 0.6706,
0.6510 0.6510 0.6706,
0.6510 0.6510 0.6706,
0.6510 0.6510 0.6706,
0.6510 0.6510 0.6706,
0.6510 0.6510 0.6706,
0.6510 0.6510 0.6706,
0.6510 0.6510 0.6706,
0.6510 0.6510 0.6706,
0.6510 0.6510 0.6706,
0.6510 0.6510 0.6706,
0.6510 0.6510 0.6706,
0.6510 0.6510 0.6706,
0.6510 0.6510 0.6706,
0.6510 0.6510 0.6706,
0.6510 0.6510 0.6706,
0.6510 0.6510 0.6706,
0.6510 0.6510 0.6706,
0.6510 0.6510 0.6706,
0.6510 0.6510 0.6706,
0.6510 0.6510 0.6706,
0.6510 0.6510 0.6706,
0.6510 0.6510 0.6706,
0.6510 0.6510 0.6706,
0.6510 0.6510 0.6706,
0.6510 0.6510 0.6706,
0.6510 0.6510 0.6706,
0.6510 0.6510 0.6706,
0.6510 0.6510 0.6706,
0.6510 0.6510 0.6706,
0.6510 0.6510 0.6706,
0.6510 0.6510 0.6706,
0.6510 0.6510 0.6706,
0.6510 0.6510 0.6706,
0.6510 0.6510 0.6706,
0.6510 0.6510 0.6706,
0.6510 0.6510 0.6706,
0.6510 0.6510 0.6706,
0.6510 0.6510 0.6706,
0.6510 0.6510 0.6706,
0.6510 0.6510 0.6706,
0.6510 0.6510 0.6706,
0.6510 0.6510 0.6706,
0.6510 0.6510 0.6706,
0.6510 0.6510 0.6706,
0.6510 0.6510 0.6706,
0.6510 0.6510 0.6706,
0.6510 0.6510 0.6706,
0.6510 0.6510 0.6706,
0.6510 0.6510 0.6706,
0.6510 0.6510 0.6706,
0.6510 0.6510 0.6706,
0.6510 0.6510 0.6706,
0.6510 0.6510 0.6706,
0.6510 0.6510 0.6706,
0.6510 0.6510 0.6706,
0.6510 0.6510 0.6706,
0.6510 0.6510 0.6706,
0.6510 0.6510 0.6706,
0.6510 0.6510 0.6706,
0.6510 0.6510 0.6706,
0.6510 0.6510 0.6706,
0.6510 0.6510 0.6706,
0.6510 0.6510 0.6706,
0.6510 0.6510 0.6706,
0.6510 0.6510 0.6706,
0.6510 0.6510 0.6706,
0.6510 0.6510 0.6706,
0.6510 0.6510 0.6706,
0.6510 0.6510 0.6706,
0.6510 0.6510 0.6706,
0.6510 0.6510 0.6706,
0.6510 0.6510 0.6706,
0.6510 0.6510 0.6706,
0.6510 0.6510 0.6706,
0.6510 0.6510 0.6706,
0.6510 0.6510 0.6706,
0.6510 0.6510 0.6706,
0.6510 0.6510 0.6706,
0.6510 0.6510 0.6706,
0.6510 0.6510 0.6706,
0.6510 0.6510 0.6706,
0.6510 0.6510 0.6706,
0.6510 0.6510 0.6706,
0.6510 0.6510 0.6706,
0.6510 0.6510 0.6706,
0.6510 0.6510 0.6706,
0.6510 0.6510 0.6706,
0.6510 0.6510 0.6706,
0.6510 0.6510 0.6706,
0.6510 0.6510 0.6706,
0.6510 0.6510 0.6706,
0.6510 0.6510 0.6706,
0.6510 0.6510 0.6706,
0.6510 0.6510 0.6706,
0.6510 0.6510 0.6706,
0.6510 0.6510 0.6706,
0.6510 0.6510 0.6706,
0.6510 0.6510 0.6706,
0.6510 0.6510 0.6706,
0.6510 0.6510 0.6706,
0.6510 0.6510 0.6706,
0.6510 0.6510 0.6706,
0.6510 0.6510 0.6706,
0.6510 0.6510 0.6706,
0.6510 0.6510 0.6706,
0.6510 0.6510 0.6706,
0.6510 0.6510 0.6706,
0.6510 0.6510 0.6706,
0.6510 0.6510 0.6706,
0.6510 0.6510 0.6706,
0.6510 0.6510 0.6706,
0.6510 0.6510 0.6706,
0.6510 0.6510 0.6706,
0.6510 0.6510 0.6706,
0.6510 0.6510 0.6706,
0.6510 0.6510 0.6706,
0.6510 0.6510 0.6706,
0.6510 0.6510 0.6706,
0.6510 0.6510 0.6706,
0.6510 0.6510 0.6706,
0.6510 0.6510 0.6706,
0.6510 0.6510 0.6706,
0.6510 0.6510 0.6706,
0.6510 0.6510 0.6706,
0.6510 0.6510 0.6706,
0.6510 0.6510 0.6706,
0.6510 0.6510 0.6706,
0.6510 0.6510 0.6706,
0.6510 0.6510 0.6706,
0.6510 0.6510 0.6706,
0.6510 0.6510 0.6706,
0.6510 0.6510 0.6706,
0.6510 0.6510 0.6706,
0.6510 0.6510 0.6706,
0.6510 0.6510 0.6706,
0.6510 0.6510 0.6706,
0.6510 0.6510 0.6706,
0.6510 0.6510 0.6706,
0.6510 0.6510 0.6706,
0.6510 0.6510 0.6706,
0.6510 0.6510 0.6706,
0.6510 0.6510 0.6706,
0.6510 0.6510 0.6706,
0.6510 0.6510 0.6706,
0.6510 0.6510 0.6706,
0.6510 0.6510 0.6706,
0.6510 0.6510 0.6706,
0.6510 0.6510 0.6706,
0.6510 0.6510 0.6706,
0.6510 0.6510 0.6706,
0.6510 0.6510 0.6706,
0.6510 0.6510 0.6706,
0.6510 0.6510 0.6706,
0.6510 0.6510 0.6706,
0.6510 0.6510 0.6706,
0.6510 0.6510 0.6706,
0.6510 0.6510 0.6706,
0.6510 0.6510 0.6706,
0.6510 0.6510 0.6706,
0.6510 0.6510 0.6706,
0.6510 0.6510 0.6706,
0.6510 0.6510 0.6706,
0.6510 0.6510 0.6706,
0.6510 0.6510 0.6706,
0.6510 0.6510 0.6706,
0.6510 0.6510 0.6706,
0.6510 0.6510 0.6706,
0.6510 0.6510 0.6706,
0.6510 0.6510 0.6706,
0.6510 0.6510 0.6706,
0.6510 0.6510 0.6706,
0.6510 0.6510 0.6706,
0.6510 0.6510 0.6706,
0.6510 0.6510 0.6706,
0.6510 0.6510 0.6706,
0.6510 0.6510 0.6706,
0.6510 0.6510 0.6706,
0.6510 0.6510 0.6706,
0.6510 0.6510 0.6706,
0.6510 0.6510 0.6706,
0.6510 0.6510 0.6706,
0.6510 0.6510 0.6706,
0.6510 0.6510 0.6706,
0.6510 0.6510 0.6706,
0.6510 0.6510 0.6706,
0.6510 0.6510 0.6706,
0.6510 0.6510 0.6706,
0.6510 0.6510 0.6706,
0.6510 0.6510 0.6706,
0.6510 0.6510 0.6706,
0.6510 0.6510 0.6706,
0.6510 0.6510 0.6706,
0.6510 0.6510 0.6706,
0.6510 0.6510 0.6706,
0.6510 0.6510 0.6706,
0.6510 0.6510 0.6706,
0.6510 0.6510 0.6706,
0.6510 0.6510 0.6706,
0.6510 0.6510 0.6706,
0.6510 0.6510 0.6706,
0.6510 0.6510 0.6706,
0.6510 0.6510 0.6706,
0.6510 0.6510 0.6706,
0.6510 0.6510 0.6706,
0.6510 0.6510 0.6706,
0.6510 0.6510 0.6706,
0.6510 0.6510 0.6706,
0.6510 0.6510 0.6706,
0.6510 0.6510 0.6706,
0.6510 0.6510 0.6706,
0.6510 0.6510 0.6706,
0.6510 0.6510 0.6706,
0.6510 0.6510 0.6706,
0.6510 0.6510 0.6706,
0.6510 0.6510 0.6706,
0.6510 0.6510 0.6706,
0.6510 0.6510 0.6706,
0.6510 0.6510 0.6706,
0.6510 0.6510 0.6706,
0.6510 0.6510 0.6706,
0.6510 0.6510 0.6706,
0.6510 0.6510 0.6706,
0.6510 0.6510 0.6706,
0.6510 0.6510 0.6706,
0.6510 0.6510 0.6706,
0.6510 0.6510 0.6706,
0.6510 0.6510 0.6706,
0.6510 0.6510 0.6706,
0.6510 0.6510 0.6706,
0.6510 0.6510 0.6706,
0.6510 0.6510 0.6706,
0.6510 0.6510 0.6706,
0.6510 0.6510 0.6706,
0.6510 0.6510 0.6706,
0.6510 0.6510 0.6706,
0.6510 0.6510 0.6706,
0.6510 0.6510 0.6706,
0.6510 0.6510 0.6706,
0.6510 0.6510 0.6706,
0.6510 0.6510 0.6706,
0.6510 0.6510 0.6706,
0.6510 0.6510 0.6706,
0.6510 0.6510 0.6706,
0.6510 0.6510 0.6706,
0.6510 0.6510 0.6706,
0.6510 0.6510 0.6706,
0.6510 0.6510 0.6706,
0.6510 0.6510 0.6706,
0.6510 0.6510 0.6706,
0.6510 0.6510 0.6706,
0.6510 0.6510 0.6706,
0.6510 0.6510 0.6706,
0.6510 0.6510 0.6706,
0.6510 0.6510 0.6706,
0.6510 0.6510 0.6706,
0.6510 0.6510 0.6706,
0.6510 0.6510 0.6706,
0.6510 0.6510 0.6706,
0.6510 0.6510 0.6706,
0.6510 0.6510 0.6706,
0.6510 0.6510 0.6706,
0.6510 0.6510 0.6706,
0.6510 0.6510 0.6706,
0.6510 0.6510 0.6706,
0.6510 0.6510 0.6706,
0.6510 0.6510 0.6706,
0.6510 0.6510 0.6706,
0.6510 0.6510 0.6706,
0.6510 0.6510 0.6706,
0.6510 0.6510 0.6706,
0.6510 0.6510 0.6706,
0.6510 0.6510 0.6706,
0.6510 0.6510 0.6706,
0.6510 0.6510 0.6706,
0.6510 0.6510 0.6706,
0.6510 0.6510 0.6706,
0.6510 0.6510 0.6706,
0.6510 0.6510 0.6706,
0.6510 0.6510 0.6706,
0.6510 0.6510 0.6706,
0.6510 0.6510 0.6706,
0.6510 0.6510 0.6706,
0.6510 0.6510 0.6706,
0.6510 0.6510 0.6706,
0.6510 0.6510 0.6706,
0.6510 0.6510 0.6706,
0.6510 0.6510 0.6706,
0.6510 0.6510 0.6706,
0.6510 0.6510 0.6706,
0.6510 0.6510 0.6706,
0.6510 0.6510 0.6706,
0.6510 0.6510 0.6706,
0.6510 0.6510 0.6706,
0.6510 0.6510 0.6706,
0.6510 0.6510 0.6706,
0.6510 0.6510 0.6706,
0.6510 0.6510 0.6706,
0.6510 0.6510 0.6706,
0.6510 0.6510 0.6706,
0.6510 0.6510 0.6706,
0.6510 0.6510 0.6706,
0.6510 0.6510 0.6706,
0.6510 0.6510 0.6706,
0.6510 0.6510 0.6706,
0.6510 0.6510 0.6706,
0.6510 0.6510 0.6706,
0.6510 0.6510 0.6706,
0.6510 0.6510 0.6706,
0.6510 0.6510 0.6706,
0.6510 0.6510 0.6706,
0.6510 0.6510 0.6706,
0.6510 0.6510 0.6706,
0.6510 0.6510 0.6706,
0.6510 0.6510 0.6706,
0.6510 0.6510 0.6706,
0.6510 0.6510 0.6706,
0.6510 0.6510 0.6706,
0.6510 0.6510 0.6706,
0.6510 0.6510 0.6706,
0.6510 0.6510 0.6706,
0.6510 0.6510 0.6706,
0.6510 0.6510 0.6706,
0.6510 0.6510 0.6706,
0.6510 0.6510 0.6706,
0.6510 0.6510 0.6706,
0.6510 0.6510 0.6706,
0.6510 0.6510 0.6706,
0.6510 0.6510 0.6706,
0.6510 0.6510 0.6706,
0.6510 0.6510 0.6706,
0.6510 0.6510 0.6706,
0.6510 0.6510 0.6706,
0.6510 0.6510 0.6706,
0.6510 0.6510 0.6706,
0.6510 0.6510 0.6706,
0.6510 0.6510 0.6706,
0.6510 0.6510 0.6706,
0.6510 0.6510 0.6706,
0.6510 0.6510 0.6706,
0.6510 0.6510 0.6706,
0.6510 0.6510 0.6706,
0.6510 0.6510 0.6706,
0.6510 0.6510 0.6706,
0.6510 0.6510 0.6706,
0.6510 0.6510 0.6706,
0.6510 0.6510 0.6706,
0.6510 0.6510 0.6706,
0.6510 0.6510 0.6706,
0.6510 0.6510 0.6706,
0.6510 0.6510 0.6706,
0.6510 0.6510 0.6706,
0.6510 0.6510 0.6706,
0.6510 0.6510 0.6706,
0.6510 0.6510 0.6706,
0.6510 0.6510 0.6706,
0.6510 0.6510 0.6706,
0.6510 0.6510 0.6706,
0.6510 0.6510 0.6706,
0.6510 0.6510 0.6706,
0.6510 0.6510 0.6706,
0.6510 0.6510 0.6706,
0.6510 0.6510 0.6706,
0.6510 0.6510 0.6706,
0.6510 0.6510 0.6706,
0.6510 0.6510 0.6706,
0.6510 0.6510 0.6706,
0.6510 0.6510 0.6706,
0.6510 0.6510 0.6706,
0.6510 0.6510 0.6706,
0.6510 0.6510 0.6706,
0.6510 0.6510 0.6706,
0.6510 0.6510 0.6706,
0.6510 0.6510 0.6706,
0.6510 0.6510 0.6706,
0.6510 0.6510 0.6706,
0.6510 0.6510 0.6706,
0.6510 0.6510 0.6706,
0.6510 0.6510 0.6706,
0.6510 0.6510 0.6706,
0.6510 0.6510 0.6706,
0.6510 0.6510 0.6706,
0.6510 0.6510 0.6706,
0.6510 0.6510 0.6706,
0.6510 0.6510 0.6706,
0.6510 0.6510 0.6706,
0.6510 0.6510 0.6706,
0.6510 0.6510 0.6706,
0.6510 0.6510 0.6706,
0.6510 0.6510 0.6706,
0.6510 0.6510 0.6706,
0.6510 0.6510 0.6706,
0.6510 0.6510 0.6706,
0.6510 0.6510 0.6706,
0.6510 0.6510 0.6706,
0.6510 0.6510 0.6706,
0.6510 0.6510 0.6706,
0.6510 0.6510 0.6706,
0.6510 0.6510 0.6706,
0.6510 0.6510 0.6706,
0.6510 0.6510 0.6706,
0.6510 0.6510 0.6706,
0.6510 0.6510 0.6706,
0.6510 0.6510 0.6706,
0.6510 0.6510 0.6706,
0.6510 0.6510 0.6706,
0.6510 0.6510 0.6706,
0.6510 0.6510 0.6706,
0.6510 0.6510 0.6706,
0.6510 0.6510 0.6706,
0.6510 0.6510 0.6706,
0.6510 0.6510 0.6706,
0.6510 0.6510 0.6706,
0.6510 0.6510 0.6706,
0.6510 0.6510 0.6706,
0.6510 0.6510 0.6706,
0.6510 0.6510 0.6706,
0.6510 0.6510 0.6706,
0.6510 0.6510 0.6706,
0.6510 0.6510 0.6706,
0.6510 0.6510 0.6706,
0.6510 0.6510 0.6706,
0.6510 0.6510 0.6706,
0.6510 0.6510 0.6706,
0.6510 0.6510 0.6706,
0.6510 0.6510 0.6706,
0.6510 0.6510 0.6706,
0.6510 0.6510 0.6706,
0.6510 0.6510 0.6706,
0.6510 0.6510 0.6706,
0.6510 0.6510 0.6706,
0.6510 0.6510 0.6706,
0.6510 0.6510 0.6706,
0.6510 0.6510 0.6706,
0.6510 0.6510 0.6706,
0.6510 0.6510 0.6706,
0.6510 0.6510 0.6706,
0.6510 0.6510 0.6706,
0.6510 0.6510 0.6706,
0.6510 0.6510 0.6706,
0.6510 0.6510 0.6706,
0.6510 0.6510 0.6706,
0.6510 0.6510 0.6706,
0.6510 0.6510 0.6706,
0.6510 0.6510 0.6706,
0.6510 0.6510 0.6706,
0.6510 0.6510 0.6706,
0.6510 0.6510 0.6706,
0.6510 0.6510 0.6706,
0.6510 0.6510 0.6706,
0.6510 0.6510 0.6706,
0.6510 0.6510 0.6706,
0.6510 0.6510 0.6706,
0.6510 0.6510 0.6706,
0.6510 0.6510 0.6706,
0.6510 0.6510 0.6706,
0.6510 0.6510 0.6706,
0.6510 0.6510 0.6706,
0.6510 0.6510 0.6706,
0.6510 0.6510 0.6706,
0.6510 0.6510 0.6706,
0.6510 0.6510 0.6706,
0.6510 0.6510 0.6706,
0.6510 0.6510 0.6706,
0.6510 0.6510 0.6706,
0.6510 0.6510 0.6706,
0.6510 0.6510 0.6706,
0.6510 0.6510 0.6706,
0.6510 0.6510 0.6706,
0.6510 0.6510 0.6706,
0.6510 0.6510 0.6706,
0.6510 0.6510 0.6706,
0.6510 0.6510 0.6706,
0.6510 0.6510 0.6706,
0.6510 0.6510 0.6706,
0.6510 0.6510 0.6706,
0.6510 0.6510 0.6706,
0.6510 0.6510 0.6706,
0.6510 0.6510 0.6706,
0.6510 0.6510 0.6706,
0.6510 0.6510 0.6706,
0.6510 0.6510 0.6706,
0.6510 0.6510 0.6706,
0.6510 0.6510 0.6706,
0.6510 0.6510 0.6706,
0.6510 0.6510 0.6706,
0.6510 0.6510 0.6706,
0.6510 0.6510 0.6706,
0.6510 0.6510 0.6706,
0.6510 0.6510 0.6706,
0.6510 0.6510 0.6706,
0.6510 0.6510 0.6706,
0.6510 0.6510 0.6706,
0.6510 0.6510 0.6706,
0.6510 0.6510 0.6706,
0.6510 0.6510 0.6706,
0.6510 0.6510 0.6706,
0.6510 0.6510 0.6706,
0.6510 0.6510 0.6706,
0.6510 0.6510 0.6706,
0.6510 0.6510 0.6706,
0.6510 0.6510 0.6706,
0.6510 0.6510 0.6706,
0.6510 0.6510 0.6706,
0.6510 0.6510 0.6706,
0.6510 0.6510 0.6706,
0.6510 0.6510 0.6706,
0.6510 0.6510 0.6706,
0.6510 0.6510 0.6706,
0.6510 0.6510 0.6706,
0.6510 0.6510 0.6706,
0.6510 0.6510 0.6706,
0.6510 0.6510 0.6706,
0.6510 0.6510 0.6706,
0.6510 0.6510 0.6706,
0.6510 0.6510 0.6706,
0.6510 0.6510 0.6706,
0.6510 0.6510 0.6706,
0.6510 0.6510 0.6706,
0.6510 0.6510 0.6706,
0.6510 0.6510 0.6706,
0.6510 0.6510 0.6706,
0.6510 0.6510 0.6706,
0.6510 0.6510 0.6706,
0.6510 0.6510 0.6706,
0.6510 0.6510 0.6706,
0.6510 0.6510 0.6706,
0.6510 0.6510 0.6706,
0.6510 0.6510 0.6706,
0.6510 0.6510 0.6706,
0.6510 0.6510 0.6706,
0.6510 0.6510 0.6706,
0.6510 0.6510 0.6706,
0.6510 0.6510 0.6706,
0.6510 0.6510 0.6706,
0.6510 0.6510 0.6706,
0.6510 0.6510 0.6706,
0.6510 0.6510 0.6706,
0.6510 0.6510 0.6706,
0.6510 0.6510 0.6706,
0.6510 0.6510 0.6706,
0.6510 0.6510 0.6706,
0.6510 0.6510 0.6706,
0.6510 0.6510 0.6706,
0.6510 0.6510 0.6706,
0.6510 0.6510 0.6706,
0.6510 0.6510 0.6706,
0.6510 0.6510 0.6706,
0.6510 0.6510 0.6706,
0.6510 0.6510 0.6706,
0.6510 0.6510 0.6706,
0.6510 0.6510 0.6706,
0.6510 0.6510 0.6706,
0.6510 0.6510 0.6706,
0.6510 0.6510 0.6706,
0.6510 0.6510 0.6706,
0.6510 0.6510 0.6706,
0.6510 0.6510 0.6706,
0.6510 0.6510 0.6706,
0.6510 0.6510 0.6706,
0.6510 0.6510 0.6706,
0.6510 0.6510 0.6706,
0.6510 0.6510 0.6706,
0.6510 0.6510 0.6706,
0.6510 0.6510 0.6706,
0.6510 0.6510 0.6706,
0.6510 0.6510 0.6706,
0.6510 0.6510 0.6706,
0.6510 0.6510 0.6706,
0.6510 0.6510 0.6706,
0.6510 0.6510 0.6706,
0.6510 0.6510 0.6706,
0.6510 0.6510 0.6706,
0.6510 0.6510 0.6706,
0.6510 0.6510 0.6706,
0.6510 0.6510 0.6706,
0.6510 0.6510 0.6706,
0.6510 0.6510 0.6706,
0.6510 0.6510 0.6706,
0.6510 0.6510 0.6706,
0.6510 0.6510 0.6706,
0.6510 0.6510 0.6706,
0.6510 0.6510 0.6706,
0.6510 0.6510 0.6706,
0.6510 0.6510 0.6706,
0.6510 0.6510 0.6706,
0.6510 0.6510 0.6706,
0.6510 0.6510 0.6706,
0.6510 0.6510 0.6706,
0.6510 0.6510 0.6706,
0.6510 0.6510 0.6706,
0.6510 0.6510 0.6706,
0.6510 0.6510 0.6706,
0.6510 0.6510 0.6706,
0.6510 0.6510 0.6706,
0.6510 0.6510 0.6706,
0.6510 0.6510 0.6706,
0.6510 0.6510 0.6706,
0.6510 0.6510 0.6706,
0.6510 0.6510 0.6706,
0.6510 0.6510 0.6706,
0.6510 0.6510 0.6706,
0.6510 0.6510 0.6706,
0.6510 0.6510 0.6706,
0.6510 0.6510 0.6706,
0.6510 0.6510 0.6706,
0.6510 0.6510 0.6706,
0.6510 0.6510 0.6706,
0.6510 0.6510 0.6706,
0.6510 0.6510 0.6706,
0.6510 0.6510 0.6706,
0.6510 0.6510 0.6706,
0.6510 0.6510 0.6706,
0.6510 0.6510 0.6706,
0.6510 0.6510 0.6706,
0.6510 0.6510 0.6706,
0.6510 0.6510 0.6706,
0.6510 0.6510 0.6706,
0.6510 0.6510 0.6706,
0.6510 0.6510 0.6706,
0.6510 0.6510 0.6706,
0.6510 0.6510 0.6706,
0.6510 0.6510 0.6706,
0.6510 0.6510 0.6706,
0.6510 0.6510 0.6706,
0.6510 0.6510 0.6706,
0.6510 0.6510 0.6706,
0.6510 0.6510 0.6706,
0.6510 0.6510 0.6706,
0.6510 0.6510 0.6706,
0.6510 0.6510 0.6706,
0.6510 0.6510 0.6706,
0.6510 0.6510 0.6706,
0.6510 0.6510 0.6706,
0.6510 0.6510 0.6706,
0.6510 0.6510 0.6706,
0.6510 0.6510 0.6706,
0.6510 0.6510 0.6706,
0.6510 0.6510 0.6706,
0.6510 0.6510 0.6706,
0.6510 0.6510 0.6706,
0.6510 0.6510 0.6706,
0.6510 0.6510 0.6706,
0.6510 0.6510 0.6706,
0.6510 0.6510 0.6706,
0.6510 0.6510 0.6706,
0.6510 0.6510 0.6706,
0.6510 0.6510 0.6706,
0.6510 0.6510 0.6706,
0.6510 0.6510 0.6706,
0.6510 0.6510 0.6706,
0.6510 0.6510 0.6706,
0.6510 0.6510 0.6706,
0.6510 0.6510 0.6706,
0.6510 0.6510 0.6706,
0.6510 0.6510 0.6706,
0.6510 0.6510 0.6706,
0.6510 0.6510 0.6706,
0.6510 0.6510 0.6706,
0.6510 0.6510 0.6706,
0.6510 0.6510 0.6706,
0.6510 0.6510 0.6706,
0.6510 0.6510 0.6706,
0.6510 0.6510 0.6706,
0.6510 0.6510 0.6706,
0.6510 0.6510 0.6706,
0.6510 0.6510 0.6706,
0.6510 0.6510 0.6706,
0.6510 0.6510 0.6706,
0.6510 0.6510 0.6706,
0.6510 0.6510 0.6706,
0.6510 0.6510 0.6706,
0.6510 0.6510 0.6706,
0.6510 0.6510 0.6706,
0.6510 0.6510 0.6706,
0.6510 0.6510 0.6706,
0.6510 0.6510 0.6706,
0.6510 0.6510 0.6706,
0.6510 0.6510 0.6706,
0.6510 0.6510 0.6706,
0.6510 0.6510 0.6706,
0.6510 0.6510 0.6706,
0.6510 0.6510 0.6706,
0.6510 0.6510 0.6706,
0.6510 0.6510 0.6706,
0.6510 0.6510 0.6706,
0.6510 0.6510 0.6706,
0.6510 0.6510 0.6706,
0.6510 0.6510 0.6706,
0.6510 0.6510 0.6706,
0.6510 0.6510 0.6706,
0.6510 0.6510 0.6706,
0.6510 0.6510 0.6706,
0.6510 0.6510 0.6706,
0.6510 0.6510 0.6706,
0.6510 0.6510 0.6706,
0.6510 0.6510 0.6706,
0.6510 0.6510 0.6706,
0.6510 0.6510 0.6706,
0.6510 0.6510 0.6706,
0.6510 0.6510 0.6706,
0.6510 0.6510 0.6706,
0.6510 0.6510 0.6706,
0.6510 0.6510 0.6706,
0.6510 0.6510 0.6706,
0.6510 0.6510 0.6706,
0.6510 0.6510 0.6706,
0.6510 0.6510 0.6706,
0.6510 0.6510 0.6706,
0.6510 0.6510 0.6706,
0.6510 0.6510 0.6706,
0.6510 0.6510 0.6706,
0.6510 0.6510 0.6706,
0.6510 0.6510 0.6706,
0.6510 0.6510 0.6706,
0.6510 0.6510 0.6706,
0.6510 0.6510 0.6706,
0.6510 0.6510 0.6706,
0.6510 0.6510 0.6706,
0.6510 0.6510 0.6706,
0.6510 0.6510 0.6706,
0.6510 0.6510 0.6706,
0.6510 0.6510 0.6706,
0.6510 0.6510 0.6706,
0.6510 0.6510 0.6706,
0.6510 0.6510 0.6706,
0.6510 0.6510 0.6706,
0.6510 0.6510 0.6706,
0.6510 0.6510 0.6706,
0.6510 0.6510 0.6706,
0.6510 0.6510 0.6706,
0.6510 0.6510 0.6706,
0.6510 0.6510 0.6706,
0.6510 0.6510 0.6706,
0.6510 0.6510 0.6706,
0.6510 0.6510 0.6706,
0.6510 0.6510 0.6706,
0.6510 0.6510 0.6706,
0.6510 0.6510 0.6706,
0.6510 0.6510 0.6706,
0.6510 0.6510 0.6706,
0.6510 0.6510 0.6706,
0.6510 0.6510 0.6706,
0.6510 0.6510 0.6706,
0.6510 0.6510 0.6706,
0.6510 0.6510 0.6706,
0.6510 0.6510 0.6706,
0.6510 0.6510 0.6706,
0.6510 0.6510 0.6706,
0.6510 0.6510 0.6706,
0.6510 0.6510 0.6706,
0.6510 0.6510 0.6706,
0.6510 0.6510 0.6706,
0.6510 0.6510 0.6706,
0.6510 0.6510 0.6706,
0.6510 0.6510 0.6706,
0.6510 0.6510 0.6706,
0.6510 0.6510 0.6706,
0.6510 0.6510 0.6706,
0.6510 0.6510 0.6706,
0.6510 0.6510 0.6706,
0.6510 0.6510 0.6706,
0.6510 0.6510 0.6706,
0.6510 0.6510 0.6706,
0.6510 0.6510 0.6706,
0.6510 0.6510 0.6706,
0.6510 0.6510 0.6706,
0.6510 0.6510 0.6706,
0.6510 0.6510 0.6706,
0.6510 0.6510 0.6706,
0.6510 0.6510 0.6706,
0.6510 0.6510 0.6706,
0.6510 0.6510 0.6706,
0.6510 0.6510 0.6706,
0.6510 0.6510 0.6706,
0.6510 0.6510 0.6706,
0.6510 0.6510 0.6706,
0.6510 0.6510 0.6706,
0.6510 0.6510 0.6706,
0.6510 0.6510 0.6706,
0.6510 0.6510 0.6706,
0.6510 0.6510 0.6706,
0.6510 0.6510 0.6706,
0.6510 0.6510 0.6706,
0.6510 0.6510 0.6706,
0.6510 0.6510 0.6706,
0.6510 0.6510 0.6706,
0.6510 0.6510 0.6706,
0.6510 0.6510 0.6706,
0.6510 0.6510 0.6706,
0.6510 0.6510 0.6706,
0.6510 0.6510 0.6706,
0.6510 0.6510 0.6706,
0.6510 0.6510 0.6706,
0.6510 0.6510 0.6706,
0.6510 0.6510 0.6706,
0.6510 0.6510 0.6706,
0.6510 0.6510 0.6706,
0.6510 0.6510 0.6706,
0.6510 0.6510 0.6706,
0.6510 0.6510 0.6706,
0.6510 0.6510 0.6706,
0.6510 0.6510 0.6706,
0.6510 0.6510 0.6706,
0.6510 0.6510 0.6706,
0.6510 0.6510 0.6706,
0.6510 0.6510 0.6706,
0.6510 0.6510 0.6706,
0.6510 0.6510 0.6706,
0.6510 0.6510 0.6706,
0.6510 0.6510 0.6706,
0.6510 0.6510 0.6706,
0.6510 0.6510 0.6706,
0.6510 0.6510 0.6706,
0.6510 0.6510 0.6706,
0.6510 0.6510 0.6706,
0.6510 0.6510 0.6706,
0.6510 0.6510 0.6706,
0.6510 0.6510 0.6706,
0.6510 0.6510 0.6706,
0.6510 0.6510 0.6706,
0.6510 0.6510 0.6706,
0.6510 0.6510 0.6706,
0.6510 0.6510 0.6706,
0.6510 0.6510 0.6706,
0.6510 0.6510 0.6706,
0.6510 0.6510 0.6706,
0.6510 0.6510 0.6706,
0.6510 0.6510 0.6706,
0.6510 0.6510 0.6706,
0.6510 0.6510 0.6706,
0.6510 0.6510 0.6706,
0.6510 0.6510 0.6706,
0.6510 0.6510 0.6706,
0.6510 0.6510 0.6706,
0.6510 0.6510 0.6706,
0.6510 0.6510 0.6706,
0.6510 0.6510 0.6706,
0.6510 0.6510 0.6706,
0.6510 0.6510 0.6706,
0.6510 0.6510 0.6706,
0.6510 0.6510 0.6706,
0.6510 0.6510 0.6706,
0.6510 0.6510 0.6706,
0.6510 0.6510 0.6706,
0.6510 0.6510 0.6706,
0.6510 0.6510 0.6706,
0.6510 0.6510 0.6706,
0.6510 0.6510 0.6706,
0.6510 0.6510 0.6706,
0.6510 0.6510 0.6706,
0.6510 0.6510 0.6706,
0.6510 0.6510 0.6706,
0.6510 0.6510 0.6706,
0.6510 0.6510 0.6706,
0.6510 0.6510 0.6706,
0.6510 0.6510 0.6706,
0.6510 0.6510 0.6706,
0.6510 0.6510 0.6706,
0.6510 0.6510 0.6706,
0.6510 0.6510 0.6706,
0.6510 0.6510 0.6706,
0.6510 0.6510 0.6706,
0.6510 0.6510 0.6706,
0.6510 0.6510 0.6706,
0.6510 0.6510 0.6706,
0.6510 0.6510 0.6706,
0.6510 0.6510 0.6706,
0.6510 0.6510 0.6706,
0.6510 0.6510 0.6706,
0.6510 0.6510 0.6706,
0.6510 0.6510 0.6706,
0.6510 0.6510 0.6706,
0.6510 0.6510 0.6706,
0.6510 0.6510 0.6706,
0.6510 0.6510 0.6706,
0.6510 0.6510 0.6706,
0.6510 0.6510 0.6706,
0.6510 0.6510 0.6706,
0.6510 0.6510 0.6706,
0.6510 0.6510 0.6706,
0.6510 0.6510 0.6706,
0.6510 0.6510 0.6706,
0.6510 0.6510 0.6706,
0.6510 0.6510 0.6706,
0.6510 0.6510 0.6706,
0.6510 0.6510 0.6706,
0.6510 0.6510 0.6706,
0.6510 0.6510 0.6706,
0.6510 0.6510 0.6706,
0.6510 0.6510 0.6706,
0.6510 0.6510 0.6706,
0.6510 0.6510 0.6706,
0.6510 0.6510 0.6706,
0.6510 0.6510 0.6706,
0.6510 0.6510 0.6706,
0.6510 0.6510 0.6706,
0.6510 0.6510 0.6706,
0.6510 0.6510 0.6706,
0.6510 0.6510 0.6706,
0.6510 0.6510 0.6706,
0.6510 0.6510 0.6706,
0.6510 0.6510 0.6706,
0.6510 0.6510 0.6706,
0.6510 0.6510 0.6706,
0.6510 0.6510 0.6706,
0.6510 0.6510 0.6706,
0.6510 0.6510 0.6706,
0.6510 0.6510 0.6706,
0.6510 0.6510 0.6706,
0.6510 0.6510 0.6706,
0.6510 0.6510 0.6706,
0.6510 0.6510 0.6706,
0.6510 0.6510 0.6706,
0.6510 0.6510 0.6706,
0.6510 0.6510 0.6706,
0.6510 0.6510 0.6706,
0.6510 0.6510 0.6706,
0.6510 0.6510 0.6706,
0.6510 0.6510 0.6706,
0.6510 0.6510 0.6706,
0.6510 0.6510 0.6706,
0.6510 0.6510 0.6706,
0.6510 0.6510 0.6706,
0.6510 0.6510 0.6706,
0.6510 0.6510 0.6706,
0.6510 0.6510 0.6706,
0.6510 0.6510 0.6706,
0.6510 0.6510 0.6706,
0.6510 0.6510 0.6706,
0.6510 0.6510 0.6706,
0.6510 0.6510 0.6706,
0.6510 0.6510 0.6706,
0.6510 0.6510 0.6706,
0.6510 0.6510 0.6706,
0.6510 0.6510 0.6706,
0.6510 0.6510 0.6706,
0.6510 0.6510 0.6706,
0.6510 0.6510 0.6706,
0.6510 0.6510 0.6706,
0.6510 0.6510 0.6706,
0.6510 0.6510 0.6706,
0.6510 0.6510 0.6706,
0.6510 0.6510 0.6706,
0.6510 0.6510 0.6706,
0.6510 0.6510 0.6706,
0.6510 0.6510 0.6706,
0.6510 0.6510 0.6706,
0.6510 0.6510 0.6706,
0.6510 0.6510 0.6706,
0.6510 0.6510 0.6706,
0.6510 0.6510 0.6706,
0.6510 0.6510 0.6706,
0.6510 0.6510 0.6706,
0.6510 0.6510 0.6706,
0.6510 0.6510 0.6706,
0.6510 0.6510 0.6706,
0.6510 0.6510 0.6706,
0.6510 0.6510 0.6706,
0.6510 0.6510 0.6706,
0.6510 0.6510 0.6706,
0.6510 0.6510 0.6706,
0.6510 0.6510 0.6706,
0.6510 0.6510 0.6706,
0.6510 0.6510 0.6706,
0.6510 0.6510 0.6706,
0.6510 0.6510 0.6706,
0.6510 0.6510 0.6706,
0.6510 0.6510 0.6706,
0.6510 0.6510 0.6706,
0.6510 0.6510 0.6706,
0.6510 0.6510 0.6706,
0.6510 0.6510 0.6706,
0.6510 0.6510 0.6706,
0.6510 0.6510 0.6706,
0.6510 0.6510 0.6706,
0.6510 0.6510 0.6706,
0.6510 0.6510 0.6706,
0.6510 0.6510 0.6706,
0.6510 0.6510 0.6706,
0.6510 0.6510 0.6706,
0.6510 0.6510 0.6706,
0.6510 0.6510 0.6706,
0.6510 0.6510 0.6706,
0.6510 0.6510 0.6706,
0.6510 0.6510 0.6706,
0.6510 0.6510 0.6706,
0.6510 0.6510 0.6706,
0.6510 0.6510 0.6706,
0.6510 0.6510 0.6706,
0.6510 0.6510 0.6706,
0.6510 0.6510 0.6706,
0.6510 0.6510 0.6706,
0.6510 0.6510 0.6706,
0.6510 0.6510 0.6706,
0.6510 0.6510 0.6706,
0.6510 0.6510 0.6706,
0.6510 0.6510 0.6706,
0.6510 0.6510 0.6706,
0.6510 0.6510 0.6706,
0.6510 0.6510 0.6706,
0.6510 0.6510 0.6706,
0.6510 0.6510 0.6706,
0.6510 0.6510 0.6706,
0.6510 0.6510 0.6706,
0.6510 0.6510 0.6706,
0.6510 0.6510 0.6706,
0.6510 0.6510 0.6706,
0.6510 0.6510 0.6706,
0.6510 0.6510 0.6706,
0.6510 0.6510 0.6706,
0.6510 0.6510 0.6706,
0.6510 0.6510 0.6706,
0.6510 0.6510 0.6706,
0.6510 0.6510 0.6706,
0.6510 0.6510 0.6706,
0.6510 0.6510 0.6706,
0.6510 0.6510 0.6706,
0.6510 0.6510 0.6706,
0.6510 0.6510 0.6706,
0.6510 0.6510 0.6706,
0.6510 0.6510 0.6706,
0.6510 0.6510 0.6706,
0.6510 0.6510 0.6706,
0.6510 0.6510 0.6706,
0.6510 0.6510 0.6706,
0.6510 0.6510 0.6706,
0.6510 0.6510 0.6706,
0.6510 0.6510 0.6706,
0.6510 0.6510 0.6706,
0.6510 0.6510 0.6706,
0.6510 0.6510 0.6706,
0.6510 0.6510 0.6706,
0.6510 0.6510 0.6706,
0.6510 0.6510 0.6706,
0.6510 0.6510 0.6706,
0.6510 0.6510 0.6706,
0.6510 0.6510 0.6706,
0.6510 0.6510 0.6706,
0.6510 0.6510 0.6706,
0.6510 0.6510 0.6706,
0.6510 0.6510 0.6706,
0.6510 0.6510 0.6706,
0.6510 0.6510 0.6706,
0.6510 0.6510 0.6706,
0.6510 0.6510 0.6706,
0.6510 0.6510 0.6706,
0.6510 0.6510 0.6706,
0.6510 0.6510 0.6706,
0.6510 0.6510 0.6706,
0.6510 0.6510 0.6706,
0.6510 0.6510 0.6706,
0.6510 0.6510 0.6706,
0.6510 0.6510 0.6706,
0.6510 0.6510 0.6706,
0.6510 0.6510 0.6706,
0.6510 0.6510 0.6706,
0.6510 0.6510 0.6706,
0.6510 0.6510 0.6706,
0.6510 0.6510 0.6706,
0.6510 0.6510 0.6706,
0.6510 0.6510 0.6706,
0.6510 0.6510 0.6706,
0.6510 0.6510 0.6706,
0.6510 0.6510 0.6706,
0.6510 0.6510 0.6706,
0.6510 0.6510 0.6706,
0.6510 0.6510 0.6706,
0.6510 0.6510 0.6706,
0.6510 0.6510 0.6706,
0.6510 0.6510 0.6706,
0.6510 0.6510 0.6706,
0.6510 0.6510 0.6706,
0.6510 0.6510 0.6706,
0.6510 0.6510 0.6706,
0.6510 0.6510 0.6706,
0.6510 0.6510 0.6706,
0.6510 0.6510 0.6706,
0.6510 0.6510 0.6706,
0.6510 0.6510 0.6706,
0.6510 0.6510 0.6706,
0.6510 0.6510 0.6706,
0.6510 0.6510 0.6706,
0.6510 0.6510 0.6706,
0.6510 0.6510 0.6706,
0.6510 0.6510 0.6706,
0.6510 0.6510 0.6706,
0.6510 0.6510 0.6706,
0.6510 0.6510 0.6706,
0.6510 0.6510 0.6706,
0.6510 0.6510 0.6706,
0.6510 0.6510 0.6706,
0.6510 0.6510 0.6706,
0.6510 0.6510 0.6706,
0.6510 0.6510 0.6706,
0.6510 0.6510 0.6706,
0.6510 0.6510 0.6706,
0.6510 0.6510 0.6706,
0.6510 0.6510 0.6706,
0.6510 0.6510 0.6706,
0.6510 0.6510 0.6706,
0.6510 0.6510 0.6706,
0.6510 0.6510 0.6706,
0.6510 0.6510 0.6706,
0.6510 0.6510 0.6706,
0.6510 0.6510 0.6706,
0.6510 0.6510 0.6706,
0.6510 0.6510 0.6706,
0.6510 0.6510 0.6706,
0.6510 0.6510 0.6706,
0.6510 0.6510 0.6706,
0.6510 0.6510 0.6706,
0.6510 0.6510 0.6706,
0.6510 0.6510 0.6706,
0.6510 0.6510 0.6706,
0.6510 0.6510 0.6706,
0.6510 0.6510 0.6706,
0.6510 0.6510 0.6706,
0.6510 0.6510 0.6706,
0.6510 0.6510 0.6706,
0.6510 0.6510 0.6706,
0.6510 0.6510 0.6706,
0.6510 0.6510 0.6706,
0.6510 0.6510 0.6706,
0.6510 0.6510 0.6706,
0.6510 0.6510 0.6706,
0.6510 0.6510 0.6706,
0.6510 0.6510 0.6706,
0.6510 0.6510 0.6706,
0.6510 0.6510 0.6706,
0.6510 0.6510 0.6706,
0.6510 0.6510 0.6706,
0.6510 0.6510 0.6706,
0.6510 0.6510 0.6706,
0.6510 0.6510 0.6706,
0.6510 0.6510 0.6706,
0.6510 0.6510 0.6706,
0.6510 0.6510 0.6706,
0.6510 0.6510 0.6706,
0.6510 0.6510 0.6706,
0.6510 0.6510 0.6706,
0.6510 0.6510 0.6706,
0.6510 0.6510 0.6706,
0.6510 0.6510 0.6706,
0.6510 0.6510 0.6706,
0.6510 0.6510 0.6706,
0.6510 0.6510 0.6706,
0.6510 0.6510 0.6706,
0.6510 0.6510 0.6706,
0.6510 0.6510 0.6706,
0.6510 0.6510 0.6706,
0.6510 0.6510 0.6706,
0.6510 0.6510 0.6706,
0.6510 0.6510 0.6706,
0.6510 0.6510 0.6706,
0.6510 0.6510 0.6706,
0.6510 0.6510 0.6706,
0.6510 0.6510 0.6706,
0.6510 0.6510 0.6706,
0.6510 0.6510 0.6706,
0.6510 0.6510 0.6706,
0.6510 0.6510 0.6706,
0.6510 0.6510 0.6706,
0.6510 0.6510 0.6706,
0.6510 0.6510 0.6706,
0.6510 0.6510 0.6706,
0.6510 0.6510 0.6706,
0.6510 0.6510 0.6706,
0.6510 0.6510 0.6706,
0.6510 0.6510 0.6706,
0.6510 0.6510 0.6706,
0.6510 0.6510 0.6706,
0.6510 0.6510 0.6706,
0.6510 0.6510 0.6706,
0.6510 0.6510 0.6706,
0.6510 0.6510 0.6706,
0.6510 0.6510 0.6706,
0.6510 0.6510 0.6706,
0.6510 0.6510 0.6706,
0.6510 0.6510 0.6706,
0.6510 0.6510 0.6706,
0.6510 0.6510 0.6706,
0.6510 0.6510 0.6706,
0.6510 0.6510 0.6706,
0.6510 0.6510 0.6706,
0.6510 0.6510 0.6706,
0.6510 0.6510 0.6706,
0.6510 0.6510 0.6706,
0.6510 0.6510 0.6706,
0.6510 0.6510 0.6706,
0.6510 0.6510 0.6706,
0.6510 0.6510 0.6706,
0.6510 0.6510 0.6706,
0.6510 0.6510 0.6706,
0.6510 0.6510 0.6706,
0.6510 0.6510 0.6706,
0.6510 0.6510 0.6706,
0.6510 0.6510 0.6706,
0.6510 0.6510 0.6706,
0.6510 0.6510 0.6706,
0.6510 0.6510 0.6706,
0.6510 0.6510 0.6706,
0.6510 0.6510 0.6706,
0.6510 0.6510 0.6706,
0.6510 0.6510 0.6706,
0.6510 0.6510 0.6706,
0.6510 0.6510 0.6706,
0.6510 0.6510 0.6706,
0.6510 0.6510 0.6706,
0.6510 0.6510 0.6706,
0.6510 0.6510 0.6706,
0.6510 0.6510 0.6706,
0.6510 0.6510 0.6706,
0.6510 0.6510 0.6706,
0.6510 0.6510 0.6706,
0.6510 0.6510 0.6706,
0.6510 0.6510 0.6706,
0.6510 0.6510 0.6706,
0.6510 0.6510 0.6706,
0.6510 0.6510 0.6706,
0.6510 0.6510 0.6706,
0.6510 0.6510 0.6706,
0.6510 0.6510 0.6706,
0.6510 0.6510 0.6706,
0.6510 0.6510 0.6706,
0.6510 0.6510 0.6706,
0.6510 0.6510 0.6706,
0.6510 0.6510 0.6706,
0.6510 0.6510 0.6706,
0.6510 0.6510 0.6706,
0.6510 0.6510 0.6706,
0.6510 0.6510 0.6706,
0.6510 0.6510 0.6706,
0.6510 0.6510 0.6706,
0.6510 0.6510 0.6706,
0.6510 0.6510 0.6706,
0.6510 0.6510 0.6706,
0.6510 0.6510 0.6706,
0.6510 0.6510 0.6706,
0.6510 0.6510 0.6706,
0.6510 0.6510 0.6706,
0.6510 0.6510 0.6706,
0.6510 0.6510 0.6706,
0.6510 0.6510 0.6706,
0.6510 0.6510 0.6706,
0.6510 0.6510 0.6706,
0.6510 0.6510 0.6706,
0.6510 0.6510 0.6706,
0.6510 0.6510 0.6706,
0.6510 0.6510 0.6706,
0.6510 0.6510 0.6706,
0.6510 0.6510 0.6706,
0.6510 0.6510 0.6706,
0.6510 0.6510 0.6706,
0.6510 0.6510 0.6706,
0.6510 0.6510 0.6706,
0.6510 0.6510 0.6706,
0.6510 0.6510 0.6706,
0.6510 0.6510 0.6706,
0.6510 0.6510 0.6706,
0.6510 0.6510 0.6706,
0.6510 0.6510 0.6706,
0.6510 0.6510 0.6706,
0.6510 0.6510 0.6706,
0.6510 0.6510 0.6706,
0.6510 0.6510 0.6706,
0.6510 0.6510 0.6706,
0.6510 0.6510 0.6706,
0.6510 0.6510 0.6706,
0.6510 0.6510 0.6706,
0.6510 0.6510 0.6706,
0.6510 0.6510 0.6706,
0.6510 0.6510 0.6706,
0.6510 0.6510 0.6706,
0.6510 0.6510 0.6706,
0.6510 0.6510 0.6706,
0.6510 0.6510 0.6706,
0.6510 0.6510 0.6706,
0.6510 0.6510 0.6706,
0.6510 0.6510 0.6706,
0.6510 0.6510 0.6706,
0.6510 0.6510 0.6706,
0.6510 0.6510 0.6706,
0.6510 0.6510 0.6706,
0.6510 0.6510 0.6706,
0.6510 0.6510 0.6706,
0.6510 0.6510 0.6706,
0.6510 0.6510 0.6706,
0.6510 0.6510 0.6706,
0.6510 0.6510 0.6706,
0.6510 0.6510 0.6706,
0.6510 0.6510 0.6706,
0.6510 0.6510 0.6706,
0.6510 0.6510 0.6706,
0.6510 0.6510 0.6706,
0.6510 0.6510 0.6706,
0.6510 0.6510 0.6706,
0.6510 0.6510 0.6706,
0.6510 0.6510 0.6706,
0.6510 0.6510 0.6706,
0.6510 0.6510 0.6706,
0.6510 0.6510 0.6706,
0.6510 0.6510 0.6706,
0.6510 0.6510 0.6706,
0.6510 0.6510 0.6706,
0.6510 0.6510 0.6706,
0.6510 0.6510 0.6706,
0.6510 0.6510 0.6706,
0.6510 0.6510 0.6706,
0.6510 0.6510 0.6706,
0.6510 0.6510 0.6706,
0.6510 0.6510 0.6706,
0.6510 0.6510 0.6706,
0.6510 0.6510 0.6706,
0.6510 0.6510 0.6706,
0.6510 0.6510 0.6706,
0.6510 0.6510 0.6706,
0.6510 0.6510 0.6706,
0.6510 0.6510 0.6706,
0.6510 0.6510 0.6706,
0.6510 0.6510 0.6706,
0.6510 0.6510 0.6706,
0.6510 0.6510 0.6706,
0.6510 0.6510 0.6706,
0.6510 0.6510 0.6706,
0.6510 0.6510 0.6706,
0.6510 0.6510 0.6706,
0.6510 0.6510 0.6706,
0.6510 0.6510 0.6706,
0.6510 0.6510 0.6706,
0.6510 0.6510 0.6706,
0.6510 0.6510 0.6706,
0.6510 0.6510 0.6706,
0.6510 0.6510 0.6706,
0.6510 0.6510 0.6706,
0.6510 0.6510 0.6706,
0.6510 0.6510 0.6706,
0.6510 0.6510 0.6706,
0.6510 0.6510 0.6706,
0.6510 0.6510 0.6706,
0.6510 0.6510 0.6706,
0.6510 0.6510 0.6706,
0.6510 0.6510 0.6706,
0.6510 0.6510 0.6706,
0.6510 0.6510 0.6706,
0.6510 0.6510 0.6706,
0.6510 0.6510 0.6706,
0.6510 0.6510 0.6706,
0.6510 0.6510 0.6706,
0.6510 0.6510 0.6706,
0.6510 0.6510 0.6706,
0.6510 0.6510 0.6706,
0.6510 0.6510 0.6706,
0.6510 0.6510 0.6706,
0.6510 0.6510 0.6706,
0.6510 0.6510 0.6706,
0.6510 0.6510 0.6706,
0.6510 0.6510 0.6706,
0.6510 0.6510 0.6706,
0.6510 0.6510 0.6706,
0.6510 0.6510 0.6706,
0.6510 0.6510 0.6706,
0.6510 0.6510 0.6706,
0.6510 0.6510 0.6706,
0.6510 0.6510 0.6706,
0.6510 0.6510 0.6706,
0.6510 0.6510 0.6706,
0.6510 0.6510 0.6706,
0.6510 0.6510 0.6706,
0.6510 0.6510 0.6706,
0.6510 0.6510 0.6706,
0.6510 0.6510 0.6706,
0.6510 0.6510 0.6706,
0.6510 0.6510 0.6706,
0.6510 0.6510 0.6706,
0.6510 0.6510 0.6706,
0.6510 0.6510 0.6706,
0.6510 0.6510 0.6706,
0.6510 0.6510 0.6706,
0.6510 0.6510 0.6706,
0.6510 0.6510 0.6706,
0.6510 0.6510 0.6706,
0.6510 0.6510 0.6706,
0.6510 0.6510 0.6706,
0.6510 0.6510 0.6706,
0.6510 0.6510 0.6706,
0.6510 0.6510 0.6706,
0.6510 0.6510 0.6706,
0.6510 0.6510 0.6706,
0.6510 0.6510 0.6706,
0.6510 0.6510 0.6706,
0.6510 0.6510 0.6706,
0.6510 0.6510 0.6706,
0.6510 0.6510 0.6706,
0.6510 0.6510 0.6706,
0.6510 0.6510 0.6706,
0.6510 0.6510 0.6706,
0.6510 0.6510 0.6706,
0.6510 0.6510 0.6706,
0.6510 0.6510 0.6706,
0.6510 0.6510 0.6706,
0.6510 0.6510 0.6706,
0.6510 0.6510 0.6706,
  ] } 
  normalPerVertex TRUE
  normal Normal {
   vector [
0.6502 -0.3480 -0.6754,
0.6418 -0.3421 -0.6863,
0.5969 -0.1314 -0.7915,
0.4662 -0.3992 -0.7895,
0.6502 -0.3480 -0.6754,
0.5969 -0.1314 -0.7915,
0.3711 -0.2720 -0.8879,
0.4662 -0.3992 -0.7895,
0.5969 -0.1314 -0.7915,
0.3996 -0.1121 -0.9098,
0.4662 -0.3992 -0.7895,
0.3711 -0.2720 -0.8879,
0.4120 -0.0203 -0.9110,
0.3996 -0.1121 -0.9098,
0.3711 -0.2720 -0.8879,
0.5331 0.0188 -0.8459,
0.4120 -0.0203 -0.9110,
0.3711 -0.2720 -0.8879,
0.5969 -0.1314 -0.7915,
0.5331 0.0188 -0.8459,
0.3711 -0.2720 -0.8879,
0.6240 -0.2196 -0.7499,
0.5331 0.0188 -0.8459,
0.5969 -0.1314 -0.7915,
0.6418 -0.3421 -0.6863,
0.6240 -0.2196 -0.7499,
0.5969 -0.1314 -0.7915,
0.5375 -0.6159 -0.5759,
0.6240 -0.2196 -0.7499,
0.6418 -0.3421 -0.6863,
0.6226 -0.3902 -0.6783,
0.5375 -0.6159 -0.5759,
0.6418 -0.3421 -0.6863,
0.5008 -0.6987 -0.5108,
0.5375 -0.6159 -0.5759,
0.6226 -0.3902 -0.6783,
0.5827 -0.5937 -0.5550,
0.5008 -0.6987 -0.5108,
0.6226 -0.3902 -0.6783,
0.6929 -0.3203 -0.6460,
0.5827 -0.5937 -0.5550,
0.6226 -0.3902 -0.6783,
0.7234 -0.5040 -0.4718,
0.5827 -0.5937 -0.5550,
0.6929 -0.3203 -0.6460,
0.7833 -0.3318 -0.5257,
0.7234 -0.5040 -0.4718,
0.6929 -0.3203 -0.6460,
0.7581 -0.2904 -0.5839,
0.7833 -0.3318 -0.5257,
0.6929 -0.3203 -0.6460,
0.7894 -0.1465 -0.5961,
0.7833 -0.3318 -0.5257,
0.7581 -0.2904 -0.5839,
0.8581 0.0126 -0.5133,
0.7894 -0.1465 -0.5961,
0.7581 -0.2904 -0.5839,
0.7155 -0.2454 -0.6541,
0.8581 0.0126 -0.5133,
0.7581 -0.2904 -0.5839,
0.8175 0.1375 -0.5593,
0.8581 0.0126 -0.5133,
0.7155 -0.2454 -0.6541,
0.5888 0.1208 -0.7992,
0.8175 0.1375 -0.5593,
0.7155 -0.2454 -0.6541,
0.8243 0.0771 -0.5609,
0.8581 0.0126 -0.5133,
0.8175 0.1375 -0.5593,
0.7798 0.0783 -0.6211,
0.8243 0.0771 -0.5609,
0.8175 0.1375 -0.5593,
0.7817 0.0655 -0.6202,
0.7798 0.0783 -0.6211,
0.8175 0.1375 -0.5593,
0.5888 0.1208 -0.7992,
0.7817 0.0655 -0.6202,
0.8175 0.1375 -0.5593,
0.6463 0.0852 -0.7583,
0.7817 0.0655 -0.6202,
0.5888 0.1208 -0.7992,
0.4620 0.1440 -0.8751,
0.6463 0.0852 -0.7583,
0.5888 0.1208 -0.7992,
0.5535 0.2900 -0.7807,
0.6463 0.0852 -0.7583,
0.4620 0.1440 -0.8751,
0.4212 0.1202 -0.8989,
0.5535 0.2900 -0.7807,
0.4620 0.1440 -0.8751,
0.3261 0.0946 -0.9406,
0.4212 0.1202 -0.8989,
0.4620 0.1440 -0.8751,
0.3146 0.0656 -0.9470,
0.4212 0.1202 -0.8989,
0.3261 0.0946 -0.9406,
0.2662 -0.0434 -0.9629,
0.3146 0.0656 -0.9470,
0.3261 0.0946 -0.9406,
0.2723 -0.0301 -0.9617,
0.2662 -0.0434 -0.9629,
0.3261 0.0946 -0.9406,
0.3279 0.1731 -0.9287,
0.2662 -0.0434 -0.9629,
0.2723 -0.0301 -0.9617,
0.0583 0.0346 -0.9977,
0.3146 0.0656 -0.9470,
0.2662 -0.0434 -0.9629,
0.1086 0.1544 -0.9820,
0.3146 0.0656 -0.9470,
0.0583 0.0346 -0.9977,
-0.0918 0.1780 -0.9797,
0.1086 0.1544 -0.9820,
0.0583 0.0346 -0.9977,
-0.1059 0.0404 -0.9936,
-0.0918 0.1780 -0.9797,
0.0583 0.0346 -0.9977,
-0.2519 0.0418 -0.9669,
-0.1059 0.0404 -0.9936,
0.0583 0.0346 -0.9977,
-0.0642 0.2199 -0.9734,
-0.2519 0.0418 -0.9669,
0.0583 0.0346 -0.9977,
-0.4547 0.0929 -0.8858,
-0.2519 0.0418 -0.9669,
-0.0642 0.2199 -0.9734,
-0.1636 -0.0507 -0.9852,
-0.4547 0.0929 -0.8858,
-0.0642 0.2199 -0.9734,
0.3598 0.1436 -0.9219,
-0.1636 -0.0507 -0.9852,
-0.0642 0.2199 -0.9734,
0.3008 -0.2963 -0.9065,
-0.1636 -0.0507 -0.9852,
0.3598 0.1436 -0.9219,
-0.1349 -0.6034 -0.7859,
-0.1636 -0.0507 -0.9852,
0.3008 -0.2963 -0.9065,
0.3862 -0.7057 -0.5939,
-0.1349 -0.6034 -0.7859,
0.3008 -0.2963 -0.9065,
-0.0188 -0.9237 -0.3826,
-0.1349 -0.6034 -0.7859,
0.3862 -0.7057 -0.5939,
0.2960 -0.8809 -0.3692,
-0.0188 -0.9237 -0.3826,
0.3862 -0.7057 -0.5939,
-0.0877 -0.9558 -0.2806,
-0.0188 -0.9237 -0.3826,
0.2960 -0.8809 -0.3692,
0.1405 -0.8877 -0.4385,
-0.0877 -0.9558 -0.2806,
0.2960 -0.8809 -0.3692,
0.3500 -0.7965 -0.4930,
0.1405 -0.8877 -0.4385,
0.2960 -0.8809 -0.3692,
0.3267 -0.7900 -0.5189,
0.1405 -0.8877 -0.4385,
0.3500 -0.7965 -0.4930,
0.4733 -0.7439 -0.4718,
0.3267 -0.7900 -0.5189,
0.3500 -0.7965 -0.4930,
0.4437 -0.7499 -0.4907,
0.3267 -0.7900 -0.5189,
0.4733 -0.7439 -0.4718,
0.5408 -0.6670 -0.5125,
0.4437 -0.7499 -0.4907,
0.4733 -0.7439 -0.4718,
0.6235 -0.7244 -0.2940,
0.4437 -0.7499 -0.4907,
0.5408 -0.6670 -0.5125,
0.7920 -0.5612 -0.2403,
0.6235 -0.7244 -0.2940,
0.5408 -0.6670 -0.5125,
0.7871 -0.6054 -0.1186,
0.6235 -0.7244 -0.2940,
0.7920 -0.5612 -0.2403,
0.7356 -0.6476 -0.1988,
0.7871 -0.6054 -0.1186,
0.7920 -0.5612 -0.2403,
0.7891 -0.5273 -0.3151,
0.7356 -0.6476 -0.1988,
0.7920 -0.5612 -0.2403,
0.6691 -0.6620 -0.3378,
0.7356 -0.6476 -0.1988,
0.7891 -0.5273 -0.3151,
0.7139 -0.4252 -0.5564,
0.6691 -0.6620 -0.3378,
0.7891 -0.5273 -0.3151,
0.4389 -0.7045 -0.5577,
0.6691 -0.6620 -0.3378,
0.7139 -0.4252 -0.5564,
0.4142 -0.2771 -0.8670,
0.4389 -0.7045 -0.5577,
0.7139 -0.4252 -0.5564,
0.7640 -0.2364 -0.6003,
0.4142 -0.2771 -0.8670,
0.7139 -0.4252 -0.5564,
0.7613 0.0502 -0.6465,
0.4142 -0.2771 -0.8670,
0.7640 -0.2364 -0.6003,
0.3874 0.2431 -0.8893,
0.4142 -0.2771 -0.8670,
0.7613 0.0502 -0.6465,
0.7568 0.2308 -0.6115,
0.3874 0.2431 -0.8893,
0.7613 0.0502 -0.6465,
0.4933 0.6470 -0.5814,
0.3874 0.2431 -0.8893,
0.7568 0.2308 -0.6115,
0.8494 0.3520 -0.3931,
0.4933 0.6470 -0.5814,
0.7568 0.2308 -0.6115,
0.8681 0.1594 -0.4700,
0.8494 0.3520 -0.3931,
0.7568 0.2308 -0.6115,
0.9572 0.2037 -0.2055,
0.8494 0.3520 -0.3931,
0.8681 0.1594 -0.4700,
0.9321 0.2469 -0.2651,
0.8494 0.3520 -0.3931,
0.9572 0.2037 -0.2055,
0.8763 0.3668 -0.3125,
0.9321 0.2469 -0.2651,
0.9572 0.2037 -0.2055,
0.7033 0.4676 -0.5355,
0.8763 0.3668 -0.3125,
0.9572 0.2037 -0.2055,
0.9224 -0.0226 -0.3856,
0.7033 0.4676 -0.5355,
0.9572 0.2037 -0.2055,
0.7575 0.5248 -0.3883,
0.8763 0.3668 -0.3125,
0.7033 0.4676 -0.5355,
0.6471 0.4683 -0.6017,
0.7575 0.5248 -0.3883,
0.7033 0.4676 -0.5355,
0.6240 0.3398 -0.7037,
0.6471 0.4683 -0.6017,
0.7033 0.4676 -0.5355,
0.6556 0.3513 -0.6684,
0.6471 0.4683 -0.6017,
0.6240 0.3398 -0.7037,
0.6381 0.4702 -0.6097,
0.6471 0.4683 -0.6017,
0.6556 0.3513 -0.6684,
0.5591 0.4535 -0.6941,
0.6381 0.4702 -0.6097,
0.6556 0.3513 -0.6684,
0.6162 0.3896 -0.6845,
0.5591 0.4535 -0.6941,
0.6556 0.3513 -0.6684,
0.4898 0.4345 -0.7559,
0.5591 0.4535 -0.6941,
0.6162 0.3896 -0.6845,
0.4521 0.2554 -0.8546,
0.4898 0.4345 -0.7559,
0.6162 0.3896 -0.6845,
0.3537 0.3516 -0.8668,
0.4898 0.4345 -0.7559,
0.4521 0.2554 -0.8546,
0.3185 0.1972 -0.9272,
0.3537 0.3516 -0.8668,
0.4521 0.2554 -0.8546,
0.2020 0.2196 -0.9545,
0.3537 0.3516 -0.8668,
0.3185 0.1972 -0.9272,
0.3027 0.3662 -0.8799,
0.3537 0.3516 -0.8668,
0.2020 0.2196 -0.9545,
0.0335 0.2839 -0.9583,
0.3027 0.3662 -0.8799,
0.2020 0.2196 -0.9545,
-0.0262 0.1159 -0.9929,
0.0335 0.2839 -0.9583,
0.2020 0.2196 -0.9545,
-0.2026 0.1271 -0.9710,
0.0335 0.2839 -0.9583,
-0.0262 0.1159 -0.9929,
-0.1365 0.1810 -0.9740,
-0.2026 0.1271 -0.9710,
-0.0262 0.1159 -0.9929,
-0.3308 0.2289 -0.9155,
-0.2026 0.1271 -0.9710,
-0.1365 0.1810 -0.9740,
-0.2805 0.1947 -0.9399,
-0.3308 0.2289 -0.9155,
-0.1365 0.1810 -0.9740,
-0.1562 -0.1385 0.9780,
0.1255 -0.3578 0.9253,
0.2419 0.1208 0.9627,
0.7033 0.4676 -0.5355,
0.9224 -0.0226 -0.3856,
0.7798 0.0783 -0.6211,
-0.5034 -0.0415 -0.8630,
-0.4341 0.1398 -0.8899,
-0.1261 -0.0822 -0.9886,
-0.3471 -0.1198 -0.9301,
-0.5034 -0.0415 -0.8630,
-0.1261 -0.0822 -0.9886,
-0.5106 -0.1493 -0.8468,
-0.5034 -0.0415 -0.8630,
-0.3471 -0.1198 -0.9301,
-0.3844 0.0249 -0.9228,
-0.5106 -0.1493 -0.8468,
-0.3471 -0.1198 -0.9301,
-0.4549 -0.0545 -0.8889,
-0.3844 0.0249 -0.9228,
-0.3471 -0.1198 -0.9301,
-0.4306 -0.1050 -0.8964,
-0.3844 0.0249 -0.9228,
-0.4549 -0.0545 -0.8889,
-0.5527 -0.2896 -0.7814,
-0.4306 -0.1050 -0.8964,
-0.4549 -0.0545 -0.8889,
-0.5736 -0.5018 -0.6474,
-0.4306 -0.1050 -0.8964,
-0.5527 -0.2896 -0.7814,
-0.6150 -0.4949 -0.6139,
-0.5736 -0.5018 -0.6474,
-0.5527 -0.2896 -0.7814,
-0.6083 -0.5417 -0.5801,
-0.6150 -0.4949 -0.6139,
-0.5527 -0.2896 -0.7814,
-0.5659 -0.2990 -0.7684,
-0.6083 -0.5417 -0.5801,
-0.5527 -0.2896 -0.7814,
-0.4612 -0.7222 -0.5155,
-0.6083 -0.5417 -0.5801,
-0.5659 -0.2990 -0.7684,
-0.2788 -0.9115 -0.3024,
-0.6083 -0.5417 -0.5801,
-0.4612 -0.7222 -0.5155,
-0.3347 -0.8447 -0.4176,
-0.6083 -0.5417 -0.5801,
-0.2788 -0.9115 -0.3024,
-0.6786 -0.6060 -0.4151,
-0.6083 -0.5417 -0.5801,
-0.3347 -0.8447 -0.4176,
-0.7166 -0.6428 -0.2709,
-0.6786 -0.6060 -0.4151,
-0.3347 -0.8447 -0.4176,
-0.4176 -0.8643 -0.2802,
-0.7166 -0.6428 -0.2709,
-0.3347 -0.8447 -0.4176,
-0.1535 -0.9483 -0.2778,
-0.4176 -0.8643 -0.2802,
-0.3347 -0.8447 -0.4176,
-0.1209 -0.9297 -0.3480,
-0.4176 -0.8643 -0.2802,
-0.1535 -0.9483 -0.2778,
-0.2100 -0.9372 -0.2786,
-0.1209 -0.9297 -0.3480,
-0.1535 -0.9483 -0.2778,
-0.1693 -0.9279 -0.3323,
-0.2100 -0.9372 -0.2786,
-0.1535 -0.9483 -0.2778,
-0.1442 -0.9712 -0.1896,
-0.2100 -0.9372 -0.2786,
-0.1693 -0.9279 -0.3323,
-0.0056 -0.9610 -0.2764,
-0.1442 -0.9712 -0.1896,
-0.1693 -0.9279 -0.3323,
-0.0451 -0.9874 -0.1518,
-0.1442 -0.9712 -0.1896,
-0.0056 -0.9610 -0.2764,
0.0275 -0.9672 -0.2524,
-0.0451 -0.9874 -0.1518,
-0.0056 -0.9610 -0.2764,
0.0074 -0.9347 -0.3555,
0.0275 -0.9672 -0.2524,
-0.0056 -0.9610 -0.2764,
0.2633 -0.8961 -0.3574,
0.0275 -0.9672 -0.2524,
0.0074 -0.9347 -0.3555,
0.2263 -0.9602 -0.1639,
0.0275 -0.9672 -0.2524,
0.2633 -0.8961 -0.3574,
0.4573 -0.8892 -0.0124,
0.2263 -0.9602 -0.1639,
0.2633 -0.8961 -0.3574,
0.4528 -0.8419 -0.2936,
0.4573 -0.8892 -0.0124,
0.2633 -0.8961 -0.3574,
0.4373 -0.8976 -0.0548,
0.4573 -0.8892 -0.0124,
0.4528 -0.8419 -0.2936,
0.4074 -0.9130 -0.0212,
0.4373 -0.8976 -0.0548,
0.4528 -0.8419 -0.2936,
0.6397 -0.7632 -0.0911,
0.4373 -0.8976 -0.0548,
0.4074 -0.9130 -0.0212,
0.3982 -0.9141 -0.0764,
0.4373 -0.8976 -0.0548,
0.6397 -0.7632 -0.0911,
0.6897 -0.7165 0.1046,
0.3982 -0.9141 -0.0764,
0.6397 -0.7632 -0.0911,
0.5287 -0.8329 0.1638,
0.3982 -0.9141 -0.0764,
0.6897 -0.7165 0.1046,
0.5831 -0.7333 0.3496,
0.5287 -0.8329 0.1638,
0.6897 -0.7165 0.1046,
0.6780 -0.6530 0.3375,
0.5831 -0.7333 0.3496,
0.6897 -0.7165 0.1046,
0.7931 -0.6085 0.0271,
0.6780 -0.6530 0.3375,
0.6897 -0.7165 0.1046,
0.8214 -0.5117 0.2519,
0.6780 -0.6530 0.3375,
0.7931 -0.6085 0.0271,
0.8456 -0.4483 0.2898,
0.8214 -0.5117 0.2519,
0.7931 -0.6085 0.0271,
0.7098 -0.6927 0.1279,
0.8456 -0.4483 0.2898,
0.7931 -0.6085 0.0271,
0.6424 -0.5370 0.5468,
0.8456 -0.4483 0.2898,
0.7098 -0.6927 0.1279,
0.4038 -0.8779 0.2573,
0.6424 -0.5370 0.5468,
0.7098 -0.6927 0.1279,
0.8719 -0.3419 0.3507,
0.8214 -0.5117 0.2519,
0.8456 -0.4483 0.2898,
0.5394 -0.5267 0.6570,
0.8719 -0.3419 0.3507,
0.8456 -0.4483 0.2898,
0.6424 -0.5370 0.5468,
0.5394 -0.5267 0.6570,
0.8456 -0.4483 0.2898,
0.8246 -0.1988 0.5296,
0.8719 -0.3419 0.3507,
0.5394 -0.5267 0.6570,
0.4893 0.0471 0.8708,
0.8246 -0.1988 0.5296,
0.5394 -0.5267 0.6570,
0.8885 -0.1273 0.4408,
0.8246 -0.1988 0.5296,
0.4893 0.0471 0.8708,
0.8704 -0.2055 0.4473,
0.8246 -0.1988 0.5296,
0.8885 -0.1273 0.4408,
0.8400 -0.2204 0.4959,
0.8704 -0.2055 0.4473,
0.8885 -0.1273 0.4408,
0.8977 -0.2726 0.3461,
0.8400 -0.2204 0.4959,
0.8885 -0.1273 0.4408,
0.7447 -0.3222 0.5845,
0.8400 -0.2204 0.4959,
0.8977 -0.2726 0.3461,
0.7217 -0.5625 0.4034,
0.7447 -0.3222 0.5845,
0.8977 -0.2726 0.3461,
0.8069 -0.2041 0.5543,
0.8400 -0.2204 0.4959,
0.7447 -0.3222 0.5845,
0.8704 -0.2055 0.4473,
0.8400 -0.2204 0.4959,
0.8069 -0.2041 0.5543,
0.7344 -0.3849 0.5591,
0.8704 -0.2055 0.4473,
0.8069 -0.2041 0.5543,
0.7257 -0.5413 0.4246,
0.7344 -0.3849 0.5591,
0.8069 -0.2041 0.5543,
0.8408 -0.2306 0.4899,
0.7257 -0.5413 0.4246,
0.8069 -0.2041 0.5543,
0.6948 -0.1860 0.6947,
0.8408 -0.2306 0.4899,
0.8069 -0.2041 0.5543,
0.7447 -0.3222 0.5845,
0.6948 -0.1860 0.6947,
0.8069 -0.2041 0.5543,
0.7217 -0.5625 0.4034,
0.6948 -0.1860 0.6947,
0.7447 -0.3222 0.5845,
0.3997 -0.6348 0.6612,
0.6948 -0.1860 0.6947,
0.7217 -0.5625 0.4034,
0.6446 -0.6094 0.4617,
0.3997 -0.6348 0.6612,
0.7217 -0.5625 0.4034,
0.8953 -0.4237 0.1374,
0.6446 -0.6094 0.4617,
0.7217 -0.5625 0.4034,
0.8977 -0.2726 0.3461,
0.8953 -0.4237 0.1374,
0.7217 -0.5625 0.4034,
0.9795 -0.0508 0.1951,
0.8953 -0.4237 0.1374,
0.8977 -0.2726 0.3461,
0.8885 -0.1273 0.4408,
0.9795 -0.0508 0.1951,
0.8977 -0.2726 0.3461,
0.8481 0.1321 0.5132,
0.9795 -0.0508 0.1951,
0.8885 -0.1273 0.4408,
0.4893 0.0471 0.8708,
0.8481 0.1321 0.5132,
0.8885 -0.1273 0.4408,
0.4121 0.5648 0.7149,
0.8481 0.1321 0.5132,
0.4893 0.0471 0.8708,
0.2502 0.0388 0.9674,
0.4121 0.5648 0.7149,
0.4893 0.0471 0.8708,
0.3152 0.5801 0.7511,
0.4121 0.5648 0.7149,
0.2502 0.0388 0.9674,
0.6521 0.2746 0.7066,
0.3152 0.5801 0.7511,
0.2502 0.0388 0.9674,
0.5792 -0.2632 0.7716,
0.6521 0.2746 0.7066,
0.2502 0.0388 0.9674,
0.2125 -0.6607 0.7199,
0.5792 -0.2632 0.7716,
0.2502 0.0388 0.9674,
0.5975 -0.6823 0.4213,
0.5792 -0.2632 0.7716,
0.2125 -0.6607 0.7199,
0.2292 -0.9253 0.3021,
0.5975 -0.6823 0.4213,
0.2125 -0.6607 0.7199,
0.4373 -0.8976 -0.0548,
0.5975 -0.6823 0.4213,
0.2292 -0.9253 0.3021,
0.1956 -0.9248 -0.3264,
0.4373 -0.8976 -0.0548,
0.2292 -0.9253 0.3021,
0.4339 -0.7018 -0.5651,
0.4373 -0.8976 -0.0548,
0.1956 -0.9248 -0.3264,
0.1203 -0.5931 -0.7961,
0.4339 -0.7018 -0.5651,
0.1956 -0.9248 -0.3264,
0.3008 -0.2963 -0.9065,
0.4339 -0.7018 -0.5651,
0.1203 -0.5931 -0.7961,
0.0916 -0.0113 -0.9957,
0.3008 -0.2963 -0.9065,
0.1203 -0.5931 -0.7961,
0.3874 0.2431 -0.8893,
0.3008 -0.2963 -0.9065,
0.0916 -0.0113 -0.9957,
0.1233 0.5436 -0.8302,
0.3874 0.2431 -0.8893,
0.0916 -0.0113 -0.9957,
0.3583 0.7098 -0.6065,
0.3874 0.2431 -0.8893,
0.1233 0.5436 -0.8302,
0.2064 0.9151 -0.3463,
0.3583 0.7098 -0.6065,
0.1233 0.5436 -0.8302,
0.5223 0.8465 -0.1033,
0.3583 0.7098 -0.6065,
0.2064 0.9151 -0.3463,
0.3013 0.9264 0.2257,
0.5223 0.8465 -0.1033,
0.2064 0.9151 -0.3463,
0.5223 0.8465 -0.1033,
0.3013 0.9264 0.2257,
0.2064 0.9151 -0.3463,
0.5303 0.7303 0.4306,
0.5223 0.8465 -0.1033,
0.3013 0.9264 0.2257,
0.8916 0.4248 0.1570,
0.5223 0.8465 -0.1033,
0.5303 0.7303 0.4306,
0.7905 0.4128 -0.4526,
0.5223 0.8465 -0.1033,
0.8916 0.4248 0.1570,
0.9865 -0.0076 -0.1635,
0.7905 0.4128 -0.4526,
0.8916 0.4248 0.1570,
0.9203 -0.1591 0.3574,
0.9865 -0.0076 -0.1635,
0.8916 0.4248 0.1570,
0.8369 -0.5321 -0.1283,
0.9865 -0.0076 -0.1635,
0.9203 -0.1591 0.3574,
0.7567 -0.1786 -0.6289,
0.9865 -0.0076 -0.1635,
0.8369 -0.5321 -0.1283,
0.7905 0.4128 -0.4526,
0.9865 -0.0076 -0.1635,
0.7567 -0.1786 -0.6289,
0.3583 0.7098 -0.6065,
0.5223 0.8465 -0.1033,
0.7905 0.4128 -0.4526,
0.3874 0.2431 -0.8893,
0.3583 0.7098 -0.6065,
0.7905 0.4128 -0.4526,
0.7567 -0.1786 -0.6289,
0.3874 0.2431 -0.8893,
0.7905 0.4128 -0.4526,
0.3008 -0.2963 -0.9065,
0.3874 0.2431 -0.8893,
0.7567 -0.1786 -0.6289,
0.4339 -0.7018 -0.5651,
0.3008 -0.2963 -0.9065,
0.7567 -0.1786 -0.6289,
0.8369 -0.5321 -0.1283,
0.4339 -0.7018 -0.5651,
0.7567 -0.1786 -0.6289,
0.4373 -0.8976 -0.0548,
0.4339 -0.7018 -0.5651,
0.8369 -0.5321 -0.1283,
0.5975 -0.6823 0.4213,
0.4373 -0.8976 -0.0548,
0.8369 -0.5321 -0.1283,
0.9203 -0.1591 0.3574,
0.5975 -0.6823 0.4213,
0.8369 -0.5321 -0.1283,
0.5792 -0.2632 0.7716,
0.5975 -0.6823 0.4213,
0.9203 -0.1591 0.3574,
0.6521 0.2746 0.7066,
0.5792 -0.2632 0.7716,
0.9203 -0.1591 0.3574,
0.8916 0.4248 0.1570,
0.6521 0.2746 0.7066,
0.9203 -0.1591 0.3574,
0.5303 0.7303 0.4306,
0.6521 0.2746 0.7066,
0.8916 0.4248 0.1570,
0.3152 0.5801 0.7511,
0.6521 0.2746 0.7066,
0.5303 0.7303 0.4306,
0.3013 0.9264 0.2257,
0.3152 0.5801 0.7511,
0.5303 0.7303 0.4306,
0.4121 0.5648 0.7149,
0.3152 0.5801 0.7511,
0.3013 0.9264 0.2257,
0.5223 0.8465 -0.1033,
0.4121 0.5648 0.7149,
0.3013 0.9264 0.2257,
0.8571 0.4980 0.1320,
0.4121 0.5648 0.7149,
0.5223 0.8465 -0.1033,
0.8126 0.5248 -0.2535,
0.8571 0.4980 0.1320,
0.5223 0.8465 -0.1033,
0.9429 0.3241 -0.0767,
0.8571 0.4980 0.1320,
0.8126 0.5248 -0.2535,
0.9564 0.2901 0.0320,
0.8571 0.4980 0.1320,
0.9429 0.3241 -0.0767,
0.9262 0.3769 0.0041,
0.9564 0.2901 0.0320,
0.9429 0.3241 -0.0767,
0.9403 0.3060 -0.1493,
0.9262 0.3769 0.0041,
0.9429 0.3241 -0.0767,
0.8854 0.4632 0.0387,
0.9262 0.3769 0.0041,
0.9403 0.3060 -0.1493,
0.8226 0.4557 -0.3401,
0.8854 0.4632 0.0387,
0.9403 0.3060 -0.1493,
0.7866 0.6009 -0.1423,
0.8854 0.4632 0.0387,
0.8226 0.4557 -0.3401,
0.7786 0.5083 -0.3681,
0.7866 0.6009 -0.1423,
0.8226 0.4557 -0.3401,
0.6177 0.7711 -0.1543,
0.7866 0.6009 -0.1423,
0.7786 0.5083 -0.3681,
0.5802 0.6974 -0.4207,
0.6177 0.7711 -0.1543,
0.7786 0.5083 -0.3681,
0.7345 0.4715 -0.4881,
0.5802 0.6974 -0.4207,
0.7786 0.5083 -0.3681,
0.5897 0.6251 -0.5115,
0.5802 0.6974 -0.4207,
0.7345 0.4715 -0.4881,
0.5096 0.7743 -0.3753,
0.5802 0.6974 -0.4207,
0.5897 0.6251 -0.5115,
0.5658 0.7003 -0.4353,
0.5096 0.7743 -0.3753,
0.5897 0.6251 -0.5115,
0.5611 0.5484 -0.6200,
0.5658 0.7003 -0.4353,
0.5897 0.6251 -0.5115,
0.4885 0.5743 -0.6569,
0.5658 0.7003 -0.4353,
0.5611 0.5484 -0.6200,
0.3240 0.8311 -0.4520,
0.5658 0.7003 -0.4353,
0.4885 0.5743 -0.6569,
0.3583 0.7098 -0.6064,
0.3240 0.8311 -0.4520,
0.4885 0.5743 -0.6569,
0.4195 0.5740 -0.7033,
0.3583 0.7098 -0.6064,
0.4885 0.5743 -0.6569,
0.2337 0.6213 -0.7479,
0.3583 0.7098 -0.6064,
0.4195 0.5740 -0.7033,
0.1678 0.7919 -0.5871,
0.3583 0.7098 -0.6064,
0.2337 0.6213 -0.7479,
0.3240 0.8311 -0.4520,
0.3583 0.7098 -0.6064,
0.1678 0.7919 -0.5871,
0.4112 0.8429 -0.3470,
0.5658 0.7003 -0.4353,
0.3240 0.8311 -0.4520,
0.2685 0.8545 -0.4447,
0.4112 0.8429 -0.3470,
0.3240 0.8311 -0.4520,
0.1834 0.9000 -0.3954,
0.2685 0.8545 -0.4447,
0.3240 0.8311 -0.4520,
0.1678 0.7919 -0.5871,
0.1834 0.9000 -0.3954,
0.3240 0.8311 -0.4520,
0.1018 0.9382 -0.3309,
0.2685 0.8545 -0.4447,
0.1834 0.9000 -0.3954,
-0.0465 0.9448 -0.3242,
0.1018 0.9382 -0.3309,
0.1834 0.9000 -0.3954,
0.0176 0.8476 -0.5304,
-0.0465 0.9448 -0.3242,
0.1834 0.9000 -0.3954,
0.1678 0.7919 -0.5871,
0.0176 0.8476 -0.5304,
0.1834 0.9000 -0.3954,
-0.2699 0.9188 -0.2880,
-0.0465 0.9448 -0.3242,
0.0176 0.8476 -0.5304,
-0.2761 0.7847 -0.5550,
-0.2699 0.9188 -0.2880,
0.0176 0.8476 -0.5304,
-0.0692 0.6829 -0.7273,
-0.2761 0.7847 -0.5550,
0.0176 0.8476 -0.5304,
0.0383 0.7123 -0.7008,
-0.0692 0.6829 -0.7273,
0.0176 0.8476 -0.5304,
0.1678 0.7919 -0.5871,
0.0383 0.7123 -0.7008,
0.0176 0.8476 -0.5304,
0.2337 0.6213 -0.7479,
0.0383 0.7123 -0.7008,
0.1678 0.7919 -0.5871,
-0.1298 0.5719 -0.8100,
-0.0692 0.6829 -0.7273,
0.0383 0.7123 -0.7008,
0.1060 0.5514 -0.8275,
-0.1298 0.5719 -0.8100,
0.0383 0.7123 -0.7008,
0.2337 0.6213 -0.7479,
0.1060 0.5514 -0.8275,
0.0383 0.7123 -0.7008,
-0.2461 0.3818 -0.8909,
-0.1298 0.5719 -0.8100,
0.1060 0.5514 -0.8275,
-0.2516 0.5078 -0.8239,
-0.1298 0.5719 -0.8100,
-0.2461 0.3818 -0.8909,
-0.4260 0.3928 -0.8150,
-0.2516 0.5078 -0.8239,
-0.2461 0.3818 -0.8909,
-0.3583 0.5602 -0.7468,
-0.2516 0.5078 -0.8239,
-0.4260 0.3928 -0.8150,
-0.1298 0.5719 -0.8100,
-0.2516 0.5078 -0.8239,
-0.3583 0.5602 -0.7468,
-0.0692 0.6829 -0.7273,
-0.1298 0.5719 -0.8100,
-0.3583 0.5602 -0.7468,
-0.2761 0.7847 -0.5550,
-0.0692 0.6829 -0.7273,
-0.3583 0.5602 -0.7468,
-0.5319 0.6436 -0.5503,
-0.2761 0.7847 -0.5550,
-0.3583 0.5602 -0.7468,
-0.4750 0.8112 -0.3410,
-0.2761 0.7847 -0.5550,
-0.5319 0.6436 -0.5503,
-0.5072 0.7235 -0.4684,
-0.4750 0.8112 -0.3410,
-0.5319 0.6436 -0.5503,
-0.4946 0.5724 -0.6541,
-0.5072 0.7235 -0.4684,
-0.5319 0.6436 -0.5503,
-0.6882 0.5742 -0.4434,
-0.5072 0.7235 -0.4684,
-0.4946 0.5724 -0.6541,
-0.6607 0.4660 -0.5886,
-0.6882 0.5742 -0.4434,
-0.4946 0.5724 -0.6541,
-0.4773 0.4460 -0.7571,
-0.6607 0.4660 -0.5886,
-0.4946 0.5724 -0.6541,
-0.5635 0.3536 -0.7466,
-0.6607 0.4660 -0.5886,
-0.4773 0.4460 -0.7571,
-0.4409 0.3815 -0.8124,
-0.5635 0.3536 -0.7466,
-0.4773 0.4460 -0.7571,
-0.4599 0.2248 -0.8591,
-0.5635 0.3536 -0.7466,
-0.4409 0.3815 -0.8124,
-0.3694 0.2163 -0.9037,
-0.4599 0.2248 -0.8591,
-0.4409 0.3815 -0.8124,
0.7155 -0.2454 -0.6541,
0.5888 0.1208 -0.7992,
0.0847 -0.1905 -0.9780,
-0.5549 0.1697 -0.8144,
-0.4599 0.2248 -0.8591,
-0.2874 0.0874 -0.9538,
-0.5792 0.2632 -0.7716,
-0.4599 0.2248 -0.8591,
-0.5549 0.1697 -0.8144,
-0.6488 0.1919 -0.7364,
-0.5792 0.2632 -0.7716,
-0.5549 0.1697 -0.8144,
-0.6600 -0.1047 -0.7439,
-0.6488 0.1919 -0.7364,
-0.5549 0.1697 -0.8144,
-0.6420 0.3105 -0.7010,
-0.5792 0.2632 -0.7716,
-0.6488 0.1919 -0.7364,
-0.8364 0.2000 -0.5104,
-0.6420 0.3105 -0.7010,
-0.6488 0.1919 -0.7364,
-0.5635 0.3536 -0.7466,
-0.4599 0.2248 -0.8591,
-0.5792 0.2632 -0.7716,
-0.6420 0.3105 -0.7010,
-0.5635 0.3536 -0.7466,
-0.5792 0.2632 -0.7716,
-0.6359 0.5495 -0.5419,
-0.5635 0.3536 -0.7466,
-0.6420 0.3105 -0.7010,
-0.6607 0.4660 -0.5886,
-0.5635 0.3536 -0.7466,
-0.6359 0.5495 -0.5419,
-0.6914 0.5428 -0.4767,
-0.6607 0.4660 -0.5886,
-0.6359 0.5495 -0.5419,
-0.7579 0.4052 -0.5113,
-0.6914 0.5428 -0.4767,
-0.6359 0.5495 -0.5419,
-0.6420 0.3105 -0.7010,
-0.7579 0.4052 -0.5113,
-0.6359 0.5495 -0.5419,
-0.8364 0.2000 -0.5104,
-0.7579 0.4052 -0.5113,
-0.6420 0.3105 -0.7010,
-0.8820 0.1802 -0.4354,
-0.7579 0.4052 -0.5113,
-0.8364 0.2000 -0.5104,
-0.7798 0.0217 -0.6257,
-0.8820 0.1802 -0.4354,
-0.8364 0.2000 -0.5104,
-0.6488 0.1919 -0.7364,
-0.7798 0.0217 -0.6257,
-0.8364 0.2000 -0.5104,
-0.6600 -0.1047 -0.7439,
-0.7798 0.0217 -0.6257,
-0.6488 0.1919 -0.7364,
-0.9065 0.0503 -0.4193,
-0.8820 0.1802 -0.4354,
-0.7798 0.0217 -0.6257,
-0.7444 -0.2119 -0.6332,
-0.9065 0.0503 -0.4193,
-0.7798 0.0217 -0.6257,
-0.6589 -0.1787 -0.7307,
-0.7444 -0.2119 -0.6332,
-0.7798 0.0217 -0.6257,
-0.6600 -0.1047 -0.7439,
-0.6589 -0.1787 -0.7307,
-0.7798 0.0217 -0.6257,
-0.4765 -0.0499 -0.8778,
-0.6589 -0.1787 -0.7307,
-0.6600 -0.1047 -0.7439,
-0.5549 0.1697 -0.8144,
-0.4765 -0.0499 -0.8778,
-0.6600 -0.1047 -0.7439,
-0.2874 0.0874 -0.9538,
-0.4765 -0.0499 -0.8778,
-0.5549 0.1697 -0.8144,
-0.5879 -0.1116 -0.8012,
-0.6589 -0.1787 -0.7307,
-0.4765 -0.0499 -0.8778,
-0.7207 -0.0816 -0.6884,
-0.6589 -0.1787 -0.7307,
-0.5879 -0.1116 -0.8012,
-0.7336 -0.1921 -0.6519,
-0.7207 -0.0816 -0.6884,
-0.5879 -0.1116 -0.8012,
-0.7120 -0.3121 -0.6290,
-0.7207 -0.0816 -0.6884,
-0.7336 -0.1921 -0.6519,
-0.6033 -0.5797 -0.5476,
-0.7120 -0.3121 -0.6290,
-0.7336 -0.1921 -0.6519,
-0.5819 -0.5737 -0.5764,
-0.7120 -0.3121 -0.6290,
-0.6033 -0.5797 -0.5476,
-0.6230 -0.5620 -0.5441,
-0.5819 -0.5737 -0.5764,
-0.6033 -0.5797 -0.5476,
-0.5422 -0.7201 -0.4330,
-0.5819 -0.5737 -0.5764,
-0.6230 -0.5620 -0.5441,
-0.6400 -0.6961 -0.3252,
-0.5422 -0.7201 -0.4330,
-0.6230 -0.5620 -0.5441,
-0.6530 -0.7029 -0.2820,
-0.5422 -0.7201 -0.4330,
-0.6400 -0.6961 -0.3252,
-0.5789 -0.6568 -0.4833,
-0.6530 -0.7029 -0.2820,
-0.6400 -0.6961 -0.3252,
-0.6946 -0.5206 -0.4965,
-0.6530 -0.7029 -0.2820,
-0.5789 -0.6568 -0.4833,
-0.4904 -0.7266 -0.4812,
-0.6946 -0.5206 -0.4965,
-0.5789 -0.6568 -0.4833,
-0.5473 -0.8116 -0.2043,
-0.4904 -0.7266 -0.4812,
-0.5789 -0.6568 -0.4833,
-0.5539 -0.6862 -0.4715,
-0.5473 -0.8116 -0.2043,
-0.5789 -0.6568 -0.4833,
-0.3518 -0.8352 -0.4227,
-0.5539 -0.6862 -0.4715,
-0.5789 -0.6568 -0.4833,
-0.3658 -0.9130 -0.1808,
-0.5539 -0.6862 -0.4715,
-0.3518 -0.8352 -0.4227,
-0.5473 -0.8116 -0.2043,
-0.5539 -0.6862 -0.4715,
-0.3658 -0.9130 -0.1808,
-0.7053 -0.6971 -0.1287,
-0.4904 -0.7266 -0.4812,
-0.5473 -0.8116 -0.2043,
-0.6946 -0.5206 -0.4965,
-0.4904 -0.7266 -0.4812,
-0.7053 -0.6971 -0.1287,
-0.8325 -0.4832 -0.2710,
-0.6530 -0.7029 -0.2820,
-0.6946 -0.5206 -0.4965,
-0.7053 -0.6971 -0.1287,
-0.8325 -0.4832 -0.2710,
-0.6946 -0.5206 -0.4965,
-0.8522 -0.5175 -0.0775,
-0.8325 -0.4832 -0.2710,
-0.7053 -0.6971 -0.1287,
-0.6295 -0.7726 0.0825,
-0.8522 -0.5175 -0.0775,
-0.7053 -0.6971 -0.1287,
-0.5347 -0.8449 0.0160,
-0.6295 -0.7726 0.0825,
-0.7053 -0.6971 -0.1287,
-0.5473 -0.8116 -0.2043,
-0.5347 -0.8449 0.0160,
-0.7053 -0.6971 -0.1287,
-0.3658 -0.9130 -0.1808,
-0.5347 -0.8449 0.0160,
-0.5473 -0.8116 -0.2043,
-0.4180 -0.9070 0.0501,
-0.5347 -0.8449 0.0160,
-0.3658 -0.9130 -0.1808,
-0.1359 -0.9728 -0.1873,
-0.4180 -0.9070 0.0501,
-0.3658 -0.9130 -0.1808,
-0.1893 -0.9806 0.0507,
-0.4180 -0.9070 0.0501,
-0.1359 -0.9728 -0.1873,
-0.1296 -0.9852 -0.1123,
-0.1893 -0.9806 0.0507,
-0.1359 -0.9728 -0.1873,
-0.0801 -0.9793 0.1859,
-0.1893 -0.9806 0.0507,
-0.1296 -0.9852 -0.1123,
-0.0810 -0.9962 0.0331,
-0.0801 -0.9793 0.1859,
-0.1296 -0.9852 -0.1123,
-0.0207 -0.9724 0.2325,
-0.0801 -0.9793 0.1859,
-0.0810 -0.9962 0.0331,
0.0439 -0.9803 0.1925,
-0.0207 -0.9724 0.2325,
-0.0810 -0.9962 0.0331,
0.1734 -0.9423 0.2864,
-0.0207 -0.9724 0.2325,
0.0439 -0.9803 0.1925,
0.1137 -0.9570 0.2669,
0.1734 -0.9423 0.2864,
0.0439 -0.9803 0.1925,
0.1067 -0.9943 0.0019,
0.1137 -0.9570 0.2669,
0.0439 -0.9803 0.1925,
0.2732 -0.9546 0.1188,
0.1137 -0.9570 0.2669,
0.1067 -0.9943 0.0019,
0.4789 -0.8756 -0.0622,
0.2732 -0.9546 0.1188,
0.1067 -0.9943 0.0019,
0.3702 -0.8833 0.2874,
0.1137 -0.9570 0.2669,
0.2732 -0.9546 0.1188,
0.4424 -0.8910 -0.1017,
0.3702 -0.8833 0.2874,
0.2732 -0.9546 0.1188,
0.1555 -0.9081 0.3887,
0.1137 -0.9570 0.2669,
0.3702 -0.8833 0.2874,
0.4910 -0.7490 0.4449,
0.1555 -0.9081 0.3887,
0.3702 -0.8833 0.2874,
0.2761 -0.7847 0.5550,
0.1555 -0.9081 0.3887,
0.4910 -0.7490 0.4449,
0.5043 -0.7038 0.5003,
0.2761 -0.7847 0.5550,
0.4910 -0.7490 0.4449,
0.5975 -0.6823 0.4213,
0.5043 -0.7038 0.5003,
0.4910 -0.7490 0.4449,
0.6071 -0.6258 0.4896,
0.5043 -0.7038 0.5003,
0.5975 -0.6823 0.4213,
0.6881 -0.6080 0.3961,
0.6071 -0.6258 0.4896,
0.5975 -0.6823 0.4213,
0.5591 -0.7149 0.4200,
0.5043 -0.7038 0.5003,
0.6071 -0.6258 0.4896,
0.3842 -0.8132 0.4373,
0.5043 -0.7038 0.5003,
0.5591 -0.7149 0.4200,
0.4106 -0.6162 0.6721,
0.3842 -0.8132 0.4373,
0.5591 -0.7149 0.4200,
0.5211 -0.5889 0.6178,
0.4106 -0.6162 0.6721,
0.5591 -0.7149 0.4200,
0.1872 -0.8398 0.5095,
0.3842 -0.8132 0.4373,
0.4106 -0.6162 0.6721,
0.1036 -0.8700 0.4821,
0.3842 -0.8132 0.4373,
0.1872 -0.8398 0.5095,
-0.0560 -0.7323 0.6787,
0.1036 -0.8700 0.4821,
0.1872 -0.8398 0.5095,
0.0736 -0.3456 0.9355,
-0.0560 -0.7323 0.6787,
0.1872 -0.8398 0.5095,
0.4106 -0.6162 0.6721,
0.0736 -0.3456 0.9355,
0.1872 -0.8398 0.5095,
0.2428 -0.3225 0.9149,
0.0736 -0.3456 0.9355,
0.4106 -0.6162 0.6721,
0.5211 -0.5889 0.6178,
0.2428 -0.3225 0.9149,
0.4106 -0.6162 0.6721,
0.3949 -0.1989 0.8969,
0.2428 -0.3225 0.9149,
0.5211 -0.5889 0.6178,
0.3009 -0.3815 0.8740,
0.2428 -0.3225 0.9149,
0.3949 -0.1989 0.8969,
0.4412 -0.3046 0.8441,
0.3009 -0.3815 0.8740,
0.3949 -0.1989 0.8969,
0.3440 -0.3591 0.8676,
0.3009 -0.3815 0.8740,
0.4412 -0.3046 0.8441,
0.3382 -0.2455 0.9085,
0.3440 -0.3591 0.8676,
0.4412 -0.3046 0.8441,
0.1765 -0.4426 0.8792,
0.3382 -0.2455 0.9085,
0.4412 -0.3046 0.8441,
0.1005 -0.1554 0.9827,
0.3382 -0.2455 0.9085,
0.1765 -0.4426 0.8792,
-0.1061 -0.1012 0.9892,
0.1005 -0.1554 0.9827,
0.1765 -0.4426 0.8792,
0.1811 -0.5000 0.8469,
-0.1061 -0.1012 0.9892,
0.1765 -0.4426 0.8792,
0.1636 0.0195 0.9863,
-0.1061 -0.1012 0.9892,
0.1811 -0.5000 0.8469,
0.5792 -0.2632 0.7716,
0.1636 0.0195 0.9863,
0.1811 -0.5000 0.8469,
0.6521 0.2746 0.7066,
0.1636 0.0195 0.9863,
0.5792 -0.2632 0.7716,
0.9203 -0.1591 0.3574,
0.6521 0.2746 0.7066,
0.5792 -0.2632 0.7716,
0.8861 0.4179 0.2006,
0.6521 0.2746 0.7066,
0.9203 -0.1591 0.3574,
0.9992 -0.0101 -0.0376,
0.8861 0.4179 0.2006,
0.9203 -0.1591 0.3574,
0.9090 0.4157 -0.0313,
0.8861 0.4179 0.2006,
0.9992 -0.0101 -0.0376,
0.9963 0.0623 -0.0586,
0.9090 0.4157 -0.0313,
0.9992 -0.0101 -0.0376,
0.9176 0.3665 0.1540,
0.9090 0.4157 -0.0313,
0.9963 0.0623 -0.0586,
0.9547 0.1621 0.2493,
0.9176 0.3665 0.1540,
0.9963 0.0623 -0.0586,
0.9408 0.3341 0.0581,
0.9176 0.3665 0.1540,
0.9547 0.1621 0.2493,
0.7453 0.6192 0.2471,
0.9090 0.4157 -0.0313,
0.9176 0.3665 0.1540,
0.8042 0.5664 0.1803,
0.7453 0.6192 0.2471,
0.9176 0.3665 0.1540,
0.8441 0.5285 0.0901,
0.8042 0.5664 0.1803,
0.9176 0.3665 0.1540,
0.9408 0.3341 0.0581,
0.8441 0.5285 0.0901,
0.9176 0.3665 0.1540,
0.8380 0.5061 0.2039,
0.8042 0.5664 0.1803,
0.8441 0.5285 0.0901,
0.8524 0.5171 0.0773,
0.8380 0.5061 0.2039,
0.8441 0.5285 0.0901,
0.7051 0.6972 0.1293,
0.8380 0.5061 0.2039,
0.8524 0.5171 0.0773,
0.6295 0.7725 -0.0831,
0.7051 0.6972 0.1293,
0.8524 0.5171 0.0773,
0.5347 0.8449 -0.0156,
0.7051 0.6972 0.1293,
0.6295 0.7725 -0.0831,
0.6241 0.7798 -0.0489,
0.5347 0.8449 -0.0156,
0.6295 0.7725 -0.0831,
0.4649 0.8806 0.0918,
0.5347 0.8449 -0.0156,
0.6241 0.7798 -0.0489,
0.5781 0.8156 -0.0256,
0.4649 0.8806 0.0918,
0.6241 0.7798 -0.0489,
0.5840 0.7717 -0.2519,
0.5781 0.8156 -0.0256,
0.6241 0.7798 -0.0489,
0.4793 0.7386 -0.4740,
0.5781 0.8156 -0.0256,
0.5840 0.7717 -0.2519,
0.2770 0.9270 -0.2530,
0.5781 0.8156 -0.0256,
0.4793 0.7386 -0.4740,
0.3947 0.8916 0.2217,
0.5781 0.8156 -0.0256,
0.2770 0.9270 -0.2530,
-0.0271 0.9995 0.0166,
0.3947 0.8916 0.2217,
0.2770 0.9270 -0.2530,
-0.0465 0.9448 -0.3242,
-0.0271 0.9995 0.0166,
0.2770 0.9270 -0.2530,
-0.2271 0.9737 -0.0187,
-0.0271 0.9995 0.0166,
-0.0465 0.9448 -0.3242,
-0.0761 0.9802 -0.1830,
-0.2271 0.9737 -0.0187,
-0.0465 0.9448 -0.3242,
-0.3115 0.9221 0.2296,
-0.0271 0.9995 0.0166,
-0.2271 0.9737 -0.0187,
-0.1716 0.9690 0.1778,
-0.3115 0.9221 0.2296,
-0.2271 0.9737 -0.0187,
-0.2199 0.9754 0.0152,
-0.1716 0.9690 0.1778,
-0.2271 0.9737 -0.0187,
-0.1544 0.9484 0.2771,
-0.1716 0.9690 0.1778,
-0.2199 0.9754 0.0152,
-0.3653 0.9225 0.1248,
-0.1544 0.9484 0.2771,
-0.2199 0.9754 0.0152,
-0.3695 0.9267 -0.0690,
-0.3653 0.9225 0.1248,
-0.2199 0.9754 0.0152,
-0.3524 0.9307 -0.0977,
-0.3695 0.9267 -0.0690,
-0.2199 0.9754 0.0152,
-0.4267 0.8897 -0.1625,
-0.3695 0.9267 -0.0690,
-0.3524 0.9307 -0.0977,
-0.5458 0.8279 -0.1292,
-0.3695 0.9267 -0.0690,
-0.4267 0.8897 -0.1625,
-0.4886 0.8092 -0.3263,
-0.5458 0.8279 -0.1292,
-0.4267 0.8897 -0.1625,
-0.6678 0.6852 -0.2908,
-0.5458 0.8279 -0.1292,
-0.4886 0.8092 -0.3263,
-0.6022 0.7632 -0.2342,
-0.5458 0.8279 -0.1292,
-0.6678 0.6852 -0.2908,
-0.6724 0.6038 -0.4281,
-0.6022 0.7632 -0.2342,
-0.6678 0.6852 -0.2908,
-0.6467 0.6702 -0.3643,
-0.6022 0.7632 -0.2342,
-0.6724 0.6038 -0.4281,
-0.7197 0.5304 -0.4481,
-0.6467 0.6702 -0.3643,
-0.6724 0.6038 -0.4281,
-0.8338 0.5332 -0.1429,
-0.6467 0.6702 -0.3643,
-0.7197 0.5304 -0.4481,
-0.8769 0.3948 -0.2741,
-0.8338 0.5332 -0.1429,
-0.7197 0.5304 -0.4481,
-0.8944 0.2721 -0.3551,
-0.8769 0.3948 -0.2741,
-0.7197 0.5304 -0.4481,
-0.9307 0.2454 -0.2711,
-0.8769 0.3948 -0.2741,
-0.8944 0.2721 -0.3551,
-0.9203 0.1591 -0.3574,
-0.9307 0.2454 -0.2711,
-0.8944 0.2721 -0.3551,
-0.9531 0.1542 -0.2605,
-0.9307 0.2454 -0.2711,
-0.9203 0.1591 -0.3574,
-0.9332 0.0383 -0.3572,
-0.9531 0.1542 -0.2605,
-0.9203 0.1591 -0.3574,
-0.9924 -0.0744 -0.0985,
-0.9531 0.1542 -0.2605,
-0.9332 0.0383 -0.3572,
-0.9178 -0.3255 -0.2273,
-0.9924 -0.0744 -0.0985,
-0.9332 0.0383 -0.3572,
-0.8792 -0.1928 -0.4357,
-0.9178 -0.3255 -0.2273,
-0.9332 0.0383 -0.3572,
-0.9110 -0.2623 -0.3182,
-0.9178 -0.3255 -0.2273,
-0.8792 -0.1928 -0.4357,
-0.8141 -0.1933 -0.5476,
-0.9110 -0.2623 -0.3182,
-0.8792 -0.1928 -0.4357,
-0.8268 -0.3426 -0.4461,
-0.9110 -0.2623 -0.3182,
-0.8141 -0.1933 -0.5476,
-0.8692 -0.4736 -0.1423,
-0.9110 -0.2623 -0.3182,
-0.8268 -0.3426 -0.4461,
-0.6892 -0.6514 -0.3172,
-0.8692 -0.4736 -0.1423,
-0.8268 -0.3426 -0.4461,
-0.6842 -0.7108 -0.1634,
-0.8692 -0.4736 -0.1423,
-0.6892 -0.6514 -0.3172,
-0.8360 -0.5429 -0.0799,
-0.8692 -0.4736 -0.1423,
-0.6842 -0.7108 -0.1634,
-0.9287 -0.3567 -0.1013,
-0.8692 -0.4736 -0.1423,
-0.8360 -0.5429 -0.0799,
-0.8632 -0.4853 -0.1392,
-0.9287 -0.3567 -0.1013,
-0.8360 -0.5429 -0.0799,
-0.8704 -0.4921 0.0176,
-0.8632 -0.4853 -0.1392,
-0.8360 -0.5429 -0.0799,
-0.8889 -0.4214 0.1799,
-0.8632 -0.4853 -0.1392,
-0.8704 -0.4921 0.0176,
-0.8890 -0.4223 0.1771,
-0.8889 -0.4214 0.1799,
-0.8704 -0.4921 0.0176,
-0.8638 -0.4583 0.2095,
-0.8890 -0.4223 0.1771,
-0.8704 -0.4921 0.0176,
-0.7816 -0.6129 0.1158,
-0.8638 -0.4583 0.2095,
-0.8704 -0.4921 0.0176,
-0.7052 -0.6345 0.3165,
-0.8638 -0.4583 0.2095,
-0.7816 -0.6129 0.1158,
-0.5889 -0.7670 0.2547,
-0.7052 -0.6345 0.3165,
-0.7816 -0.6129 0.1158,
-0.5830 -0.7048 0.4041,
-0.7052 -0.6345 0.3165,
-0.5889 -0.7670 0.2547,
-0.5516 -0.7405 0.3838,
-0.5830 -0.7048 0.4041,
-0.5889 -0.7670 0.2547,
-0.5578 -0.7856 0.2677,
-0.5516 -0.7405 0.3838,
-0.5889 -0.7670 0.2547,
-0.5223 -0.8465 0.1033,
-0.5578 -0.7856 0.2677,
-0.5889 -0.7670 0.2547,
-0.4060 -0.9056 0.1224,
-0.5578 -0.7856 0.2677,
-0.5223 -0.8465 0.1033,
-0.2776 -0.8917 0.3575,
-0.5578 -0.7856 0.2677,
-0.4060 -0.9056 0.1224,
-0.0620 -0.9640 0.2584,
-0.2776 -0.8917 0.3575,
-0.4060 -0.9056 0.1224,
-0.0106 -0.8892 0.4575,
-0.2776 -0.8917 0.3575,
-0.0620 -0.9640 0.2584,
-0.1197 -0.9316 0.3432,
-0.0106 -0.8892 0.4575,
-0.0620 -0.9640 0.2584,
-0.0654 -0.8457 0.5296,
-0.0106 -0.8892 0.4575,
-0.1197 -0.9316 0.3432,
0.0375 -0.8928 0.4489,
-0.0654 -0.8457 0.5296,
-0.1197 -0.9316 0.3432,
0.0717 -0.8038 0.5905,
-0.0654 -0.8457 0.5296,
0.0375 -0.8928 0.4489,
0.1395 -0.8607 0.4897,
0.0717 -0.8038 0.5905,
0.0375 -0.8928 0.4489,
-0.0335 -0.8124 0.5821,
-0.0654 -0.8457 0.5296,
0.0717 -0.8038 0.5905,
-0.0744 -0.8055 0.5879,
-0.0654 -0.8457 0.5296,
-0.0335 -0.8124 0.5821,
-0.0106 -0.8892 0.4575,
-0.0654 -0.8457 0.5296,
-0.0744 -0.8055 0.5879,
-0.0962 -0.8013 0.5905,
-0.0106 -0.8892 0.4575,
-0.0744 -0.8055 0.5879,
-0.2364 -0.7698 0.5929,
-0.0962 -0.8013 0.5905,
-0.0744 -0.8055 0.5879,
-0.4391 -0.7551 0.4869,
-0.0962 -0.8013 0.5905,
-0.2364 -0.7698 0.5929,
-0.5081 -0.7168 0.4776,
-0.4391 -0.7551 0.4869,
-0.2364 -0.7698 0.5929,
-0.3583 -0.7098 0.6064,
-0.5081 -0.7168 0.4776,
-0.2364 -0.7698 0.5929,
-0.1579 -0.7445 0.6487,
-0.3583 -0.7098 0.6064,
-0.2364 -0.7698 0.5929,
-0.2996 -0.5800 0.7575,
-0.3583 -0.7098 0.6064,
-0.1579 -0.7445 0.6487,
-0.5117 -0.5738 0.6395,
-0.3583 -0.7098 0.6064,
-0.2996 -0.5800 0.7575,
-0.5081 -0.7168 0.4776,
-0.3583 -0.7098 0.6064,
-0.5117 -0.5738 0.6395,
-0.2776 -0.8917 0.3575,
-0.0106 -0.8892 0.4575,
-0.0962 -0.8013 0.5905,
-0.4391 -0.7551 0.4869,
-0.2776 -0.8917 0.3575,
-0.0962 -0.8013 0.5905,
-0.5578 -0.7856 0.2677,
-0.2776 -0.8917 0.3575,
-0.4391 -0.7551 0.4869,
-0.5516 -0.7405 0.3838,
-0.5578 -0.7856 0.2677,
-0.4391 -0.7551 0.4869,
-0.5081 -0.7168 0.4776,
-0.5516 -0.7405 0.3838,
-0.4391 -0.7551 0.4869,
-0.5830 -0.7048 0.4041,
-0.5516 -0.7405 0.3838,
-0.5081 -0.7168 0.4776,
-0.6436 -0.6070 0.4662,
-0.5830 -0.7048 0.4041,
-0.5081 -0.7168 0.4776,
-0.5117 -0.5738 0.6395,
-0.6436 -0.6070 0.4662,
-0.5081 -0.7168 0.4776,
-0.6352 -0.4540 0.6249,
-0.6436 -0.6070 0.4662,
-0.5117 -0.5738 0.6395,
-0.7905 -0.4128 0.4526,
-0.6436 -0.6070 0.4662,
-0.6352 -0.4540 0.6249,
-0.8513 -0.2297 0.4718,
-0.7905 -0.4128 0.4526,
-0.6352 -0.4540 0.6249,
-0.6903 -0.1703 0.7032,
-0.8513 -0.2297 0.4718,
-0.6352 -0.4540 0.6249,
-0.4810 -0.3315 0.8116,
-0.6903 -0.1703 0.7032,
-0.6352 -0.4540 0.6249,
-0.4648 -0.1164 0.8777,
-0.6903 -0.1703 0.7032,
-0.4810 -0.3315 0.8116,
-0.3874 -0.2431 0.8893,
-0.4648 -0.1164 0.8777,
-0.4810 -0.3315 0.8116,
-0.4680 -0.4383 0.7674,
-0.3874 -0.2431 0.8893,
-0.4810 -0.3315 0.8116,
-0.2683 -0.4437 0.8551,
-0.3874 -0.2431 0.8893,
-0.4680 -0.4383 0.7674,
-0.2891 -0.1468 0.9460,
-0.3874 -0.2431 0.8893,
-0.2683 -0.4437 0.8551,
-0.0335 -0.2839 0.9583,
-0.2891 -0.1468 0.9460,
-0.2683 -0.4437 0.8551,
-0.0150 -0.5391 0.8421,
-0.0335 -0.2839 0.9583,
-0.2683 -0.4437 0.8551,
-0.1131 -0.5901 0.7993,
-0.0150 -0.5391 0.8421,
-0.2683 -0.4437 0.8551,
0.1514 -0.5720 0.8061,
-0.0150 -0.5391 0.8421,
-0.1131 -0.5901 0.7993,
0.0013 -0.7090 0.7052,
0.1514 -0.5720 0.8061,
-0.1131 -0.5901 0.7993,
0.0800 -0.5349 0.8411,
0.1514 -0.5720 0.8061,
0.0013 -0.7090 0.7052,
0.1123 -0.4912 0.8638,
0.1514 -0.5720 0.8061,
0.0800 -0.5349 0.8411,
0.1236 -0.4590 0.8798,
0.1123 -0.4912 0.8638,
0.0800 -0.5349 0.8411,
0.2456 -0.4589 0.8539,
0.1236 -0.4590 0.8798,
0.0800 -0.5349 0.8411,
0.1255 -0.3578 0.9253,
0.1123 -0.4912 0.8638,
0.1236 -0.4590 0.8798,
0.1548 -0.1780 0.9718,
0.1255 -0.3578 0.9253,
0.1236 -0.4590 0.8798,
0.2419 0.1208 0.9627,
0.1255 -0.3578 0.9253,
0.1548 -0.1780 0.9718,
0.0536 0.0667 0.9963,
0.2419 0.1208 0.9627,
0.1548 -0.1780 0.9718,
-0.0071 0.1180 0.9930,
0.2419 0.1208 0.9627,
0.0536 0.0667 0.9963,
0.0196 0.1219 0.9924,
-0.0071 0.1180 0.9930,
0.0536 0.0667 0.9963,
0.0305 0.1510 0.9881,
-0.0071 0.1180 0.9930,
0.0196 0.1219 0.9924,
0.1300 0.2457 0.9606,
0.0305 0.1510 0.9881,
0.0196 0.1219 0.9924,
-0.1260 0.3623 0.9235,
0.1300 0.2457 0.9606,
0.0196 0.1219 0.9924,
0.1362 0.5697 0.8105,
0.1300 0.2457 0.9606,
-0.1260 0.3623 0.9235,
0.0608 0.5660 0.8222,
0.1362 0.5697 0.8105,
-0.1260 0.3623 0.9235,
0.0807 0.5440 0.8352,
0.1362 0.5697 0.8105,
0.0608 0.5660 0.8222,
0.2517 0.4592 0.8519,
0.0807 0.5440 0.8352,
0.0608 0.5660 0.8222,
0.0825 0.7219 0.6870,
0.2517 0.4592 0.8519,
0.0608 0.5660 0.8222,
-0.1811 0.6439 0.7434,
0.0825 0.7219 0.6870,
0.0608 0.5660 0.8222,
-0.1260 0.3623 0.9235,
-0.1811 0.6439 0.7434,
0.0608 0.5660 0.8222,
-0.2352 0.3051 0.9228,
-0.1811 0.6439 0.7434,
-0.1260 0.3623 0.9235,
0.1349 0.6034 0.7859,
-0.1811 0.6439 0.7434,
-0.2352 0.3051 0.9228,
0.2021 0.8434 0.4979,
-0.1811 0.6439 0.7434,
0.1349 0.6034 0.7859,
0.5303 0.7303 0.4306,
0.2021 0.8434 0.4979,
0.1349 0.6034 0.7859,
0.6377 0.7629 0.1064,
0.2021 0.8434 0.4979,
0.5303 0.7303 0.4306,
0.5705 0.7316 0.3732,
0.2021 0.8434 0.4979,
0.6377 0.7629 0.1064,
0.2239 0.8074 0.5458,
0.2021 0.8434 0.4979,
0.5705 0.7316 0.3732,
0.3634 0.8180 0.4458,
0.2239 0.8074 0.5458,
0.5705 0.7316 0.3732,
0.6559 0.6753 0.3371,
0.3634 0.8180 0.4458,
0.5705 0.7316 0.3732,
0.5079 0.7664 0.3934,
0.3634 0.8180 0.4458,
0.6559 0.6753 0.3371,
0.7139 0.6264 0.3131,
0.5079 0.7664 0.3934,
0.6559 0.6753 0.3371,
0.4950 0.7271 0.4757,
0.5079 0.7664 0.3934,
0.7139 0.6264 0.3131,
0.5473 0.8121 0.2023,
0.5079 0.7664 0.3934,
0.4950 0.7271 0.4757,
0.5514 0.6913 0.4670,
0.5079 0.7664 0.3934,
0.5473 0.8121 0.2023,
0.3661 0.9128 0.1812,
0.5514 0.6913 0.4670,
0.5473 0.8121 0.2023,
0.3326 0.8628 0.3807,
0.5514 0.6913 0.4670,
0.3661 0.9128 0.1812,
0.5079 0.7664 0.3934,
0.5514 0.6913 0.4670,
0.3326 0.8628 0.3807,
0.5775 0.7077 0.4071,
0.5079 0.7664 0.3934,
0.3326 0.8628 0.3807,
0.2092 0.8143 0.5414,
0.5775 0.7077 0.4071,
0.3326 0.8628 0.3807,
0.3637 0.7090 0.6042,
0.5775 0.7077 0.4071,
0.2092 0.8143 0.5414,
0.5079 0.7664 0.3934,
0.5775 0.7077 0.4071,
0.3637 0.7090 0.6042,
0.3634 0.8180 0.4458,
0.5079 0.7664 0.3934,
0.3637 0.7090 0.6042,
0.3637 0.7090 0.6042,
0.2239 0.8074 0.5458,
0.3634 0.8180 0.4458,
0.4164 0.7076 0.5708,
0.2239 0.8074 0.5458,
0.3637 0.7090 0.6042,
0.2092 0.8143 0.5414,
0.4164 0.7076 0.5708,
0.3637 0.7090 0.6042,
0.2284 0.9092 0.3480,
0.4164 0.7076 0.5708,
0.2092 0.8143 0.5414,
0.0449 0.9161 0.3985,
0.2284 0.9092 0.3480,
0.2092 0.8143 0.5414,
0.1359 0.9390 0.3159,
0.0449 0.9161 0.3985,
0.2092 0.8143 0.5414,
0.3326 0.8628 0.3807,
0.1359 0.9390 0.3159,
0.2092 0.8143 0.5414,
0.3661 0.9128 0.1812,
0.1359 0.9390 0.3159,
0.3326 0.8628 0.3807,
0.2579 0.9294 0.2639,
0.1359 0.9390 0.3159,
0.3661 0.9128 0.1812,
0.0737 0.9098 0.4086,
0.1359 0.9390 0.3159,
0.2579 0.9294 0.2639,
0.1130 0.9219 0.3706,
0.0737 0.9098 0.4086,
0.2579 0.9294 0.2639,
-0.1160 0.9369 0.3299,
0.0737 0.9098 0.4086,
0.1130 0.9219 0.3706,
-0.0249 0.9281 0.3714,
0.0737 0.9098 0.4086,
-0.1160 0.9369 0.3299,
-0.1695 0.9370 0.3054,
-0.0249 0.9281 0.3714,
-0.1160 0.9369 0.3299,
-0.1813 0.9585 0.2199,
-0.1695 0.9370 0.3054,
-0.1160 0.9369 0.3299,
-0.1829 0.9598 0.2131,
-0.1695 0.9370 0.3054,
-0.1813 0.9585 0.2199,
-0.1485 0.8915 0.4280,
-0.1695 0.9370 0.3054,
-0.1829 0.9598 0.2131,
-0.2633 0.8961 0.3574,
-0.1485 0.8915 0.4280,
-0.1829 0.9598 0.2131,
-0.2349 0.9565 0.1727,
-0.2633 0.8961 0.3574,
-0.1829 0.9598 0.2131,
-0.4569 0.8894 0.0132,
-0.2633 0.8961 0.3574,
-0.2349 0.9565 0.1727,
-0.4678 0.8812 0.0681,
-0.4569 0.8894 0.0132,
-0.2349 0.9565 0.1727,
-0.4528 0.8418 0.2938,
-0.4569 0.8894 0.0132,
-0.4678 0.8812 0.0681,
-0.4080 0.9127 0.0218,
-0.4528 0.8418 0.2938,
-0.4678 0.8812 0.0681,
-0.6169 0.7855 0.0491,
-0.4080 0.9127 0.0218,
-0.4678 0.8812 0.0681,
-0.4942 0.8663 0.0729,
-0.6169 0.7855 0.0491,
-0.4678 0.8812 0.0681,
-0.6235 0.7245 0.2939,
-0.4080 0.9127 0.0218,
-0.6169 0.7855 0.0491,
-0.6946 0.7151 0.0789,
-0.6235 0.7245 0.2939,
-0.6169 0.7855 0.0491,
-0.4942 0.8663 0.0729,
-0.6946 0.7151 0.0789,
-0.6169 0.7855 0.0491,
-0.6929 0.6343 0.3430,
-0.6235 0.7245 0.2939,
-0.6946 0.7151 0.0789,
-0.7509 0.6000 0.2761,
-0.6929 0.6343 0.3430,
-0.6946 0.7151 0.0789,
-0.8496 0.5269 -0.0242,
-0.7509 0.6000 0.2761,
-0.6946 0.7151 0.0789,
-0.7789 0.6153 -0.1215,
-0.8496 0.5269 -0.0242,
-0.6946 0.7151 0.0789,
-0.8842 0.4037 0.2352,
-0.7509 0.6000 0.2761,
-0.8496 0.5269 -0.0242,
-0.9525 0.2998 0.0543,
-0.8842 0.4037 0.2352,
-0.8496 0.5269 -0.0242,
-0.9057 0.4019 -0.1349,
-0.9525 0.2998 0.0543,
-0.8496 0.5269 -0.0242,
-0.7789 0.6153 -0.1215,
-0.9057 0.4019 -0.1349,
-0.8496 0.5269 -0.0242,
-0.9698 0.2324 -0.0738,
-0.9525 0.2998 0.0543,
-0.9057 0.4019 -0.1349,
-0.9958 0.0834 0.0383,
-0.9525 0.2998 0.0543,
-0.9698 0.2324 -0.0738,
-0.9985 0.0538 -0.0039,
-0.9958 0.0834 0.0383,
-0.9698 0.2324 -0.0738,
-0.9972 -0.0581 0.0481,
-0.9958 0.0834 0.0383,
-0.9985 0.0538 -0.0039,
-0.9941 -0.0196 0.1063,
-0.9958 0.0834 0.0383,
-0.9972 -0.0581 0.0481,
-0.9566 0.2070 0.2049,
-0.9958 0.0834 0.0383,
-0.9941 -0.0196 0.1063,
-0.9321 -0.0049 0.3622,
-0.9566 0.2070 0.2049,
-0.9941 -0.0196 0.1063,
-0.9368 -0.0632 0.3441,
-0.9321 -0.0049 0.3622,
-0.9941 -0.0196 0.1063,
-0.9566 0.2070 0.2049,
-0.9525 0.2998 0.0543,
-0.9958 0.0834 0.0383,
-0.9010 0.4102 0.1414,
-0.9525 0.2998 0.0543,
-0.9566 0.2070 0.2049,
-0.8983 0.3460 0.2709,
-0.9010 0.4102 0.1414,
-0.9566 0.2070 0.2049,
-0.8842 0.4037 0.2352,
-0.9525 0.2998 0.0543,
-0.9010 0.4102 0.1414,
-0.8983 0.3460 0.2709,
-0.8842 0.4037 0.2352,
-0.9010 0.4102 0.1414,
-0.7685 0.5717 0.2874,
-0.8842 0.4037 0.2352,
-0.8983 0.3460 0.2709,
-0.7234 0.5040 0.4718,
-0.7685 0.5717 0.2874,
-0.8983 0.3460 0.2709,
-0.8331 0.2290 0.5036,
-0.7234 0.5040 0.4718,
-0.8983 0.3460 0.2709,
-0.8872 0.1952 0.4181,
-0.8331 0.2290 0.5036,
-0.8983 0.3460 0.2709,
-0.9566 0.2070 0.2049,
-0.8872 0.1952 0.4181,
-0.8983 0.3460 0.2709,
-0.9321 -0.0049 0.3622,
-0.8872 0.1952 0.4181,
-0.9566 0.2070 0.2049,
-0.7578 0.1809 0.6270,
-0.8331 0.2290 0.5036,
-0.8872 0.1952 0.4181,
-0.8561 0.0271 0.5161,
-0.7578 0.1809 0.6270,
-0.8872 0.1952 0.4181,
-0.9321 -0.0049 0.3622,
-0.8561 0.0271 0.5161,
-0.8872 0.1952 0.4181,
-0.7297 0.0848 0.6784,
-0.7578 0.1809 0.6270,
-0.8561 0.0271 0.5161,
-0.7584 -0.0335 0.6510,
-0.7297 0.0848 0.6784,
-0.8561 0.0271 0.5161,
-0.8830 -0.1618 0.4407,
-0.7584 -0.0335 0.6510,
-0.8561 0.0271 0.5161,
-0.6837 0.0235 0.7293,
-0.7297 0.0848 0.6784,
-0.7584 -0.0335 0.6510,
-0.8290 -0.0773 0.5539,
-0.6837 0.0235 0.7293,
-0.7584 -0.0335 0.6510,
-0.8830 -0.1618 0.4407,
-0.8290 -0.0773 0.5539,
-0.7584 -0.0335 0.6510,
-0.6012 0.1076 0.7918,
-0.6837 0.0235 0.7293,
-0.8290 -0.0773 0.5539,
-0.6155 0.0514 0.7865,
-0.6837 0.0235 0.7293,
-0.6012 0.1076 0.7918,
-0.4636 0.1348 0.8758,
-0.6155 0.0514 0.7865,
-0.6012 0.1076 0.7918,
-0.4995 0.0708 0.8634,
-0.6155 0.0514 0.7865,
-0.4636 0.1348 0.8758,
-0.6504 0.1285 0.7487,
-0.6155 0.0514 0.7865,
-0.4995 0.0708 0.8634,
-0.6367 0.3426 0.6909,
-0.6504 0.1285 0.7487,
-0.4995 0.0708 0.8634,
-0.6284 0.4124 0.6596,
-0.6367 0.3426 0.6909,
-0.4995 0.0708 0.8634,
-0.3398 0.6189 0.7081,
-0.6367 0.3426 0.6909,
-0.6284 0.4124 0.6596,
-0.2072 0.2773 0.9382,
-0.3398 0.6189 0.7081,
-0.6284 0.4124 0.6596,
-0.4995 0.0708 0.8634,
-0.2072 0.2773 0.9382,
-0.6284 0.4124 0.6596,
-0.2919 0.1641 0.9423,
-0.2072 0.2773 0.9382,
-0.4995 0.0708 0.8634,
-0.4636 0.1348 0.8758,
-0.2919 0.1641 0.9423,
-0.4995 0.0708 0.8634,
-0.3325 0.1635 0.9288,
-0.2919 0.1641 0.9423,
-0.4636 0.1348 0.8758,
-0.2213 0.1416 0.9649,
-0.2919 0.1641 0.9423,
-0.3325 0.1635 0.9288,
-0.2783 0.2005 0.9393,
-0.2919 0.1641 0.9423,
-0.2213 0.1416 0.9649,
-0.2087 0.0876 0.9740,
-0.2783 0.2005 0.9393,
-0.2213 0.1416 0.9649,
-0.2408 0.2285 0.9433,
-0.2087 0.0876 0.9740,
-0.2213 0.1416 0.9649,
-0.2492 -0.0699 0.9659,
-0.2408 0.2285 0.9433,
-0.2213 0.1416 0.9649,
-0.3606 0.0096 0.9327,
-0.2492 -0.0699 0.9659,
-0.2213 0.1416 0.9649,
-0.3325 0.1635 0.9288,
-0.3606 0.0096 0.9327,
-0.2213 0.1416 0.9649,
-0.1562 -0.1385 0.9780,
-0.2408 0.2285 0.9433,
-0.2492 -0.0699 0.9659,
-0.2360 0.2463 0.9400,
-0.2783 0.2005 0.9393,
-0.2087 0.0876 0.9740,
-0.3490 0.3768 0.8580,
-0.2783 0.2005 0.9393,
-0.2360 0.2463 0.9400,
-0.0446 0.5329 0.8450,
-0.3490 0.3768 0.8580,
-0.2360 0.2463 0.9400,
-0.0528 0.4577 0.8875,
-0.0446 0.5329 0.8450,
-0.2360 0.2463 0.9400,
-0.0404 0.5582 0.8288,
-0.0446 0.5329 0.8450,
-0.0528 0.4577 0.8875,
-0.2277 0.5803 0.7819,
-0.0446 0.5329 0.8450,
-0.0404 0.5582 0.8288,
-0.0672 0.5278 0.8467,
-0.2277 0.5803 0.7819,
-0.0404 0.5582 0.8288,
-0.2708 0.6699 0.6913,
-0.2277 0.5803 0.7819,
-0.0672 0.5278 0.8467,
-0.4279 0.4596 0.7782,
-0.2708 0.6699 0.6913,
-0.0672 0.5278 0.8467,
-0.0932 0.6421 0.7609,
-0.4279 0.4596 0.7782,
-0.0672 0.5278 0.8467,
0.0426 0.3384 0.9401,
-0.0932 0.6421 0.7609,
-0.0672 0.5278 0.8467,
-0.2292 0.8652 0.4459,
-0.4279 0.4596 0.7782,
-0.0932 0.6421 0.7609,
0.0678 0.9459 0.3173,
-0.2292 0.8652 0.4459,
-0.0932 0.6421 0.7609,
-0.3170 0.7744 0.5476,
-0.4279 0.4596 0.7782,
-0.2292 0.8652 0.4459,
-0.1834 0.9350 0.3035,
-0.3170 0.7744 0.5476,
-0.2292 0.8652 0.4459,
0.0678 0.9459 0.3173,
-0.1834 0.9350 0.3035,
-0.2292 0.8652 0.4459,
-0.2708 0.6699 0.6913,
-0.4279 0.4596 0.7782,
-0.3170 0.7744 0.5476,
-0.3185 0.6574 0.6829,
-0.2708 0.6699 0.6913,
-0.3170 0.7744 0.5476,
-0.3343 0.7663 0.5487,
-0.3185 0.6574 0.6829,
-0.3170 0.7744 0.5476,
-0.3576 0.7678 0.5316,
-0.3185 0.6574 0.6829,
-0.3343 0.7663 0.5487,
-0.4437 0.7499 0.4906,
-0.3576 0.7678 0.5316,
-0.3343 0.7663 0.5487,
-0.5391 0.7143 0.4463,
-0.3576 0.7678 0.5316,
-0.4437 0.7499 0.4906,
-0.4880 0.6878 0.5374,
-0.3576 0.7678 0.5316,
-0.5391 0.7143 0.4463,
-0.6801 0.6261 0.3814,
-0.4880 0.6878 0.5374,
-0.5391 0.7143 0.4463,
-0.6800 0.4544 0.5754,
-0.4880 0.6878 0.5374,
-0.6801 0.6261 0.3814,
-0.5068 0.3750 0.7762,
-0.4880 0.6878 0.5374,
-0.6800 0.4544 0.5754,
-0.2445 0.6506 0.7190,
-0.4880 0.6878 0.5374,
-0.5068 0.3750 0.7762,
-0.3576 0.7678 0.5316,
-0.4880 0.6878 0.5374,
-0.2445 0.6506 0.7190,
-0.3185 0.6574 0.6829,
-0.3576 0.7678 0.5316,
-0.2445 0.6506 0.7190,
-0.3267 0.5902 0.7382,
-0.3185 0.6574 0.6829,
-0.2445 0.6506 0.7190,
-0.2708 0.6699 0.6913,
-0.3185 0.6574 0.6829,
-0.3267 0.5902 0.7382,
-0.2277 0.5803 0.7819,
-0.2708 0.6699 0.6913,
-0.3267 0.5902 0.7382,
-0.3199 0.5246 0.7890,
-0.2277 0.5803 0.7819,
-0.3267 0.5902 0.7382,
-0.3490 0.3768 0.8580,
-0.0446 0.5329 0.8450,
-0.2277 0.5803 0.7819,
-0.3199 0.5246 0.7890,
-0.3490 0.3768 0.8580,
-0.2277 0.5803 0.7819,
-0.2783 0.2005 0.9393,
-0.3490 0.3768 0.8580,
-0.3199 0.5246 0.7890,
-0.2783 0.2005 0.9393,
-0.2072 0.2773 0.9382,
-0.2919 0.1641 0.9423,
-0.3199 0.5246 0.7890,
-0.2072 0.2773 0.9382,
-0.2783 0.2005 0.9393,
-0.3398 0.6189 0.7081,
-0.2072 0.2773 0.9382,
-0.3199 0.5246 0.7890,
-0.3267 0.5902 0.7382,
-0.3398 0.6189 0.7081,
-0.3199 0.5246 0.7890,
-0.2445 0.6506 0.7190,
-0.3398 0.6189 0.7081,
-0.3267 0.5902 0.7382,
-0.5068 0.3750 0.7762,
-0.3398 0.6189 0.7081,
-0.2445 0.6506 0.7190,
-0.6367 0.3426 0.6909,
-0.3398 0.6189 0.7081,
-0.5068 0.3750 0.7762,
-0.6882 0.2723 0.6725,
-0.6504 0.1285 0.7487,
-0.6367 0.3426 0.6909,
-0.6641 0.3018 0.6840,
-0.6882 0.2723 0.6725,
-0.6367 0.3426 0.6909,
-0.5068 0.3750 0.7762,
-0.6641 0.3018 0.6840,
-0.6367 0.3426 0.6909,
-0.6800 0.4544 0.5754,
-0.6641 0.3018 0.6840,
-0.5068 0.3750 0.7762,
-0.6837 0.0235 0.7293,
-0.6155 0.0514 0.7865,
-0.6504 0.1285 0.7487,
-0.7297 0.0848 0.6784,
-0.6837 0.0235 0.7293,
-0.6504 0.1285 0.7487,
-0.6882 0.2723 0.6725,
-0.7297 0.0848 0.6784,
-0.6504 0.1285 0.7487,
-0.7578 0.1809 0.6270,
-0.7297 0.0848 0.6784,
-0.6882 0.2723 0.6725,
-0.6641 0.3018 0.6840,
-0.7578 0.1809 0.6270,
-0.6882 0.2723 0.6725,
-0.8331 0.2290 0.5036,
-0.7578 0.1809 0.6270,
-0.6641 0.3018 0.6840,
-0.7234 0.5040 0.4718,
-0.8331 0.2290 0.5036,
-0.6641 0.3018 0.6840,
-0.6800 0.4544 0.5754,
-0.7234 0.5040 0.4718,
-0.6641 0.3018 0.6840,
-0.6801 0.6261 0.3814,
-0.7234 0.5040 0.4718,
-0.6800 0.4544 0.5754,
-0.7685 0.5717 0.2874,
-0.7234 0.5040 0.4718,
-0.6801 0.6261 0.3814,
-0.7509 0.6000 0.2761,
-0.8842 0.4037 0.2352,
-0.7685 0.5717 0.2874,
-0.6929 0.6343 0.3430,
-0.7509 0.6000 0.2761,
-0.7685 0.5717 0.2874,
-0.6801 0.6261 0.3814,
-0.6929 0.6343 0.3430,
-0.7685 0.5717 0.2874,
-0.5391 0.7143 0.4463,
-0.6929 0.6343 0.3430,
-0.6801 0.6261 0.3814,
-0.6235 0.7245 0.2939,
-0.6929 0.6343 0.3430,
-0.5391 0.7143 0.4463,
-0.4437 0.7499 0.4906,
-0.6235 0.7245 0.2939,
-0.5391 0.7143 0.4463,
-0.4528 0.8418 0.2938,
-0.4080 0.9127 0.0218,
-0.6235 0.7245 0.2939,
-0.4437 0.7499 0.4906,
-0.4528 0.8418 0.2938,
-0.6235 0.7245 0.2939,
-0.2633 0.8961 0.3574,
-0.4569 0.8894 0.0132,
-0.4528 0.8418 0.2938,
-0.4437 0.7499 0.4906,
-0.2633 0.8961 0.3574,
-0.4528 0.8418 0.2938,
-0.3343 0.7663 0.5487,
-0.2633 0.8961 0.3574,
-0.4437 0.7499 0.4906,
-0.1485 0.8915 0.4280,
-0.2633 0.8961 0.3574,
-0.3343 0.7663 0.5487,
-0.3170 0.7744 0.5476,
-0.1485 0.8915 0.4280,
-0.3343 0.7663 0.5487,
-0.1834 0.9350 0.3035,
-0.1485 0.8915 0.4280,
-0.3170 0.7744 0.5476,
-0.1695 0.9370 0.3054,
-0.1485 0.8915 0.4280,
-0.1834 0.9350 0.3035,
-0.0249 0.9281 0.3714,
-0.1695 0.9370 0.3054,
-0.1834 0.9350 0.3035,
0.0678 0.9459 0.3173,
-0.0249 0.9281 0.3714,
-0.1834 0.9350 0.3035,
0.0449 0.9161 0.3985,
0.1359 0.9390 0.3159,
0.0737 0.9098 0.4086,
-0.0249 0.9281 0.3714,
0.0449 0.9161 0.3985,
0.0737 0.9098 0.4086,
0.0678 0.9459 0.3173,
0.0449 0.9161 0.3985,
-0.0249 0.9281 0.3714,
0.2284 0.9092 0.3480,
0.0449 0.9161 0.3985,
0.0678 0.9459 0.3173,
0.0489 0.8989 0.4354,
0.2284 0.9092 0.3480,
0.0678 0.9459 0.3173,
0.3981 0.7131 0.5771,
0.2284 0.9092 0.3480,
0.0489 0.8989 0.4354,
0.4164 0.7076 0.5708,
0.2284 0.9092 0.3480,
0.3981 0.7131 0.5771,
0.0825 0.7219 0.6870,
-0.1811 0.6439 0.7434,
0.2021 0.8434 0.4979,
0.2239 0.8074 0.5458,
0.0825 0.7219 0.6870,
0.2021 0.8434 0.4979,
0.4164 0.7076 0.5708,
0.0825 0.7219 0.6870,
0.2239 0.8074 0.5458,
0.2517 0.4592 0.8519,
0.0825 0.7219 0.6870,
0.4164 0.7076 0.5708,
0.3981 0.7131 0.5771,
0.2517 0.4592 0.8519,
0.4164 0.7076 0.5708,
-0.0150 -0.5391 0.8421,
0.1514 -0.5720 0.8061,
0.1123 -0.4912 0.8638,
-0.0335 -0.2839 0.9583,
-0.0150 -0.5391 0.8421,
0.1123 -0.4912 0.8638,
0.1255 -0.3578 0.9253,
-0.0335 -0.2839 0.9583,
0.1123 -0.4912 0.8638,
-0.8653 -0.3147 0.3901,
-0.7905 -0.4128 0.4526,
-0.8513 -0.2297 0.4718,
-0.8585 -0.2690 0.4367,
-0.8653 -0.3147 0.3901,
-0.8513 -0.2297 0.4718,
-0.8813 -0.3754 0.2869,
-0.8653 -0.3147 0.3901,
-0.8585 -0.2690 0.4367,
-0.8337 -0.5085 0.2155,
-0.8813 -0.3754 0.2869,
-0.8585 -0.2690 0.4367,
-0.8421 -0.3811 0.3815,
-0.8337 -0.5085 0.2155,
-0.8585 -0.2690 0.4367,
-0.8586 -0.0810 0.5062,
-0.8421 -0.3811 0.3815,
-0.8585 -0.2690 0.4367,
-0.9896 0.0019 0.1442,
-0.8421 -0.3811 0.3815,
-0.8586 -0.0810 0.5062,
-0.9382 -0.3431 -0.0453,
-0.8421 -0.3811 0.3815,
-0.9896 0.0019 0.1442,
-0.8337 -0.5085 0.2155,
-0.8421 -0.3811 0.3815,
-0.9382 -0.3431 -0.0453,
-0.9123 -0.4089 -0.0220,
-0.8337 -0.5085 0.2155,
-0.9382 -0.3431 -0.0453,
-0.9296 -0.3505 -0.1143,
-0.9123 -0.4089 -0.0220,
-0.9382 -0.3431 -0.0453,
-0.7905 -0.4128 0.4526,
-0.8653 -0.3147 0.3901,
-0.8813 -0.3754 0.2869,
-0.7445 -0.5418 0.3900,
-0.7905 -0.4128 0.4526,
-0.8813 -0.3754 0.2869,
-0.6436 -0.6070 0.4662,
-0.7905 -0.4128 0.4526,
-0.7445 -0.5418 0.3900,
-0.7445 -0.5418 0.3900,
-0.5830 -0.7048 0.4041,
-0.6436 -0.6070 0.4662,
-0.7052 -0.6345 0.3165,
-0.5830 -0.7048 0.4041,
-0.7445 -0.5418 0.3900,
-0.8638 -0.4583 0.2095,
-0.7052 -0.6345 0.3165,
-0.7445 -0.5418 0.3900,
-0.8813 -0.3754 0.2869,
-0.8638 -0.4583 0.2095,
-0.7445 -0.5418 0.3900,
-0.8890 -0.4223 0.1771,
-0.8638 -0.4583 0.2095,
-0.8813 -0.3754 0.2869,
-0.9110 -0.2623 -0.3182,
-0.8692 -0.4736 -0.1423,
-0.9287 -0.3567 -0.1013,
-0.9178 -0.3255 -0.2273,
-0.9110 -0.2623 -0.3182,
-0.9287 -0.3567 -0.1013,
-0.6997 0.7084 -0.0926,
-0.6467 0.6702 -0.3643,
-0.8338 0.5332 -0.1429,
-0.6022 0.7632 -0.2342,
-0.6467 0.6702 -0.3643,
-0.6997 0.7084 -0.0926,
-0.6876 0.7079 -0.1616,
-0.6022 0.7632 -0.2342,
-0.6997 0.7084 -0.0926,
-0.5242 0.8403 -0.1382,
-0.6022 0.7632 -0.2342,
-0.6876 0.7079 -0.1616,
-0.5458 0.8279 -0.1292,
-0.6022 0.7632 -0.2342,
-0.5242 0.8403 -0.1382,
-0.5265 0.8491 -0.0422,
-0.5458 0.8279 -0.1292,
-0.5242 0.8403 -0.1382,
-0.3695 0.9267 -0.0690,
-0.5458 0.8279 -0.1292,
-0.5265 0.8491 -0.0422,
-0.3653 0.9225 0.1248,
-0.3695 0.9267 -0.0690,
-0.5265 0.8491 -0.0422,
0.4649 0.8806 0.0918,
0.5781 0.8156 -0.0256,
0.3947 0.8916 0.2217,
0.2761 -0.7847 0.5550,
0.5043 -0.7038 0.5003,
0.3842 -0.8132 0.4373,
0.1036 -0.8700 0.4821,
0.2761 -0.7847 0.5550,
0.3842 -0.8132 0.4373,
0.1734 -0.9423 0.2864,
0.1137 -0.9570 0.2669,
0.1555 -0.9081 0.3887,
-0.7444 -0.2119 -0.6332,
-0.6589 -0.1787 -0.7307,
-0.7207 -0.0816 -0.6884,
-0.6882 0.5742 -0.4434,
-0.6607 0.4660 -0.5886,
-0.6914 0.5428 -0.4767,
-0.2699 0.9188 -0.2880,
-0.2761 0.7847 -0.5550,
-0.4750 0.8112 -0.3410,
-0.1597 0.9810 -0.1103,
-0.0465 0.9448 -0.3242,
-0.2699 0.9188 -0.2880,
0.5096 0.7743 -0.3753,
0.5658 0.7003 -0.4353,
0.4112 0.8429 -0.3470,
0.7299 0.3874 0.5632,
0.4121 0.5648 0.7149,
0.8571 0.4980 0.1320,
0.8481 0.1321 0.5132,
0.4121 0.5648 0.7149,
0.7299 0.3874 0.5632,
0.8719 -0.3419 0.3507,
0.8246 -0.1988 0.5296,
0.8704 -0.2055 0.4473,
0.7344 -0.3849 0.5591,
0.8719 -0.3419 0.3507,
0.8704 -0.2055 0.4473,
0.4373 -0.8976 -0.0548,
0.3982 -0.9141 -0.0764,
0.5287 -0.8329 0.1638,
0.2263 -0.9602 -0.1639,
0.4573 -0.8892 -0.0124,
0.4373 -0.8976 -0.0548,
-0.6150 -0.4949 -0.6139,
-0.6083 -0.5417 -0.5801,
-0.6786 -0.6060 -0.4151,
-0.4341 0.1398 -0.8899,
-0.5034 -0.0415 -0.8630,
-0.5106 -0.1493 -0.8468,
0.3079 0.4666 -0.8292,
0.3537 0.3516 -0.8668,
0.3027 0.3662 -0.8799,
0.4898 0.4345 -0.7559,
0.3537 0.3516 -0.8668,
0.3079 0.4666 -0.8292,
0.7136 0.3133 -0.6266,
0.6463 0.0852 -0.7583,
0.5535 0.2900 -0.7807,
0.7817 0.0655 -0.6202,
0.6463 0.0852 -0.7583,
0.7136 0.3133 -0.6266,
0.7798 0.0783 -0.6211,
0.7817 0.0655 -0.6202,
0.7136 0.3133 -0.6266,
0.0489 0.8989 0.4354,
0.0678 0.9459 0.3173,
-0.0932 0.6421 0.7609,
0.0426 0.3384 0.9401,
0.0489 0.8989 0.4354,
-0.0932 0.6421 0.7609,
0.3981 0.7131 0.5771,
0.0489 0.8989 0.4354,
0.0426 0.3384 0.9401,
0.2517 0.4592 0.8519,
0.3981 0.7131 0.5771,
0.0426 0.3384 0.9401,
0.0807 0.5440 0.8352,
0.2517 0.4592 0.8519,
0.0426 0.3384 0.9401,
-0.0672 0.5278 0.8467,
0.0807 0.5440 0.8352,
0.0426 0.3384 0.9401,
-0.0404 0.5582 0.8288,
0.0807 0.5440 0.8352,
-0.0672 0.5278 0.8467,
0.1362 0.5697 0.8105,
0.0807 0.5440 0.8352,
-0.0404 0.5582 0.8288,
-0.0528 0.4577 0.8875,
0.1362 0.5697 0.8105,
-0.0404 0.5582 0.8288,
0.1300 0.2457 0.9606,
0.1362 0.5697 0.8105,
-0.0528 0.4577 0.8875,
0.0305 0.1510 0.9881,
0.1300 0.2457 0.9606,
-0.0528 0.4577 0.8875,
-0.2360 0.2463 0.9400,
0.0305 0.1510 0.9881,
-0.0528 0.4577 0.8875,
-0.2087 0.0876 0.9740,
0.0305 0.1510 0.9881,
-0.2360 0.2463 0.9400,
-0.0071 0.1180 0.9930,
0.0305 0.1510 0.9881,
-0.2087 0.0876 0.9740,
-0.2408 0.2285 0.9433,
-0.0071 0.1180 0.9930,
-0.2087 0.0876 0.9740,
0.2419 0.1208 0.9627,
-0.0071 0.1180 0.9930,
-0.2408 0.2285 0.9433,
-0.1562 -0.1385 0.9780,
0.2419 0.1208 0.9627,
-0.2408 0.2285 0.9433,
-0.8890 -0.4223 0.1771,
-0.8813 -0.3754 0.2869,
-0.8337 -0.5085 0.2155,
-0.8889 -0.4214 0.1799,
-0.8890 -0.4223 0.1771,
-0.8337 -0.5085 0.2155,
-0.9123 -0.4089 -0.0220,
-0.8889 -0.4214 0.1799,
-0.8337 -0.5085 0.2155,
-0.8632 -0.4853 -0.1392,
-0.8889 -0.4214 0.1799,
-0.9123 -0.4089 -0.0220,
-0.9287 -0.3567 -0.1013,
-0.8632 -0.4853 -0.1392,
-0.9123 -0.4089 -0.0220,
-0.9296 -0.3505 -0.1143,
-0.9287 -0.3567 -0.1013,
-0.9123 -0.4089 -0.0220,
-0.9178 -0.3255 -0.2273,
-0.9287 -0.3567 -0.1013,
-0.9296 -0.3505 -0.1143,
-0.9924 -0.0744 -0.0985,
-0.9178 -0.3255 -0.2273,
-0.9296 -0.3505 -0.1143,
0.4038 -0.8779 0.2573,
0.5394 -0.5267 0.6570,
0.6424 -0.5370 0.5468,
0.5394 -0.5267 0.6570,
0.2502 0.0388 0.9674,
0.4893 0.0471 0.8708,
0.2125 -0.6607 0.7199,
0.2502 0.0388 0.9674,
0.5394 -0.5267 0.6570,
0.4038 -0.8779 0.2573,
0.2125 -0.6607 0.7199,
0.5394 -0.5267 0.6570,
0.2292 -0.9253 0.3021,
0.2125 -0.6607 0.7199,
0.4038 -0.8779 0.2573,
0.1956 -0.9248 -0.3264,
0.2292 -0.9253 0.3021,
0.4038 -0.8779 0.2573,
-0.4946 0.5724 -0.6541,
-0.5319 0.6436 -0.5503,
-0.3583 0.5602 -0.7468,
-0.4260 0.3928 -0.8150,
-0.4946 0.5724 -0.6541,
-0.3583 0.5602 -0.7468,
-0.4773 0.4460 -0.7571,
-0.4946 0.5724 -0.6541,
-0.4260 0.3928 -0.8150,
-0.4409 0.3815 -0.8124,
-0.4773 0.4460 -0.7571,
-0.4260 0.3928 -0.8150,
-0.3694 0.2163 -0.9037,
-0.4409 0.3815 -0.8124,
-0.4260 0.3928 -0.8150,
-0.3606 0.0096 0.9327,
-0.3325 0.1635 0.9288,
-0.4636 0.1348 0.8758,
-0.6012 0.1076 0.7918,
-0.3606 0.0096 0.9327,
-0.4636 0.1348 0.8758,
-0.4680 -0.4383 0.7674,
-0.4810 -0.3315 0.8116,
-0.6352 -0.4540 0.6249,
-0.5117 -0.5738 0.6395,
-0.4680 -0.4383 0.7674,
-0.6352 -0.4540 0.6249,
-0.2996 -0.5800 0.7575,
-0.4680 -0.4383 0.7674,
-0.5117 -0.5738 0.6395,
-0.2683 -0.4437 0.8551,
-0.4680 -0.4383 0.7674,
-0.2996 -0.5800 0.7575,
-0.1131 -0.5901 0.7993,
-0.2683 -0.4437 0.8551,
-0.2996 -0.5800 0.7575,
-0.1579 -0.7445 0.6487,
-0.1131 -0.5901 0.7993,
-0.2996 -0.5800 0.7575,
0.0013 -0.7090 0.7052,
-0.1131 -0.5901 0.7993,
-0.1579 -0.7445 0.6487,
-0.0744 -0.8055 0.5879,
-0.1579 -0.7445 0.6487,
-0.2364 -0.7698 0.5929,
0.0013 -0.7090 0.7052,
-0.1579 -0.7445 0.6487,
-0.0744 -0.8055 0.5879,
-0.0335 -0.8124 0.5821,
0.0013 -0.7090 0.7052,
-0.0744 -0.8055 0.5879,
-0.8141 -0.1933 -0.5476,
-0.7207 -0.0816 -0.6884,
-0.7120 -0.3121 -0.6290,
-0.8268 -0.3426 -0.4461,
-0.8141 -0.1933 -0.5476,
-0.7120 -0.3121 -0.6290,
-0.5819 -0.5737 -0.5764,
-0.8268 -0.3426 -0.4461,
-0.7120 -0.3121 -0.6290,
-0.6892 -0.6514 -0.3172,
-0.8268 -0.3426 -0.4461,
-0.5819 -0.5737 -0.5764,
-0.5422 -0.7201 -0.4330,
-0.6892 -0.6514 -0.3172,
-0.5819 -0.5737 -0.5764,
-0.6530 -0.7029 -0.2820,
-0.6892 -0.6514 -0.3172,
-0.5422 -0.7201 -0.4330,
-0.6842 -0.7108 -0.1634,
-0.6892 -0.6514 -0.3172,
-0.6530 -0.7029 -0.2820,
-0.8325 -0.4832 -0.2710,
-0.6842 -0.7108 -0.1634,
-0.6530 -0.7029 -0.2820,
-0.8360 -0.5429 -0.0799,
-0.6842 -0.7108 -0.1634,
-0.8325 -0.4832 -0.2710,
-0.8522 -0.5175 -0.0775,
-0.8360 -0.5429 -0.0799,
-0.8325 -0.4832 -0.2710,
-0.8704 -0.4921 0.0176,
-0.8360 -0.5429 -0.0799,
-0.8522 -0.5175 -0.0775,
-0.7816 -0.6129 0.1158,
-0.8704 -0.4921 0.0176,
-0.8522 -0.5175 -0.0775,
-0.6295 -0.7726 0.0825,
-0.7816 -0.6129 0.1158,
-0.8522 -0.5175 -0.0775,
-0.5889 -0.7670 0.2547,
-0.7816 -0.6129 0.1158,
-0.6295 -0.7726 0.0825,
-0.5223 -0.8465 0.1033,
-0.5889 -0.7670 0.2547,
-0.6295 -0.7726 0.0825,
-0.5347 -0.8449 0.0160,
-0.5223 -0.8465 0.1033,
-0.6295 -0.7726 0.0825,
-0.4180 -0.9070 0.0501,
-0.5223 -0.8465 0.1033,
-0.5347 -0.8449 0.0160,
-0.4060 -0.9056 0.1224,
-0.5223 -0.8465 0.1033,
-0.4180 -0.9070 0.0501,
-0.1893 -0.9806 0.0507,
-0.4060 -0.9056 0.1224,
-0.4180 -0.9070 0.0501,
-0.0620 -0.9640 0.2584,
-0.4060 -0.9056 0.1224,
-0.1893 -0.9806 0.0507,
-0.0801 -0.9793 0.1859,
-0.0620 -0.9640 0.2584,
-0.1893 -0.9806 0.0507,
-0.1197 -0.9316 0.3432,
-0.0620 -0.9640 0.2584,
-0.0801 -0.9793 0.1859,
-0.0207 -0.9724 0.2325,
-0.1197 -0.9316 0.3432,
-0.0801 -0.9793 0.1859,
0.0375 -0.8928 0.4489,
-0.1197 -0.9316 0.3432,
-0.0207 -0.9724 0.2325,
0.1734 -0.9423 0.2864,
0.0375 -0.8928 0.4489,
-0.0207 -0.9724 0.2325,
0.1395 -0.8607 0.4897,
0.0375 -0.8928 0.4489,
0.1734 -0.9423 0.2864,
0.1555 -0.9081 0.3887,
0.1395 -0.8607 0.4897,
0.1734 -0.9423 0.2864,
0.2761 -0.7847 0.5550,
0.1395 -0.8607 0.4897,
0.1555 -0.9081 0.3887,
0.1036 -0.8700 0.4821,
0.1395 -0.8607 0.4897,
0.2761 -0.7847 0.5550,
0.0717 -0.8038 0.5905,
0.1395 -0.8607 0.4897,
0.1036 -0.8700 0.4821,
-0.0560 -0.7323 0.6787,
0.0717 -0.8038 0.5905,
0.1036 -0.8700 0.4821,
-0.0335 -0.8124 0.5821,
0.0717 -0.8038 0.5905,
-0.0560 -0.7323 0.6787,
0.0013 -0.7090 0.7052,
-0.0335 -0.8124 0.5821,
-0.0560 -0.7323 0.6787,
0.0800 -0.5349 0.8411,
0.0013 -0.7090 0.7052,
-0.0560 -0.7323 0.6787,
0.0736 -0.3456 0.9355,
0.0800 -0.5349 0.8411,
-0.0560 -0.7323 0.6787,
0.2456 -0.4589 0.8539,
0.0800 -0.5349 0.8411,
0.0736 -0.3456 0.9355,
0.2428 -0.3225 0.9149,
0.2456 -0.4589 0.8539,
0.0736 -0.3456 0.9355,
0.3009 -0.3815 0.8740,
0.2456 -0.4589 0.8539,
0.2428 -0.3225 0.9149,
0.3440 -0.3591 0.8676,
0.2456 -0.4589 0.8539,
0.3009 -0.3815 0.8740,
0.1236 -0.4590 0.8798,
0.2456 -0.4589 0.8539,
0.3440 -0.3591 0.8676,
0.1548 -0.1780 0.9718,
0.1236 -0.4590 0.8798,
0.3440 -0.3591 0.8676,
0.3382 -0.2455 0.9085,
0.1548 -0.1780 0.9718,
0.3440 -0.3591 0.8676,
0.1005 -0.1554 0.9827,
0.1548 -0.1780 0.9718,
0.3382 -0.2455 0.9085,
0.0536 0.0667 0.9963,
0.1548 -0.1780 0.9718,
0.1005 -0.1554 0.9827,
-0.7444 -0.2119 -0.6332,
-0.7207 -0.0816 -0.6884,
-0.8141 -0.1933 -0.5476,
-0.8792 -0.1928 -0.4357,
-0.7444 -0.2119 -0.6332,
-0.8141 -0.1933 -0.5476,
-0.9065 0.0503 -0.4193,
-0.7444 -0.2119 -0.6332,
-0.8792 -0.1928 -0.4357,
-0.9332 0.0383 -0.3572,
-0.9065 0.0503 -0.4193,
-0.8792 -0.1928 -0.4357,
-0.9203 0.1591 -0.3574,
-0.9065 0.0503 -0.4193,
-0.9332 0.0383 -0.3572,
-0.8820 0.1802 -0.4354,
-0.9065 0.0503 -0.4193,
-0.9203 0.1591 -0.3574,
-0.8944 0.2721 -0.3551,
-0.8820 0.1802 -0.4354,
-0.9203 0.1591 -0.3574,
-0.7579 0.4052 -0.5113,
-0.8820 0.1802 -0.4354,
-0.8944 0.2721 -0.3551,
-0.7197 0.5304 -0.4481,
-0.7579 0.4052 -0.5113,
-0.8944 0.2721 -0.3551,
-0.6914 0.5428 -0.4767,
-0.7579 0.4052 -0.5113,
-0.7197 0.5304 -0.4481,
-0.6724 0.6038 -0.4281,
-0.6914 0.5428 -0.4767,
-0.7197 0.5304 -0.4481,
-0.6882 0.5742 -0.4434,
-0.6914 0.5428 -0.4767,
-0.6724 0.6038 -0.4281,
-0.6678 0.6852 -0.2908,
-0.6882 0.5742 -0.4434,
-0.6724 0.6038 -0.4281,
-0.5072 0.7235 -0.4684,
-0.6882 0.5742 -0.4434,
-0.6678 0.6852 -0.2908,
-0.4886 0.8092 -0.3263,
-0.5072 0.7235 -0.4684,
-0.6678 0.6852 -0.2908,
-0.4750 0.8112 -0.3410,
-0.5072 0.7235 -0.4684,
-0.4886 0.8092 -0.3263,
-0.4267 0.8897 -0.1625,
-0.4750 0.8112 -0.3410,
-0.4886 0.8092 -0.3263,
-0.4306 -0.1050 -0.8964,
-0.7336 -0.1921 -0.6519,
-0.5879 -0.1116 -0.8012,
-0.3844 0.0249 -0.9228,
-0.4306 -0.1050 -0.8964,
-0.5879 -0.1116 -0.8012,
-0.5106 -0.1493 -0.8468,
-0.3844 0.0249 -0.9228,
-0.5879 -0.1116 -0.8012,
-0.4765 -0.0499 -0.8778,
-0.5106 -0.1493 -0.8468,
-0.5879 -0.1116 -0.8012,
-0.4341 0.1398 -0.8899,
-0.5106 -0.1493 -0.8468,
-0.4765 -0.0499 -0.8778,
-0.3694 0.2163 -0.9037,
-0.3308 0.2289 -0.9155,
-0.4341 0.1398 -0.8899,
-0.5736 -0.5018 -0.6474,
-0.7336 -0.1921 -0.6519,
-0.4306 -0.1050 -0.8964,
-0.6033 -0.5797 -0.5476,
-0.7336 -0.1921 -0.6519,
-0.5736 -0.5018 -0.6474,
-0.6150 -0.4949 -0.6139,
-0.6033 -0.5797 -0.5476,
-0.5736 -0.5018 -0.6474,
-0.6230 -0.5620 -0.5441,
-0.6033 -0.5797 -0.5476,
-0.6150 -0.4949 -0.6139,
-0.6786 -0.6060 -0.4151,
-0.6230 -0.5620 -0.5441,
-0.6150 -0.4949 -0.6139,
-0.6400 -0.6961 -0.3252,
-0.6230 -0.5620 -0.5441,
-0.6786 -0.6060 -0.4151,
-0.7166 -0.6428 -0.2709,
-0.6400 -0.6961 -0.3252,
-0.6786 -0.6060 -0.4151,
-0.4176 -0.8643 -0.2802,
-0.6400 -0.6961 -0.3252,
-0.7166 -0.6428 -0.2709,
-0.5789 -0.6568 -0.4833,
-0.6400 -0.6961 -0.3252,
-0.4176 -0.8643 -0.2802,
-0.3518 -0.8352 -0.4227,
-0.5789 -0.6568 -0.4833,
-0.4176 -0.8643 -0.2802,
-0.1209 -0.9297 -0.3480,
-0.3518 -0.8352 -0.4227,
-0.4176 -0.8643 -0.2802,
-0.3658 -0.9130 -0.1808,
-0.3518 -0.8352 -0.4227,
-0.1209 -0.9297 -0.3480,
-0.1359 -0.9728 -0.1873,
-0.3658 -0.9130 -0.1808,
-0.1209 -0.9297 -0.3480,
-0.2100 -0.9372 -0.2786,
-0.1359 -0.9728 -0.1873,
-0.1209 -0.9297 -0.3480,
-0.1296 -0.9852 -0.1123,
-0.1359 -0.9728 -0.1873,
-0.2100 -0.9372 -0.2786,
-0.1442 -0.9712 -0.1896,
-0.1296 -0.9852 -0.1123,
-0.2100 -0.9372 -0.2786,
-0.0810 -0.9962 0.0331,
-0.1296 -0.9852 -0.1123,
-0.1442 -0.9712 -0.1896,
-0.0451 -0.9874 -0.1518,
-0.0810 -0.9962 0.0331,
-0.1442 -0.9712 -0.1896,
0.0439 -0.9803 0.1925,
-0.0810 -0.9962 0.0331,
-0.0451 -0.9874 -0.1518,
0.1067 -0.9943 0.0019,
0.0439 -0.9803 0.1925,
-0.0451 -0.9874 -0.1518,
0.0275 -0.9672 -0.2524,
0.1067 -0.9943 0.0019,
-0.0451 -0.9874 -0.1518,
0.2263 -0.9602 -0.1639,
0.1067 -0.9943 0.0019,
0.0275 -0.9672 -0.2524,
0.4789 -0.8756 -0.0622,
0.1067 -0.9943 0.0019,
0.2263 -0.9602 -0.1639,
0.4373 -0.8976 -0.0548,
0.4789 -0.8756 -0.0622,
0.2263 -0.9602 -0.1639,
0.2732 -0.9546 0.1188,
0.4789 -0.8756 -0.0622,
0.4373 -0.8976 -0.0548,
0.4424 -0.8910 -0.1017,
0.2732 -0.9546 0.1188,
0.4373 -0.8976 -0.0548,
0.5287 -0.8329 0.1638,
0.4424 -0.8910 -0.1017,
0.4373 -0.8976 -0.0548,
0.3702 -0.8833 0.2874,
0.4424 -0.8910 -0.1017,
0.5287 -0.8329 0.1638,
0.5831 -0.7333 0.3496,
0.3702 -0.8833 0.2874,
0.5287 -0.8329 0.1638,
0.4910 -0.7490 0.4449,
0.3702 -0.8833 0.2874,
0.5831 -0.7333 0.3496,
0.5975 -0.6823 0.4213,
0.4910 -0.7490 0.4449,
0.5831 -0.7333 0.3496,
0.6780 -0.6530 0.3375,
0.5975 -0.6823 0.4213,
0.5831 -0.7333 0.3496,
0.6881 -0.6080 0.3961,
0.5975 -0.6823 0.4213,
0.6780 -0.6530 0.3375,
0.8214 -0.5117 0.2519,
0.6881 -0.6080 0.3961,
0.6780 -0.6530 0.3375,
0.8719 -0.3419 0.3507,
0.6881 -0.6080 0.3961,
0.8214 -0.5117 0.2519,
0.7344 -0.3849 0.5591,
0.6881 -0.6080 0.3961,
0.8719 -0.3419 0.3507,
0.6071 -0.6258 0.4896,
0.6881 -0.6080 0.3961,
0.7344 -0.3849 0.5591,
0.7257 -0.5413 0.4246,
0.6071 -0.6258 0.4896,
0.7344 -0.3849 0.5591,
0.5591 -0.7149 0.4200,
0.6071 -0.6258 0.4896,
0.7257 -0.5413 0.4246,
0.5211 -0.5889 0.6178,
0.5591 -0.7149 0.4200,
0.7257 -0.5413 0.4246,
0.8408 -0.2306 0.4899,
0.5211 -0.5889 0.6178,
0.7257 -0.5413 0.4246,
0.3949 -0.1989 0.8969,
0.5211 -0.5889 0.6178,
0.8408 -0.2306 0.4899,
0.6948 -0.1860 0.6947,
0.3949 -0.1989 0.8969,
0.8408 -0.2306 0.4899,
0.4412 -0.3046 0.8441,
0.3949 -0.1989 0.8969,
0.6948 -0.1860 0.6947,
0.3997 -0.6348 0.6612,
0.4412 -0.3046 0.8441,
0.6948 -0.1860 0.6947,
0.1765 -0.4426 0.8792,
0.4412 -0.3046 0.8441,
0.3997 -0.6348 0.6612,
0.1811 -0.5000 0.8469,
0.1765 -0.4426 0.8792,
0.3997 -0.6348 0.6612,
0.6446 -0.6094 0.4617,
0.1811 -0.5000 0.8469,
0.3997 -0.6348 0.6612,
0.5792 -0.2632 0.7716,
0.1811 -0.5000 0.8469,
0.6446 -0.6094 0.4617,
0.9203 -0.1591 0.3574,
0.5792 -0.2632 0.7716,
0.6446 -0.6094 0.4617,
0.8953 -0.4237 0.1374,
0.9203 -0.1591 0.3574,
0.6446 -0.6094 0.4617,
0.9992 -0.0101 -0.0376,
0.9203 -0.1591 0.3574,
0.8953 -0.4237 0.1374,
0.9795 -0.0508 0.1951,
0.9992 -0.0101 -0.0376,
0.8953 -0.4237 0.1374,
0.9963 0.0623 -0.0586,
0.9992 -0.0101 -0.0376,
0.9795 -0.0508 0.1951,
0.9547 0.1621 0.2493,
0.9963 0.0623 -0.0586,
0.9795 -0.0508 0.1951,
0.8481 0.1321 0.5132,
0.9547 0.1621 0.2493,
0.9795 -0.0508 0.1951,
0.7299 0.3874 0.5632,
0.9547 0.1621 0.2493,
0.8481 0.1321 0.5132,
0.8571 0.4980 0.1320,
0.9547 0.1621 0.2493,
0.7299 0.3874 0.5632,
0.9564 0.2901 0.0320,
0.9547 0.1621 0.2493,
0.8571 0.4980 0.1320,
0.9408 0.3341 0.0581,
0.9547 0.1621 0.2493,
0.9564 0.2901 0.0320,
0.9262 0.3769 0.0041,
0.9408 0.3341 0.0581,
0.9564 0.2901 0.0320,
0.8441 0.5285 0.0901,
0.9408 0.3341 0.0581,
0.9262 0.3769 0.0041,
0.8854 0.4632 0.0387,
0.8441 0.5285 0.0901,
0.9262 0.3769 0.0041,
0.8524 0.5171 0.0773,
0.8441 0.5285 0.0901,
0.8854 0.4632 0.0387,
0.7866 0.6009 -0.1423,
0.8524 0.5171 0.0773,
0.8854 0.4632 0.0387,
0.6295 0.7725 -0.0831,
0.8524 0.5171 0.0773,
0.7866 0.6009 -0.1423,
0.6177 0.7711 -0.1543,
0.6295 0.7725 -0.0831,
0.7866 0.6009 -0.1423,
0.6241 0.7798 -0.0489,
0.6295 0.7725 -0.0831,
0.6177 0.7711 -0.1543,
0.5840 0.7717 -0.2519,
0.6241 0.7798 -0.0489,
0.6177 0.7711 -0.1543,
0.5802 0.6974 -0.4207,
0.5840 0.7717 -0.2519,
0.6177 0.7711 -0.1543,
0.5096 0.7743 -0.3753,
0.5840 0.7717 -0.2519,
0.5802 0.6974 -0.4207,
0.4793 0.7386 -0.4740,
0.5840 0.7717 -0.2519,
0.5096 0.7743 -0.3753,
0.4112 0.8429 -0.3470,
0.4793 0.7386 -0.4740,
0.5096 0.7743 -0.3753,
0.2685 0.8545 -0.4447,
0.4793 0.7386 -0.4740,
0.4112 0.8429 -0.3470,
0.2770 0.9270 -0.2530,
0.4793 0.7386 -0.4740,
0.2685 0.8545 -0.4447,
-0.0465 0.9448 -0.3242,
0.2770 0.9270 -0.2530,
0.2685 0.8545 -0.4447,
0.1018 0.9382 -0.3309,
-0.0465 0.9448 -0.3242,
0.2685 0.8545 -0.4447,
-0.0761 0.9802 -0.1830,
-0.0465 0.9448 -0.3242,
0.1018 0.9382 -0.3309,
-0.0465 0.9448 -0.3242,
-0.0761 0.9802 -0.1830,
0.1018 0.9382 -0.3309,
-0.1597 0.9810 -0.1103,
-0.0761 0.9802 -0.1830,
-0.0465 0.9448 -0.3242,
-0.4750 0.8112 -0.3410,
-0.4267 0.8897 -0.1625,
-0.2699 0.9188 -0.2880,
-0.7789 0.6153 -0.1215,
-0.6876 0.7079 -0.1616,
-0.6997 0.7084 -0.0926,
-0.8338 0.5332 -0.1429,
-0.7789 0.6153 -0.1215,
-0.6997 0.7084 -0.0926,
-0.9057 0.4019 -0.1349,
-0.7789 0.6153 -0.1215,
-0.8338 0.5332 -0.1429,
-0.8769 0.3948 -0.2741,
-0.9057 0.4019 -0.1349,
-0.8338 0.5332 -0.1429,
-0.9307 0.2454 -0.2711,
-0.9057 0.4019 -0.1349,
-0.8769 0.3948 -0.2741,
-0.9698 0.2324 -0.0738,
-0.9057 0.4019 -0.1349,
-0.9307 0.2454 -0.2711,
-0.9531 0.1542 -0.2605,
-0.9698 0.2324 -0.0738,
-0.9307 0.2454 -0.2711,
-0.9985 0.0538 -0.0039,
-0.9698 0.2324 -0.0738,
-0.9531 0.1542 -0.2605,
-0.9924 -0.0744 -0.0985,
-0.9985 0.0538 -0.0039,
-0.9531 0.1542 -0.2605,
-0.9972 -0.0581 0.0481,
-0.9985 0.0538 -0.0039,
-0.9924 -0.0744 -0.0985,
-0.9296 -0.3505 -0.1143,
-0.9972 -0.0581 0.0481,
-0.9924 -0.0744 -0.0985,
-0.9382 -0.3431 -0.0453,
-0.9972 -0.0581 0.0481,
-0.9296 -0.3505 -0.1143,
-0.9896 0.0019 0.1442,
-0.9972 -0.0581 0.0481,
-0.9382 -0.3431 -0.0453,
-0.9941 -0.0196 0.1063,
-0.9972 -0.0581 0.0481,
-0.9896 0.0019 0.1442,
-0.9368 -0.0632 0.3441,
-0.9941 -0.0196 0.1063,
-0.9896 0.0019 0.1442,
-0.8586 -0.0810 0.5062,
-0.9368 -0.0632 0.3441,
-0.9896 0.0019 0.1442,
-0.6946 0.7151 0.0789,
-0.6876 0.7079 -0.1616,
-0.7789 0.6153 -0.1215,
-0.4942 0.8663 0.0729,
-0.6876 0.7079 -0.1616,
-0.6946 0.7151 0.0789,
-0.5242 0.8403 -0.1382,
-0.6876 0.7079 -0.1616,
-0.4942 0.8663 0.0729,
-0.4678 0.8812 0.0681,
-0.5242 0.8403 -0.1382,
-0.4942 0.8663 0.0729,
-0.5265 0.8491 -0.0422,
-0.5242 0.8403 -0.1382,
-0.4678 0.8812 0.0681,
-0.3653 0.9225 0.1248,
-0.5265 0.8491 -0.0422,
-0.4678 0.8812 0.0681,
-0.2349 0.9565 0.1727,
-0.3653 0.9225 0.1248,
-0.4678 0.8812 0.0681,
-0.1544 0.9484 0.2771,
-0.3653 0.9225 0.1248,
-0.2349 0.9565 0.1727,
-0.1829 0.9598 0.2131,
-0.1544 0.9484 0.2771,
-0.2349 0.9565 0.1727,
-0.1813 0.9585 0.2199,
-0.1544 0.9484 0.2771,
-0.1829 0.9598 0.2131,
-0.1716 0.9690 0.1778,
-0.1544 0.9484 0.2771,
-0.1813 0.9585 0.2199,
-0.3115 0.9221 0.2296,
-0.1716 0.9690 0.1778,
-0.1813 0.9585 0.2199,
-0.1160 0.9369 0.3299,
-0.3115 0.9221 0.2296,
-0.1813 0.9585 0.2199,
0.1130 0.9219 0.3706,
-0.3115 0.9221 0.2296,
-0.1160 0.9369 0.3299,
-0.0271 0.9995 0.0166,
-0.3115 0.9221 0.2296,
0.1130 0.9219 0.3706,
0.3947 0.8916 0.2217,
-0.0271 0.9995 0.0166,
0.1130 0.9219 0.3706,
0.2579 0.9294 0.2639,
0.3947 0.8916 0.2217,
0.1130 0.9219 0.3706,
0.4649 0.8806 0.0918,
0.3947 0.8916 0.2217,
0.2579 0.9294 0.2639,
0.3661 0.9128 0.1812,
0.4649 0.8806 0.0918,
0.2579 0.9294 0.2639,
0.5347 0.8449 -0.0156,
0.4649 0.8806 0.0918,
0.3661 0.9128 0.1812,
0.5473 0.8121 0.2023,
0.5347 0.8449 -0.0156,
0.3661 0.9128 0.1812,
0.7051 0.6972 0.1293,
0.5347 0.8449 -0.0156,
0.5473 0.8121 0.2023,
0.4950 0.7271 0.4757,
0.7051 0.6972 0.1293,
0.5473 0.8121 0.2023,
0.7139 0.6264 0.3131,
0.7051 0.6972 0.1293,
0.4950 0.7271 0.4757,
0.8380 0.5061 0.2039,
0.7051 0.6972 0.1293,
0.7139 0.6264 0.3131,
0.8042 0.5664 0.1803,
0.8380 0.5061 0.2039,
0.7139 0.6264 0.3131,
0.6559 0.6753 0.3371,
0.8042 0.5664 0.1803,
0.7139 0.6264 0.3131,
0.7453 0.6192 0.2471,
0.8042 0.5664 0.1803,
0.6559 0.6753 0.3371,
0.5705 0.7316 0.3732,
0.7453 0.6192 0.2471,
0.6559 0.6753 0.3371,
0.6377 0.7629 0.1064,
0.7453 0.6192 0.2471,
0.5705 0.7316 0.3732,
0.9090 0.4157 -0.0313,
0.7453 0.6192 0.2471,
0.6377 0.7629 0.1064,
0.8861 0.4179 0.2006,
0.9090 0.4157 -0.0313,
0.6377 0.7629 0.1064,
0.5303 0.7303 0.4306,
0.8861 0.4179 0.2006,
0.6377 0.7629 0.1064,
0.6521 0.2746 0.7066,
0.8861 0.4179 0.2006,
0.5303 0.7303 0.4306,
0.1349 0.6034 0.7859,
0.6521 0.2746 0.7066,
0.5303 0.7303 0.4306,
0.1636 0.0195 0.9863,
0.6521 0.2746 0.7066,
0.1349 0.6034 0.7859,
-0.2352 0.3051 0.9228,
0.1636 0.0195 0.9863,
0.1349 0.6034 0.7859,
-0.1061 -0.1012 0.9892,
0.1636 0.0195 0.9863,
-0.2352 0.3051 0.9228,
-0.1260 0.3623 0.9235,
-0.1061 -0.1012 0.9892,
-0.2352 0.3051 0.9228,
0.0196 0.1219 0.9924,
-0.1061 -0.1012 0.9892,
-0.1260 0.3623 0.9235,
0.0536 0.0667 0.9963,
-0.1061 -0.1012 0.9892,
0.0196 0.1219 0.9924,
0.1005 -0.1554 0.9827,
-0.1061 -0.1012 0.9892,
0.0536 0.0667 0.9963,
-0.8830 -0.1618 0.4407,
-0.8586 -0.0810 0.5062,
-0.8585 -0.2690 0.4367,
-0.8290 -0.0773 0.5539,
-0.8830 -0.1618 0.4407,
-0.8585 -0.2690 0.4367,
-0.8513 -0.2297 0.4718,
-0.8290 -0.0773 0.5539,
-0.8585 -0.2690 0.4367,
-0.6903 -0.1703 0.7032,
-0.8290 -0.0773 0.5539,
-0.8513 -0.2297 0.4718,
-0.6012 0.1076 0.7918,
-0.8290 -0.0773 0.5539,
-0.6903 -0.1703 0.7032,
-0.4648 -0.1164 0.8777,
-0.6012 0.1076 0.7918,
-0.6903 -0.1703 0.7032,
-0.3606 0.0096 0.9327,
-0.6012 0.1076 0.7918,
-0.4648 -0.1164 0.8777,
-0.3874 -0.2431 0.8893,
-0.3606 0.0096 0.9327,
-0.4648 -0.1164 0.8777,
-0.2891 -0.1468 0.9460,
-0.3606 0.0096 0.9327,
-0.3874 -0.2431 0.8893,
-0.2492 -0.0699 0.9659,
-0.3606 0.0096 0.9327,
-0.2891 -0.1468 0.9460,
-0.0335 -0.2839 0.9583,
-0.2492 -0.0699 0.9659,
-0.2891 -0.1468 0.9460,
0.1255 -0.3578 0.9253,
-0.2492 -0.0699 0.9659,
-0.0335 -0.2839 0.9583,
-0.1562 -0.1385 0.9780,
-0.2492 -0.0699 0.9659,
0.1255 -0.3578 0.9253,
-0.9368 -0.0632 0.3441,
-0.8586 -0.0810 0.5062,
-0.8830 -0.1618 0.4407,
-0.9321 -0.0049 0.3622,
-0.9368 -0.0632 0.3441,
-0.8830 -0.1618 0.4407,
-0.8561 0.0271 0.5161,
-0.9321 -0.0049 0.3622,
-0.8830 -0.1618 0.4407,
0.6240 -0.2196 -0.7499,
0.3008 -0.2963 -0.9065,
0.3598 0.1436 -0.9219,
0.5331 0.0188 -0.8459,
0.6240 -0.2196 -0.7499,
0.3598 0.1436 -0.9219,
0.3862 -0.7057 -0.5939,
0.3008 -0.2963 -0.9065,
0.6240 -0.2196 -0.7499,
0.5375 -0.6159 -0.5759,
0.3862 -0.7057 -0.5939,
0.6240 -0.2196 -0.7499,
0.2960 -0.8809 -0.3692,
0.3862 -0.7057 -0.5939,
0.5375 -0.6159 -0.5759,
0.3500 -0.7965 -0.4930,
0.2960 -0.8809 -0.3692,
0.5375 -0.6159 -0.5759,
0.5008 -0.6987 -0.5108,
0.3500 -0.7965 -0.4930,
0.5375 -0.6159 -0.5759,
0.4733 -0.7439 -0.4718,
0.3500 -0.7965 -0.4930,
0.5008 -0.6987 -0.5108,
0.5827 -0.5937 -0.5550,
0.4733 -0.7439 -0.4718,
0.5008 -0.6987 -0.5108,
0.5408 -0.6670 -0.5125,
0.4733 -0.7439 -0.4718,
0.5827 -0.5937 -0.5550,
0.7234 -0.5040 -0.4718,
0.5408 -0.6670 -0.5125,
0.5827 -0.5937 -0.5550,
0.7920 -0.5612 -0.2403,
0.5408 -0.6670 -0.5125,
0.7234 -0.5040 -0.4718,
0.7891 -0.5273 -0.3151,
0.7920 -0.5612 -0.2403,
0.7234 -0.5040 -0.4718,
0.7833 -0.3318 -0.5257,
0.7891 -0.5273 -0.3151,
0.7234 -0.5040 -0.4718,
0.7139 -0.4252 -0.5564,
0.7891 -0.5273 -0.3151,
0.7833 -0.3318 -0.5257,
0.7640 -0.2364 -0.6003,
0.7139 -0.4252 -0.5564,
0.7833 -0.3318 -0.5257,
0.7894 -0.1465 -0.5961,
0.7640 -0.2364 -0.6003,
0.7833 -0.3318 -0.5257,
0.7613 0.0502 -0.6465,
0.7640 -0.2364 -0.6003,
0.7894 -0.1465 -0.5961,
0.8581 0.0126 -0.5133,
0.7613 0.0502 -0.6465,
0.7894 -0.1465 -0.5961,
0.8243 0.0771 -0.5609,
0.7613 0.0502 -0.6465,
0.8581 0.0126 -0.5133,
0.7568 0.2308 -0.6115,
0.7613 0.0502 -0.6465,
0.8243 0.0771 -0.5609,
0.8681 0.1594 -0.4700,
0.7568 0.2308 -0.6115,
0.8243 0.0771 -0.5609,
0.7798 0.0783 -0.6211,
0.8681 0.1594 -0.4700,
0.8243 0.0771 -0.5609,
0.9572 0.2037 -0.2055,
0.8681 0.1594 -0.4700,
0.7798 0.0783 -0.6211,
0.9224 -0.0226 -0.3856,
0.9572 0.2037 -0.2055,
0.7798 0.0783 -0.6211,
-0.3471 -0.1198 -0.9301,
-0.2519 0.0418 -0.9669,
-0.4547 0.0929 -0.8858,
-0.4549 -0.0545 -0.8889,
-0.3471 -0.1198 -0.9301,
-0.4547 0.0929 -0.8858,
-0.5527 -0.2896 -0.7814,
-0.4549 -0.0545 -0.8889,
-0.4547 0.0929 -0.8858,
-0.5659 -0.2990 -0.7684,
-0.5527 -0.2896 -0.7814,
-0.4547 0.0929 -0.8858,
-0.1636 -0.0507 -0.9852,
-0.5659 -0.2990 -0.7684,
-0.4547 0.0929 -0.8858,
-0.1349 -0.6034 -0.7859,
-0.5659 -0.2990 -0.7684,
-0.1636 -0.0507 -0.9852,
-0.4612 -0.7222 -0.5155,
-0.5659 -0.2990 -0.7684,
-0.1349 -0.6034 -0.7859,
-0.0188 -0.9237 -0.3826,
-0.4612 -0.7222 -0.5155,
-0.1349 -0.6034 -0.7859,
-0.2788 -0.9115 -0.3024,
-0.4612 -0.7222 -0.5155,
-0.0188 -0.9237 -0.3826,
-0.0877 -0.9558 -0.2806,
-0.2788 -0.9115 -0.3024,
-0.0188 -0.9237 -0.3826,
-0.1261 -0.0822 -0.9886,
-0.2519 0.0418 -0.9669,
-0.3471 -0.1198 -0.9301,
-0.1059 0.0404 -0.9936,
-0.2519 0.0418 -0.9669,
-0.1261 -0.0822 -0.9886,
-0.2805 0.1947 -0.9399,
-0.1059 0.0404 -0.9936,
-0.1261 -0.0822 -0.9886,
-0.1365 0.1810 -0.9740,
-0.1059 0.0404 -0.9936,
-0.2805 0.1947 -0.9399,
-0.0918 0.1780 -0.9797,
-0.1059 0.0404 -0.9936,
-0.1365 0.1810 -0.9740,
-0.0262 0.1159 -0.9929,
-0.0918 0.1780 -0.9797,
-0.1365 0.1810 -0.9740,
0.1086 0.1544 -0.9820,
-0.0918 0.1780 -0.9797,
-0.0262 0.1159 -0.9929,
0.2020 0.2196 -0.9545,
0.1086 0.1544 -0.9820,
-0.0262 0.1159 -0.9929,
0.3185 0.1972 -0.9272,
0.1086 0.1544 -0.9820,
0.2020 0.2196 -0.9545,
0.3146 0.0656 -0.9470,
0.1086 0.1544 -0.9820,
0.3185 0.1972 -0.9272,
0.4212 0.1202 -0.8989,
0.3146 0.0656 -0.9470,
0.3185 0.1972 -0.9272,
0.4521 0.2554 -0.8546,
0.4212 0.1202 -0.8989,
0.3185 0.1972 -0.9272,
0.5535 0.2900 -0.7807,
0.4212 0.1202 -0.8989,
0.4521 0.2554 -0.8546,
0.6162 0.3896 -0.6845,
0.5535 0.2900 -0.7807,
0.4521 0.2554 -0.8546,
0.6556 0.3513 -0.6684,
0.5535 0.2900 -0.7807,
0.6162 0.3896 -0.6845,
0.6240 0.3398 -0.7037,
0.5535 0.2900 -0.7807,
0.6556 0.3513 -0.6684,
0.7136 0.3133 -0.6266,
0.5535 0.2900 -0.7807,
0.6240 0.3398 -0.7037,
0.7798 0.0783 -0.6211,
0.7136 0.3133 -0.6266,
0.6240 0.3398 -0.7037,
0.7033 0.4676 -0.5355,
0.7798 0.0783 -0.6211,
0.6240 0.3398 -0.7037,
0.0074 -0.9347 -0.3555,
-0.0877 -0.9558 -0.2806,
0.1405 -0.8877 -0.4385,
0.3267 -0.7900 -0.5189,
0.0074 -0.9347 -0.3555,
0.1405 -0.8877 -0.4385,
0.2633 -0.8961 -0.3574,
0.0074 -0.9347 -0.3555,
0.3267 -0.7900 -0.5189,
0.4437 -0.7499 -0.4907,
0.2633 -0.8961 -0.3574,
0.3267 -0.7900 -0.5189,
0.4528 -0.8419 -0.2936,
0.2633 -0.8961 -0.3574,
0.4437 -0.7499 -0.4907,
0.6235 -0.7244 -0.2940,
0.4528 -0.8419 -0.2936,
0.4437 -0.7499 -0.4907,
0.4074 -0.9130 -0.0212,
0.4528 -0.8419 -0.2936,
0.6235 -0.7244 -0.2940,
0.6397 -0.7632 -0.0911,
0.4074 -0.9130 -0.0212,
0.6235 -0.7244 -0.2940,
0.7871 -0.6054 -0.1186,
0.6397 -0.7632 -0.0911,
0.6235 -0.7244 -0.2940,
0.6897 -0.7165 0.1046,
0.6397 -0.7632 -0.0911,
0.7871 -0.6054 -0.1186,
0.7931 -0.6085 0.0271,
0.6897 -0.7165 0.1046,
0.7871 -0.6054 -0.1186,
0.7356 -0.6476 -0.1988,
0.7931 -0.6085 0.0271,
0.7871 -0.6054 -0.1186,
0.7098 -0.6927 0.1279,
0.7931 -0.6085 0.0271,
0.7356 -0.6476 -0.1988,
0.6691 -0.6620 -0.3378,
0.7098 -0.6927 0.1279,
0.7356 -0.6476 -0.1988,
0.4038 -0.8779 0.2573,
0.7098 -0.6927 0.1279,
0.6691 -0.6620 -0.3378,
0.4389 -0.7045 -0.5577,
0.4038 -0.8779 0.2573,
0.6691 -0.6620 -0.3378,
0.1956 -0.9248 -0.3264,
0.4038 -0.8779 0.2573,
0.4389 -0.7045 -0.5577,
0.1203 -0.5931 -0.7961,
0.1956 -0.9248 -0.3264,
0.4389 -0.7045 -0.5577,
0.4142 -0.2771 -0.8670,
0.1203 -0.5931 -0.7961,
0.4389 -0.7045 -0.5577,
0.0916 -0.0113 -0.9957,
0.1203 -0.5931 -0.7961,
0.4142 -0.2771 -0.8670,
0.3874 0.2431 -0.8893,
0.0916 -0.0113 -0.9957,
0.4142 -0.2771 -0.8670,
0.1233 0.5436 -0.8302,
0.0916 -0.0113 -0.9957,
0.3874 0.2431 -0.8893,
0.4933 0.6470 -0.5814,
0.1233 0.5436 -0.8302,
0.3874 0.2431 -0.8893,
0.2064 0.9151 -0.3463,
0.1233 0.5436 -0.8302,
0.4933 0.6470 -0.5814,
0.5223 0.8465 -0.1033,
0.2064 0.9151 -0.3463,
0.4933 0.6470 -0.5814,
0.8126 0.5248 -0.2535,
0.5223 0.8465 -0.1033,
0.4933 0.6470 -0.5814,
0.8494 0.3520 -0.3931,
0.8126 0.5248 -0.2535,
0.4933 0.6470 -0.5814,
0.9321 0.2469 -0.2651,
0.8126 0.5248 -0.2535,
0.8494 0.3520 -0.3931,
0.9429 0.3241 -0.0767,
0.8126 0.5248 -0.2535,
0.9321 0.2469 -0.2651,
0.9403 0.3060 -0.1493,
0.9429 0.3241 -0.0767,
0.9321 0.2469 -0.2651,
0.8763 0.3668 -0.3125,
0.9403 0.3060 -0.1493,
0.9321 0.2469 -0.2651,
0.8226 0.4557 -0.3401,
0.9403 0.3060 -0.1493,
0.8763 0.3668 -0.3125,
0.7575 0.5248 -0.3883,
0.8226 0.4557 -0.3401,
0.8763 0.3668 -0.3125,
0.7786 0.5083 -0.3681,
0.8226 0.4557 -0.3401,
0.7575 0.5248 -0.3883,
0.7345 0.4715 -0.4881,
0.7786 0.5083 -0.3681,
0.7575 0.5248 -0.3883,
0.6471 0.4683 -0.6017,
0.7345 0.4715 -0.4881,
0.7575 0.5248 -0.3883,
0.6381 0.4702 -0.6097,
0.7345 0.4715 -0.4881,
0.6471 0.4683 -0.6017,
0.5897 0.6251 -0.5115,
0.7345 0.4715 -0.4881,
0.6381 0.4702 -0.6097,
0.5611 0.5484 -0.6200,
0.5897 0.6251 -0.5115,
0.6381 0.4702 -0.6097,
0.5591 0.4535 -0.6941,
0.5611 0.5484 -0.6200,
0.6381 0.4702 -0.6097,
0.4885 0.5743 -0.6569,
0.5611 0.5484 -0.6200,
0.5591 0.4535 -0.6941,
0.3279 0.1731 -0.9287,
0.3598 0.1436 -0.9219,
-0.0642 0.2199 -0.9734,
0.0583 0.0346 -0.9977,
0.3279 0.1731 -0.9287,
-0.0642 0.2199 -0.9734,
0.2662 -0.0434 -0.9629,
0.3279 0.1731 -0.9287,
0.0583 0.0346 -0.9977,
0.5331 0.0188 -0.8459,
0.3598 0.1436 -0.9219,
0.3279 0.1731 -0.9287,
0.2723 -0.0301 -0.9617,
0.5331 0.0188 -0.8459,
0.3279 0.1731 -0.9287,
0.4120 -0.0203 -0.9110,
0.5331 0.0188 -0.8459,
0.2723 -0.0301 -0.9617,
0.3261 0.0946 -0.9406,
0.4120 -0.0203 -0.9110,
0.2723 -0.0301 -0.9617,
0.4620 0.1440 -0.8751,
0.4120 -0.0203 -0.9110,
0.3261 0.0946 -0.9406,
0.5888 0.1208 -0.7992,
0.4120 -0.0203 -0.9110,
0.4620 0.1440 -0.8751,
0.3996 -0.1121 -0.9098,
0.4120 -0.0203 -0.9110,
0.5888 0.1208 -0.7992,
0.0847 -0.1905 -0.9780,
0.3996 -0.1121 -0.9098,
0.5888 0.1208 -0.7992,
0.6502 -0.3480 -0.6754,
0.6226 -0.3902 -0.6783,
0.6418 -0.3421 -0.6863,
0.6929 -0.3203 -0.6460,
0.6226 -0.3902 -0.6783,
0.6502 -0.3480 -0.6754,
0.7581 -0.2904 -0.5839,
0.6929 -0.3203 -0.6460,
0.6502 -0.3480 -0.6754,
0.7155 -0.2454 -0.6541,
0.7581 -0.2904 -0.5839,
0.6502 -0.3480 -0.6754,
0.4662 -0.3992 -0.7895,
0.7155 -0.2454 -0.6541,
0.6502 -0.3480 -0.6754,
0.3996 -0.1121 -0.9098,
0.7155 -0.2454 -0.6541,
0.4662 -0.3992 -0.7895,
0.0847 -0.1905 -0.9780,
0.7155 -0.2454 -0.6541,
0.3996 -0.1121 -0.9098,
-0.1535 -0.9483 -0.2778,
-0.3347 -0.8447 -0.4176,
-0.2788 -0.9115 -0.3024,
-0.0877 -0.9558 -0.2806,
-0.1535 -0.9483 -0.2778,
-0.2788 -0.9115 -0.3024,
-0.1693 -0.9279 -0.3323,
-0.1535 -0.9483 -0.2778,
-0.0877 -0.9558 -0.2806,
0.0074 -0.9347 -0.3555,
-0.1693 -0.9279 -0.3323,
-0.0877 -0.9558 -0.2806,
-0.0056 -0.9610 -0.2764,
-0.1693 -0.9279 -0.3323,
0.0074 -0.9347 -0.3555,
-0.3308 0.2289 -0.9155,
-0.4260 0.3928 -0.8150,
-0.2461 0.3818 -0.8909,
-0.2026 0.1271 -0.9710,
-0.3308 0.2289 -0.9155,
-0.2461 0.3818 -0.8909,
0.0335 0.2839 -0.9583,
-0.2026 0.1271 -0.9710,
-0.2461 0.3818 -0.8909,
0.1060 0.5514 -0.8275,
0.0335 0.2839 -0.9583,
-0.2461 0.3818 -0.8909,
0.3027 0.3662 -0.8799,
0.0335 0.2839 -0.9583,
0.1060 0.5514 -0.8275,
0.3079 0.4666 -0.8292,
0.3027 0.3662 -0.8799,
0.1060 0.5514 -0.8275,
0.2337 0.6213 -0.7479,
0.3079 0.4666 -0.8292,
0.1060 0.5514 -0.8275,
0.4195 0.5740 -0.7033,
0.3079 0.4666 -0.8292,
0.2337 0.6213 -0.7479,
0.4898 0.4345 -0.7559,
0.3079 0.4666 -0.8292,
0.4195 0.5740 -0.7033,
0.4885 0.5743 -0.6569,
0.4898 0.4345 -0.7559,
0.4195 0.5740 -0.7033,
0.5591 0.4535 -0.6941,
0.4898 0.4345 -0.7559,
0.4885 0.5743 -0.6569,
-0.3694 0.2163 -0.9037,
-0.4260 0.3928 -0.8150,
-0.3308 0.2289 -0.9155,
-0.1597 0.9810 -0.1103,
-0.2199 0.9754 0.0152,
-0.2271 0.9737 -0.0187,
-0.0761 0.9802 -0.1830,
-0.1597 0.9810 -0.1103,
-0.2271 0.9737 -0.0187,
-0.3524 0.9307 -0.0977,
-0.2199 0.9754 0.0152,
-0.1597 0.9810 -0.1103,
-0.2699 0.9188 -0.2880,
-0.3524 0.9307 -0.0977,
-0.1597 0.9810 -0.1103,
-0.4267 0.8897 -0.1625,
-0.3524 0.9307 -0.0977,
-0.2699 0.9188 -0.2880,
-0.4341 0.1398 -0.8899,
-0.3308 0.2289 -0.9155,
-0.2805 0.1947 -0.9399,
-0.1261 -0.0822 -0.9886,
-0.4341 0.1398 -0.8899,
-0.2805 0.1947 -0.9399,
-0.4341 0.1398 -0.8899,
-0.4765 -0.0499 -0.8778,
-0.2874 0.0874 -0.9538,
-0.4599 0.2248 -0.8591,
-0.4341 0.1398 -0.8899,
-0.2874 0.0874 -0.9538,
-0.3694 0.2163 -0.9037,
-0.4341 0.1398 -0.8899,
-0.4599 0.2248 -0.8591,
  ] }
  normalIndex [ 
0 1 2 -1,
3 4 5 -1,
6 7 8 -1,
9 10 11 -1,
12 13 14 -1,
15 16 17 -1,
18 19 20 -1,
21 22 23 -1,
24 25 26 -1,
27 28 29 -1,
30 31 32 -1,
33 34 35 -1,
36 37 38 -1,
39 40 41 -1,
42 43 44 -1,
45 46 47 -1,
48 49 50 -1,
51 52 53 -1,
54 55 56 -1,
57 58 59 -1,
60 61 62 -1,
63 64 65 -1,
66 67 68 -1,
69 70 71 -1,
72 73 74 -1,
75 76 77 -1,
78 79 80 -1,
81 82 83 -1,
84 85 86 -1,
87 88 89 -1,
90 91 92 -1,
93 94 95 -1,
96 97 98 -1,
99 100 101 -1,
102 103 104 -1,
105 106 107 -1,
108 109 110 -1,
111 112 113 -1,
114 115 116 -1,
117 118 119 -1,
120 121 122 -1,
123 124 125 -1,
126 127 128 -1,
129 130 131 -1,
132 133 134 -1,
135 136 137 -1,
138 139 140 -1,
141 142 143 -1,
144 145 146 -1,
147 148 149 -1,
150 151 152 -1,
153 154 155 -1,
156 157 158 -1,
159 160 161 -1,
162 163 164 -1,
165 166 167 -1,
168 169 170 -1,
171 172 173 -1,
174 175 176 -1,
177 178 179 -1,
180 181 182 -1,
183 184 185 -1,
186 187 188 -1,
189 190 191 -1,
192 193 194 -1,
195 196 197 -1,
198 199 200 -1,
201 202 203 -1,
204 205 206 -1,
207 208 209 -1,
210 211 212 -1,
213 214 215 -1,
216 217 218 -1,
219 220 221 -1,
222 223 224 -1,
225 226 227 -1,
228 229 230 -1,
231 232 233 -1,
234 235 236 -1,
237 238 239 -1,
240 241 242 -1,
243 244 245 -1,
246 247 248 -1,
249 250 251 -1,
252 253 254 -1,
255 256 257 -1,
258 259 260 -1,
261 262 263 -1,
264 265 266 -1,
267 268 269 -1,
270 271 272 -1,
273 274 275 -1,
276 277 278 -1,
279 280 281 -1,
282 283 284 -1,
285 286 287 -1,
288 289 290 -1,
291 292 293 -1,
294 295 296 -1,
297 298 299 -1,
300 301 302 -1,
303 304 305 -1,
306 307 308 -1,
309 310 311 -1,
312 313 314 -1,
315 316 317 -1,
318 319 320 -1,
321 322 323 -1,
324 325 326 -1,
327 328 329 -1,
330 331 332 -1,
333 334 335 -1,
336 337 338 -1,
339 340 341 -1,
342 343 344 -1,
345 346 347 -1,
348 349 350 -1,
351 352 353 -1,
354 355 356 -1,
357 358 359 -1,
360 361 362 -1,
363 364 365 -1,
366 367 368 -1,
369 370 371 -1,
372 373 374 -1,
375 376 377 -1,
378 379 380 -1,
381 382 383 -1,
384 385 386 -1,
387 388 389 -1,
390 391 392 -1,
393 394 395 -1,
396 397 398 -1,
399 400 401 -1,
402 403 404 -1,
405 406 407 -1,
408 409 410 -1,
411 412 413 -1,
414 415 416 -1,
417 418 419 -1,
420 421 422 -1,
423 424 425 -1,
426 427 428 -1,
429 430 431 -1,
432 433 434 -1,
435 436 437 -1,
438 439 440 -1,
441 442 443 -1,
444 445 446 -1,
447 448 449 -1,
450 451 452 -1,
453 454 455 -1,
456 457 458 -1,
459 460 461 -1,
462 463 464 -1,
465 466 467 -1,
468 469 470 -1,
471 472 473 -1,
474 475 476 -1,
477 478 479 -1,
480 481 482 -1,
483 484 485 -1,
486 487 488 -1,
489 490 491 -1,
492 493 494 -1,
495 496 497 -1,
498 499 500 -1,
501 502 503 -1,
504 505 506 -1,
507 508 509 -1,
510 511 512 -1,
513 514 515 -1,
516 517 518 -1,
519 520 521 -1,
522 523 524 -1,
525 526 527 -1,
528 529 530 -1,
531 532 533 -1,
534 535 536 -1,
537 538 539 -1,
540 541 542 -1,
543 544 545 -1,
546 547 548 -1,
549 550 551 -1,
552 553 554 -1,
555 556 557 -1,
558 559 560 -1,
561 562 563 -1,
564 565 566 -1,
567 568 569 -1,
570 571 572 -1,
573 574 575 -1,
576 577 578 -1,
579 580 581 -1,
582 583 584 -1,
585 586 587 -1,
588 589 590 -1,
591 592 593 -1,
594 595 596 -1,
597 598 599 -1,
600 601 602 -1,
603 604 605 -1,
606 607 608 -1,
609 610 611 -1,
612 613 614 -1,
615 616 617 -1,
618 619 620 -1,
621 622 623 -1,
624 625 626 -1,
627 628 629 -1,
630 631 632 -1,
633 634 635 -1,
636 637 638 -1,
639 640 641 -1,
642 643 644 -1,
645 646 647 -1,
648 649 650 -1,
651 652 653 -1,
654 655 656 -1,
657 658 659 -1,
660 661 662 -1,
663 664 665 -1,
666 667 668 -1,
669 670 671 -1,
672 673 674 -1,
675 676 677 -1,
678 679 680 -1,
681 682 683 -1,
684 685 686 -1,
687 688 689 -1,
690 691 692 -1,
693 694 695 -1,
696 697 698 -1,
699 700 701 -1,
702 703 704 -1,
705 706 707 -1,
708 709 710 -1,
711 712 713 -1,
714 715 716 -1,
717 718 719 -1,
720 721 722 -1,
723 724 725 -1,
726 727 728 -1,
729 730 731 -1,
732 733 734 -1,
735 736 737 -1,
738 739 740 -1,
741 742 743 -1,
744 745 746 -1,
747 748 749 -1,
750 751 752 -1,
753 754 755 -1,
756 757 758 -1,
759 760 761 -1,
762 763 764 -1,
765 766 767 -1,
768 769 770 -1,
771 772 773 -1,
774 775 776 -1,
777 778 779 -1,
780 781 782 -1,
783 784 785 -1,
786 787 788 -1,
789 790 791 -1,
792 793 794 -1,
795 796 797 -1,
798 799 800 -1,
801 802 803 -1,
804 805 806 -1,
807 808 809 -1,
810 811 812 -1,
813 814 815 -1,
816 817 818 -1,
819 820 821 -1,
822 823 824 -1,
825 826 827 -1,
828 829 830 -1,
831 832 833 -1,
834 835 836 -1,
837 838 839 -1,
840 841 842 -1,
843 844 845 -1,
846 847 848 -1,
849 850 851 -1,
852 853 854 -1,
855 856 857 -1,
858 859 860 -1,
861 862 863 -1,
864 865 866 -1,
867 868 869 -1,
870 871 872 -1,
873 874 875 -1,
876 877 878 -1,
879 880 881 -1,
882 883 884 -1,
885 886 887 -1,
888 889 890 -1,
891 892 893 -1,
894 895 896 -1,
897 898 899 -1,
900 901 902 -1,
903 904 905 -1,
906 907 908 -1,
909 910 911 -1,
912 913 914 -1,
915 916 917 -1,
918 919 920 -1,
921 922 923 -1,
924 925 926 -1,
927 928 929 -1,
930 931 932 -1,
933 934 935 -1,
936 937 938 -1,
939 940 941 -1,
942 943 944 -1,
945 946 947 -1,
948 949 950 -1,
951 952 953 -1,
954 955 956 -1,
957 958 959 -1,
960 961 962 -1,
963 964 965 -1,
966 967 968 -1,
969 970 971 -1,
972 973 974 -1,
975 976 977 -1,
978 979 980 -1,
981 982 983 -1,
984 985 986 -1,
987 988 989 -1,
990 991 992 -1,
993 994 995 -1,
996 997 998 -1,
999 1000 1001 -1,
1002 1003 1004 -1,
1005 1006 1007 -1,
1008 1009 1010 -1,
1011 1012 1013 -1,
1014 1015 1016 -1,
1017 1018 1019 -1,
1020 1021 1022 -1,
1023 1024 1025 -1,
1026 1027 1028 -1,
1029 1030 1031 -1,
1032 1033 1034 -1,
1035 1036 1037 -1,
1038 1039 1040 -1,
1041 1042 1043 -1,
1044 1045 1046 -1,
1047 1048 1049 -1,
1050 1051 1052 -1,
1053 1054 1055 -1,
1056 1057 1058 -1,
1059 1060 1061 -1,
1062 1063 1064 -1,
1065 1066 1067 -1,
1068 1069 1070 -1,
1071 1072 1073 -1,
1074 1075 1076 -1,
1077 1078 1079 -1,
1080 1081 1082 -1,
1083 1084 1085 -1,
1086 1087 1088 -1,
1089 1090 1091 -1,
1092 1093 1094 -1,
1095 1096 1097 -1,
1098 1099 1100 -1,
1101 1102 1103 -1,
1104 1105 1106 -1,
1107 1108 1109 -1,
1110 1111 1112 -1,
1113 1114 1115 -1,
1116 1117 1118 -1,
1119 1120 1121 -1,
1122 1123 1124 -1,
1125 1126 1127 -1,
1128 1129 1130 -1,
1131 1132 1133 -1,
1134 1135 1136 -1,
1137 1138 1139 -1,
1140 1141 1142 -1,
1143 1144 1145 -1,
1146 1147 1148 -1,
1149 1150 1151 -1,
1152 1153 1154 -1,
1155 1156 1157 -1,
1158 1159 1160 -1,
1161 1162 1163 -1,
1164 1165 1166 -1,
1167 1168 1169 -1,
1170 1171 1172 -1,
1173 1174 1175 -1,
1176 1177 1178 -1,
1179 1180 1181 -1,
1182 1183 1184 -1,
1185 1186 1187 -1,
1188 1189 1190 -1,
1191 1192 1193 -1,
1194 1195 1196 -1,
1197 1198 1199 -1,
1200 1201 1202 -1,
1203 1204 1205 -1,
1206 1207 1208 -1,
1209 1210 1211 -1,
1212 1213 1214 -1,
1215 1216 1217 -1,
1218 1219 1220 -1,
1221 1222 1223 -1,
1224 1225 1226 -1,
1227 1228 1229 -1,
1230 1231 1232 -1,
1233 1234 1235 -1,
1236 1237 1238 -1,
1239 1240 1241 -1,
1242 1243 1244 -1,
1245 1246 1247 -1,
1248 1249 1250 -1,
1251 1252 1253 -1,
1254 1255 1256 -1,
1257 1258 1259 -1,
1260 1261 1262 -1,
1263 1264 1265 -1,
1266 1267 1268 -1,
1269 1270 1271 -1,
1272 1273 1274 -1,
1275 1276 1277 -1,
1278 1279 1280 -1,
1281 1282 1283 -1,
1284 1285 1286 -1,
1287 1288 1289 -1,
1290 1291 1292 -1,
1293 1294 1295 -1,
1296 1297 1298 -1,
1299 1300 1301 -1,
1302 1303 1304 -1,
1305 1306 1307 -1,
1308 1309 1310 -1,
1311 1312 1313 -1,
1314 1315 1316 -1,
1317 1318 1319 -1,
1320 1321 1322 -1,
1323 1324 1325 -1,
1326 1327 1328 -1,
1329 1330 1331 -1,
1332 1333 1334 -1,
1335 1336 1337 -1,
1338 1339 1340 -1,
1341 1342 1343 -1,
1344 1345 1346 -1,
1347 1348 1349 -1,
1350 1351 1352 -1,
1353 1354 1355 -1,
1356 1357 1358 -1,
1359 1360 1361 -1,
1362 1363 1364 -1,
1365 1366 1367 -1,
1368 1369 1370 -1,
1371 1372 1373 -1,
1374 1375 1376 -1,
1377 1378 1379 -1,
1380 1381 1382 -1,
1383 1384 1385 -1,
1386 1387 1388 -1,
1389 1390 1391 -1,
1392 1393 1394 -1,
1395 1396 1397 -1,
1398 1399 1400 -1,
1401 1402 1403 -1,
1404 1405 1406 -1,
1407 1408 1409 -1,
1410 1411 1412 -1,
1413 1414 1415 -1,
1416 1417 1418 -1,
1419 1420 1421 -1,
1422 1423 1424 -1,
1425 1426 1427 -1,
1428 1429 1430 -1,
1431 1432 1433 -1,
1434 1435 1436 -1,
1437 1438 1439 -1,
1440 1441 1442 -1,
1443 1444 1445 -1,
1446 1447 1448 -1,
1449 1450 1451 -1,
1452 1453 1454 -1,
1455 1456 1457 -1,
1458 1459 1460 -1,
1461 1462 1463 -1,
1464 1465 1466 -1,
1467 1468 1469 -1,
1470 1471 1472 -1,
1473 1474 1475 -1,
1476 1477 1478 -1,
1479 1480 1481 -1,
1482 1483 1484 -1,
1485 1486 1487 -1,
1488 1489 1490 -1,
1491 1492 1493 -1,
1494 1495 1496 -1,
1497 1498 1499 -1,
1500 1501 1502 -1,
1503 1504 1505 -1,
1506 1507 1508 -1,
1509 1510 1511 -1,
1512 1513 1514 -1,
1515 1516 1517 -1,
1518 1519 1520 -1,
1521 1522 1523 -1,
1524 1525 1526 -1,
1527 1528 1529 -1,
1530 1531 1532 -1,
1533 1534 1535 -1,
1536 1537 1538 -1,
1539 1540 1541 -1,
1542 1543 1544 -1,
1545 1546 1547 -1,
1548 1549 1550 -1,
1551 1552 1553 -1,
1554 1555 1556 -1,
1557 1558 1559 -1,
1560 1561 1562 -1,
1563 1564 1565 -1,
1566 1567 1568 -1,
1569 1570 1571 -1,
1572 1573 1574 -1,
1575 1576 1577 -1,
1578 1579 1580 -1,
1581 1582 1583 -1,
1584 1585 1586 -1,
1587 1588 1589 -1,
1590 1591 1592 -1,
1593 1594 1595 -1,
1596 1597 1598 -1,
1599 1600 1601 -1,
1602 1603 1604 -1,
1605 1606 1607 -1,
1608 1609 1610 -1,
1611 1612 1613 -1,
1614 1615 1616 -1,
1617 1618 1619 -1,
1620 1621 1622 -1,
1623 1624 1625 -1,
1626 1627 1628 -1,
1629 1630 1631 -1,
1632 1633 1634 -1,
1635 1636 1637 -1,
1638 1639 1640 -1,
1641 1642 1643 -1,
1644 1645 1646 -1,
1647 1648 1649 -1,
1650 1651 1652 -1,
1653 1654 1655 -1,
1656 1657 1658 -1,
1659 1660 1661 -1,
1662 1663 1664 -1,
1665 1666 1667 -1,
1668 1669 1670 -1,
1671 1672 1673 -1,
1674 1675 1676 -1,
1677 1678 1679 -1,
1680 1681 1682 -1,
1683 1684 1685 -1,
1686 1687 1688 -1,
1689 1690 1691 -1,
1692 1693 1694 -1,
1695 1696 1697 -1,
1698 1699 1700 -1,
1701 1702 1703 -1,
1704 1705 1706 -1,
1707 1708 1709 -1,
1710 1711 1712 -1,
1713 1714 1715 -1,
1716 1717 1718 -1,
1719 1720 1721 -1,
1722 1723 1724 -1,
1725 1726 1727 -1,
1728 1729 1730 -1,
1731 1732 1733 -1,
1734 1735 1736 -1,
1737 1738 1739 -1,
1740 1741 1742 -1,
1743 1744 1745 -1,
1746 1747 1748 -1,
1749 1750 1751 -1,
1752 1753 1754 -1,
1755 1756 1757 -1,
1758 1759 1760 -1,
1761 1762 1763 -1,
1764 1765 1766 -1,
1767 1768 1769 -1,
1770 1771 1772 -1,
1773 1774 1775 -1,
1776 1777 1778 -1,
1779 1780 1781 -1,
1782 1783 1784 -1,
1785 1786 1787 -1,
1788 1789 1790 -1,
1791 1792 1793 -1,
1794 1795 1796 -1,
1797 1798 1799 -1,
1800 1801 1802 -1,
1803 1804 1805 -1,
1806 1807 1808 -1,
1809 1810 1811 -1,
1812 1813 1814 -1,
1815 1816 1817 -1,
1818 1819 1820 -1,
1821 1822 1823 -1,
1824 1825 1826 -1,
1827 1828 1829 -1,
1830 1831 1832 -1,
1833 1834 1835 -1,
1836 1837 1838 -1,
1839 1840 1841 -1,
1842 1843 1844 -1,
1845 1846 1847 -1,
1848 1849 1850 -1,
1851 1852 1853 -1,
1854 1855 1856 -1,
1857 1858 1859 -1,
1860 1861 1862 -1,
1863 1864 1865 -1,
1866 1867 1868 -1,
1869 1870 1871 -1,
1872 1873 1874 -1,
1875 1876 1877 -1,
1878 1879 1880 -1,
1881 1882 1883 -1,
1884 1885 1886 -1,
1887 1888 1889 -1,
1890 1891 1892 -1,
1893 1894 1895 -1,
1896 1897 1898 -1,
1899 1900 1901 -1,
1902 1903 1904 -1,
1905 1906 1907 -1,
1908 1909 1910 -1,
1911 1912 1913 -1,
1914 1915 1916 -1,
1917 1918 1919 -1,
1920 1921 1922 -1,
1923 1924 1925 -1,
1926 1927 1928 -1,
1929 1930 1931 -1,
1932 1933 1934 -1,
1935 1936 1937 -1,
1938 1939 1940 -1,
1941 1942 1943 -1,
1944 1945 1946 -1,
1947 1948 1949 -1,
1950 1951 1952 -1,
1953 1954 1955 -1,
1956 1957 1958 -1,
1959 1960 1961 -1,
1962 1963 1964 -1,
1965 1966 1967 -1,
1968 1969 1970 -1,
1971 1972 1973 -1,
1974 1975 1976 -1,
1977 1978 1979 -1,
1980 1981 1982 -1,
1983 1984 1985 -1,
1986 1987 1988 -1,
1989 1990 1991 -1,
1992 1993 1994 -1,
1995 1996 1997 -1,
1998 1999 2000 -1,
2001 2002 2003 -1,
2004 2005 2006 -1,
2007 2008 2009 -1,
2010 2011 2012 -1,
2013 2014 2015 -1,
2016 2017 2018 -1,
2019 2020 2021 -1,
2022 2023 2024 -1,
2025 2026 2027 -1,
2028 2029 2030 -1,
2031 2032 2033 -1,
2034 2035 2036 -1,
2037 2038 2039 -1,
2040 2041 2042 -1,
2043 2044 2045 -1,
2046 2047 2048 -1,
2049 2050 2051 -1,
2052 2053 2054 -1,
2055 2056 2057 -1,
2058 2059 2060 -1,
2061 2062 2063 -1,
2064 2065 2066 -1,
2067 2068 2069 -1,
2070 2071 2072 -1,
2073 2074 2075 -1,
2076 2077 2078 -1,
2079 2080 2081 -1,
2082 2083 2084 -1,
2085 2086 2087 -1,
2088 2089 2090 -1,
2091 2092 2093 -1,
2094 2095 2096 -1,
2097 2098 2099 -1,
2100 2101 2102 -1,
2103 2104 2105 -1,
2106 2107 2108 -1,
2109 2110 2111 -1,
2112 2113 2114 -1,
2115 2116 2117 -1,
2118 2119 2120 -1,
2121 2122 2123 -1,
2124 2125 2126 -1,
2127 2128 2129 -1,
2130 2131 2132 -1,
2133 2134 2135 -1,
2136 2137 2138 -1,
2139 2140 2141 -1,
2142 2143 2144 -1,
2145 2146 2147 -1,
2148 2149 2150 -1,
2151 2152 2153 -1,
2154 2155 2156 -1,
2157 2158 2159 -1,
2160 2161 2162 -1,
2163 2164 2165 -1,
2166 2167 2168 -1,
2169 2170 2171 -1,
2172 2173 2174 -1,
2175 2176 2177 -1,
2178 2179 2180 -1,
2181 2182 2183 -1,
2184 2185 2186 -1,
2187 2188 2189 -1,
2190 2191 2192 -1,
2193 2194 2195 -1,
2196 2197 2198 -1,
2199 2200 2201 -1,
2202 2203 2204 -1,
2205 2206 2207 -1,
2208 2209 2210 -1,
2211 2212 2213 -1,
2214 2215 2216 -1,
2217 2218 2219 -1,
2220 2221 2222 -1,
2223 2224 2225 -1,
2226 2227 2228 -1,
2229 2230 2231 -1,
2232 2233 2234 -1,
2235 2236 2237 -1,
2238 2239 2240 -1,
2241 2242 2243 -1,
2244 2245 2246 -1,
2247 2248 2249 -1,
2250 2251 2252 -1,
2253 2254 2255 -1,
2256 2257 2258 -1,
2259 2260 2261 -1,
2262 2263 2264 -1,
2265 2266 2267 -1,
2268 2269 2270 -1,
2271 2272 2273 -1,
2274 2275 2276 -1,
2277 2278 2279 -1,
2280 2281 2282 -1,
2283 2284 2285 -1,
2286 2287 2288 -1,
2289 2290 2291 -1,
2292 2293 2294 -1,
2295 2296 2297 -1,
2298 2299 2300 -1,
2301 2302 2303 -1,
2304 2305 2306 -1,
2307 2308 2309 -1,
2310 2311 2312 -1,
2313 2314 2315 -1,
2316 2317 2318 -1,
2319 2320 2321 -1,
2322 2323 2324 -1,
2325 2326 2327 -1,
2328 2329 2330 -1,
2331 2332 2333 -1,
2334 2335 2336 -1,
2337 2338 2339 -1,
2340 2341 2342 -1,
2343 2344 2345 -1,
2346 2347 2348 -1,
2349 2350 2351 -1,
2352 2353 2354 -1,
2355 2356 2357 -1,
2358 2359 2360 -1,
2361 2362 2363 -1,
2364 2365 2366 -1,
2367 2368 2369 -1,
2370 2371 2372 -1,
2373 2374 2375 -1,
2376 2377 2378 -1,
2379 2380 2381 -1,
2382 2383 2384 -1,
2385 2386 2387 -1,
2388 2389 2390 -1,
2391 2392 2393 -1,
2394 2395 2396 -1,
2397 2398 2399 -1,
2400 2401 2402 -1,
2403 2404 2405 -1,
2406 2407 2408 -1,
2409 2410 2411 -1,
2412 2413 2414 -1,
2415 2416 2417 -1,
2418 2419 2420 -1,
2421 2422 2423 -1,
2424 2425 2426 -1,
2427 2428 2429 -1,
2430 2431 2432 -1,
2433 2434 2435 -1,
2436 2437 2438 -1,
2439 2440 2441 -1,
2442 2443 2444 -1,
2445 2446 2447 -1,
2448 2449 2450 -1,
2451 2452 2453 -1,
2454 2455 2456 -1,
2457 2458 2459 -1,
2460 2461 2462 -1,
2463 2464 2465 -1,
2466 2467 2468 -1,
2469 2470 2471 -1,
2472 2473 2474 -1,
2475 2476 2477 -1,
2478 2479 2480 -1,
2481 2482 2483 -1,
2484 2485 2486 -1,
2487 2488 2489 -1,
2490 2491 2492 -1,
2493 2494 2495 -1,
2496 2497 2498 -1,
2499 2500 2501 -1,
2502 2503 2504 -1,
2505 2506 2507 -1,
2508 2509 2510 -1,
2511 2512 2513 -1,
2514 2515 2516 -1,
2517 2518 2519 -1,
2520 2521 2522 -1,
2523 2524 2525 -1,
2526 2527 2528 -1,
2529 2530 2531 -1,
2532 2533 2534 -1,
2535 2536 2537 -1,
2538 2539 2540 -1,
2541 2542 2543 -1,
2544 2545 2546 -1,
2547 2548 2549 -1,
2550 2551 2552 -1,
2553 2554 2555 -1,
2556 2557 2558 -1,
2559 2560 2561 -1,
2562 2563 2564 -1,
2565 2566 2567 -1,
2568 2569 2570 -1,
2571 2572 2573 -1,
2574 2575 2576 -1,
2577 2578 2579 -1,
2580 2581 2582 -1,
2583 2584 2585 -1,
2586 2587 2588 -1,
2589 2590 2591 -1,
2592 2593 2594 -1,
2595 2596 2597 -1,
2598 2599 2600 -1,
2601 2602 2603 -1,
2604 2605 2606 -1,
2607 2608 2609 -1,
2610 2611 2612 -1,
2613 2614 2615 -1,
2616 2617 2618 -1,
2619 2620 2621 -1,
2622 2623 2624 -1,
2625 2626 2627 -1,
2628 2629 2630 -1,
2631 2632 2633 -1,
2634 2635 2636 -1,
2637 2638 2639 -1,
2640 2641 2642 -1,
2643 2644 2645 -1,
2646 2647 2648 -1,
2649 2650 2651 -1,
2652 2653 2654 -1,
2655 2656 2657 -1,
2658 2659 2660 -1,
2661 2662 2663 -1,
2664 2665 2666 -1,
2667 2668 2669 -1,
2670 2671 2672 -1,
2673 2674 2675 -1,
2676 2677 2678 -1,
2679 2680 2681 -1,
2682 2683 2684 -1,
2685 2686 2687 -1,
2688 2689 2690 -1,
2691 2692 2693 -1,
2694 2695 2696 -1,
2697 2698 2699 -1,
2700 2701 2702 -1,
2703 2704 2705 -1,
2706 2707 2708 -1,
2709 2710 2711 -1,
2712 2713 2714 -1,
2715 2716 2717 -1,
2718 2719 2720 -1,
2721 2722 2723 -1,
2724 2725 2726 -1,
2727 2728 2729 -1,
2730 2731 2732 -1,
2733 2734 2735 -1,
2736 2737 2738 -1,
2739 2740 2741 -1,
2742 2743 2744 -1,
2745 2746 2747 -1,
2748 2749 2750 -1,
2751 2752 2753 -1,
2754 2755 2756 -1,
2757 2758 2759 -1,
2760 2761 2762 -1,
2763 2764 2765 -1,
2766 2767 2768 -1,
2769 2770 2771 -1,
2772 2773 2774 -1,
2775 2776 2777 -1,
2778 2779 2780 -1,
2781 2782 2783 -1,
2784 2785 2786 -1,
2787 2788 2789 -1,
2790 2791 2792 -1,
2793 2794 2795 -1,
2796 2797 2798 -1,
2799 2800 2801 -1,
2802 2803 2804 -1,
2805 2806 2807 -1,
2808 2809 2810 -1,
2811 2812 2813 -1,
2814 2815 2816 -1,
2817 2818 2819 -1,
2820 2821 2822 -1,
2823 2824 2825 -1,
2826 2827 2828 -1,
2829 2830 2831 -1,
2832 2833 2834 -1,
2835 2836 2837 -1,
2838 2839 2840 -1,
2841 2842 2843 -1,
2844 2845 2846 -1,
2847 2848 2849 -1,
2850 2851 2852 -1,
2853 2854 2855 -1,
2856 2857 2858 -1,
2859 2860 2861 -1,
2862 2863 2864 -1,
2865 2866 2867 -1,
2868 2869 2870 -1,
2871 2872 2873 -1,
2874 2875 2876 -1,
2877 2878 2879 -1,
2880 2881 2882 -1,
2883 2884 2885 -1,
2886 2887 2888 -1,
2889 2890 2891 -1,
2892 2893 2894 -1,
2895 2896 2897 -1,
2898 2899 2900 -1,
2901 2902 2903 -1,
2904 2905 2906 -1,
2907 2908 2909 -1,
2910 2911 2912 -1,
2913 2914 2915 -1,
2916 2917 2918 -1,
2919 2920 2921 -1,
2922 2923 2924 -1,
2925 2926 2927 -1,
2928 2929 2930 -1,
2931 2932 2933 -1,
2934 2935 2936 -1,
2937 2938 2939 -1,
2940 2941 2942 -1,
2943 2944 2945 -1,
2946 2947 2948 -1,
2949 2950 2951 -1,
2952 2953 2954 -1,
2955 2956 2957 -1,
2958 2959 2960 -1,
2961 2962 2963 -1,
2964 2965 2966 -1,
2967 2968 2969 -1,
2970 2971 2972 -1,
2973 2974 2975 -1,
2976 2977 2978 -1,
2979 2980 2981 -1,
2982 2983 2984 -1,
2985 2986 2987 -1,
2988 2989 2990 -1,
2991 2992 2993 -1,
2994 2995 2996 -1,
2997 2998 2999 -1,
3000 3001 3002 -1,
3003 3004 3005 -1,
3006 3007 3008 -1,
3009 3010 3011 -1,
3012 3013 3014 -1,
3015 3016 3017 -1,
3018 3019 3020 -1,
3021 3022 3023 -1,
3024 3025 3026 -1,
3027 3028 3029 -1,
3030 3031 3032 -1,
3033 3034 3035 -1,
3036 3037 3038 -1,
3039 3040 3041 -1,
3042 3043 3044 -1,
3045 3046 3047 -1,
3048 3049 3050 -1,
3051 3052 3053 -1,
3054 3055 3056 -1,
3057 3058 3059 -1,
3060 3061 3062 -1,
3063 3064 3065 -1,
3066 3067 3068 -1,
3069 3070 3071 -1,
3072 3073 3074 -1,
3075 3076 3077 -1,
3078 3079 3080 -1,
3081 3082 3083 -1,
3084 3085 3086 -1,
3087 3088 3089 -1,
3090 3091 3092 -1,
3093 3094 3095 -1,
3096 3097 3098 -1,
3099 3100 3101 -1,
3102 3103 3104 -1,
3105 3106 3107 -1,
3108 3109 3110 -1,
3111 3112 3113 -1,
3114 3115 3116 -1,
3117 3118 3119 -1,
3120 3121 3122 -1,
3123 3124 3125 -1,
3126 3127 3128 -1,
3129 3130 3131 -1,
3132 3133 3134 -1,
3135 3136 3137 -1,
3138 3139 3140 -1,
3141 3142 3143 -1,
3144 3145 3146 -1,
3147 3148 3149 -1,
3150 3151 3152 -1,
3153 3154 3155 -1,
3156 3157 3158 -1,
3159 3160 3161 -1,
3162 3163 3164 -1,
3165 3166 3167 -1,
3168 3169 3170 -1,
3171 3172 3173 -1,
3174 3175 3176 -1,
3177 3178 3179 -1,
3180 3181 3182 -1,
3183 3184 3185 -1,
3186 3187 3188 -1,
3189 3190 3191 -1,
3192 3193 3194 -1,
3195 3196 3197 -1,
3198 3199 3200 -1,
3201 3202 3203 -1,
3204 3205 3206 -1,
3207 3208 3209 -1,
3210 3211 3212 -1,
3213 3214 3215 -1,
3216 3217 3218 -1,
3219 3220 3221 -1,
3222 3223 3224 -1,
3225 3226 3227 -1,
3228 3229 3230 -1,
3231 3232 3233 -1,
3234 3235 3236 -1,
3237 3238 3239 -1,
3240 3241 3242 -1,
3243 3244 3245 -1,
3246 3247 3248 -1,
3249 3250 3251 -1,
3252 3253 3254 -1,
3255 3256 3257 -1,
3258 3259 3260 -1,
3261 3262 3263 -1,
3264 3265 3266 -1,
3267 3268 3269 -1,
3270 3271 3272 -1,
3273 3274 3275 -1,
3276 3277 3278 -1,
3279 3280 3281 -1,
3282 3283 3284 -1,
3285 3286 3287 -1,
3288 3289 3290 -1,
3291 3292 3293 -1,
3294 3295 3296 -1,
3297 3298 3299 -1,
3300 3301 3302 -1,
3303 3304 3305 -1,
3306 3307 3308 -1,
3309 3310 3311 -1,
3312 3313 3314 -1,
3315 3316 3317 -1,
3318 3319 3320 -1,
3321 3322 3323 -1,
3324 3325 3326 -1,
3327 3328 3329 -1,
3330 3331 3332 -1,
3333 3334 3335 -1,
3336 3337 3338 -1,
3339 3340 3341 -1,
3342 3343 3344 -1,
3345 3346 3347 -1,
3348 3349 3350 -1,
3351 3352 3353 -1,
3354 3355 3356 -1,
3357 3358 3359 -1,
3360 3361 3362 -1,
3363 3364 3365 -1,
3366 3367 3368 -1,
3369 3370 3371 -1,
3372 3373 3374 -1,
3375 3376 3377 -1,
3378 3379 3380 -1,
3381 3382 3383 -1,
3384 3385 3386 -1,
3387 3388 3389 -1,
3390 3391 3392 -1,
3393 3394 3395 -1,
3396 3397 3398 -1,
3399 3400 3401 -1,
3402 3403 3404 -1,
3405 3406 3407 -1,
3408 3409 3410 -1,
3411 3412 3413 -1,
3414 3415 3416 -1,
3417 3418 3419 -1,
3420 3421 3422 -1,
3423 3424 3425 -1,
3426 3427 3428 -1,
3429 3430 3431 -1,
3432 3433 3434 -1,
3435 3436 3437 -1,
3438 3439 3440 -1,
3441 3442 3443 -1,
3444 3445 3446 -1,
3447 3448 3449 -1,
3450 3451 3452 -1,
3453 3454 3455 -1,
3456 3457 3458 -1,
3459 3460 3461 -1,
3462 3463 3464 -1,
3465 3466 3467 -1,
3468 3469 3470 -1,
3471 3472 3473 -1,
3474 3475 3476 -1,
3477 3478 3479 -1,
3480 3481 3482 -1,
3483 3484 3485 -1,
3486 3487 3488 -1,
3489 3490 3491 -1,
3492 3493 3494 -1,
3495 3496 3497 -1,
 ] 
 }
}
