#VRML V2.0 utf8

Viewpoint {
 position 0 0 85.00107574
 orientation 1 0 0 0
 description "Z view"
 fieldOfView 0.800655
}
DirectionalLight {
 direction -0.348155 -0.348155   -0.870
}
NavigationInfo {
 headlight TRUE
 type "EXAMINE"
}
Shape {
 appearance Appearance {
  material Material { diffuseColor 1.0 1.0 1.0 }
 }
 geometry IndexedFaceSet {
  coord Coordinate {
   point [
-4.277932 -4.037102 4.983063,
-3.998592 -5.056341 5.400757,
-3.827511 -4.608619 5.219551,
-3.235374 -3.722019 4.369942,
-4.277932 -4.037102 4.983063,
-3.827511 -4.608619 5.219551,
-2.898921 -4.220588 5.245132,
-3.235374 -3.722019 4.369942,
-3.827511 -4.608619 5.219551,
-2.701892 -4.662940 5.649193,
-2.898921 -4.220588 5.245132,
-3.827511 -4.608619 5.219551,
-3.998592 -5.056341 5.400757,
-2.701892 -4.662940 5.649193,
-3.827511 -4.608619 5.219551,
-2.990777 -5.418955 5.955177,
-2.701892 -4.662940 5.649193,
-3.998592 -5.056341 5.400757,
-3.497391 -5.786791 5.879021,
-2.990777 -5.418955 5.955177,
-3.998592 -5.056341 5.400757,
-2.849935 -6.018588 6.045113,
-2.990777 -5.418955 5.955177,
-3.497391 -5.786791 5.879021,
-3.262457 -6.353296 6.011299,
-2.849935 -6.018588 6.045113,
-3.497391 -5.786791 5.879021,
-1.903881 -5.365381 5.890358,
-2.701892 -4.662940 5.649193,
-2.990777 -5.418955 5.955177,
-2.849935 -6.018588 6.045113,
-1.903881 -5.365381 5.890358,
-2.990777 -5.418955 5.955177,
-1.923565 -6.726539 6.004692,
-1.903881 -5.365381 5.890358,
-2.849935 -6.018588 6.045113,
-1.517285 -5.756540 5.857170,
-1.903881 -5.365381 5.890358,
-1.923565 -6.726539 6.004692,
-1.346942 -6.884470 5.814461,
-1.517285 -5.756540 5.857170,
-1.923565 -6.726539 6.004692,
-1.891863 -7.390869 6.219284,
-1.346942 -6.884470 5.814461,
-1.923565 -6.726539 6.004692,
-2.580036 -7.599652 6.087440,
-1.891863 -7.390869 6.219284,
-1.923565 -6.726539 6.004692,
-2.700754 -8.344446 6.214500,
-1.891863 -7.390869 6.219284,
-2.580036 -7.599652 6.087440,
-3.180999 -7.952098 5.700562,
-2.700754 -8.344446 6.214500,
-2.580036 -7.599652 6.087440,
-2.915926 -8.891060 5.803635,
-2.700754 -8.344446 6.214500,
-3.180999 -7.952098 5.700562,
-3.289864 -8.653419 5.179832,
-2.915926 -8.891060 5.803635,
-3.180999 -7.952098 5.700562,
-3.766229 -8.067583 5.056084,
-3.289864 -8.653419 5.179832,
-3.180999 -7.952098 5.700562,
-3.847717 -7.481383 5.443459,
-3.766229 -8.067583 5.056084,
-3.180999 -7.952098 5.700562,
-4.536821 -7.659852 4.731567,
-3.766229 -8.067583 5.056084,
-3.847717 -7.481383 5.443459,
-4.303275 -8.381974 4.568596,
-3.766229 -8.067583 5.056084,
-4.536821 -7.659852 4.731567,
-5.188983 -7.706429 4.218727,
-4.303275 -8.381974 4.568596,
-4.536821 -7.659852 4.731567,
-4.911016 -7.236128 4.459435,
-5.188983 -7.706429 4.218727,
-4.536821 -7.659852 4.731567,
-4.690620 -6.479240 5.054314,
-4.911016 -7.236128 4.459435,
-4.536821 -7.659852 4.731567,
-4.280782 -6.512012 5.421082,
-4.690620 -6.479240 5.054314,
-4.536821 -7.659852 4.731567,
-3.847717 -7.481383 5.443459,
-4.280782 -6.512012 5.421082,
-4.536821 -7.659852 4.731567,
-5.174576 -6.062663 4.221573,
-4.911016 -7.236128 4.459435,
-4.690620 -6.479240 5.054314,
-5.085173 -5.368556 4.741478,
-5.174576 -6.062663 4.221573,
-4.690620 -6.479240 5.054314,
-4.280782 -6.512012 5.421082,
-5.085173 -5.368556 4.741478,
-4.690620 -6.479240 5.054314,
-5.328681 -5.762382 3.601830,
-5.174576 -6.062663 4.221573,
-5.085173 -5.368556 4.741478,
-5.635577 -6.364830 3.324821,
-5.174576 -6.062663 4.221573,
-5.328681 -5.762382 3.601830,
-5.221883 -5.359578 2.772110,
-5.635577 -6.364830 3.324821,
-5.328681 -5.762382 3.601830,
-4.873918 -4.572260 3.120148,
-5.221883 -5.359578 2.772110,
-5.328681 -5.762382 3.601830,
-5.079263 -5.398877 2.241379,
-5.221883 -5.359578 2.772110,
-4.873918 -4.572260 3.120148,
-4.511734 -4.560034 1.922035,
-5.079263 -5.398877 2.241379,
-4.873918 -4.572260 3.120148,
-4.439250 -4.930072 1.420593,
-5.079263 -5.398877 2.241379,
-4.511734 -4.560034 1.922035,
-4.009311 -4.490077 1.455643,
-4.439250 -4.930072 1.420593,
-4.511734 -4.560034 1.922035,
-4.045709 -4.143110 1.839851,
-4.009311 -4.490077 1.455643,
-4.511734 -4.560034 1.922035,
-4.723651 -5.892410 1.339867,
-5.079263 -5.398877 2.241379,
-4.439250 -4.930072 1.420593,
-4.372243 -6.171186 0.982841,
-4.723651 -5.892410 1.339867,
-4.439250 -4.930072 1.420593,
-3.615510 -5.600088 0.542831,
-4.372243 -6.171186 0.982841,
-4.439250 -4.930072 1.420593,
-3.299958 -5.061916 0.635338,
-3.615510 -5.600088 0.542831,
-4.439250 -4.930072 1.420593,
-4.009311 -4.490077 1.455643,
-3.299958 -5.061916 0.635338,
-4.439250 -4.930072 1.420593,
-3.007277 -4.190209 1.216034,
-3.299958 -5.061916 0.635338,
-4.009311 -4.490077 1.455643,
-4.045709 -4.143110 1.839851,
-3.007277 -4.190209 1.216034,
-4.009311 -4.490077 1.455643,
-2.903814 -3.838690 1.578186,
-3.007277 -4.190209 1.216034,
-4.045709 -4.143110 1.839851,
-3.551053 -3.635958 2.336594,
-2.903814 -3.838690 1.578186,
-4.045709 -4.143110 1.839851,
-3.013964 -3.484492 2.454254,
-2.903814 -3.838690 1.578186,
-3.551053 -3.635958 2.336594,
-3.486977 -3.509390 2.951111,
-3.013964 -3.484492 2.454254,
-3.551053 -3.635958 2.336594,
-4.045709 -4.143110 1.839851,
-3.486977 -3.509390 2.951111,
-3.551053 -3.635958 2.336594,
-2.254217 -3.337371 3.574226,
-3.013964 -3.484492 2.454254,
-3.486977 -3.509390 2.951111,
-3.616857 -3.669178 3.917000,
-2.254217 -3.337371 3.574226,
-3.486977 -3.509390 2.951111,
-4.438680 -4.110701 3.375496,
-3.616857 -3.669178 3.917000,
-3.486977 -3.509390 2.951111,
-4.645361 -4.217559 4.275642,
-3.616857 -3.669178 3.917000,
-4.438680 -4.110701 3.375496,
-1.574213 -3.507224 2.592735,
-3.013964 -3.484492 2.454254,
-2.254217 -3.337371 3.574226,
-1.766782 -3.400957 3.429558,
-1.574213 -3.507224 2.592735,
-2.254217 -3.337371 3.574226,
-1.629453 -3.572356 3.899757,
-1.766782 -3.400957 3.429558,
-2.254217 -3.337371 3.574226,
-2.186681 -3.511662 4.173126,
-1.629453 -3.572356 3.899757,
-2.254217 -3.337371 3.574226,
-0.853174 -3.842276 3.505363,
-1.574213 -3.507224 2.592735,
-1.766782 -3.400957 3.429558,
-1.629453 -3.572356 3.899757,
-0.853174 -3.842276 3.505363,
-1.766782 -3.400957 3.429558,
-0.864546 -4.250955 4.576134,
-0.853174 -3.842276 3.505363,
-1.629453 -3.572356 3.899757,
-0.402888 -4.255323 3.612381,
-0.853174 -3.842276 3.505363,
-0.864546 -4.250955 4.576134,
0.043201 -3.974572 2.747810,
-0.853174 -3.842276 3.505363,
-0.402888 -4.255323 3.612381,
0.263002 -4.796947 2.902824,
0.043201 -3.974572 2.747810,
-0.402888 -4.255323 3.612381,
0.110147 -5.067881 3.840134,
0.263002 -4.796947 2.902824,
-0.402888 -4.255323 3.612381,
-0.864546 -4.250955 4.576134,
0.110147 -5.067881 3.840134,
-0.402888 -4.255323 3.612381,
-0.799030 -4.766691 5.024406,
0.110147 -5.067881 3.840134,
-0.864546 -4.250955 4.576134,
-1.220306 -4.386173 5.079033,
-0.799030 -4.766691 5.024406,
-0.864546 -4.250955 4.576134,
-1.629453 -3.572356 3.899757,
-1.220306 -4.386173 5.079033,
-0.864546 -4.250955 4.576134,
-2.354597 -3.977403 5.049706,
-1.220306 -4.386173 5.079033,
-1.629453 -3.572356 3.899757,
-2.186681 -3.511662 4.173126,
-2.354597 -3.977403 5.049706,
-1.629453 -3.572356 3.899757,
-2.221348 -4.373567 5.379326,
-1.220306 -4.386173 5.079033,
-2.354597 -3.977403 5.049706,
-1.348332 -5.209981 5.662239,
-1.220306 -4.386173 5.079033,
-2.221348 -4.373567 5.379326,
-0.799030 -4.766691 5.024406,
-1.220306 -4.386173 5.079033,
-1.348332 -5.209981 5.662239,
-0.382902 -5.759154 5.181175,
-0.799030 -4.766691 5.024406,
-1.348332 -5.209981 5.662239,
-0.644693 -6.262003 5.449928,
-0.382902 -5.759154 5.181175,
-1.348332 -5.209981 5.662239,
-0.310666 -6.540747 5.076569,
-0.382902 -5.759154 5.181175,
-0.644693 -6.262003 5.449928,
-0.076515 -6.008364 4.854698,
-0.382902 -5.759154 5.181175,
-0.310666 -6.540747 5.076569,
-0.076515 -6.008364 4.854698,
-0.799030 -4.766691 5.024406,
-0.382902 -5.759154 5.181175,
0.110147 -5.067881 3.840134,
-0.799030 -4.766691 5.024406,
-0.076515 -6.008364 4.854698,
0.221039 -5.606797 4.148407,
0.110147 -5.067881 3.840134,
-0.076515 -6.008364 4.854698,
0.248887 -6.693905 4.072029,
0.221039 -5.606797 4.148407,
-0.076515 -6.008364 4.854698,
-0.310666 -6.540747 5.076569,
0.248887 -6.693905 4.072029,
-0.076515 -6.008364 4.854698,
-0.457440 -7.649750 4.745583,
0.248887 -6.693905 4.072029,
-0.310666 -6.540747 5.076569,
0.120069 -7.218892 3.965469,
0.248887 -6.693905 4.072029,
-0.457440 -7.649750 4.745583,
-0.509757 -8.104039 4.316040,
0.120069 -7.218892 3.965469,
-0.457440 -7.649750 4.745583,
-0.640529 -8.408680 4.885887,
-0.509757 -8.104039 4.316040,
-0.457440 -7.649750 4.745583,
-0.820755 -7.956055 5.642982,
-0.640529 -8.408680 4.885887,
-0.457440 -7.649750 4.745583,
-1.058515 -8.837227 4.466141,
-0.509757 -8.104039 4.316040,
-0.640529 -8.408680 4.885887,
-0.272148 -8.115311 3.298279,
0.120069 -7.218892 3.965469,
-0.509757 -8.104039 4.316040,
-0.610131 -8.510651 3.185036,
-0.272148 -8.115311 3.298279,
-0.509757 -8.104039 4.316040,
-1.058515 -8.837227 4.466141,
-0.610131 -8.510651 3.185036,
-0.509757 -8.104039 4.316040,
-1.518633 -8.940370 3.545097,
-0.610131 -8.510651 3.185036,
-1.058515 -8.837227 4.466141,
-1.850603 -9.077537 4.314384,
-1.518633 -8.940370 3.545097,
-1.058515 -8.837227 4.466141,
-2.121557 -9.537186 4.957169,
-1.850603 -9.077537 4.314384,
-1.058515 -8.837227 4.466141,
-0.997854 -9.808813 5.393921,
-2.121557 -9.537186 4.957169,
-1.058515 -8.837227 4.466141,
-0.577395 -9.377733 5.816154,
-0.997854 -9.808813 5.393921,
-1.058515 -8.837227 4.466141,
-0.640529 -8.408680 4.885887,
-0.577395 -9.377733 5.816154,
-1.058515 -8.837227 4.466141,
-0.820755 -7.956055 5.642982,
-0.577395 -9.377733 5.816154,
-0.640529 -8.408680 4.885887,
-0.589320 -8.890249 6.366707,
-0.577395 -9.377733 5.816154,
-0.820755 -7.956055 5.642982,
-1.029073 -8.532562 6.835297,
-0.589320 -8.890249 6.366707,
-0.820755 -7.956055 5.642982,
-1.127143 -7.706845 5.969460,
-1.029073 -8.532562 6.835297,
-0.820755 -7.956055 5.642982,
-0.842241 -9.231580 6.967056,
-0.589320 -8.890249 6.366707,
-1.029073 -8.532562 6.835297,
-1.345825 -8.927087 7.243950,
-0.842241 -9.231580 6.967056,
-1.029073 -8.532562 6.835297,
-1.728683 -8.441298 7.042938,
-1.345825 -8.927087 7.243950,
-1.029073 -8.532562 6.835297,
-1.974234 -9.083910 7.303024,
-1.345825 -8.927087 7.243950,
-1.728683 -8.441298 7.042938,
-2.420923 -8.651315 6.910316,
-1.974234 -9.083910 7.303024,
-1.728683 -8.441298 7.042938,
-2.523537 -9.284390 7.018318,
-1.974234 -9.083910 7.303024,
-2.420923 -8.651315 6.910316,
-2.841383 -9.082394 6.488083,
-2.523537 -9.284390 7.018318,
-2.420923 -8.651315 6.910316,
-2.654550 -9.781412 6.619843,
-2.523537 -9.284390 7.018318,
-2.841383 -9.082394 6.488083,
-2.829458 -9.569878 5.937523,
-2.654550 -9.781412 6.619843,
-2.841383 -9.082394 6.488083,
-2.503249 -10.113748 6.081657,
-2.654550 -9.781412 6.619843,
-2.829458 -9.569878 5.937523,
-2.389703 -9.927566 5.468933,
-2.503249 -10.113748 6.081657,
-2.829458 -9.569878 5.937523,
-2.835507 -9.377372 5.207741,
-2.389703 -9.927566 5.468933,
-2.829458 -9.569878 5.937523,
-1.943015 -10.360161 5.861641,
-2.503249 -10.113748 6.081657,
-2.389703 -9.927566 5.468933,
-1.690094 -10.018830 5.261299,
-1.943015 -10.360161 5.861641,
-2.389703 -9.927566 5.468933,
-1.312998 -10.269016 5.728401,
-1.943015 -10.360161 5.861641,
-1.690094 -10.018830 5.261299,
-1.407089 -10.361098 6.365303,
-1.943015 -10.360161 5.861641,
-1.312998 -10.269016 5.728401,
-0.822946 -10.020347 6.076233,
-1.407089 -10.361098 6.365303,
-1.312998 -10.269016 5.728401,
-0.986631 -9.930019 6.787537,
-1.407089 -10.361098 6.365303,
-0.822946 -10.020347 6.076233,
-0.597673 -9.535620 6.446739,
-0.986631 -9.930019 6.787537,
-0.822946 -10.020347 6.076233,
-1.591476 -10.115341 6.938530,
-1.407089 -10.361098 6.365303,
-0.986631 -9.930019 6.787537,
-1.426384 -9.572331 7.256126,
-1.591476 -10.115341 6.938530,
-0.986631 -9.930019 6.787537,
-2.118624 -9.782349 7.123497,
-1.591476 -10.115341 6.938530,
-1.426384 -9.572331 7.256126,
-2.106699 -10.269833 6.572945,
-1.591476 -10.115341 6.938530,
-2.118624 -9.782349 7.123497,
-1.407089 -10.361098 6.365303,
-1.591476 -10.115341 6.938530,
-2.106699 -10.269833 6.572945,
-1.943015 -10.360161 5.861641,
-1.407089 -10.361098 6.365303,
-2.106699 -10.269833 6.572945,
-2.503249 -10.113748 6.081657,
-1.943015 -10.360161 5.861641,
-2.106699 -10.269833 6.572945,
-2.654550 -9.781412 6.619843,
-2.503249 -10.113748 6.081657,
-2.106699 -10.269833 6.572945,
-2.118624 -9.782349 7.123497,
-2.654550 -9.781412 6.619843,
-2.106699 -10.269833 6.572945,
-2.523537 -9.284390 7.018318,
-2.654550 -9.781412 6.619843,
-2.118624 -9.782349 7.123497,
-1.974234 -9.083910 7.303024,
-2.523537 -9.284390 7.018318,
-2.118624 -9.782349 7.123497,
-1.426384 -9.572331 7.256126,
-1.974234 -9.083910 7.303024,
-2.118624 -9.782349 7.123497,
-1.345825 -8.927087 7.243950,
-1.974234 -9.083910 7.303024,
-1.426384 -9.572331 7.256126,
-0.842241 -9.231580 6.967056,
-1.345825 -8.927087 7.243950,
-1.426384 -9.572331 7.256126,
-0.986631 -9.930019 6.787537,
-0.842241 -9.231580 6.967056,
-1.426384 -9.572331 7.256126,
-0.597673 -9.535620 6.446739,
-0.842241 -9.231580 6.967056,
-0.986631 -9.930019 6.787537,
-0.589320 -8.890249 6.366707,
-0.842241 -9.231580 6.967056,
-0.597673 -9.535620 6.446739,
-0.577395 -9.377733 5.816154,
-0.589320 -8.890249 6.366707,
-0.597673 -9.535620 6.446739,
-0.822946 -10.020347 6.076233,
-0.577395 -9.377733 5.816154,
-0.597673 -9.535620 6.446739,
-0.997854 -9.808813 5.393921,
-0.577395 -9.377733 5.816154,
-0.822946 -10.020347 6.076233,
-1.312998 -10.269016 5.728401,
-0.997854 -9.808813 5.393921,
-0.822946 -10.020347 6.076233,
-1.690094 -10.018830 5.261299,
-0.997854 -9.808813 5.393921,
-1.312998 -10.269016 5.728401,
-1.690094 -10.018830 5.261299,
-2.121557 -9.537186 4.957169,
-0.997854 -9.808813 5.393921,
-2.389703 -9.927566 5.468933,
-2.121557 -9.537186 4.957169,
-1.690094 -10.018830 5.261299,
-2.835507 -9.377372 5.207741,
-2.121557 -9.537186 4.957169,
-2.389703 -9.927566 5.468933,
-2.651927 -9.257019 4.620201,
-2.121557 -9.537186 4.957169,
-2.835507 -9.377372 5.207741,
-3.302032 -9.193742 4.629761,
-2.651927 -9.257019 4.620201,
-2.835507 -9.377372 5.207741,
-3.282430 -9.255918 4.027657,
-2.651927 -9.257019 4.620201,
-3.302032 -9.193742 4.629761,
-3.908179 -9.375496 4.199654,
-3.282430 -9.255918 4.027657,
-3.302032 -9.193742 4.629761,
-3.826910 -8.967810 4.692337,
-3.908179 -9.375496 4.199654,
-3.302032 -9.193742 4.629761,
-4.446269 -9.327449 4.298897,
-3.908179 -9.375496 4.199654,
-3.826910 -8.967810 4.692337,
-4.641151 -10.027817 3.746628,
-3.908179 -9.375496 4.199654,
-4.446269 -9.327449 4.298897,
-5.394218 -9.552113 4.010864,
-4.641151 -10.027817 3.746628,
-4.446269 -9.327449 4.298897,
-5.187949 -8.554342 4.267326,
-5.394218 -9.552113 4.010864,
-4.446269 -9.327449 4.298897,
-5.972664 -8.840742 3.860603,
-5.394218 -9.552113 4.010864,
-5.187949 -8.554342 4.267326,
-5.680557 -7.807838 3.749214,
-5.972664 -8.840742 3.860603,
-5.187949 -8.554342 4.267326,
-6.426729 -8.552176 3.103127,
-5.972664 -8.840742 3.860603,
-5.680557 -7.807838 3.749214,
-6.075943 -7.634158 2.731575,
-6.426729 -8.552176 3.103127,
-5.680557 -7.807838 3.749214,
-5.540335 -6.998219 3.517639,
-6.075943 -7.634158 2.731575,
-5.680557 -7.807838 3.749214,
-5.660273 -7.050478 2.100121,
-6.075943 -7.634158 2.731575,
-5.540335 -6.998219 3.517639,
-5.842108 -7.763197 1.715431,
-6.075943 -7.634158 2.731575,
-5.660273 -7.050478 2.100121,
-5.058565 -7.471870 1.403870,
-5.842108 -7.763197 1.715431,
-5.660273 -7.050478 2.100121,
-4.927742 -6.618418 1.656677,
-5.058565 -7.471870 1.403870,
-5.660273 -7.050478 2.100121,
-4.332291 -7.102747 1.022179,
-5.058565 -7.471870 1.403870,
-4.927742 -6.618418 1.656677,
-4.320065 -8.118931 0.799553,
-5.058565 -7.471870 1.403870,
-4.332291 -7.102747 1.022179,
-3.371276 -7.959513 0.939911,
-4.320065 -8.118931 0.799553,
-4.332291 -7.102747 1.022179,
-3.151886 -7.134983 0.515388,
-3.371276 -7.959513 0.939911,
-4.332291 -7.102747 1.022179,
-3.543028 -6.687272 0.508400,
-3.151886 -7.134983 0.515388,
-4.332291 -7.102747 1.022179,
-2.475825 -7.864683 0.749687,
-3.371276 -7.959513 0.939911,
-3.151886 -7.134983 0.515388,
-2.028398 -6.814009 0.371132,
-2.475825 -7.864683 0.749687,
-3.151886 -7.134983 0.515388,
-2.182293 -6.277587 0.253586,
-2.028398 -6.814009 0.371132,
-3.151886 -7.134983 0.515388,
-3.543028 -6.687272 0.508400,
-2.182293 -6.277587 0.253586,
-3.151886 -7.134983 0.515388,
-3.121338 -5.688636 0.411377,
-2.182293 -6.277587 0.253586,
-3.543028 -6.687272 0.508400,
-2.087519 -5.518475 0.239265,
-2.182293 -6.277587 0.253586,
-3.121338 -5.688636 0.411377,
-2.334599 -4.982099 0.476974,
-2.087519 -5.518475 0.239265,
-3.121338 -5.688636 0.411377,
-1.647373 -4.581214 0.136894,
-2.087519 -5.518475 0.239265,
-2.334599 -4.982099 0.476974,
-2.051052 -3.911487 1.124176,
-1.647373 -4.581214 0.136894,
-2.334599 -4.982099 0.476974,
-1.538619 -3.647105 0.183830,
-1.647373 -4.581214 0.136894,
-2.051052 -3.911487 1.124176,
-1.593454 -3.447488 0.723236,
-1.538619 -3.647105 0.183830,
-2.051052 -3.911487 1.124176,
-1.654366 -3.403108 1.297829,
-1.593454 -3.447488 0.723236,
-2.051052 -3.911487 1.124176,
-1.856331 -3.509005 2.144478,
-1.654366 -3.403108 1.297829,
-2.051052 -3.911487 1.124176,
-0.995927 -3.102868 1.768753,
-1.654366 -3.403108 1.297829,
-1.856331 -3.509005 2.144478,
-1.201655 -2.922052 0.738029,
-1.654366 -3.403108 1.297829,
-0.995927 -3.102868 1.768753,
-0.468637 -2.550092 1.258324,
-1.201655 -2.922052 0.738029,
-0.995927 -3.102868 1.768753,
0.095420 -2.924322 1.957016,
-0.468637 -2.550092 1.258324,
-0.995927 -3.102868 1.768753,
-0.317009 -3.406776 2.508713,
0.095420 -2.924322 1.957016,
-0.995927 -3.102868 1.768753,
0.668099 -3.650965 2.257698,
0.095420 -2.924322 1.957016,
-0.317009 -3.406776 2.508713,
1.141897 -3.060835 1.646431,
0.095420 -2.924322 1.957016,
0.668099 -3.650965 2.257698,
1.421358 -4.106425 1.843513,
1.141897 -3.060835 1.646431,
0.668099 -3.650965 2.257698,
0.677801 -4.459077 2.391876,
1.421358 -4.106425 1.843513,
0.668099 -3.650965 2.257698,
0.887018 -5.058877 2.203735,
1.421358 -4.106425 1.843513,
0.677801 -4.459077 2.391876,
1.205381 -5.151148 1.574982,
1.421358 -4.106425 1.843513,
0.887018 -5.058877 2.203735,
0.521506 -5.746761 1.905998,
1.205381 -5.151148 1.574982,
0.887018 -5.058877 2.203735,
0.429419 -5.522876 2.604668,
0.521506 -5.746761 1.905998,
0.887018 -5.058877 2.203735,
0.343096 -6.580298 2.646645,
0.521506 -5.746761 1.905998,
0.429419 -5.522876 2.604668,
0.321432 -5.694657 3.646881,
0.343096 -6.580298 2.646645,
0.429419 -5.522876 2.604668,
0.342372 -6.907926 3.497330,
0.343096 -6.580298 2.646645,
0.321432 -5.694657 3.646881,
0.256820 -7.069501 2.496445,
0.343096 -6.580298 2.646645,
0.342372 -6.907926 3.497330,
-0.032063 -7.825516 2.802429,
0.256820 -7.069501 2.496445,
0.342372 -6.907926 3.497330,
0.134960 -6.922120 2.021065,
0.256820 -7.069501 2.496445,
-0.032063 -7.825516 2.802429,
0.343096 -6.580298 2.646645,
0.256820 -7.069501 2.496445,
0.134960 -6.922120 2.021065,
0.256478 -6.317027 1.470116,
0.343096 -6.580298 2.646645,
0.134960 -6.922120 2.021065,
-0.070814 -6.673258 1.218338,
0.256478 -6.317027 1.470116,
0.134960 -6.922120 2.021065,
-0.412349 -7.082079 0.975662,
-0.070814 -6.673258 1.218338,
0.134960 -6.922120 2.021065,
-0.580858 -6.554146 0.587532,
-0.070814 -6.673258 1.218338,
-0.412349 -7.082079 0.975662,
-0.963858 -7.428216 0.956535,
-0.580858 -6.554146 0.587532,
-0.412349 -7.082079 0.975662,
-0.723389 -7.858830 1.532181,
-0.963858 -7.428216 0.956535,
-0.412349 -7.082079 0.975662,
-1.134940 -7.875939 1.137741,
-0.963858 -7.428216 0.956535,
-0.723389 -7.858830 1.532181,
-1.266447 -8.557387 1.881729,
-1.134940 -7.875939 1.137741,
-0.723389 -7.858830 1.532181,
-0.448384 -8.266795 2.630066,
-1.266447 -8.557387 1.881729,
-0.723389 -7.858830 1.532181,
-1.442327 -8.820757 2.396484,
-1.266447 -8.557387 1.881729,
-0.448384 -8.266795 2.630066,
-1.819506 -8.814549 1.994911,
-1.266447 -8.557387 1.881729,
-1.442327 -8.820757 2.396484,
-2.646129 -9.037069 2.354454,
-1.819506 -8.814549 1.994911,
-1.442327 -8.820757 2.396484,
-2.766433 -8.545273 1.471664,
-1.819506 -8.814549 1.994911,
-2.646129 -9.037069 2.354454,
-3.222661 -9.329621 1.945229,
-2.766433 -8.545273 1.471664,
-2.646129 -9.037069 2.354454,
-2.961363 -9.473462 3.138680,
-3.222661 -9.329621 1.945229,
-2.646129 -9.037069 2.354454,
-3.543251 -9.892108 2.514771,
-3.222661 -9.329621 1.945229,
-2.961363 -9.473462 3.138680,
-3.777087 -9.763069 3.530914,
-3.543251 -9.892108 2.514771,
-2.961363 -9.473462 3.138680,
-4.377740 -10.378898 2.927727,
-3.543251 -9.892108 2.514771,
-3.777087 -9.763069 3.530914,
-4.243327 -10.247352 2.017860,
-3.543251 -9.892108 2.514771,
-4.377740 -10.378898 2.927727,
-5.143349 -10.377558 2.208214,
-4.243327 -10.247352 2.017860,
-4.377740 -10.378898 2.927727,
-5.377182 -10.248518 3.224358,
-5.143349 -10.377558 2.208214,
-4.377740 -10.378898 2.927727,
-5.943682 -10.025539 2.522514,
-5.143349 -10.377558 2.208214,
-5.377182 -10.248518 3.224358,
-6.159830 -9.550775 3.291351,
-5.943682 -10.025539 2.522514,
-5.377182 -10.248518 3.224358,
-6.409693 -9.248582 2.316612,
-5.943682 -10.025539 2.522514,
-6.159830 -9.550775 3.291351,
-5.781476 -9.759563 1.647194,
-5.943682 -10.025539 2.522514,
-6.409693 -9.248582 2.316612,
-6.048378 -8.760966 1.458977,
-5.781476 -9.759563 1.647194,
-6.409693 -9.248582 2.316612,
-6.397762 -8.326624 2.202286,
-6.048378 -8.760966 1.458977,
-6.409693 -9.248582 2.316612,
-5.328972 -9.195956 1.063408,
-5.781476 -9.759563 1.647194,
-6.048378 -8.760966 1.458977,
-5.213889 -8.274178 1.046013,
-5.328972 -9.195956 1.063408,
-6.048378 -8.760966 1.458977,
-4.431246 -8.971924 0.979019,
-5.328972 -9.195956 1.063408,
-5.213889 -8.274178 1.046013,
-4.782033 -9.889942 1.350571,
-5.328972 -9.195956 1.063408,
-4.431246 -8.971924 0.979019,
-3.793120 -9.589918 1.540031,
-4.782033 -9.889942 1.350571,
-4.431246 -8.971924 0.979019,
-3.620498 -8.753941 1.280769,
-3.793120 -9.589918 1.540031,
-4.431246 -8.971924 0.979019,
-5.781476 -9.759563 1.647194,
-5.328972 -9.195956 1.063408,
-4.782033 -9.889942 1.350571,
-5.143349 -10.377558 2.208214,
-5.943682 -10.025539 2.522514,
-5.781476 -9.759563 1.647194,
-4.782033 -9.889942 1.350571,
-5.143349 -10.377558 2.208214,
-5.781476 -9.759563 1.647194,
-4.243327 -10.247352 2.017860,
-5.143349 -10.377558 2.208214,
-4.782033 -9.889942 1.350571,
-3.793120 -9.589918 1.540031,
-4.243327 -10.247352 2.017860,
-4.782033 -9.889942 1.350571,
-3.543251 -9.892108 2.514771,
-4.243327 -10.247352 2.017860,
-3.793120 -9.589918 1.540031,
-3.222661 -9.329621 1.945229,
-3.543251 -9.892108 2.514771,
-3.793120 -9.589918 1.540031,
-3.620498 -8.753941 1.280769,
-3.222661 -9.329621 1.945229,
-3.793120 -9.589918 1.540031,
-2.766433 -8.545273 1.471664,
-3.222661 -9.329621 1.945229,
-3.620498 -8.753941 1.280769,
-2.127895 -8.193919 1.064667,
-1.819506 -8.814549 1.994911,
-2.766433 -8.545273 1.471664,
-1.266447 -8.557387 1.881729,
-1.819506 -8.814549 1.994911,
-2.127895 -8.193919 1.064667,
-1.134940 -7.875939 1.137741,
-1.266447 -8.557387 1.881729,
-2.127895 -8.193919 1.064667,
-1.109851 -6.406584 0.362450,
-0.580858 -6.554146 0.587532,
-0.963858 -7.428216 0.956535,
-0.157755 -5.883337 0.071983,
-0.580858 -6.554146 0.587532,
-1.109851 -6.406584 0.362450,
-1.265983 -5.611626 0.083389,
-0.157755 -5.883337 0.071983,
-1.109851 -6.406584 0.362450,
-0.893332 -5.147478 -0.397377,
-0.157755 -5.883337 0.071983,
-1.265983 -5.611626 0.083389,
0.153143 -5.283992 -0.707962,
-0.157755 -5.883337 0.071983,
-0.893332 -5.147478 -0.397377,
-0.419535 -4.557348 -1.008644,
0.153143 -5.283992 -0.707962,
-0.893332 -5.147478 -0.397377,
-1.172794 -4.101888 -0.594460,
-0.419535 -4.557348 -1.008644,
-0.893332 -5.147478 -0.397377,
-0.299037 -3.592192 -1.026848,
-0.419535 -4.557348 -1.008644,
-1.172794 -4.101888 -0.594460,
-0.956818 -3.057164 -0.325935,
-0.299037 -3.592192 -1.026848,
-1.172794 -4.101888 -0.594460,
-0.052093 -2.779959 -0.551796,
-0.299037 -3.592192 -1.026848,
-0.956818 -3.057164 -0.325935,
-0.327898 -2.412356 0.305641,
-0.052093 -2.779959 -0.551796,
-0.956818 -3.057164 -0.325935,
0.718579 -2.548870 -0.004944,
-0.052093 -2.779959 -0.551796,
-0.327898 -2.412356 0.305641,
0.473740 -2.413759 1.059013,
0.718579 -2.548870 -0.004944,
-0.327898 -2.412356 0.305641,
1.311735 -2.782344 0.729927,
0.718579 -2.548870 -0.004944,
0.473740 -2.413759 1.059013,
1.538053 -3.279450 -0.075096,
0.718579 -2.548870 -0.004944,
1.311735 -2.782344 0.729927,
1.799678 -3.595862 0.945511,
1.538053 -3.279450 -0.075096,
1.311735 -2.782344 0.729927,
1.817515 -4.325041 0.121986,
1.538053 -3.279450 -0.075096,
1.799678 -3.595862 0.945511,
1.787183 -4.561208 1.065224,
1.817515 -4.325041 0.121986,
1.799678 -3.595862 0.945511,
1.450219 -5.286261 0.511024,
1.817515 -4.325041 0.121986,
1.787183 -4.561208 1.065224,
1.188595 -4.969849 -0.509583,
1.817515 -4.325041 0.121986,
1.450219 -5.286261 0.511024,
0.717201 -5.658220 -0.009270,
1.188595 -4.969849 -0.509583,
1.450219 -5.286261 0.511024,
0.702009 -5.868924 0.968910,
0.717201 -5.658220 -0.009270,
1.450219 -5.286261 0.511024,
1.342081 -4.022896 -0.671135,
1.817515 -4.325041 0.121986,
1.188595 -4.969849 -0.509583,
0.520439 -4.322772 -1.097000,
1.342081 -4.022896 -0.671135,
1.188595 -4.969849 -0.509583,
0.736416 -3.278049 -0.828468,
1.342081 -4.022896 -0.671135,
0.520439 -4.322772 -1.097000,
1.538053 -3.279450 -0.075096,
1.817515 -4.325041 0.121986,
1.342081 -4.022896 -0.671135,
0.736416 -3.278049 -0.828468,
1.538053 -3.279450 -0.075096,
1.342081 -4.022896 -0.671135,
0.718579 -2.548870 -0.004944,
1.538053 -3.279450 -0.075096,
0.736416 -3.278049 -0.828468,
-0.052093 -2.779959 -0.551796,
0.718579 -2.548870 -0.004944,
0.736416 -3.278049 -0.828468,
-0.299037 -3.592192 -1.026848,
-0.052093 -2.779959 -0.551796,
0.736416 -3.278049 -0.828468,
0.520439 -4.322772 -1.097000,
-0.299037 -3.592192 -1.026848,
0.736416 -3.278049 -0.828468,
-0.419535 -4.557348 -1.008644,
-0.299037 -3.592192 -1.026848,
0.520439 -4.322772 -1.097000,
0.153143 -5.283992 -0.707962,
-0.419535 -4.557348 -1.008644,
0.520439 -4.322772 -1.097000,
1.188595 -4.969849 -0.509583,
0.153143 -5.283992 -0.707962,
0.520439 -4.322772 -1.097000,
0.717201 -5.658220 -0.009270,
0.153143 -5.283992 -0.707962,
1.188595 -4.969849 -0.509583,
-0.157755 -5.883337 0.071983,
0.153143 -5.283992 -0.707962,
0.717201 -5.658220 -0.009270,
0.702009 -5.868924 0.968910,
-0.157755 -5.883337 0.071983,
0.717201 -5.658220 -0.009270,
0.521506 -5.746761 1.905998,
0.343096 -6.580298 2.646645,
0.256478 -6.317027 1.470116,
-1.593454 -3.447488 0.723236,
-1.654366 -3.403108 1.297829,
-1.201655 -2.922052 0.738029,
-1.538619 -3.647105 0.183830,
-1.593454 -3.447488 0.723236,
-1.201655 -2.922052 0.738029,
-2.454504 -9.134516 3.658333,
-2.651927 -9.257019 4.620201,
-3.282430 -9.255918 4.027657,
-1.850603 -9.077537 4.314384,
-2.121557 -9.537186 4.957169,
-2.651927 -9.257019 4.620201,
-2.454504 -9.134516 3.658333,
-1.850603 -9.077537 4.314384,
-2.651927 -9.257019 4.620201,
-1.518633 -8.940370 3.545097,
-1.850603 -9.077537 4.314384,
-2.454504 -9.134516 3.658333,
-5.079263 -5.398877 2.241379,
-5.635577 -6.364830 3.324821,
-5.221883 -5.359578 2.772110,
-4.737897 -5.240840 5.470253,
-3.998592 -5.056341 5.400757,
-4.277932 -4.037102 4.983063,
-3.497391 -5.786791 5.879021,
-3.998592 -5.056341 5.400757,
-4.737897 -5.240840 5.470253,
-1.127143 -7.706845 5.969460,
-0.820755 -7.956055 5.642982,
-0.457440 -7.649750 4.745583,
-4.873918 -4.572260 3.120148,
-4.045709 -4.143110 1.839851,
-4.511734 -4.560034 1.922035,
-5.111813 -3.795146 5.457848,
-4.737897 -5.240840 5.470253,
-4.277932 -4.037102 4.983063,
-5.419477 -4.600308 5.783714,
-4.737897 -5.240840 5.470253,
-5.111813 -3.795146 5.457848,
-5.638925 -3.701691 6.493965,
-5.419477 -4.600308 5.783714,
-5.111813 -3.795146 5.457848,
-5.426386 -3.414858 5.989464,
-5.638925 -3.701691 6.493965,
-5.111813 -3.795146 5.457848,
-5.573367 -3.237099 5.416092,
-5.426386 -3.414858 5.989464,
-5.111813 -3.795146 5.457848,
-5.700511 -2.957825 5.868347,
-5.426386 -3.414858 5.989464,
-5.573367 -3.237099 5.416092,
-6.033746 -2.826660 5.455498,
-5.700511 -2.957825 5.868347,
-5.573367 -3.237099 5.416092,
-6.023725 -3.236311 4.992851,
-6.033746 -2.826660 5.455498,
-5.573367 -3.237099 5.416092,
-6.466707 -2.956485 5.148277,
-6.033746 -2.826660 5.455498,
-6.023725 -3.236311 4.992851,
-6.605439 -3.412796 4.881401,
-6.466707 -2.956485 5.148277,
-6.023725 -3.236311 4.992851,
-6.673136 -3.955019 4.891624,
-6.605439 -3.412796 4.881401,
-6.023725 -3.236311 4.992851,
-7.096315 -3.699142 5.124313,
-6.605439 -3.412796 4.881401,
-6.673136 -3.955019 4.891624,
-6.939314 -4.286553 5.235031,
-7.096315 -3.699142 5.124313,
-6.673136 -3.955019 4.891624,
-6.563945 -4.650079 5.565041,
-6.939314 -4.286553 5.235031,
-6.673136 -3.955019 4.891624,
-7.034731 -4.443009 5.749924,
-6.939314 -4.286553 5.235031,
-6.563945 -4.650079 5.565041,
-6.701495 -4.574173 6.162773,
-7.034731 -4.443009 5.749924,
-6.563945 -4.650079 5.565041,
-6.113587 -4.650867 5.988289,
-6.701495 -4.574173 6.162773,
-6.563945 -4.650079 5.565041,
-6.268534 -4.444349 6.469994,
-6.701495 -4.574173 6.162773,
-6.113587 -4.650867 5.988289,
-5.760261 -4.288614 6.343102,
-6.268534 -4.444349 6.469994,
-6.113587 -4.650867 5.988289,
-6.129801 -3.988037 6.736877,
-6.268534 -4.444349 6.469994,
-5.760261 -4.288614 6.343102,
-6.711516 -4.164522 6.625427,
-6.268534 -4.444349 6.469994,
-6.129801 -3.988037 6.736877,
-6.590181 -3.577599 6.776283,
-6.711516 -4.164522 6.625427,
-6.129801 -3.988037 6.736877,
-6.062106 -3.445815 6.726646,
-6.590181 -3.577599 6.776283,
-6.129801 -3.988037 6.736877,
-6.383835 -3.037588 6.557724,
-6.590181 -3.577599 6.776283,
-6.062106 -3.445815 6.726646,
-5.795927 -3.114281 6.383240,
-6.383835 -3.037588 6.557724,
-6.062106 -3.445815 6.726646,
-6.171296 -2.750755 6.053230,
-6.383835 -3.037588 6.557724,
-5.795927 -3.114281 6.383240,
-6.700721 -2.827347 6.165199,
-6.383835 -3.037588 6.557724,
-6.171296 -2.750755 6.053230,
-6.621653 -2.749967 5.629990,
-6.700721 -2.827347 6.165199,
-6.171296 -2.750755 6.053230,
-7.112529 -3.036313 5.872902,
-6.700721 -2.827347 6.165199,
-6.621653 -2.749967 5.629990,
-6.974980 -3.112219 5.275169,
-7.112529 -3.036313 5.872902,
-6.621653 -2.749967 5.629990,
-7.301836 -3.443647 5.561554,
-7.112529 -3.036313 5.872902,
-6.974980 -3.112219 5.275169,
-7.318876 -3.576324 6.091461,
-7.112529 -3.036313 5.872902,
-7.301836 -3.443647 5.561554,
-7.308855 -3.985975 5.628807,
-7.318876 -3.576324 6.091461,
-7.301836 -3.443647 5.561554,
-7.161875 -4.163734 6.202187,
-7.318876 -3.576324 6.091461,
-7.308855 -3.985975 5.628807,
-7.051780 -3.746070 6.537041,
-7.318876 -3.576324 6.091461,
-7.161875 -4.163734 6.202187,
-6.965550 -3.214073 6.446281,
-7.318876 -3.576324 6.091461,
-7.051780 -3.746070 6.537041,
-7.112529 -3.036313 5.872902,
-7.318876 -3.576324 6.091461,
-6.965550 -3.214073 6.446281,
-6.700721 -2.827347 6.165199,
-7.112529 -3.036313 5.872902,
-6.965550 -3.214073 6.446281,
-6.383835 -3.037588 6.557724,
-6.700721 -2.827347 6.165199,
-6.965550 -3.214073 6.446281,
-6.590181 -3.577599 6.776283,
-6.383835 -3.037588 6.557724,
-6.965550 -3.214073 6.446281,
-7.051780 -3.746070 6.537041,
-6.590181 -3.577599 6.776283,
-6.965550 -3.214073 6.446281,
-6.711516 -4.164522 6.625427,
-6.590181 -3.577599 6.776283,
-7.051780 -3.746070 6.537041,
-7.161875 -4.163734 6.202187,
-6.711516 -4.164522 6.625427,
-7.051780 -3.746070 6.537041,
-6.701495 -4.574173 6.162773,
-6.268534 -4.444349 6.469994,
-6.711516 -4.164522 6.625427,
-7.161875 -4.163734 6.202187,
-6.701495 -4.574173 6.162773,
-6.711516 -4.164522 6.625427,
-7.034731 -4.443009 5.749924,
-6.701495 -4.574173 6.162773,
-7.161875 -4.163734 6.202187,
-7.308855 -3.985975 5.628807,
-7.034731 -4.443009 5.749924,
-7.161875 -4.163734 6.202187,
-6.939314 -4.286553 5.235031,
-7.034731 -4.443009 5.749924,
-7.308855 -3.985975 5.628807,
-7.096315 -3.699142 5.124313,
-6.939314 -4.286553 5.235031,
-7.308855 -3.985975 5.628807,
-7.301836 -3.443647 5.561554,
-7.096315 -3.699142 5.124313,
-7.308855 -3.985975 5.628807,
-6.974980 -3.112219 5.275169,
-7.096315 -3.699142 5.124313,
-7.301836 -3.443647 5.561554,
-6.605439 -3.412796 4.881401,
-7.096315 -3.699142 5.124313,
-6.974980 -3.112219 5.275169,
-6.466707 -2.956485 5.148277,
-6.605439 -3.412796 4.881401,
-6.974980 -3.112219 5.275169,
-6.621653 -2.749967 5.629990,
-6.466707 -2.956485 5.148277,
-6.974980 -3.112219 5.275169,
-6.033746 -2.826660 5.455498,
-6.466707 -2.956485 5.148277,
-6.621653 -2.749967 5.629990,
-6.171296 -2.750755 6.053230,
-6.033746 -2.826660 5.455498,
-6.621653 -2.749967 5.629990,
-5.700511 -2.957825 5.868347,
-6.033746 -2.826660 5.455498,
-6.171296 -2.750755 6.053230,
-5.795927 -3.114281 6.383240,
-5.700511 -2.957825 5.868347,
-6.171296 -2.750755 6.053230,
-5.426386 -3.414858 5.989464,
-5.700511 -2.957825 5.868347,
-5.795927 -3.114281 6.383240,
-5.638925 -3.701691 6.493965,
-5.426386 -3.414858 5.989464,
-5.795927 -3.114281 6.383240,
-6.062106 -3.445815 6.726646,
-5.638925 -3.701691 6.493965,
-5.795927 -3.114281 6.383240,
-6.129801 -3.988037 6.736877,
-5.638925 -3.701691 6.493965,
-6.062106 -3.445815 6.726646,
-5.760261 -4.288614 6.343102,
-5.638925 -3.701691 6.493965,
-6.129801 -3.988037 6.736877,
-5.419477 -4.600308 5.783714,
-5.638925 -3.701691 6.493965,
-5.760261 -4.288614 6.343102,
-6.113587 -4.650867 5.988289,
-5.419477 -4.600308 5.783714,
-5.760261 -4.288614 6.343102,
-6.563945 -4.650079 5.565041,
-5.419477 -4.600308 5.783714,
-6.113587 -4.650867 5.988289,
-4.045709 -4.143110 1.839851,
-4.438680 -4.110701 3.375496,
-3.486977 -3.509390 2.951111,
-4.873918 -4.572260 3.120148,
-4.438680 -4.110701 3.375496,
-4.045709 -4.143110 1.839851,
-4.645361 -4.217559 4.275642,
-4.438680 -4.110701 3.375496,
-4.873918 -4.572260 3.120148,
-1.923565 -6.726539 6.004692,
-2.849935 -6.018588 6.045113,
-3.262457 -6.353296 6.011299,
-2.580036 -7.599652 6.087440,
-1.923565 -6.726539 6.004692,
-3.262457 -6.353296 6.011299,
-1.728683 -8.441298 7.042938,
-1.029073 -8.532562 6.835297,
-1.127143 -7.706845 5.969460,
-6.023725 -3.236311 4.992851,
-5.573367 -3.237099 5.416092,
-5.111813 -3.795146 5.457848,
-6.563945 -4.650079 5.565041,
-6.673136 -3.955019 4.891624,
-6.023725 -3.236311 4.992851,
-6.023725 -3.236311 4.992851,
-5.419477 -4.600308 5.783714,
-6.563945 -4.650079 5.565041,
-1.172794 -4.101888 -0.594460,
-1.647373 -4.581214 0.136894,
-1.538619 -3.647105 0.183830,
-0.956818 -3.057164 -0.325935,
-1.172794 -4.101888 -0.594460,
-1.538619 -3.647105 0.183830,
-1.201655 -2.922052 0.738029,
-0.956818 -3.057164 -0.325935,
-1.538619 -3.647105 0.183830,
-0.327898 -2.412356 0.305641,
-0.956818 -3.057164 -0.325935,
-1.201655 -2.922052 0.738029,
-0.468637 -2.550092 1.258324,
-0.327898 -2.412356 0.305641,
-1.201655 -2.922052 0.738029,
0.473740 -2.413759 1.059013,
-0.327898 -2.412356 0.305641,
-0.468637 -2.550092 1.258324,
0.095420 -2.924322 1.957016,
0.473740 -2.413759 1.059013,
-0.468637 -2.550092 1.258324,
1.141897 -3.060835 1.646431,
0.473740 -2.413759 1.059013,
0.095420 -2.924322 1.957016,
1.311735 -2.782344 0.729927,
0.473740 -2.413759 1.059013,
1.141897 -3.060835 1.646431,
1.799678 -3.595862 0.945511,
1.311735 -2.782344 0.729927,
1.141897 -3.060835 1.646431,
1.421358 -4.106425 1.843513,
1.799678 -3.595862 0.945511,
1.141897 -3.060835 1.646431,
1.787183 -4.561208 1.065224,
1.799678 -3.595862 0.945511,
1.421358 -4.106425 1.843513,
1.205381 -5.151148 1.574982,
1.787183 -4.561208 1.065224,
1.421358 -4.106425 1.843513,
1.450219 -5.286261 0.511024,
1.787183 -4.561208 1.065224,
1.205381 -5.151148 1.574982,
0.702009 -5.868924 0.968910,
1.450219 -5.286261 0.511024,
1.205381 -5.151148 1.574982,
0.521506 -5.746761 1.905998,
0.702009 -5.868924 0.968910,
1.205381 -5.151148 1.574982,
0.256478 -6.317027 1.470116,
0.702009 -5.868924 0.968910,
0.521506 -5.746761 1.905998,
-0.070814 -6.673258 1.218338,
0.702009 -5.868924 0.968910,
0.256478 -6.317027 1.470116,
-0.157755 -5.883337 0.071983,
0.702009 -5.868924 0.968910,
-0.070814 -6.673258 1.218338,
-0.580858 -6.554146 0.587532,
-0.157755 -5.883337 0.071983,
-0.070814 -6.673258 1.218338,
-0.893332 -5.147478 -0.397377,
-1.647373 -4.581214 0.136894,
-1.172794 -4.101888 -0.594460,
-1.265983 -5.611626 0.083389,
-1.647373 -4.581214 0.136894,
-0.893332 -5.147478 -0.397377,
-2.087519 -5.518475 0.239265,
-1.647373 -4.581214 0.136894,
-1.265983 -5.611626 0.083389,
-2.182293 -6.277587 0.253586,
-2.087519 -5.518475 0.239265,
-1.265983 -5.611626 0.083389,
-1.109851 -6.406584 0.362450,
-2.182293 -6.277587 0.253586,
-1.265983 -5.611626 0.083389,
-2.028398 -6.814009 0.371132,
-2.182293 -6.277587 0.253586,
-1.109851 -6.406584 0.362450,
-0.963858 -7.428216 0.956535,
-2.028398 -6.814009 0.371132,
-1.109851 -6.406584 0.362450,
0.043201 -3.974572 2.747810,
0.668099 -3.650965 2.257698,
-0.317009 -3.406776 2.508713,
-0.853174 -3.842276 3.505363,
0.043201 -3.974572 2.747810,
-0.317009 -3.406776 2.508713,
-1.574213 -3.507224 2.592735,
-0.853174 -3.842276 3.505363,
-0.317009 -3.406776 2.508713,
-0.995927 -3.102868 1.768753,
-1.574213 -3.507224 2.592735,
-0.317009 -3.406776 2.508713,
-1.856331 -3.509005 2.144478,
-1.574213 -3.507224 2.592735,
-0.995927 -3.102868 1.768753,
-3.013964 -3.484492 2.454254,
-1.574213 -3.507224 2.592735,
-1.856331 -3.509005 2.144478,
-2.903814 -3.838690 1.578186,
-3.013964 -3.484492 2.454254,
-1.856331 -3.509005 2.144478,
-2.051052 -3.911487 1.124176,
-2.903814 -3.838690 1.578186,
-1.856331 -3.509005 2.144478,
-3.007277 -4.190209 1.216034,
-2.903814 -3.838690 1.578186,
-2.051052 -3.911487 1.124176,
-2.334599 -4.982099 0.476974,
-3.007277 -4.190209 1.216034,
-2.051052 -3.911487 1.124176,
-3.299958 -5.061916 0.635338,
-3.007277 -4.190209 1.216034,
-2.334599 -4.982099 0.476974,
-3.121338 -5.688636 0.411377,
-3.299958 -5.061916 0.635338,
-2.334599 -4.982099 0.476974,
-3.615510 -5.600088 0.542831,
-3.299958 -5.061916 0.635338,
-3.121338 -5.688636 0.411377,
-3.543028 -6.687272 0.508400,
-3.615510 -5.600088 0.542831,
-3.121338 -5.688636 0.411377,
-4.372243 -6.171186 0.982841,
-3.615510 -5.600088 0.542831,
-3.543028 -6.687272 0.508400,
-4.332291 -7.102747 1.022179,
-4.372243 -6.171186 0.982841,
-3.543028 -6.687272 0.508400,
-4.927742 -6.618418 1.656677,
-4.372243 -6.171186 0.982841,
-4.332291 -7.102747 1.022179,
-4.723651 -5.892410 1.339867,
-4.372243 -6.171186 0.982841,
-4.927742 -6.618418 1.656677,
-5.079263 -5.398877 2.241379,
-4.723651 -5.892410 1.339867,
-4.927742 -6.618418 1.656677,
-5.660273 -7.050478 2.100121,
-5.079263 -5.398877 2.241379,
-4.927742 -6.618418 1.656677,
-5.635577 -6.364830 3.324821,
-5.079263 -5.398877 2.241379,
-5.660273 -7.050478 2.100121,
-5.540335 -6.998219 3.517639,
-5.635577 -6.364830 3.324821,
-5.660273 -7.050478 2.100121,
-5.174576 -6.062663 4.221573,
-5.635577 -6.364830 3.324821,
-5.540335 -6.998219 3.517639,
-4.911016 -7.236128 4.459435,
-5.174576 -6.062663 4.221573,
-5.540335 -6.998219 3.517639,
-5.188983 -7.706429 4.218727,
-4.911016 -7.236128 4.459435,
-5.540335 -6.998219 3.517639,
-5.680557 -7.807838 3.749214,
-5.188983 -7.706429 4.218727,
-5.540335 -6.998219 3.517639,
-5.187949 -8.554342 4.267326,
-5.188983 -7.706429 4.218727,
-5.680557 -7.807838 3.749214,
-4.303275 -8.381974 4.568596,
-5.188983 -7.706429 4.218727,
-5.187949 -8.554342 4.267326,
-4.446269 -9.327449 4.298897,
-4.303275 -8.381974 4.568596,
-5.187949 -8.554342 4.267326,
-3.826910 -8.967810 4.692337,
-4.303275 -8.381974 4.568596,
-4.446269 -9.327449 4.298897,
-3.766229 -8.067583 5.056084,
-4.303275 -8.381974 4.568596,
-3.826910 -8.967810 4.692337,
-3.289864 -8.653419 5.179832,
-3.766229 -8.067583 5.056084,
-3.826910 -8.967810 4.692337,
-3.302032 -9.193742 4.629761,
-3.289864 -8.653419 5.179832,
-3.826910 -8.967810 4.692337,
-2.835507 -9.377372 5.207741,
-3.289864 -8.653419 5.179832,
-3.302032 -9.193742 4.629761,
-2.915926 -8.891060 5.803635,
-3.289864 -8.653419 5.179832,
-2.835507 -9.377372 5.207741,
-2.829458 -9.569878 5.937523,
-2.915926 -8.891060 5.803635,
-2.835507 -9.377372 5.207741,
-2.841383 -9.082394 6.488083,
-2.915926 -8.891060 5.803635,
-2.829458 -9.569878 5.937523,
-2.700754 -8.344446 6.214500,
-2.915926 -8.891060 5.803635,
-2.841383 -9.082394 6.488083,
-2.420923 -8.651315 6.910316,
-2.700754 -8.344446 6.214500,
-2.841383 -9.082394 6.488083,
-1.728683 -8.441298 7.042938,
-2.700754 -8.344446 6.214500,
-2.420923 -8.651315 6.910316,
-1.891863 -7.390869 6.219284,
-2.700754 -8.344446 6.214500,
-1.728683 -8.441298 7.042938,
-1.127143 -7.706845 5.969460,
-1.891863 -7.390869 6.219284,
-1.728683 -8.441298 7.042938,
-1.346942 -6.884470 5.814461,
-1.891863 -7.390869 6.219284,
-1.127143 -7.706845 5.969460,
0.677801 -4.459077 2.391876,
0.668099 -3.650965 2.257698,
0.043201 -3.974572 2.747810,
0.263002 -4.796947 2.902824,
0.677801 -4.459077 2.391876,
0.043201 -3.974572 2.747810,
0.887018 -5.058877 2.203735,
0.677801 -4.459077 2.391876,
0.263002 -4.796947 2.902824,
0.429419 -5.522876 2.604668,
0.887018 -5.058877 2.203735,
0.263002 -4.796947 2.902824,
0.321432 -5.694657 3.646881,
0.429419 -5.522876 2.604668,
0.263002 -4.796947 2.902824,
0.110147 -5.067881 3.840134,
0.321432 -5.694657 3.646881,
0.263002 -4.796947 2.902824,
0.221039 -5.606797 4.148407,
0.321432 -5.694657 3.646881,
0.110147 -5.067881 3.840134,
0.248887 -6.693905 4.072029,
0.321432 -5.694657 3.646881,
0.221039 -5.606797 4.148407,
0.342372 -6.907926 3.497330,
0.321432 -5.694657 3.646881,
0.248887 -6.693905 4.072029,
0.120069 -7.218892 3.965469,
0.342372 -6.907926 3.497330,
0.248887 -6.693905 4.072029,
-0.032063 -7.825516 2.802429,
0.342372 -6.907926 3.497330,
0.120069 -7.218892 3.965469,
-0.272148 -8.115311 3.298279,
-0.032063 -7.825516 2.802429,
0.120069 -7.218892 3.965469,
-2.961363 -9.473462 3.138680,
-2.454504 -9.134516 3.658333,
-3.282430 -9.255918 4.027657,
-3.777087 -9.763069 3.530914,
-2.961363 -9.473462 3.138680,
-3.282430 -9.255918 4.027657,
-3.908179 -9.375496 4.199654,
-3.777087 -9.763069 3.530914,
-3.282430 -9.255918 4.027657,
-4.641151 -10.027817 3.746628,
-3.777087 -9.763069 3.530914,
-3.908179 -9.375496 4.199654,
-4.377740 -10.378898 2.927727,
-3.777087 -9.763069 3.530914,
-4.641151 -10.027817 3.746628,
-5.377182 -10.248518 3.224358,
-4.377740 -10.378898 2.927727,
-4.641151 -10.027817 3.746628,
-5.394218 -9.552113 4.010864,
-5.377182 -10.248518 3.224358,
-4.641151 -10.027817 3.746628,
-6.159830 -9.550775 3.291351,
-5.377182 -10.248518 3.224358,
-5.394218 -9.552113 4.010864,
-5.972664 -8.840742 3.860603,
-6.159830 -9.550775 3.291351,
-5.394218 -9.552113 4.010864,
-6.426729 -8.552176 3.103127,
-6.159830 -9.550775 3.291351,
-5.972664 -8.840742 3.860603,
-6.409693 -9.248582 2.316612,
-6.159830 -9.550775 3.291351,
-6.426729 -8.552176 3.103127,
-6.397762 -8.326624 2.202286,
-6.409693 -9.248582 2.316612,
-6.426729 -8.552176 3.103127,
-6.075943 -7.634158 2.731575,
-6.397762 -8.326624 2.202286,
-6.426729 -8.552176 3.103127,
-5.842108 -7.763197 1.715431,
-6.397762 -8.326624 2.202286,
-6.075943 -7.634158 2.731575,
-6.048378 -8.760966 1.458977,
-6.397762 -8.326624 2.202286,
-5.842108 -7.763197 1.715431,
-5.213889 -8.274178 1.046013,
-6.048378 -8.760966 1.458977,
-5.842108 -7.763197 1.715431,
-5.058565 -7.471870 1.403870,
-5.213889 -8.274178 1.046013,
-5.842108 -7.763197 1.715431,
-4.320065 -8.118931 0.799553,
-5.213889 -8.274178 1.046013,
-5.058565 -7.471870 1.403870,
-4.431246 -8.971924 0.979019,
-5.213889 -8.274178 1.046013,
-4.320065 -8.118931 0.799553,
-3.620498 -8.753941 1.280769,
-4.431246 -8.971924 0.979019,
-4.320065 -8.118931 0.799553,
-3.371276 -7.959513 0.939911,
-3.620498 -8.753941 1.280769,
-4.320065 -8.118931 0.799553,
-2.766433 -8.545273 1.471664,
-3.620498 -8.753941 1.280769,
-3.371276 -7.959513 0.939911,
-2.475825 -7.864683 0.749687,
-2.766433 -8.545273 1.471664,
-3.371276 -7.959513 0.939911,
-2.127895 -8.193919 1.064667,
-2.766433 -8.545273 1.471664,
-2.475825 -7.864683 0.749687,
-1.134940 -7.875939 1.137741,
-2.127895 -8.193919 1.064667,
-2.475825 -7.864683 0.749687,
-2.028398 -6.814009 0.371132,
-1.134940 -7.875939 1.137741,
-2.475825 -7.864683 0.749687,
-0.963858 -7.428216 0.956535,
-1.134940 -7.875939 1.137741,
-2.028398 -6.814009 0.371132,
-2.646129 -9.037069 2.354454,
-2.454504 -9.134516 3.658333,
-2.961363 -9.473462 3.138680,
-1.518633 -8.940370 3.545097,
-2.454504 -9.134516 3.658333,
-2.646129 -9.037069 2.354454,
-1.442327 -8.820757 2.396484,
-1.518633 -8.940370 3.545097,
-2.646129 -9.037069 2.354454,
-0.610131 -8.510651 3.185036,
-1.518633 -8.940370 3.545097,
-1.442327 -8.820757 2.396484,
-0.448384 -8.266795 2.630066,
-0.610131 -8.510651 3.185036,
-1.442327 -8.820757 2.396484,
-0.272148 -8.115311 3.298279,
-0.610131 -8.510651 3.185036,
-0.448384 -8.266795 2.630066,
-0.032063 -7.825516 2.802429,
-0.272148 -8.115311 3.298279,
-0.448384 -8.266795 2.630066,
-0.723389 -7.858830 1.532181,
-0.032063 -7.825516 2.802429,
-0.448384 -8.266795 2.630066,
0.134960 -6.922120 2.021065,
-0.032063 -7.825516 2.802429,
-0.723389 -7.858830 1.532181,
-0.412349 -7.082079 0.975662,
0.134960 -6.922120 2.021065,
-0.723389 -7.858830 1.532181,
-3.847717 -7.481383 5.443459,
-3.180999 -7.952098 5.700562,
-2.580036 -7.599652 6.087440,
-3.262457 -6.353296 6.011299,
-3.847717 -7.481383 5.443459,
-2.580036 -7.599652 6.087440,
-4.280782 -6.512012 5.421082,
-3.847717 -7.481383 5.443459,
-3.262457 -6.353296 6.011299,
-3.497391 -5.786791 5.879021,
-4.280782 -6.512012 5.421082,
-3.262457 -6.353296 6.011299,
-4.737897 -5.240840 5.470253,
-4.280782 -6.512012 5.421082,
-3.497391 -5.786791 5.879021,
-5.085173 -5.368556 4.741478,
-4.280782 -6.512012 5.421082,
-4.737897 -5.240840 5.470253,
-3.616857 -3.669178 3.917000,
-4.277932 -4.037102 4.983063,
-3.235374 -3.722019 4.369942,
-2.254217 -3.337371 3.574226,
-3.616857 -3.669178 3.917000,
-3.235374 -3.722019 4.369942,
-2.186681 -3.511662 4.173126,
-2.254217 -3.337371 3.574226,
-3.235374 -3.722019 4.369942,
-2.354597 -3.977403 5.049706,
-2.186681 -3.511662 4.173126,
-3.235374 -3.722019 4.369942,
-2.898921 -4.220588 5.245132,
-2.354597 -3.977403 5.049706,
-3.235374 -3.722019 4.369942,
-2.221348 -4.373567 5.379326,
-2.354597 -3.977403 5.049706,
-2.898921 -4.220588 5.245132,
-2.701892 -4.662940 5.649193,
-2.221348 -4.373567 5.379326,
-2.898921 -4.220588 5.245132,
-1.903881 -5.365381 5.890358,
-2.221348 -4.373567 5.379326,
-2.701892 -4.662940 5.649193,
-1.348332 -5.209981 5.662239,
-2.221348 -4.373567 5.379326,
-1.903881 -5.365381 5.890358,
-1.517285 -5.756540 5.857170,
-1.348332 -5.209981 5.662239,
-1.903881 -5.365381 5.890358,
-0.644693 -6.262003 5.449928,
-1.348332 -5.209981 5.662239,
-1.517285 -5.756540 5.857170,
-1.346942 -6.884470 5.814461,
-0.644693 -6.262003 5.449928,
-1.517285 -5.756540 5.857170,
-0.310666 -6.540747 5.076569,
-0.644693 -6.262003 5.449928,
-1.346942 -6.884470 5.814461,
-0.457440 -7.649750 4.745583,
-0.310666 -6.540747 5.076569,
-1.346942 -6.884470 5.814461,
-1.127143 -7.706845 5.969460,
-0.457440 -7.649750 4.745583,
-1.346942 -6.884470 5.814461,
-4.645361 -4.217559 4.275642,
-4.277932 -4.037102 4.983063,
-3.616857 -3.669178 3.917000,
-5.328681 -5.762382 3.601830,
-4.645361 -4.217559 4.275642,
-4.873918 -4.572260 3.120148,
-5.085173 -5.368556 4.741478,
-4.645361 -4.217559 4.275642,
-5.328681 -5.762382 3.601830,
-4.277932 -4.037102 4.983063,
-4.645361 -4.217559 4.275642,
-5.085173 -5.368556 4.741478,
-5.419477 -4.600308 5.783714,
-6.023725 -3.236311 4.992851,
-5.111813 -3.795146 5.457848,
-5.419477 -4.600308 5.783714,
-5.085173 -5.368556 4.741478,
-4.737897 -5.240840 5.470253,
-4.277932 -4.037102 4.983063,
-5.419477 -4.600308 5.783714,
-5.085173 -5.368556 4.741478,
-5.111813 -3.795146 5.457848,
-5.419477 -4.600308 5.783714,
-4.277932 -4.037102 4.983063,
   ]
  }
  coordIndex [
0 1 2 -1,
3 4 5 -1,
6 7 8 -1,
9 10 11 -1,
12 13 14 -1,
15 16 17 -1,
18 19 20 -1,
21 22 23 -1,
24 25 26 -1,
27 28 29 -1,
30 31 32 -1,
33 34 35 -1,
36 37 38 -1,
39 40 41 -1,
42 43 44 -1,
45 46 47 -1,
48 49 50 -1,
51 52 53 -1,
54 55 56 -1,
57 58 59 -1,
60 61 62 -1,
63 64 65 -1,
66 67 68 -1,
69 70 71 -1,
72 73 74 -1,
75 76 77 -1,
78 79 80 -1,
81 82 83 -1,
84 85 86 -1,
87 88 89 -1,
90 91 92 -1,
93 94 95 -1,
96 97 98 -1,
99 100 101 -1,
102 103 104 -1,
105 106 107 -1,
108 109 110 -1,
111 112 113 -1,
114 115 116 -1,
117 118 119 -1,
120 121 122 -1,
123 124 125 -1,
126 127 128 -1,
129 130 131 -1,
132 133 134 -1,
135 136 137 -1,
138 139 140 -1,
141 142 143 -1,
144 145 146 -1,
147 148 149 -1,
150 151 152 -1,
153 154 155 -1,
156 157 158 -1,
159 160 161 -1,
162 163 164 -1,
165 166 167 -1,
168 169 170 -1,
171 172 173 -1,
174 175 176 -1,
177 178 179 -1,
180 181 182 -1,
183 184 185 -1,
186 187 188 -1,
189 190 191 -1,
192 193 194 -1,
195 196 197 -1,
198 199 200 -1,
201 202 203 -1,
204 205 206 -1,
207 208 209 -1,
210 211 212 -1,
213 214 215 -1,
216 217 218 -1,
219 220 221 -1,
222 223 224 -1,
225 226 227 -1,
228 229 230 -1,
231 232 233 -1,
234 235 236 -1,
237 238 239 -1,
240 241 242 -1,
243 244 245 -1,
246 247 248 -1,
249 250 251 -1,
252 253 254 -1,
255 256 257 -1,
258 259 260 -1,
261 262 263 -1,
264 265 266 -1,
267 268 269 -1,
270 271 272 -1,
273 274 275 -1,
276 277 278 -1,
279 280 281 -1,
282 283 284 -1,
285 286 287 -1,
288 289 290 -1,
291 292 293 -1,
294 295 296 -1,
297 298 299 -1,
300 301 302 -1,
303 304 305 -1,
306 307 308 -1,
309 310 311 -1,
312 313 314 -1,
315 316 317 -1,
318 319 320 -1,
321 322 323 -1,
324 325 326 -1,
327 328 329 -1,
330 331 332 -1,
333 334 335 -1,
336 337 338 -1,
339 340 341 -1,
342 343 344 -1,
345 346 347 -1,
348 349 350 -1,
351 352 353 -1,
354 355 356 -1,
357 358 359 -1,
360 361 362 -1,
363 364 365 -1,
366 367 368 -1,
369 370 371 -1,
372 373 374 -1,
375 376 377 -1,
378 379 380 -1,
381 382 383 -1,
384 385 386 -1,
387 388 389 -1,
390 391 392 -1,
393 394 395 -1,
396 397 398 -1,
399 400 401 -1,
402 403 404 -1,
405 406 407 -1,
408 409 410 -1,
411 412 413 -1,
414 415 416 -1,
417 418 419 -1,
420 421 422 -1,
423 424 425 -1,
426 427 428 -1,
429 430 431 -1,
432 433 434 -1,
435 436 437 -1,
438 439 440 -1,
441 442 443 -1,
444 445 446 -1,
447 448 449 -1,
450 451 452 -1,
453 454 455 -1,
456 457 458 -1,
459 460 461 -1,
462 463 464 -1,
465 466 467 -1,
468 469 470 -1,
471 472 473 -1,
474 475 476 -1,
477 478 479 -1,
480 481 482 -1,
483 484 485 -1,
486 487 488 -1,
489 490 491 -1,
492 493 494 -1,
495 496 497 -1,
498 499 500 -1,
501 502 503 -1,
504 505 506 -1,
507 508 509 -1,
510 511 512 -1,
513 514 515 -1,
516 517 518 -1,
519 520 521 -1,
522 523 524 -1,
525 526 527 -1,
528 529 530 -1,
531 532 533 -1,
534 535 536 -1,
537 538 539 -1,
540 541 542 -1,
543 544 545 -1,
546 547 548 -1,
549 550 551 -1,
552 553 554 -1,
555 556 557 -1,
558 559 560 -1,
561 562 563 -1,
564 565 566 -1,
567 568 569 -1,
570 571 572 -1,
573 574 575 -1,
576 577 578 -1,
579 580 581 -1,
582 583 584 -1,
585 586 587 -1,
588 589 590 -1,
591 592 593 -1,
594 595 596 -1,
597 598 599 -1,
600 601 602 -1,
603 604 605 -1,
606 607 608 -1,
609 610 611 -1,
612 613 614 -1,
615 616 617 -1,
618 619 620 -1,
621 622 623 -1,
624 625 626 -1,
627 628 629 -1,
630 631 632 -1,
633 634 635 -1,
636 637 638 -1,
639 640 641 -1,
642 643 644 -1,
645 646 647 -1,
648 649 650 -1,
651 652 653 -1,
654 655 656 -1,
657 658 659 -1,
660 661 662 -1,
663 664 665 -1,
666 667 668 -1,
669 670 671 -1,
672 673 674 -1,
675 676 677 -1,
678 679 680 -1,
681 682 683 -1,
684 685 686 -1,
687 688 689 -1,
690 691 692 -1,
693 694 695 -1,
696 697 698 -1,
699 700 701 -1,
702 703 704 -1,
705 706 707 -1,
708 709 710 -1,
711 712 713 -1,
714 715 716 -1,
717 718 719 -1,
720 721 722 -1,
723 724 725 -1,
726 727 728 -1,
729 730 731 -1,
732 733 734 -1,
735 736 737 -1,
738 739 740 -1,
741 742 743 -1,
744 745 746 -1,
747 748 749 -1,
750 751 752 -1,
753 754 755 -1,
756 757 758 -1,
759 760 761 -1,
762 763 764 -1,
765 766 767 -1,
768 769 770 -1,
771 772 773 -1,
774 775 776 -1,
777 778 779 -1,
780 781 782 -1,
783 784 785 -1,
786 787 788 -1,
789 790 791 -1,
792 793 794 -1,
795 796 797 -1,
798 799 800 -1,
801 802 803 -1,
804 805 806 -1,
807 808 809 -1,
810 811 812 -1,
813 814 815 -1,
816 817 818 -1,
819 820 821 -1,
822 823 824 -1,
825 826 827 -1,
828 829 830 -1,
831 832 833 -1,
834 835 836 -1,
837 838 839 -1,
840 841 842 -1,
843 844 845 -1,
846 847 848 -1,
849 850 851 -1,
852 853 854 -1,
855 856 857 -1,
858 859 860 -1,
861 862 863 -1,
864 865 866 -1,
867 868 869 -1,
870 871 872 -1,
873 874 875 -1,
876 877 878 -1,
879 880 881 -1,
882 883 884 -1,
885 886 887 -1,
888 889 890 -1,
891 892 893 -1,
894 895 896 -1,
897 898 899 -1,
900 901 902 -1,
903 904 905 -1,
906 907 908 -1,
909 910 911 -1,
912 913 914 -1,
915 916 917 -1,
918 919 920 -1,
921 922 923 -1,
924 925 926 -1,
927 928 929 -1,
930 931 932 -1,
933 934 935 -1,
936 937 938 -1,
939 940 941 -1,
942 943 944 -1,
945 946 947 -1,
948 949 950 -1,
951 952 953 -1,
954 955 956 -1,
957 958 959 -1,
960 961 962 -1,
963 964 965 -1,
966 967 968 -1,
969 970 971 -1,
972 973 974 -1,
975 976 977 -1,
978 979 980 -1,
981 982 983 -1,
984 985 986 -1,
987 988 989 -1,
990 991 992 -1,
993 994 995 -1,
996 997 998 -1,
999 1000 1001 -1,
1002 1003 1004 -1,
1005 1006 1007 -1,
1008 1009 1010 -1,
1011 1012 1013 -1,
1014 1015 1016 -1,
1017 1018 1019 -1,
1020 1021 1022 -1,
1023 1024 1025 -1,
1026 1027 1028 -1,
1029 1030 1031 -1,
1032 1033 1034 -1,
1035 1036 1037 -1,
1038 1039 1040 -1,
1041 1042 1043 -1,
1044 1045 1046 -1,
1047 1048 1049 -1,
1050 1051 1052 -1,
1053 1054 1055 -1,
1056 1057 1058 -1,
1059 1060 1061 -1,
1062 1063 1064 -1,
1065 1066 1067 -1,
1068 1069 1070 -1,
1071 1072 1073 -1,
1074 1075 1076 -1,
1077 1078 1079 -1,
1080 1081 1082 -1,
1083 1084 1085 -1,
1086 1087 1088 -1,
1089 1090 1091 -1,
1092 1093 1094 -1,
1095 1096 1097 -1,
1098 1099 1100 -1,
1101 1102 1103 -1,
1104 1105 1106 -1,
1107 1108 1109 -1,
1110 1111 1112 -1,
1113 1114 1115 -1,
1116 1117 1118 -1,
1119 1120 1121 -1,
1122 1123 1124 -1,
1125 1126 1127 -1,
1128 1129 1130 -1,
1131 1132 1133 -1,
1134 1135 1136 -1,
1137 1138 1139 -1,
1140 1141 1142 -1,
1143 1144 1145 -1,
1146 1147 1148 -1,
1149 1150 1151 -1,
1152 1153 1154 -1,
1155 1156 1157 -1,
1158 1159 1160 -1,
1161 1162 1163 -1,
1164 1165 1166 -1,
1167 1168 1169 -1,
1170 1171 1172 -1,
1173 1174 1175 -1,
1176 1177 1178 -1,
1179 1180 1181 -1,
1182 1183 1184 -1,
1185 1186 1187 -1,
1188 1189 1190 -1,
1191 1192 1193 -1,
1194 1195 1196 -1,
1197 1198 1199 -1,
1200 1201 1202 -1,
1203 1204 1205 -1,
1206 1207 1208 -1,
1209 1210 1211 -1,
1212 1213 1214 -1,
1215 1216 1217 -1,
1218 1219 1220 -1,
1221 1222 1223 -1,
1224 1225 1226 -1,
1227 1228 1229 -1,
1230 1231 1232 -1,
1233 1234 1235 -1,
1236 1237 1238 -1,
1239 1240 1241 -1,
1242 1243 1244 -1,
1245 1246 1247 -1,
1248 1249 1250 -1,
1251 1252 1253 -1,
1254 1255 1256 -1,
1257 1258 1259 -1,
1260 1261 1262 -1,
1263 1264 1265 -1,
1266 1267 1268 -1,
1269 1270 1271 -1,
1272 1273 1274 -1,
1275 1276 1277 -1,
1278 1279 1280 -1,
1281 1282 1283 -1,
1284 1285 1286 -1,
1287 1288 1289 -1,
1290 1291 1292 -1,
1293 1294 1295 -1,
1296 1297 1298 -1,
1299 1300 1301 -1,
1302 1303 1304 -1,
1305 1306 1307 -1,
1308 1309 1310 -1,
1311 1312 1313 -1,
1314 1315 1316 -1,
1317 1318 1319 -1,
1320 1321 1322 -1,
1323 1324 1325 -1,
1326 1327 1328 -1,
1329 1330 1331 -1,
1332 1333 1334 -1,
1335 1336 1337 -1,
1338 1339 1340 -1,
1341 1342 1343 -1,
1344 1345 1346 -1,
1347 1348 1349 -1,
1350 1351 1352 -1,
1353 1354 1355 -1,
1356 1357 1358 -1,
1359 1360 1361 -1,
1362 1363 1364 -1,
1365 1366 1367 -1,
1368 1369 1370 -1,
1371 1372 1373 -1,
1374 1375 1376 -1,
1377 1378 1379 -1,
1380 1381 1382 -1,
1383 1384 1385 -1,
1386 1387 1388 -1,
1389 1390 1391 -1,
1392 1393 1394 -1,
1395 1396 1397 -1,
1398 1399 1400 -1,
1401 1402 1403 -1,
1404 1405 1406 -1,
1407 1408 1409 -1,
1410 1411 1412 -1,
1413 1414 1415 -1,
1416 1417 1418 -1,
1419 1420 1421 -1,
1422 1423 1424 -1,
1425 1426 1427 -1,
1428 1429 1430 -1,
1431 1432 1433 -1,
1434 1435 1436 -1,
1437 1438 1439 -1,
1440 1441 1442 -1,
1443 1444 1445 -1,
1446 1447 1448 -1,
1449 1450 1451 -1,
1452 1453 1454 -1,
1455 1456 1457 -1,
1458 1459 1460 -1,
1461 1462 1463 -1,
1464 1465 1466 -1,
1467 1468 1469 -1,
1470 1471 1472 -1,
1473 1474 1475 -1,
1476 1477 1478 -1,
1479 1480 1481 -1,
1482 1483 1484 -1,
1485 1486 1487 -1,
1488 1489 1490 -1,
1491 1492 1493 -1,
1494 1495 1496 -1,
1497 1498 1499 -1,
1500 1501 1502 -1,
1503 1504 1505 -1,
1506 1507 1508 -1,
1509 1510 1511 -1,
1512 1513 1514 -1,
1515 1516 1517 -1,
1518 1519 1520 -1,
1521 1522 1523 -1,
1524 1525 1526 -1,
1527 1528 1529 -1,
1530 1531 1532 -1,
1533 1534 1535 -1,
1536 1537 1538 -1,
1539 1540 1541 -1,
1542 1543 1544 -1,
1545 1546 1547 -1,
1548 1549 1550 -1,
1551 1552 1553 -1,
1554 1555 1556 -1,
1557 1558 1559 -1,
1560 1561 1562 -1,
1563 1564 1565 -1,
  ]
  colorPerVertex TRUE
  color Color {
   color [
0.6510 0.6510 0.6706,
0.6510 0.6510 0.6706,
0.6510 0.6510 0.6706,
0.6510 0.6510 0.6706,
0.6510 0.6510 0.6706,
0.6510 0.6510 0.6706,
0.6510 0.6510 0.6706,
0.6510 0.6510 0.6706,
0.6510 0.6510 0.6706,
0.6510 0.6510 0.6706,
0.6510 0.6510 0.6706,
0.6510 0.6510 0.6706,
0.6510 0.6510 0.6706,
0.6510 0.6510 0.6706,
0.6510 0.6510 0.6706,
0.6510 0.6510 0.6706,
0.6510 0.6510 0.6706,
0.6510 0.6510 0.6706,
0.6510 0.6510 0.6706,
0.6510 0.6510 0.6706,
0.6510 0.6510 0.6706,
0.6510 0.6510 0.6706,
0.6510 0.6510 0.6706,
0.6510 0.6510 0.6706,
0.6510 0.6510 0.6706,
0.6510 0.6510 0.6706,
0.6510 0.6510 0.6706,
0.6510 0.6510 0.6706,
0.6510 0.6510 0.6706,
0.6510 0.6510 0.6706,
0.6510 0.6510 0.6706,
0.6510 0.6510 0.6706,
0.6510 0.6510 0.6706,
0.6510 0.6510 0.6706,
0.6510 0.6510 0.6706,
0.6510 0.6510 0.6706,
0.6510 0.6510 0.6706,
0.6510 0.6510 0.6706,
0.6510 0.6510 0.6706,
0.6510 0.6510 0.6706,
0.6510 0.6510 0.6706,
0.6510 0.6510 0.6706,
0.6510 0.6510 0.6706,
0.6510 0.6510 0.6706,
0.6510 0.6510 0.6706,
0.6510 0.6510 0.6706,
0.6510 0.6510 0.6706,
0.6510 0.6510 0.6706,
0.6510 0.6510 0.6706,
0.6510 0.6510 0.6706,
0.6510 0.6510 0.6706,
0.6510 0.6510 0.6706,
0.6510 0.6510 0.6706,
0.6510 0.6510 0.6706,
0.6510 0.6510 0.6706,
0.6510 0.6510 0.6706,
0.6510 0.6510 0.6706,
0.6510 0.6510 0.6706,
0.6510 0.6510 0.6706,
0.6510 0.6510 0.6706,
0.6510 0.6510 0.6706,
0.6510 0.6510 0.6706,
0.6510 0.6510 0.6706,
0.6510 0.6510 0.6706,
0.6510 0.6510 0.6706,
0.6510 0.6510 0.6706,
0.6510 0.6510 0.6706,
0.6510 0.6510 0.6706,
0.6510 0.6510 0.6706,
0.6510 0.6510 0.6706,
0.6510 0.6510 0.6706,
0.6510 0.6510 0.6706,
0.6510 0.6510 0.6706,
0.6510 0.6510 0.6706,
0.6510 0.6510 0.6706,
0.6510 0.6510 0.6706,
0.6510 0.6510 0.6706,
0.6510 0.6510 0.6706,
0.6510 0.6510 0.6706,
0.6510 0.6510 0.6706,
0.6510 0.6510 0.6706,
0.6510 0.6510 0.6706,
0.6510 0.6510 0.6706,
0.6510 0.6510 0.6706,
0.6510 0.6510 0.6706,
0.6510 0.6510 0.6706,
0.6510 0.6510 0.6706,
0.6510 0.6510 0.6706,
0.6510 0.6510 0.6706,
0.6510 0.6510 0.6706,
0.6510 0.6510 0.6706,
0.6510 0.6510 0.6706,
0.6510 0.6510 0.6706,
0.6510 0.6510 0.6706,
0.6510 0.6510 0.6706,
0.6510 0.6510 0.6706,
0.6510 0.6510 0.6706,
0.6510 0.6510 0.6706,
0.6510 0.6510 0.6706,
0.6510 0.6510 0.6706,
0.6510 0.6510 0.6706,
0.6510 0.6510 0.6706,
0.6510 0.6510 0.6706,
0.6510 0.6510 0.6706,
0.6510 0.6510 0.6706,
0.6510 0.6510 0.6706,
0.6510 0.6510 0.6706,
0.6510 0.6510 0.6706,
0.6510 0.6510 0.6706,
0.6510 0.6510 0.6706,
0.6510 0.6510 0.6706,
0.6510 0.6510 0.6706,
0.6510 0.6510 0.6706,
0.6510 0.6510 0.6706,
0.6510 0.6510 0.6706,
0.6510 0.6510 0.6706,
0.6510 0.6510 0.6706,
0.6510 0.6510 0.6706,
0.6510 0.6510 0.6706,
0.6510 0.6510 0.6706,
0.6510 0.6510 0.6706,
0.6510 0.6510 0.6706,
0.6510 0.6510 0.6706,
0.6510 0.6510 0.6706,
0.6510 0.6510 0.6706,
0.6510 0.6510 0.6706,
0.6510 0.6510 0.6706,
0.6510 0.6510 0.6706,
0.6510 0.6510 0.6706,
0.6510 0.6510 0.6706,
0.6510 0.6510 0.6706,
0.6510 0.6510 0.6706,
0.6510 0.6510 0.6706,
0.6510 0.6510 0.6706,
0.6510 0.6510 0.6706,
0.6510 0.6510 0.6706,
0.6510 0.6510 0.6706,
0.6510 0.6510 0.6706,
0.6510 0.6510 0.6706,
0.6510 0.6510 0.6706,
0.6510 0.6510 0.6706,
0.6510 0.6510 0.6706,
0.6510 0.6510 0.6706,
0.6510 0.6510 0.6706,
0.6510 0.6510 0.6706,
0.6510 0.6510 0.6706,
0.6510 0.6510 0.6706,
0.6510 0.6510 0.6706,
0.6510 0.6510 0.6706,
0.6510 0.6510 0.6706,
0.6510 0.6510 0.6706,
0.6510 0.6510 0.6706,
0.6510 0.6510 0.6706,
0.6510 0.6510 0.6706,
0.6510 0.6510 0.6706,
0.6510 0.6510 0.6706,
0.6510 0.6510 0.6706,
0.6510 0.6510 0.6706,
0.6510 0.6510 0.6706,
0.6510 0.6510 0.6706,
0.6510 0.6510 0.6706,
0.6510 0.6510 0.6706,
0.6510 0.6510 0.6706,
0.6510 0.6510 0.6706,
0.6510 0.6510 0.6706,
0.6510 0.6510 0.6706,
0.6510 0.6510 0.6706,
0.6510 0.6510 0.6706,
0.6510 0.6510 0.6706,
0.6510 0.6510 0.6706,
0.6510 0.6510 0.6706,
0.6510 0.6510 0.6706,
0.6510 0.6510 0.6706,
0.6510 0.6510 0.6706,
0.6510 0.6510 0.6706,
0.6510 0.6510 0.6706,
0.6510 0.6510 0.6706,
0.6510 0.6510 0.6706,
0.6510 0.6510 0.6706,
0.6510 0.6510 0.6706,
0.6510 0.6510 0.6706,
0.6510 0.6510 0.6706,
0.6510 0.6510 0.6706,
0.6510 0.6510 0.6706,
0.6510 0.6510 0.6706,
0.6510 0.6510 0.6706,
0.6510 0.6510 0.6706,
0.6510 0.6510 0.6706,
0.6510 0.6510 0.6706,
0.6510 0.6510 0.6706,
0.6510 0.6510 0.6706,
0.6510 0.6510 0.6706,
0.6510 0.6510 0.6706,
0.6510 0.6510 0.6706,
0.6510 0.6510 0.6706,
0.6510 0.6510 0.6706,
0.6510 0.6510 0.6706,
0.6510 0.6510 0.6706,
0.6510 0.6510 0.6706,
0.6510 0.6510 0.6706,
0.6510 0.6510 0.6706,
0.6510 0.6510 0.6706,
0.6510 0.6510 0.6706,
0.6510 0.6510 0.6706,
0.6510 0.6510 0.6706,
0.6510 0.6510 0.6706,
0.6510 0.6510 0.6706,
0.6510 0.6510 0.6706,
0.6510 0.6510 0.6706,
0.6510 0.6510 0.6706,
0.6510 0.6510 0.6706,
0.6510 0.6510 0.6706,
0.6510 0.6510 0.6706,
0.6510 0.6510 0.6706,
0.6510 0.6510 0.6706,
0.6510 0.6510 0.6706,
0.6510 0.6510 0.6706,
0.6510 0.6510 0.6706,
0.6510 0.6510 0.6706,
0.6510 0.6510 0.6706,
0.6510 0.6510 0.6706,
0.6510 0.6510 0.6706,
0.6510 0.6510 0.6706,
0.6510 0.6510 0.6706,
0.6510 0.6510 0.6706,
0.6510 0.6510 0.6706,
0.6510 0.6510 0.6706,
0.6510 0.6510 0.6706,
0.6510 0.6510 0.6706,
0.6510 0.6510 0.6706,
0.6510 0.6510 0.6706,
0.6510 0.6510 0.6706,
0.6510 0.6510 0.6706,
0.6510 0.6510 0.6706,
0.6510 0.6510 0.6706,
0.6510 0.6510 0.6706,
0.6510 0.6510 0.6706,
0.6510 0.6510 0.6706,
0.6510 0.6510 0.6706,
0.6510 0.6510 0.6706,
0.6510 0.6510 0.6706,
0.6510 0.6510 0.6706,
0.6510 0.6510 0.6706,
0.6510 0.6510 0.6706,
0.6510 0.6510 0.6706,
0.6510 0.6510 0.6706,
0.6510 0.6510 0.6706,
0.6510 0.6510 0.6706,
0.6510 0.6510 0.6706,
0.6510 0.6510 0.6706,
0.6510 0.6510 0.6706,
0.6510 0.6510 0.6706,
0.6510 0.6510 0.6706,
0.6510 0.6510 0.6706,
0.6510 0.6510 0.6706,
0.6510 0.6510 0.6706,
0.6510 0.6510 0.6706,
0.6510 0.6510 0.6706,
0.6510 0.6510 0.6706,
0.6510 0.6510 0.6706,
0.6510 0.6510 0.6706,
0.6510 0.6510 0.6706,
0.6510 0.6510 0.6706,
0.6510 0.6510 0.6706,
0.6510 0.6510 0.6706,
0.6510 0.6510 0.6706,
0.6510 0.6510 0.6706,
0.6510 0.6510 0.6706,
0.6510 0.6510 0.6706,
0.6510 0.6510 0.6706,
0.6510 0.6510 0.6706,
0.6510 0.6510 0.6706,
0.6510 0.6510 0.6706,
0.6510 0.6510 0.6706,
0.6510 0.6510 0.6706,
0.6510 0.6510 0.6706,
0.6510 0.6510 0.6706,
0.6510 0.6510 0.6706,
0.6510 0.6510 0.6706,
0.6510 0.6510 0.6706,
0.6510 0.6510 0.6706,
0.6510 0.6510 0.6706,
0.6510 0.6510 0.6706,
0.6510 0.6510 0.6706,
0.6510 0.6510 0.6706,
0.6510 0.6510 0.6706,
0.6510 0.6510 0.6706,
0.6510 0.6510 0.6706,
0.6510 0.6510 0.6706,
0.6510 0.6510 0.6706,
0.6510 0.6510 0.6706,
0.6510 0.6510 0.6706,
0.6510 0.6510 0.6706,
0.6510 0.6510 0.6706,
0.6510 0.6510 0.6706,
0.6510 0.6510 0.6706,
0.6510 0.6510 0.6706,
0.6510 0.6510 0.6706,
0.6510 0.6510 0.6706,
0.6510 0.6510 0.6706,
0.6510 0.6510 0.6706,
0.6510 0.6510 0.6706,
0.6510 0.6510 0.6706,
0.6510 0.6510 0.6706,
0.6510 0.6510 0.6706,
0.6510 0.6510 0.6706,
0.6510 0.6510 0.6706,
0.6510 0.6510 0.6706,
0.6510 0.6510 0.6706,
0.6510 0.6510 0.6706,
0.6510 0.6510 0.6706,
0.6510 0.6510 0.6706,
0.6510 0.6510 0.6706,
0.6510 0.6510 0.6706,
0.6510 0.6510 0.6706,
0.6510 0.6510 0.6706,
0.6510 0.6510 0.6706,
0.6510 0.6510 0.6706,
0.6510 0.6510 0.6706,
0.6510 0.6510 0.6706,
0.6510 0.6510 0.6706,
0.6510 0.6510 0.6706,
0.6510 0.6510 0.6706,
0.6510 0.6510 0.6706,
0.6510 0.6510 0.6706,
0.6510 0.6510 0.6706,
0.6510 0.6510 0.6706,
0.6510 0.6510 0.6706,
0.6510 0.6510 0.6706,
0.6510 0.6510 0.6706,
0.6510 0.6510 0.6706,
0.6510 0.6510 0.6706,
0.6510 0.6510 0.6706,
0.6510 0.6510 0.6706,
0.6510 0.6510 0.6706,
0.6510 0.6510 0.6706,
0.6510 0.6510 0.6706,
0.6510 0.6510 0.6706,
0.6510 0.6510 0.6706,
0.6510 0.6510 0.6706,
0.6510 0.6510 0.6706,
0.6510 0.6510 0.6706,
0.6510 0.6510 0.6706,
0.6510 0.6510 0.6706,
0.6510 0.6510 0.6706,
0.6510 0.6510 0.6706,
0.6510 0.6510 0.6706,
0.6510 0.6510 0.6706,
0.6510 0.6510 0.6706,
0.6510 0.6510 0.6706,
0.6510 0.6510 0.6706,
0.6510 0.6510 0.6706,
0.6510 0.6510 0.6706,
0.6510 0.6510 0.6706,
0.6510 0.6510 0.6706,
0.6510 0.6510 0.6706,
0.6510 0.6510 0.6706,
0.6510 0.6510 0.6706,
0.6510 0.6510 0.6706,
0.6510 0.6510 0.6706,
0.6510 0.6510 0.6706,
0.6510 0.6510 0.6706,
0.6510 0.6510 0.6706,
0.6510 0.6510 0.6706,
0.6510 0.6510 0.6706,
0.6510 0.6510 0.6706,
0.6510 0.6510 0.6706,
0.6510 0.6510 0.6706,
0.6510 0.6510 0.6706,
0.6510 0.6510 0.6706,
0.6510 0.6510 0.6706,
0.6510 0.6510 0.6706,
0.6510 0.6510 0.6706,
0.6510 0.6510 0.6706,
0.6510 0.6510 0.6706,
0.6510 0.6510 0.6706,
0.6510 0.6510 0.6706,
0.6510 0.6510 0.6706,
0.6510 0.6510 0.6706,
0.6510 0.6510 0.6706,
0.6510 0.6510 0.6706,
0.6510 0.6510 0.6706,
0.6510 0.6510 0.6706,
0.6510 0.6510 0.6706,
0.6510 0.6510 0.6706,
0.6510 0.6510 0.6706,
0.6510 0.6510 0.6706,
0.6510 0.6510 0.6706,
0.6510 0.6510 0.6706,
0.6510 0.6510 0.6706,
0.6510 0.6510 0.6706,
0.6510 0.6510 0.6706,
0.6510 0.6510 0.6706,
0.6510 0.6510 0.6706,
0.6510 0.6510 0.6706,
0.6510 0.6510 0.6706,
0.6510 0.6510 0.6706,
0.6510 0.6510 0.6706,
0.6510 0.6510 0.6706,
0.6510 0.6510 0.6706,
0.6510 0.6510 0.6706,
0.6510 0.6510 0.6706,
0.6510 0.6510 0.6706,
0.6510 0.6510 0.6706,
0.6510 0.6510 0.6706,
0.6510 0.6510 0.6706,
0.6510 0.6510 0.6706,
0.6510 0.6510 0.6706,
0.6510 0.6510 0.6706,
0.6510 0.6510 0.6706,
0.6510 0.6510 0.6706,
0.6510 0.6510 0.6706,
0.6510 0.6510 0.6706,
0.6510 0.6510 0.6706,
0.6510 0.6510 0.6706,
0.6510 0.6510 0.6706,
0.6510 0.6510 0.6706,
0.6510 0.6510 0.6706,
0.6510 0.6510 0.6706,
0.6510 0.6510 0.6706,
0.6510 0.6510 0.6706,
0.6510 0.6510 0.6706,
0.6510 0.6510 0.6706,
0.6510 0.6510 0.6706,
0.6510 0.6510 0.6706,
0.6510 0.6510 0.6706,
0.6510 0.6510 0.6706,
0.6510 0.6510 0.6706,
0.6510 0.6510 0.6706,
0.6510 0.6510 0.6706,
0.6510 0.6510 0.6706,
0.6510 0.6510 0.6706,
0.6510 0.6510 0.6706,
0.6510 0.6510 0.6706,
0.6510 0.6510 0.6706,
0.6510 0.6510 0.6706,
0.6510 0.6510 0.6706,
0.6510 0.6510 0.6706,
0.6510 0.6510 0.6706,
0.6510 0.6510 0.6706,
0.6510 0.6510 0.6706,
0.6510 0.6510 0.6706,
0.6510 0.6510 0.6706,
0.6510 0.6510 0.6706,
0.6510 0.6510 0.6706,
0.6510 0.6510 0.6706,
0.6510 0.6510 0.6706,
0.6510 0.6510 0.6706,
0.6510 0.6510 0.6706,
0.6510 0.6510 0.6706,
0.6510 0.6510 0.6706,
0.6510 0.6510 0.6706,
0.6510 0.6510 0.6706,
0.6510 0.6510 0.6706,
0.6510 0.6510 0.6706,
0.6510 0.6510 0.6706,
0.6510 0.6510 0.6706,
0.6510 0.6510 0.6706,
0.6510 0.6510 0.6706,
0.6510 0.6510 0.6706,
0.6510 0.6510 0.6706,
0.6510 0.6510 0.6706,
0.6510 0.6510 0.6706,
0.6510 0.6510 0.6706,
0.6510 0.6510 0.6706,
0.6510 0.6510 0.6706,
0.6510 0.6510 0.6706,
0.6510 0.6510 0.6706,
0.6510 0.6510 0.6706,
0.6510 0.6510 0.6706,
0.6510 0.6510 0.6706,
0.6510 0.6510 0.6706,
0.6510 0.6510 0.6706,
0.6510 0.6510 0.6706,
0.6510 0.6510 0.6706,
0.6510 0.6510 0.6706,
0.6510 0.6510 0.6706,
0.6510 0.6510 0.6706,
0.6510 0.6510 0.6706,
0.6510 0.6510 0.6706,
0.6510 0.6510 0.6706,
0.6510 0.6510 0.6706,
0.6510 0.6510 0.6706,
0.6510 0.6510 0.6706,
0.6510 0.6510 0.6706,
0.6510 0.6510 0.6706,
0.6510 0.6510 0.6706,
0.6510 0.6510 0.6706,
0.6510 0.6510 0.6706,
0.6510 0.6510 0.6706,
0.6510 0.6510 0.6706,
0.6510 0.6510 0.6706,
0.6510 0.6510 0.6706,
0.6510 0.6510 0.6706,
0.6510 0.6510 0.6706,
0.6510 0.6510 0.6706,
0.6510 0.6510 0.6706,
0.6510 0.6510 0.6706,
0.6510 0.6510 0.6706,
0.6510 0.6510 0.6706,
0.6510 0.6510 0.6706,
0.6510 0.6510 0.6706,
0.6510 0.6510 0.6706,
0.6510 0.6510 0.6706,
0.6510 0.6510 0.6706,
0.6510 0.6510 0.6706,
0.6510 0.6510 0.6706,
0.6510 0.6510 0.6706,
0.6510 0.6510 0.6706,
0.6510 0.6510 0.6706,
0.6510 0.6510 0.6706,
0.6510 0.6510 0.6706,
0.6510 0.6510 0.6706,
0.6510 0.6510 0.6706,
0.6510 0.6510 0.6706,
0.6510 0.6510 0.6706,
0.6510 0.6510 0.6706,
0.6510 0.6510 0.6706,
0.6510 0.6510 0.6706,
0.6510 0.6510 0.6706,
0.6510 0.6510 0.6706,
0.6510 0.6510 0.6706,
0.6510 0.6510 0.6706,
0.6510 0.6510 0.6706,
0.6510 0.6510 0.6706,
0.6510 0.6510 0.6706,
0.6510 0.6510 0.6706,
0.6510 0.6510 0.6706,
0.6510 0.6510 0.6706,
0.6510 0.6510 0.6706,
0.6510 0.6510 0.6706,
0.6510 0.6510 0.6706,
0.6510 0.6510 0.6706,
0.6510 0.6510 0.6706,
0.6510 0.6510 0.6706,
0.6510 0.6510 0.6706,
0.6510 0.6510 0.6706,
0.6510 0.6510 0.6706,
0.6510 0.6510 0.6706,
0.6510 0.6510 0.6706,
0.6510 0.6510 0.6706,
0.6510 0.6510 0.6706,
0.6510 0.6510 0.6706,
0.6510 0.6510 0.6706,
0.6510 0.6510 0.6706,
0.6510 0.6510 0.6706,
0.6510 0.6510 0.6706,
0.6510 0.6510 0.6706,
0.6510 0.6510 0.6706,
0.6510 0.6510 0.6706,
0.6510 0.6510 0.6706,
0.6510 0.6510 0.6706,
0.6510 0.6510 0.6706,
0.6510 0.6510 0.6706,
0.6510 0.6510 0.6706,
0.6510 0.6510 0.6706,
0.6510 0.6510 0.6706,
0.6510 0.6510 0.6706,
0.6510 0.6510 0.6706,
0.6510 0.6510 0.6706,
0.6510 0.6510 0.6706,
0.6510 0.6510 0.6706,
0.6510 0.6510 0.6706,
0.6510 0.6510 0.6706,
0.6510 0.6510 0.6706,
0.6510 0.6510 0.6706,
0.6510 0.6510 0.6706,
0.6510 0.6510 0.6706,
0.6510 0.6510 0.6706,
0.6510 0.6510 0.6706,
0.6510 0.6510 0.6706,
0.6510 0.6510 0.6706,
0.6510 0.6510 0.6706,
0.6510 0.6510 0.6706,
0.6510 0.6510 0.6706,
0.6510 0.6510 0.6706,
0.6510 0.6510 0.6706,
0.6510 0.6510 0.6706,
0.6510 0.6510 0.6706,
0.6510 0.6510 0.6706,
0.6510 0.6510 0.6706,
0.6510 0.6510 0.6706,
0.6510 0.6510 0.6706,
0.6510 0.6510 0.6706,
0.6510 0.6510 0.6706,
0.6510 0.6510 0.6706,
0.6510 0.6510 0.6706,
0.6510 0.6510 0.6706,
0.6510 0.6510 0.6706,
0.6510 0.6510 0.6706,
0.6510 0.6510 0.6706,
0.6510 0.6510 0.6706,
0.6510 0.6510 0.6706,
0.6510 0.6510 0.6706,
0.6510 0.6510 0.6706,
0.6510 0.6510 0.6706,
0.6510 0.6510 0.6706,
0.6510 0.6510 0.6706,
0.6510 0.6510 0.6706,
0.6510 0.6510 0.6706,
0.6510 0.6510 0.6706,
0.6510 0.6510 0.6706,
0.6510 0.6510 0.6706,
0.6510 0.6510 0.6706,
0.6510 0.6510 0.6706,
0.6510 0.6510 0.6706,
0.6510 0.6510 0.6706,
0.6510 0.6510 0.6706,
0.6510 0.6510 0.6706,
0.6510 0.6510 0.6706,
0.6510 0.6510 0.6706,
0.6510 0.6510 0.6706,
0.6510 0.6510 0.6706,
0.6510 0.6510 0.6706,
0.6510 0.6510 0.6706,
0.6510 0.6510 0.6706,
0.6510 0.6510 0.6706,
0.6510 0.6510 0.6706,
0.6510 0.6510 0.6706,
0.6510 0.6510 0.6706,
0.6510 0.6510 0.6706,
0.6510 0.6510 0.6706,
0.6510 0.6510 0.6706,
0.6510 0.6510 0.6706,
0.6510 0.6510 0.6706,
0.6510 0.6510 0.6706,
0.6510 0.6510 0.6706,
0.6510 0.6510 0.6706,
0.6510 0.6510 0.6706,
0.6510 0.6510 0.6706,
0.6510 0.6510 0.6706,
0.6510 0.6510 0.6706,
0.6510 0.6510 0.6706,
0.6510 0.6510 0.6706,
0.6510 0.6510 0.6706,
0.6510 0.6510 0.6706,
0.6510 0.6510 0.6706,
0.6510 0.6510 0.6706,
0.6510 0.6510 0.6706,
0.6510 0.6510 0.6706,
0.6510 0.6510 0.6706,
0.6510 0.6510 0.6706,
0.6510 0.6510 0.6706,
0.6510 0.6510 0.6706,
0.6510 0.6510 0.6706,
0.6510 0.6510 0.6706,
0.6510 0.6510 0.6706,
0.6510 0.6510 0.6706,
0.6510 0.6510 0.6706,
0.6510 0.6510 0.6706,
0.6510 0.6510 0.6706,
0.6510 0.6510 0.6706,
0.6510 0.6510 0.6706,
0.6510 0.6510 0.6706,
0.6510 0.6510 0.6706,
0.6510 0.6510 0.6706,
0.6510 0.6510 0.6706,
0.6510 0.6510 0.6706,
0.6510 0.6510 0.6706,
0.6510 0.6510 0.6706,
0.6510 0.6510 0.6706,
0.6510 0.6510 0.6706,
0.6510 0.6510 0.6706,
0.6510 0.6510 0.6706,
0.6510 0.6510 0.6706,
0.6510 0.6510 0.6706,
0.6510 0.6510 0.6706,
0.6510 0.6510 0.6706,
0.6510 0.6510 0.6706,
0.6510 0.6510 0.6706,
0.6510 0.6510 0.6706,
0.6510 0.6510 0.6706,
0.6510 0.6510 0.6706,
0.6510 0.6510 0.6706,
0.6510 0.6510 0.6706,
0.6510 0.6510 0.6706,
0.6510 0.6510 0.6706,
0.6510 0.6510 0.6706,
0.6510 0.6510 0.6706,
0.6510 0.6510 0.6706,
0.6510 0.6510 0.6706,
0.6510 0.6510 0.6706,
0.6510 0.6510 0.6706,
0.6510 0.6510 0.6706,
0.6510 0.6510 0.6706,
0.6510 0.6510 0.6706,
0.6510 0.6510 0.6706,
0.6510 0.6510 0.6706,
0.6510 0.6510 0.6706,
0.6510 0.6510 0.6706,
0.6510 0.6510 0.6706,
0.6510 0.6510 0.6706,
0.6510 0.6510 0.6706,
0.6510 0.6510 0.6706,
0.6510 0.6510 0.6706,
0.6510 0.6510 0.6706,
0.6510 0.6510 0.6706,
0.6510 0.6510 0.6706,
0.6510 0.6510 0.6706,
0.6510 0.6510 0.6706,
0.6510 0.6510 0.6706,
0.6510 0.6510 0.6706,
0.6510 0.6510 0.6706,
0.6510 0.6510 0.6706,
0.6510 0.6510 0.6706,
0.6510 0.6510 0.6706,
0.6510 0.6510 0.6706,
0.6510 0.6510 0.6706,
0.6510 0.6510 0.6706,
0.6510 0.6510 0.6706,
0.6510 0.6510 0.6706,
0.6510 0.6510 0.6706,
0.6510 0.6510 0.6706,
0.6510 0.6510 0.6706,
0.6510 0.6510 0.6706,
0.6510 0.6510 0.6706,
0.6510 0.6510 0.6706,
0.6510 0.6510 0.6706,
0.6510 0.6510 0.6706,
0.6510 0.6510 0.6706,
0.6510 0.6510 0.6706,
0.6510 0.6510 0.6706,
0.6510 0.6510 0.6706,
0.6510 0.6510 0.6706,
0.6510 0.6510 0.6706,
0.6510 0.6510 0.6706,
0.6510 0.6510 0.6706,
0.6510 0.6510 0.6706,
0.6510 0.6510 0.6706,
0.6510 0.6510 0.6706,
0.6510 0.6510 0.6706,
0.6510 0.6510 0.6706,
0.6510 0.6510 0.6706,
0.6510 0.6510 0.6706,
0.6510 0.6510 0.6706,
0.6510 0.6510 0.6706,
0.6510 0.6510 0.6706,
0.6510 0.6510 0.6706,
0.6510 0.6510 0.6706,
0.6510 0.6510 0.6706,
0.6510 0.6510 0.6706,
0.6510 0.6510 0.6706,
0.6510 0.6510 0.6706,
0.6510 0.6510 0.6706,
0.6510 0.6510 0.6706,
0.6510 0.6510 0.6706,
0.6510 0.6510 0.6706,
0.6510 0.6510 0.6706,
0.6510 0.6510 0.6706,
0.6510 0.6510 0.6706,
0.6510 0.6510 0.6706,
0.6510 0.6510 0.6706,
0.6510 0.6510 0.6706,
0.6510 0.6510 0.6706,
0.6510 0.6510 0.6706,
0.6510 0.6510 0.6706,
0.6510 0.6510 0.6706,
0.6510 0.6510 0.6706,
0.6510 0.6510 0.6706,
0.6510 0.6510 0.6706,
0.6510 0.6510 0.6706,
0.6510 0.6510 0.6706,
0.6510 0.6510 0.6706,
0.6510 0.6510 0.6706,
0.6510 0.6510 0.6706,
0.6510 0.6510 0.6706,
0.6510 0.6510 0.6706,
0.6510 0.6510 0.6706,
0.6510 0.6510 0.6706,
0.6510 0.6510 0.6706,
0.6510 0.6510 0.6706,
0.6510 0.6510 0.6706,
0.6510 0.6510 0.6706,
0.6510 0.6510 0.6706,
0.6510 0.6510 0.6706,
0.6510 0.6510 0.6706,
0.6510 0.6510 0.6706,
0.6510 0.6510 0.6706,
0.6510 0.6510 0.6706,
0.6510 0.6510 0.6706,
0.6510 0.6510 0.6706,
0.6510 0.6510 0.6706,
0.6510 0.6510 0.6706,
0.6510 0.6510 0.6706,
0.6510 0.6510 0.6706,
0.6510 0.6510 0.6706,
0.6510 0.6510 0.6706,
0.6510 0.6510 0.6706,
0.6510 0.6510 0.6706,
0.6510 0.6510 0.6706,
0.6510 0.6510 0.6706,
0.6510 0.6510 0.6706,
0.6510 0.6510 0.6706,
0.6510 0.6510 0.6706,
0.6510 0.6510 0.6706,
0.6510 0.6510 0.6706,
0.6510 0.6510 0.6706,
0.6510 0.6510 0.6706,
0.6510 0.6510 0.6706,
0.6510 0.6510 0.6706,
0.6510 0.6510 0.6706,
0.6510 0.6510 0.6706,
0.6510 0.6510 0.6706,
0.6510 0.6510 0.6706,
0.6510 0.6510 0.6706,
0.6510 0.6510 0.6706,
0.6510 0.6510 0.6706,
0.6510 0.6510 0.6706,
0.6510 0.6510 0.6706,
0.6510 0.6510 0.6706,
0.6510 0.6510 0.6706,
0.6510 0.6510 0.6706,
0.6510 0.6510 0.6706,
0.6510 0.6510 0.6706,
0.6510 0.6510 0.6706,
0.6510 0.6510 0.6706,
0.6510 0.6510 0.6706,
0.6510 0.6510 0.6706,
0.6510 0.6510 0.6706,
0.6510 0.6510 0.6706,
0.6510 0.6510 0.6706,
0.6510 0.6510 0.6706,
0.6510 0.6510 0.6706,
0.6510 0.6510 0.6706,
0.6510 0.6510 0.6706,
0.6510 0.6510 0.6706,
0.6510 0.6510 0.6706,
0.6510 0.6510 0.6706,
0.6510 0.6510 0.6706,
0.6510 0.6510 0.6706,
0.6510 0.6510 0.6706,
0.6510 0.6510 0.6706,
0.6510 0.6510 0.6706,
0.6510 0.6510 0.6706,
0.6510 0.6510 0.6706,
0.6510 0.6510 0.6706,
0.6510 0.6510 0.6706,
0.6510 0.6510 0.6706,
0.6510 0.6510 0.6706,
0.6510 0.6510 0.6706,
0.6510 0.6510 0.6706,
0.6510 0.6510 0.6706,
0.6510 0.6510 0.6706,
0.6510 0.6510 0.6706,
0.6510 0.6510 0.6706,
0.6510 0.6510 0.6706,
0.6510 0.6510 0.6706,
0.6510 0.6510 0.6706,
0.6510 0.6510 0.6706,
0.6510 0.6510 0.6706,
0.6510 0.6510 0.6706,
0.6510 0.6510 0.6706,
0.6510 0.6510 0.6706,
0.6510 0.6510 0.6706,
0.6510 0.6510 0.6706,
0.6510 0.6510 0.6706,
0.6510 0.6510 0.6706,
0.6510 0.6510 0.6706,
0.6510 0.6510 0.6706,
0.6510 0.6510 0.6706,
0.6510 0.6510 0.6706,
0.6510 0.6510 0.6706,
0.6510 0.6510 0.6706,
0.6510 0.6510 0.6706,
0.6510 0.6510 0.6706,
0.6510 0.6510 0.6706,
0.6510 0.6510 0.6706,
0.6510 0.6510 0.6706,
0.6510 0.6510 0.6706,
0.6510 0.6510 0.6706,
0.6510 0.6510 0.6706,
0.6510 0.6510 0.6706,
0.6510 0.6510 0.6706,
0.6510 0.6510 0.6706,
0.6510 0.6510 0.6706,
0.6510 0.6510 0.6706,
0.6510 0.6510 0.6706,
0.6510 0.6510 0.6706,
0.6510 0.6510 0.6706,
0.6510 0.6510 0.6706,
0.6510 0.6510 0.6706,
0.6510 0.6510 0.6706,
0.6510 0.6510 0.6706,
0.6510 0.6510 0.6706,
0.6510 0.6510 0.6706,
0.6510 0.6510 0.6706,
0.6510 0.6510 0.6706,
0.6510 0.6510 0.6706,
0.6510 0.6510 0.6706,
0.6510 0.6510 0.6706,
0.6510 0.6510 0.6706,
0.6510 0.6510 0.6706,
0.6510 0.6510 0.6706,
0.6510 0.6510 0.6706,
0.6510 0.6510 0.6706,
0.6510 0.6510 0.6706,
0.6510 0.6510 0.6706,
0.6510 0.6510 0.6706,
0.6510 0.6510 0.6706,
0.6510 0.6510 0.6706,
0.6510 0.6510 0.6706,
0.6510 0.6510 0.6706,
0.6510 0.6510 0.6706,
0.6510 0.6510 0.6706,
0.6510 0.6510 0.6706,
0.6510 0.6510 0.6706,
0.6510 0.6510 0.6706,
0.6510 0.6510 0.6706,
0.6510 0.6510 0.6706,
0.6510 0.6510 0.6706,
0.6510 0.6510 0.6706,
0.6510 0.6510 0.6706,
0.6510 0.6510 0.6706,
0.6510 0.6510 0.6706,
0.6510 0.6510 0.6706,
0.6510 0.6510 0.6706,
0.6510 0.6510 0.6706,
0.6510 0.6510 0.6706,
0.6510 0.6510 0.6706,
0.6510 0.6510 0.6706,
0.6510 0.6510 0.6706,
0.6510 0.6510 0.6706,
0.6510 0.6510 0.6706,
0.6510 0.6510 0.6706,
0.6510 0.6510 0.6706,
0.6510 0.6510 0.6706,
0.6510 0.6510 0.6706,
0.6510 0.6510 0.6706,
0.6510 0.6510 0.6706,
0.6510 0.6510 0.6706,
0.6510 0.6510 0.6706,
0.6510 0.6510 0.6706,
0.6510 0.6510 0.6706,
0.6510 0.6510 0.6706,
0.6510 0.6510 0.6706,
0.6510 0.6510 0.6706,
0.6510 0.6510 0.6706,
0.6510 0.6510 0.6706,
0.6510 0.6510 0.6706,
0.6510 0.6510 0.6706,
0.6510 0.6510 0.6706,
0.6510 0.6510 0.6706,
0.6510 0.6510 0.6706,
0.6510 0.6510 0.6706,
0.6510 0.6510 0.6706,
0.6510 0.6510 0.6706,
0.6510 0.6510 0.6706,
0.6510 0.6510 0.6706,
0.6510 0.6510 0.6706,
0.6510 0.6510 0.6706,
0.6510 0.6510 0.6706,
0.6510 0.6510 0.6706,
0.6510 0.6510 0.6706,
0.6510 0.6510 0.6706,
0.6510 0.6510 0.6706,
0.6510 0.6510 0.6706,
0.6510 0.6510 0.6706,
0.6510 0.6510 0.6706,
0.6510 0.6510 0.6706,
0.6510 0.6510 0.6706,
0.6510 0.6510 0.6706,
0.6510 0.6510 0.6706,
0.6510 0.6510 0.6706,
0.6510 0.6510 0.6706,
0.6510 0.6510 0.6706,
0.6510 0.6510 0.6706,
0.6510 0.6510 0.6706,
0.6510 0.6510 0.6706,
0.6510 0.6510 0.6706,
0.6510 0.6510 0.6706,
0.6510 0.6510 0.6706,
0.6510 0.6510 0.6706,
0.6510 0.6510 0.6706,
0.6510 0.6510 0.6706,
0.6510 0.6510 0.6706,
0.6510 0.6510 0.6706,
0.6510 0.6510 0.6706,
0.6510 0.6510 0.6706,
0.6510 0.6510 0.6706,
0.6510 0.6510 0.6706,
0.6510 0.6510 0.6706,
0.6510 0.6510 0.6706,
0.6510 0.6510 0.6706,
0.6510 0.6510 0.6706,
0.6510 0.6510 0.6706,
0.6510 0.6510 0.6706,
0.6510 0.6510 0.6706,
0.6510 0.6510 0.6706,
0.6510 0.6510 0.6706,
0.6510 0.6510 0.6706,
0.6510 0.6510 0.6706,
0.6510 0.6510 0.6706,
0.6510 0.6510 0.6706,
0.6510 0.6510 0.6706,
0.6510 0.6510 0.6706,
0.6510 0.6510 0.6706,
0.6510 0.6510 0.6706,
0.6510 0.6510 0.6706,
0.6510 0.6510 0.6706,
0.6510 0.6510 0.6706,
0.6510 0.6510 0.6706,
0.6510 0.6510 0.6706,
0.6510 0.6510 0.6706,
0.6510 0.6510 0.6706,
0.6510 0.6510 0.6706,
0.6510 0.6510 0.6706,
0.6510 0.6510 0.6706,
0.6510 0.6510 0.6706,
0.6510 0.6510 0.6706,
0.6510 0.6510 0.6706,
0.6510 0.6510 0.6706,
0.6510 0.6510 0.6706,
0.6510 0.6510 0.6706,
0.6510 0.6510 0.6706,
0.6510 0.6510 0.6706,
0.6510 0.6510 0.6706,
0.6510 0.6510 0.6706,
0.6510 0.6510 0.6706,
0.6510 0.6510 0.6706,
0.6510 0.6510 0.6706,
0.6510 0.6510 0.6706,
0.6510 0.6510 0.6706,
0.6510 0.6510 0.6706,
0.6510 0.6510 0.6706,
0.6510 0.6510 0.6706,
0.6510 0.6510 0.6706,
0.6510 0.6510 0.6706,
0.6510 0.6510 0.6706,
0.6510 0.6510 0.6706,
0.6510 0.6510 0.6706,
0.6510 0.6510 0.6706,
0.6510 0.6510 0.6706,
0.6510 0.6510 0.6706,
0.6510 0.6510 0.6706,
0.6510 0.6510 0.6706,
0.6510 0.6510 0.6706,
0.6510 0.6510 0.6706,
0.6510 0.6510 0.6706,
0.6510 0.6510 0.6706,
0.6510 0.6510 0.6706,
0.6510 0.6510 0.6706,
0.6510 0.6510 0.6706,
0.6510 0.6510 0.6706,
0.6510 0.6510 0.6706,
0.6510 0.6510 0.6706,
0.6510 0.6510 0.6706,
0.6510 0.6510 0.6706,
0.6510 0.6510 0.6706,
0.6510 0.6510 0.6706,
0.6510 0.6510 0.6706,
0.6510 0.6510 0.6706,
0.6510 0.6510 0.6706,
0.6510 0.6510 0.6706,
0.6510 0.6510 0.6706,
0.6510 0.6510 0.6706,
0.6510 0.6510 0.6706,
0.6510 0.6510 0.6706,
0.6510 0.6510 0.6706,
0.6510 0.6510 0.6706,
0.6510 0.6510 0.6706,
0.6510 0.6510 0.6706,
0.6510 0.6510 0.6706,
0.6510 0.6510 0.6706,
0.6510 0.6510 0.6706,
0.6510 0.6510 0.6706,
0.6510 0.6510 0.6706,
0.6510 0.6510 0.6706,
0.6510 0.6510 0.6706,
0.6510 0.6510 0.6706,
0.6510 0.6510 0.6706,
0.6510 0.6510 0.6706,
0.6510 0.6510 0.6706,
0.6510 0.6510 0.6706,
0.6510 0.6510 0.6706,
0.6510 0.6510 0.6706,
0.6510 0.6510 0.6706,
0.6510 0.6510 0.6706,
0.6510 0.6510 0.6706,
0.6510 0.6510 0.6706,
0.6510 0.6510 0.6706,
0.6510 0.6510 0.6706,
0.6510 0.6510 0.6706,
0.6510 0.6510 0.6706,
0.6510 0.6510 0.6706,
0.6510 0.6510 0.6706,
0.6510 0.6510 0.6706,
0.6510 0.6510 0.6706,
0.6510 0.6510 0.6706,
0.6510 0.6510 0.6706,
0.6510 0.6510 0.6706,
0.6510 0.6510 0.6706,
0.6510 0.6510 0.6706,
0.6510 0.6510 0.6706,
0.6510 0.6510 0.6706,
0.6510 0.6510 0.6706,
0.6510 0.6510 0.6706,
0.6510 0.6510 0.6706,
0.6510 0.6510 0.6706,
0.6510 0.6510 0.6706,
0.6510 0.6510 0.6706,
0.6510 0.6510 0.6706,
0.6510 0.6510 0.6706,
0.6510 0.6510 0.6706,
0.6510 0.6510 0.6706,
0.6510 0.6510 0.6706,
0.6510 0.6510 0.6706,
0.6510 0.6510 0.6706,
0.6510 0.6510 0.6706,
0.6510 0.6510 0.6706,
0.6510 0.6510 0.6706,
0.6510 0.6510 0.6706,
0.6510 0.6510 0.6706,
0.6510 0.6510 0.6706,
0.6510 0.6510 0.6706,
0.6510 0.6510 0.6706,
0.6510 0.6510 0.6706,
0.6510 0.6510 0.6706,
0.6510 0.6510 0.6706,
0.6510 0.6510 0.6706,
0.6510 0.6510 0.6706,
0.6510 0.6510 0.6706,
0.6510 0.6510 0.6706,
0.6510 0.6510 0.6706,
0.6510 0.6510 0.6706,
0.6510 0.6510 0.6706,
0.6510 0.6510 0.6706,
0.6510 0.6510 0.6706,
0.6510 0.6510 0.6706,
0.6510 0.6510 0.6706,
0.6510 0.6510 0.6706,
0.6510 0.6510 0.6706,
0.6510 0.6510 0.6706,
0.6510 0.6510 0.6706,
0.6510 0.6510 0.6706,
0.6510 0.6510 0.6706,
0.6510 0.6510 0.6706,
0.6510 0.6510 0.6706,
0.6510 0.6510 0.6706,
0.6510 0.6510 0.6706,
0.6510 0.6510 0.6706,
0.6510 0.6510 0.6706,
0.6510 0.6510 0.6706,
0.6510 0.6510 0.6706,
0.6510 0.6510 0.6706,
0.6510 0.6510 0.6706,
0.6510 0.6510 0.6706,
0.6510 0.6510 0.6706,
0.6510 0.6510 0.6706,
0.6510 0.6510 0.6706,
0.6510 0.6510 0.6706,
0.6510 0.6510 0.6706,
0.6510 0.6510 0.6706,
0.6510 0.6510 0.6706,
0.6510 0.6510 0.6706,
0.6510 0.6510 0.6706,
0.6510 0.6510 0.6706,
0.6510 0.6510 0.6706,
0.6510 0.6510 0.6706,
0.6510 0.6510 0.6706,
0.6510 0.6510 0.6706,
0.6510 0.6510 0.6706,
0.6510 0.6510 0.6706,
0.6510 0.6510 0.6706,
0.6510 0.6510 0.6706,
0.6510 0.6510 0.6706,
0.6510 0.6510 0.6706,
0.6510 0.6510 0.6706,
0.6510 0.6510 0.6706,
0.6510 0.6510 0.6706,
0.6510 0.6510 0.6706,
0.6510 0.6510 0.6706,
0.6510 0.6510 0.6706,
0.6510 0.6510 0.6706,
0.6510 0.6510 0.6706,
0.6510 0.6510 0.6706,
0.6510 0.6510 0.6706,
0.6510 0.6510 0.6706,
0.6510 0.6510 0.6706,
0.6510 0.6510 0.6706,
0.6510 0.6510 0.6706,
0.6510 0.6510 0.6706,
0.6510 0.6510 0.6706,
0.6510 0.6510 0.6706,
0.6510 0.6510 0.6706,
0.6510 0.6510 0.6706,
0.6510 0.6510 0.6706,
0.6510 0.6510 0.6706,
0.6510 0.6510 0.6706,
0.6510 0.6510 0.6706,
0.6510 0.6510 0.6706,
0.6510 0.6510 0.6706,
0.6510 0.6510 0.6706,
0.6510 0.6510 0.6706,
0.6510 0.6510 0.6706,
0.6510 0.6510 0.6706,
0.6510 0.6510 0.6706,
0.6510 0.6510 0.6706,
0.6510 0.6510 0.6706,
0.6510 0.6510 0.6706,
0.6510 0.6510 0.6706,
0.6510 0.6510 0.6706,
0.6510 0.6510 0.6706,
0.6510 0.6510 0.6706,
0.6510 0.6510 0.6706,
0.6510 0.6510 0.6706,
0.6510 0.6510 0.6706,
0.6510 0.6510 0.6706,
0.6510 0.6510 0.6706,
0.6510 0.6510 0.6706,
0.6510 0.6510 0.6706,
0.6510 0.6510 0.6706,
0.6510 0.6510 0.6706,
0.6510 0.6510 0.6706,
0.6510 0.6510 0.6706,
0.6510 0.6510 0.6706,
0.6510 0.6510 0.6706,
0.6510 0.6510 0.6706,
0.6510 0.6510 0.6706,
0.6510 0.6510 0.6706,
0.6510 0.6510 0.6706,
0.6510 0.6510 0.6706,
0.6510 0.6510 0.6706,
0.6510 0.6510 0.6706,
0.6510 0.6510 0.6706,
0.6510 0.6510 0.6706,
0.6510 0.6510 0.6706,
0.6510 0.6510 0.6706,
0.6510 0.6510 0.6706,
0.6510 0.6510 0.6706,
0.6510 0.6510 0.6706,
0.6510 0.6510 0.6706,
0.6510 0.6510 0.6706,
0.6510 0.6510 0.6706,
0.6510 0.6510 0.6706,
0.6510 0.6510 0.6706,
0.6510 0.6510 0.6706,
0.6510 0.6510 0.6706,
0.6510 0.6510 0.6706,
0.6510 0.6510 0.6706,
0.6510 0.6510 0.6706,
0.6510 0.6510 0.6706,
0.6510 0.6510 0.6706,
0.6510 0.6510 0.6706,
0.6510 0.6510 0.6706,
0.6510 0.6510 0.6706,
0.6510 0.6510 0.6706,
0.6510 0.6510 0.6706,
0.6510 0.6510 0.6706,
0.6510 0.6510 0.6706,
0.6510 0.6510 0.6706,
0.6510 0.6510 0.6706,
0.6510 0.6510 0.6706,
0.6510 0.6510 0.6706,
0.6510 0.6510 0.6706,
0.6510 0.6510 0.6706,
0.6510 0.6510 0.6706,
0.6510 0.6510 0.6706,
0.6510 0.6510 0.6706,
0.6510 0.6510 0.6706,
0.6510 0.6510 0.6706,
0.6510 0.6510 0.6706,
0.6510 0.6510 0.6706,
0.6510 0.6510 0.6706,
0.6510 0.6510 0.6706,
0.6510 0.6510 0.6706,
0.6510 0.6510 0.6706,
0.6510 0.6510 0.6706,
0.6510 0.6510 0.6706,
0.6510 0.6510 0.6706,
0.6510 0.6510 0.6706,
0.6510 0.6510 0.6706,
0.6510 0.6510 0.6706,
0.6510 0.6510 0.6706,
0.6510 0.6510 0.6706,
0.6510 0.6510 0.6706,
0.6510 0.6510 0.6706,
0.6510 0.6510 0.6706,
0.6510 0.6510 0.6706,
0.6510 0.6510 0.6706,
0.6510 0.6510 0.6706,
0.6510 0.6510 0.6706,
0.6510 0.6510 0.6706,
0.6510 0.6510 0.6706,
0.6510 0.6510 0.6706,
0.6510 0.6510 0.6706,
0.6510 0.6510 0.6706,
0.6510 0.6510 0.6706,
0.6510 0.6510 0.6706,
0.6510 0.6510 0.6706,
0.6510 0.6510 0.6706,
0.6510 0.6510 0.6706,
0.6510 0.6510 0.6706,
0.6510 0.6510 0.6706,
0.6510 0.6510 0.6706,
0.6510 0.6510 0.6706,
0.6510 0.6510 0.6706,
0.6510 0.6510 0.6706,
0.6510 0.6510 0.6706,
0.6510 0.6510 0.6706,
0.6510 0.6510 0.6706,
0.6510 0.6510 0.6706,
0.6510 0.6510 0.6706,
0.6510 0.6510 0.6706,
0.6510 0.6510 0.6706,
0.6510 0.6510 0.6706,
0.6510 0.6510 0.6706,
0.6510 0.6510 0.6706,
0.6510 0.6510 0.6706,
0.6510 0.6510 0.6706,
0.6510 0.6510 0.6706,
0.6510 0.6510 0.6706,
0.6510 0.6510 0.6706,
0.6510 0.6510 0.6706,
0.6510 0.6510 0.6706,
0.6510 0.6510 0.6706,
0.6510 0.6510 0.6706,
0.6510 0.6510 0.6706,
0.6510 0.6510 0.6706,
0.6510 0.6510 0.6706,
0.6510 0.6510 0.6706,
0.6510 0.6510 0.6706,
0.6510 0.6510 0.6706,
0.6510 0.6510 0.6706,
0.6510 0.6510 0.6706,
0.6510 0.6510 0.6706,
0.6510 0.6510 0.6706,
0.6510 0.6510 0.6706,
0.6510 0.6510 0.6706,
0.6510 0.6510 0.6706,
0.6510 0.6510 0.6706,
0.6510 0.6510 0.6706,
0.6510 0.6510 0.6706,
0.6510 0.6510 0.6706,
0.6510 0.6510 0.6706,
0.6510 0.6510 0.6706,
0.6510 0.6510 0.6706,
0.6510 0.6510 0.6706,
0.6510 0.6510 0.6706,
0.6510 0.6510 0.6706,
0.6510 0.6510 0.6706,
0.6510 0.6510 0.6706,
0.6510 0.6510 0.6706,
0.6510 0.6510 0.6706,
0.6510 0.6510 0.6706,
0.6510 0.6510 0.6706,
0.6510 0.6510 0.6706,
0.6510 0.6510 0.6706,
0.6510 0.6510 0.6706,
0.6510 0.6510 0.6706,
0.6510 0.6510 0.6706,
0.6510 0.6510 0.6706,
0.6510 0.6510 0.6706,
0.6510 0.6510 0.6706,
0.6510 0.6510 0.6706,
0.6510 0.6510 0.6706,
0.6510 0.6510 0.6706,
0.6510 0.6510 0.6706,
0.6510 0.6510 0.6706,
0.6510 0.6510 0.6706,
0.6510 0.6510 0.6706,
0.6510 0.6510 0.6706,
0.6510 0.6510 0.6706,
0.6510 0.6510 0.6706,
0.6510 0.6510 0.6706,
0.6510 0.6510 0.6706,
0.6510 0.6510 0.6706,
0.6510 0.6510 0.6706,
0.6510 0.6510 0.6706,
0.6510 0.6510 0.6706,
0.6510 0.6510 0.6706,
0.6510 0.6510 0.6706,
0.6510 0.6510 0.6706,
0.6510 0.6510 0.6706,
0.6510 0.6510 0.6706,
0.6510 0.6510 0.6706,
0.6510 0.6510 0.6706,
0.6510 0.6510 0.6706,
0.6510 0.6510 0.6706,
0.6510 0.6510 0.6706,
0.6510 0.6510 0.6706,
0.6510 0.6510 0.6706,
0.6510 0.6510 0.6706,
0.6510 0.6510 0.6706,
0.6510 0.6510 0.6706,
0.6510 0.6510 0.6706,
0.6510 0.6510 0.6706,
0.6510 0.6510 0.6706,
0.6510 0.6510 0.6706,
0.6510 0.6510 0.6706,
0.6510 0.6510 0.6706,
0.6510 0.6510 0.6706,
0.6510 0.6510 0.6706,
0.6510 0.6510 0.6706,
0.6510 0.6510 0.6706,
0.6510 0.6510 0.6706,
0.6510 0.6510 0.6706,
0.6510 0.6510 0.6706,
0.6510 0.6510 0.6706,
0.6510 0.6510 0.6706,
0.6510 0.6510 0.6706,
0.6510 0.6510 0.6706,
0.6510 0.6510 0.6706,
0.6510 0.6510 0.6706,
0.6510 0.6510 0.6706,
0.6510 0.6510 0.6706,
0.6510 0.6510 0.6706,
0.6510 0.6510 0.6706,
0.6510 0.6510 0.6706,
0.6510 0.6510 0.6706,
0.6510 0.6510 0.6706,
0.6510 0.6510 0.6706,
0.6510 0.6510 0.6706,
0.6510 0.6510 0.6706,
0.6510 0.6510 0.6706,
0.6510 0.6510 0.6706,
0.6510 0.6510 0.6706,
0.6510 0.6510 0.6706,
0.6510 0.6510 0.6706,
0.6510 0.6510 0.6706,
0.6510 0.6510 0.6706,
0.6510 0.6510 0.6706,
0.6510 0.6510 0.6706,
0.6510 0.6510 0.6706,
0.6510 0.6510 0.6706,
0.6510 0.6510 0.6706,
0.6510 0.6510 0.6706,
0.6510 0.6510 0.6706,
0.6510 0.6510 0.6706,
0.6510 0.6510 0.6706,
0.6510 0.6510 0.6706,
0.6510 0.6510 0.6706,
0.6510 0.6510 0.6706,
0.6510 0.6510 0.6706,
0.6510 0.6510 0.6706,
0.6510 0.6510 0.6706,
0.6510 0.6510 0.6706,
0.6510 0.6510 0.6706,
0.6510 0.6510 0.6706,
0.6510 0.6510 0.6706,
0.6510 0.6510 0.6706,
0.6510 0.6510 0.6706,
0.6510 0.6510 0.6706,
0.6510 0.6510 0.6706,
0.6510 0.6510 0.6706,
0.6510 0.6510 0.6706,
0.6510 0.6510 0.6706,
0.6510 0.6510 0.6706,
0.6510 0.6510 0.6706,
0.6510 0.6510 0.6706,
0.6510 0.6510 0.6706,
0.6510 0.6510 0.6706,
0.6510 0.6510 0.6706,
0.6510 0.6510 0.6706,
0.6510 0.6510 0.6706,
0.6510 0.6510 0.6706,
0.6510 0.6510 0.6706,
0.6510 0.6510 0.6706,
0.6510 0.6510 0.6706,
0.6510 0.6510 0.6706,
0.6510 0.6510 0.6706,
0.6510 0.6510 0.6706,
0.6510 0.6510 0.6706,
0.6510 0.6510 0.6706,
0.6510 0.6510 0.6706,
0.6510 0.6510 0.6706,
0.6510 0.6510 0.6706,
0.6510 0.6510 0.6706,
0.6510 0.6510 0.6706,
0.6510 0.6510 0.6706,
0.6510 0.6510 0.6706,
0.6510 0.6510 0.6706,
0.6510 0.6510 0.6706,
0.6510 0.6510 0.6706,
0.6510 0.6510 0.6706,
0.6510 0.6510 0.6706,
0.6510 0.6510 0.6706,
0.6510 0.6510 0.6706,
0.6510 0.6510 0.6706,
0.6510 0.6510 0.6706,
0.6510 0.6510 0.6706,
0.6510 0.6510 0.6706,
0.6510 0.6510 0.6706,
0.6510 0.6510 0.6706,
0.6510 0.6510 0.6706,
0.6510 0.6510 0.6706,
0.6510 0.6510 0.6706,
0.6510 0.6510 0.6706,
0.6510 0.6510 0.6706,
0.6510 0.6510 0.6706,
0.6510 0.6510 0.6706,
0.6510 0.6510 0.6706,
0.6510 0.6510 0.6706,
0.6510 0.6510 0.6706,
0.6510 0.6510 0.6706,
0.6510 0.6510 0.6706,
0.6510 0.6510 0.6706,
0.6510 0.6510 0.6706,
0.6510 0.6510 0.6706,
0.6510 0.6510 0.6706,
0.6510 0.6510 0.6706,
0.6510 0.6510 0.6706,
0.6510 0.6510 0.6706,
0.6510 0.6510 0.6706,
0.6510 0.6510 0.6706,
0.6510 0.6510 0.6706,
0.6510 0.6510 0.6706,
0.6510 0.6510 0.6706,
0.6510 0.6510 0.6706,
0.6510 0.6510 0.6706,
0.6510 0.6510 0.6706,
0.6510 0.6510 0.6706,
0.6510 0.6510 0.6706,
0.6510 0.6510 0.6706,
0.6510 0.6510 0.6706,
0.6510 0.6510 0.6706,
0.6510 0.6510 0.6706,
0.6510 0.6510 0.6706,
0.6510 0.6510 0.6706,
0.6510 0.6510 0.6706,
0.6510 0.6510 0.6706,
0.6510 0.6510 0.6706,
0.6510 0.6510 0.6706,
0.6510 0.6510 0.6706,
0.6510 0.6510 0.6706,
0.6510 0.6510 0.6706,
0.6510 0.6510 0.6706,
0.6510 0.6510 0.6706,
0.6510 0.6510 0.6706,
0.6510 0.6510 0.6706,
0.6510 0.6510 0.6706,
0.6510 0.6510 0.6706,
0.6510 0.6510 0.6706,
0.6510 0.6510 0.6706,
0.6510 0.6510 0.6706,
0.6510 0.6510 0.6706,
0.6510 0.6510 0.6706,
0.6510 0.6510 0.6706,
0.6510 0.6510 0.6706,
0.6510 0.6510 0.6706,
0.6510 0.6510 0.6706,
0.6510 0.6510 0.6706,
0.6510 0.6510 0.6706,
0.6510 0.6510 0.6706,
0.6510 0.6510 0.6706,
0.6510 0.6510 0.6706,
0.6510 0.6510 0.6706,
0.6510 0.6510 0.6706,
0.6510 0.6510 0.6706,
0.6510 0.6510 0.6706,
0.6510 0.6510 0.6706,
0.6510 0.6510 0.6706,
0.6510 0.6510 0.6706,
0.6510 0.6510 0.6706,
0.6510 0.6510 0.6706,
0.6510 0.6510 0.6706,
0.6510 0.6510 0.6706,
0.6510 0.6510 0.6706,
0.6510 0.6510 0.6706,
0.6510 0.6510 0.6706,
0.6510 0.6510 0.6706,
0.6510 0.6510 0.6706,
0.6510 0.6510 0.6706,
0.6510 0.6510 0.6706,
0.6510 0.6510 0.6706,
0.6510 0.6510 0.6706,
0.6510 0.6510 0.6706,
  ] } 
  normalPerVertex TRUE
  normal Normal {
   vector [
0.1951 0.4061 0.8928,
-0.1849 0.4305 0.8835,
-0.1266 0.6181 0.7758,
-0.1107 0.8677 0.4845,
0.1951 0.4061 0.8928,
-0.1266 0.6181 0.7758,
-0.2130 0.7263 0.6535,
-0.1107 0.8677 0.4845,
-0.1266 0.6181 0.7758,
-0.1236 0.4927 0.8614,
-0.2130 0.7263 0.6535,
-0.1266 0.6181 0.7758,
-0.1849 0.4305 0.8835,
-0.1236 0.4927 0.8614,
-0.1266 0.6181 0.7758,
-0.1587 0.3245 0.9325,
-0.1236 0.4927 0.8614,
-0.1849 0.4305 0.8835,
-0.3251 0.1045 0.9399,
-0.1587 0.3245 0.9325,
-0.1849 0.4305 0.8835,
0.0054 0.0764 0.9971,
-0.1587 0.3245 0.9325,
-0.3251 0.1045 0.9399,
-0.3042 -0.0819 0.9491,
0.0054 0.0764 0.9971,
-0.3251 0.1045 0.9399,
0.1321 0.2682 0.9543,
-0.1236 0.4927 0.8614,
-0.1587 0.3245 0.9325,
0.0054 0.0764 0.9971,
0.1321 0.2682 0.9543,
-0.1587 0.3245 0.9325,
0.0914 0.0915 0.9916,
0.1321 0.2682 0.9543,
0.0054 0.0764 0.9971,
0.3682 0.0814 0.9262,
0.1321 0.2682 0.9543,
0.0914 0.0915 0.9916,
0.5919 0.0221 0.8057,
0.3682 0.0814 0.9262,
0.0914 0.0915 0.9916,
-0.0268 0.4594 0.8878,
0.5919 0.0221 0.8057,
0.0914 0.0915 0.9916,
-0.3205 0.0059 0.9472,
-0.0268 0.4594 0.8878,
0.0914 0.0915 0.9916,
-0.6487 0.3622 0.6694,
-0.0268 0.4594 0.8878,
-0.3205 0.0059 0.9472,
-0.6950 -0.2107 0.6874,
-0.6487 0.3622 0.6694,
-0.3205 0.0059 0.9472,
-0.9398 -0.1610 0.3014,
-0.6487 0.3622 0.6694,
-0.6950 -0.2107 0.6874,
-0.6976 -0.4196 0.5808,
-0.9398 -0.1610 0.3014,
-0.6950 -0.2107 0.6874,
-0.5717 -0.3876 0.7231,
-0.6976 -0.4196 0.5808,
-0.6950 -0.2107 0.6874,
-0.5281 -0.2758 0.8032,
-0.5717 -0.3876 0.7231,
-0.6950 -0.2107 0.6874,
-0.6245 -0.3105 0.7166,
-0.5717 -0.3876 0.7231,
-0.5281 -0.2758 0.8032,
-0.4396 -0.2134 0.8725,
-0.5717 -0.3876 0.7231,
-0.6245 -0.3105 0.7166,
-0.6265 0.0335 0.7787,
-0.4396 -0.2134 0.8725,
-0.6245 -0.3105 0.7166,
-0.8189 -0.0709 0.5695,
-0.6265 0.0335 0.7787,
-0.6245 -0.3105 0.7166,
-0.8004 -0.1749 0.5734,
-0.8189 -0.0709 0.5695,
-0.6245 -0.3105 0.7166,
-0.5935 -0.2012 0.7793,
-0.8004 -0.1749 0.5734,
-0.6245 -0.3105 0.7166,
-0.5281 -0.2758 0.8032,
-0.5935 -0.2012 0.7793,
-0.6245 -0.3105 0.7166,
-0.8972 -0.0519 0.4387,
-0.8189 -0.0709 0.5695,
-0.8004 -0.1749 0.5734,
-0.7361 -0.2200 0.6401,
-0.8972 -0.0519 0.4387,
-0.8004 -0.1749 0.5734,
-0.5935 -0.2012 0.7793,
-0.7361 -0.2200 0.6401,
-0.8004 -0.1749 0.5734,
-0.9347 0.3377 0.1110,
-0.8972 -0.0519 0.4387,
-0.7361 -0.2200 0.6401,
-0.9741 0.2246 0.0247,
-0.8972 -0.0519 0.4387,
-0.9347 0.3377 0.1110,
-0.9210 0.3838 -0.0663,
-0.9741 0.2246 0.0247,
-0.9347 0.3377 0.1110,
-0.8342 0.5423 -0.1000,
-0.9210 0.3838 -0.0663,
-0.9347 0.3377 0.1110,
-0.8640 0.3309 -0.3794,
-0.9210 0.3838 -0.0663,
-0.8342 0.5423 -0.1000,
-0.7641 0.5487 -0.3392,
-0.8640 0.3309 -0.3794,
-0.8342 0.5423 -0.1000,
-0.6485 0.3630 -0.6691,
-0.8640 0.3309 -0.3794,
-0.7641 0.5487 -0.3392,
-0.4332 0.5914 -0.6801,
-0.6485 0.3630 -0.6691,
-0.7641 0.5487 -0.3392,
-0.5488 0.7671 -0.3322,
-0.4332 0.5914 -0.6801,
-0.7641 0.5487 -0.3392,
-0.8161 0.1584 -0.5557,
-0.8640 0.3309 -0.3794,
-0.6485 0.3630 -0.6691,
-0.6172 0.0584 -0.7846,
-0.8161 0.1584 -0.5557,
-0.6485 0.3630 -0.6691,
-0.4888 0.1907 -0.8513,
-0.6172 0.0584 -0.7846,
-0.6485 0.3630 -0.6691,
-0.3248 0.4909 -0.8084,
-0.4888 0.1907 -0.8513,
-0.6485 0.3630 -0.6691,
-0.4332 0.5914 -0.6801,
-0.3248 0.4909 -0.8084,
-0.6485 0.3630 -0.6691,
-0.2804 0.6252 -0.7284,
-0.3248 0.4909 -0.8084,
-0.4332 0.5914 -0.6801,
-0.5488 0.7671 -0.3322,
-0.2804 0.6252 -0.7284,
-0.4332 0.5914 -0.6801,
-0.2005 0.8654 -0.4592,
-0.2804 0.6252 -0.7284,
-0.5488 0.7671 -0.3322,
-0.3439 0.8695 -0.3546,
-0.2005 0.8654 -0.4592,
-0.5488 0.7671 -0.3322,
-0.0615 0.9787 -0.1957,
-0.2005 0.8654 -0.4592,
-0.3439 0.8695 -0.3546,
-0.3984 0.9167 -0.0293,
-0.0615 0.9787 -0.1957,
-0.3439 0.8695 -0.3546,
-0.5488 0.7671 -0.3322,
-0.3984 0.9167 -0.0293,
-0.3439 0.8695 -0.3546,
-0.0605 0.9958 0.0688,
-0.0615 0.9787 -0.1957,
-0.3984 0.9167 -0.0293,
-0.3398 0.9338 0.1119,
-0.0605 0.9958 0.0688,
-0.3984 0.9167 -0.0293,
-0.5832 0.8080 -0.0843,
-0.3398 0.9338 0.1119,
-0.3984 0.9167 -0.0293,
-0.8032 0.5903 0.0797,
-0.3398 0.9338 0.1119,
-0.5832 0.8080 -0.0843,
0.0293 0.9914 0.1276,
-0.0615 0.9787 -0.1957,
-0.0605 0.9958 0.0688,
0.3411 0.9381 0.0612,
0.0293 0.9914 0.1276,
-0.0605 0.9958 0.0688,
0.3371 0.8550 0.3941,
0.3411 0.9381 0.0612,
-0.0605 0.9958 0.0688,
0.0316 0.9162 0.3996,
0.3371 0.8550 0.3941,
-0.0605 0.9958 0.0688,
0.3945 0.8530 0.3416,
0.0293 0.9914 0.1276,
0.3411 0.9381 0.0612,
0.3371 0.8550 0.3941,
0.3945 0.8530 0.3416,
0.3411 0.9381 0.0612,
0.6055 0.6880 0.4001,
0.3945 0.8530 0.3416,
0.3371 0.8550 0.3941,
0.7195 0.5739 0.3911,
0.3945 0.8530 0.3416,
0.6055 0.6880 0.4001,
0.6032 0.4502 0.6584,
0.3945 0.8530 0.3416,
0.7195 0.5739 0.3911,
0.8541 0.2617 0.4495,
0.6032 0.4502 0.6584,
0.7195 0.5739 0.3911,
0.8000 0.4505 0.3963,
0.8541 0.2617 0.4495,
0.7195 0.5739 0.3911,
0.6055 0.6880 0.4001,
0.8000 0.4505 0.3963,
0.7195 0.5739 0.3911,
0.7034 0.4257 0.5692,
0.8000 0.4505 0.3963,
0.6055 0.6880 0.4001,
0.3327 0.7071 0.6240,
0.7034 0.4257 0.5692,
0.6055 0.6880 0.4001,
0.3371 0.8550 0.3941,
0.3327 0.7071 0.6240,
0.6055 0.6880 0.4001,
0.1212 0.8299 0.5445,
0.3327 0.7071 0.6240,
0.3371 0.8550 0.3941,
0.0316 0.9162 0.3996,
0.1212 0.8299 0.5445,
0.3371 0.8550 0.3941,
0.1780 0.5681 0.8035,
0.3327 0.7071 0.6240,
0.1212 0.8299 0.5445,
0.4198 0.3702 0.8287,
0.3327 0.7071 0.6240,
0.1780 0.5681 0.8035,
0.7034 0.4257 0.5692,
0.3327 0.7071 0.6240,
0.4198 0.3702 0.8287,
0.6481 0.2339 0.7247,
0.7034 0.4257 0.5692,
0.4198 0.3702 0.8287,
0.5376 0.0365 0.8424,
0.6481 0.2339 0.7247,
0.4198 0.3702 0.8287,
0.7354 -0.2282 0.6381,
0.6481 0.2339 0.7247,
0.5376 0.0365 0.8424,
0.8350 0.2142 0.5068,
0.6481 0.2339 0.7247,
0.7354 -0.2282 0.6381,
0.8350 0.2142 0.5068,
0.7034 0.4257 0.5692,
0.6481 0.2339 0.7247,
0.8000 0.4505 0.3963,
0.7034 0.4257 0.5692,
0.8350 0.2142 0.5068,
0.9316 0.1280 0.3402,
0.8000 0.4505 0.3963,
0.8350 0.2142 0.5068,
0.9112 -0.1436 0.3861,
0.9316 0.1280 0.3402,
0.8350 0.2142 0.5068,
0.7354 -0.2282 0.6381,
0.9112 -0.1436 0.3861,
0.8350 0.2142 0.5068,
0.8461 -0.1434 0.5134,
0.9112 -0.1436 0.3861,
0.7354 -0.2282 0.6381,
0.8632 -0.4431 0.2420,
0.9112 -0.1436 0.3861,
0.8461 -0.1434 0.5134,
0.8319 -0.5310 0.1610,
0.8632 -0.4431 0.2420,
0.8461 -0.1434 0.5134,
0.9820 -0.1868 -0.0275,
0.8319 -0.5310 0.1610,
0.8461 -0.1434 0.5134,
0.9406 0.2526 0.2269,
0.9820 -0.1868 -0.0275,
0.8461 -0.1434 0.5134,
0.5870 -0.7327 -0.3444,
0.8319 -0.5310 0.1610,
0.9820 -0.1868 -0.0275,
0.8103 -0.5722 0.1264,
0.8632 -0.4431 0.2420,
0.8319 -0.5310 0.1610,
0.5891 -0.8078 -0.0220,
0.8103 -0.5722 0.1264,
0.8319 -0.5310 0.1610,
0.5870 -0.7327 -0.3444,
0.5891 -0.8078 -0.0220,
0.8319 -0.5310 0.1610,
0.2749 -0.9578 -0.0845,
0.5891 -0.8078 -0.0220,
0.5870 -0.7327 -0.3444,
0.2103 -0.9473 -0.2417,
0.2749 -0.9578 -0.0845,
0.5870 -0.7327 -0.3444,
0.0160 -0.7386 -0.6740,
0.2103 -0.9473 -0.2417,
0.5870 -0.7327 -0.3444,
0.4825 -0.5924 -0.6451,
0.0160 -0.7386 -0.6740,
0.5870 -0.7327 -0.3444,
0.9677 -0.1501 -0.2026,
0.4825 -0.5924 -0.6451,
0.5870 -0.7327 -0.3444,
0.9820 -0.1868 -0.0275,
0.9677 -0.1501 -0.2026,
0.5870 -0.7327 -0.3444,
0.9406 0.2526 0.2269,
0.9677 -0.1501 -0.2026,
0.9820 -0.1868 -0.0275,
0.9417 0.2517 0.2235,
0.9677 -0.1501 -0.2026,
0.9406 0.2526 0.2269,
0.6263 0.5317 0.5701,
0.9417 0.2517 0.2235,
0.9406 0.2526 0.2269,
0.6117 0.4957 0.6165,
0.6263 0.5317 0.5701,
0.9406 0.2526 0.2269,
0.7287 -0.0013 0.6848,
0.9417 0.2517 0.2235,
0.6263 0.5317 0.5701,
0.3055 0.2546 0.9175,
0.7287 -0.0013 0.6848,
0.6263 0.5317 0.5701,
-0.0481 0.6317 0.7737,
0.3055 0.2546 0.9175,
0.6263 0.5317 0.5701,
-0.2226 0.1228 0.9672,
0.3055 0.2546 0.9175,
-0.0481 0.6317 0.7737,
-0.5820 0.4616 0.6695,
-0.2226 0.1228 0.9672,
-0.0481 0.6317 0.7737,
-0.6842 -0.0457 0.7279,
-0.2226 0.1228 0.9672,
-0.5820 0.4616 0.6695,
-0.9412 0.0655 0.3313,
-0.6842 -0.0457 0.7279,
-0.5820 0.4616 0.6695,
-0.7943 -0.4633 0.3930,
-0.6842 -0.0457 0.7279,
-0.9412 0.0655 0.3313,
-0.9266 -0.3749 -0.0293,
-0.7943 -0.4633 0.3930,
-0.9412 0.0655 0.3313,
-0.6671 -0.7426 -0.0592,
-0.7943 -0.4633 0.3930,
-0.9266 -0.3749 -0.0293,
-0.5045 -0.7183 -0.4792,
-0.6671 -0.7426 -0.0592,
-0.9266 -0.3749 -0.0293,
-0.7159 -0.6944 -0.0725,
-0.5045 -0.7183 -0.4792,
-0.9266 -0.3749 -0.0293,
-0.1963 -0.9497 -0.2441,
-0.6671 -0.7426 -0.0592,
-0.5045 -0.7183 -0.4792,
0.0073 -0.7103 -0.7038,
-0.1963 -0.9497 -0.2441,
-0.5045 -0.7183 -0.4792,
0.3331 -0.8731 -0.3561,
-0.1963 -0.9497 -0.2441,
0.0073 -0.7103 -0.7038,
0.2540 -0.9505 0.1792,
-0.1963 -0.9497 -0.2441,
0.3331 -0.8731 -0.3561,
0.7449 -0.6641 -0.0638,
0.2540 -0.9505 0.1792,
0.3331 -0.8731 -0.3561,
0.6074 -0.5882 0.5340,
0.2540 -0.9505 0.1792,
0.7449 -0.6641 -0.0638,
0.9342 -0.2568 0.2476,
0.6074 -0.5882 0.5340,
0.7449 -0.6641 -0.0638,
0.0991 -0.7439 0.6609,
0.2540 -0.9505 0.1792,
0.6074 -0.5882 0.5340,
0.2378 -0.2876 0.9277,
0.0991 -0.7439 0.6609,
0.6074 -0.5882 0.5340,
-0.3439 -0.4641 0.8163,
0.0991 -0.7439 0.6609,
0.2378 -0.2876 0.9277,
-0.3339 -0.8738 0.3536,
0.0991 -0.7439 0.6609,
-0.3439 -0.4641 0.8163,
0.2540 -0.9505 0.1792,
0.0991 -0.7439 0.6609,
-0.3339 -0.8738 0.3536,
-0.1963 -0.9497 -0.2441,
0.2540 -0.9505 0.1792,
-0.3339 -0.8738 0.3536,
-0.6671 -0.7426 -0.0592,
-0.1963 -0.9497 -0.2441,
-0.3339 -0.8738 0.3536,
-0.7943 -0.4633 0.3930,
-0.6671 -0.7426 -0.0592,
-0.3339 -0.8738 0.3536,
-0.3439 -0.4641 0.8163,
-0.7943 -0.4633 0.3930,
-0.3339 -0.8738 0.3536,
-0.6842 -0.0457 0.7279,
-0.7943 -0.4633 0.3930,
-0.3439 -0.4641 0.8163,
-0.2226 0.1228 0.9672,
-0.6842 -0.0457 0.7279,
-0.3439 -0.4641 0.8163,
0.2378 -0.2876 0.9277,
-0.2226 0.1228 0.9672,
-0.3439 -0.4641 0.8163,
0.3055 0.2546 0.9175,
-0.2226 0.1228 0.9672,
0.2378 -0.2876 0.9277,
0.7287 -0.0013 0.6848,
0.3055 0.2546 0.9175,
0.2378 -0.2876 0.9277,
0.6074 -0.5882 0.5340,
0.7287 -0.0013 0.6848,
0.2378 -0.2876 0.9277,
0.9342 -0.2568 0.2476,
0.7287 -0.0013 0.6848,
0.6074 -0.5882 0.5340,
0.9417 0.2517 0.2235,
0.7287 -0.0013 0.6848,
0.9342 -0.2568 0.2476,
0.9677 -0.1501 -0.2026,
0.9417 0.2517 0.2235,
0.9342 -0.2568 0.2476,
0.7449 -0.6641 -0.0638,
0.9677 -0.1501 -0.2026,
0.9342 -0.2568 0.2476,
0.4825 -0.5924 -0.6451,
0.9677 -0.1501 -0.2026,
0.7449 -0.6641 -0.0638,
0.3331 -0.8731 -0.3561,
0.4825 -0.5924 -0.6451,
0.7449 -0.6641 -0.0638,
0.0073 -0.7103 -0.7038,
0.4825 -0.5924 -0.6451,
0.3331 -0.8731 -0.3561,
0.0073 -0.7103 -0.7038,
0.0160 -0.7386 -0.6740,
0.4825 -0.5924 -0.6451,
-0.5045 -0.7183 -0.4792,
0.0160 -0.7386 -0.6740,
0.0073 -0.7103 -0.7038,
-0.7159 -0.6944 -0.0725,
0.0160 -0.7386 -0.6740,
-0.5045 -0.7183 -0.4792,
-0.0060 -0.9791 -0.2035,
0.0160 -0.7386 -0.6740,
-0.7159 -0.6944 -0.0725,
-0.2683 -0.8969 0.3516,
-0.0060 -0.9791 -0.2035,
-0.7159 -0.6944 -0.0725,
0.2416 -0.9431 0.2283,
-0.0060 -0.9791 -0.2035,
-0.2683 -0.8969 0.3516,
0.1727 -0.8086 0.5624,
0.2416 -0.9431 0.2283,
-0.2683 -0.8969 0.3516,
-0.3919 -0.4588 0.7974,
0.1727 -0.8086 0.5624,
-0.2683 -0.8969 0.3516,
-0.1962 -0.3988 0.8958,
0.1727 -0.8086 0.5624,
-0.3919 -0.4588 0.7974,
0.0773 -0.7863 0.6129,
0.1727 -0.8086 0.5624,
-0.1962 -0.3988 0.8958,
-0.3821 -0.4708 0.7952,
0.0773 -0.7863 0.6129,
-0.1962 -0.3988 0.8958,
-0.4048 -0.0473 0.9132,
-0.3821 -0.4708 0.7952,
-0.1962 -0.3988 0.8958,
-0.6848 -0.0142 0.7286,
-0.3821 -0.4708 0.7952,
-0.4048 -0.0473 0.9132,
-0.7548 0.2925 0.5872,
-0.6848 -0.0142 0.7286,
-0.4048 -0.0473 0.9132,
-0.9407 0.1491 0.3048,
-0.6848 -0.0142 0.7286,
-0.7548 0.2925 0.5872,
-0.8788 0.4683 0.0915,
-0.9407 0.1491 0.3048,
-0.7548 0.2925 0.5872,
-0.9042 0.1731 0.3905,
-0.8788 0.4683 0.0915,
-0.7548 0.2925 0.5872,
-0.8632 0.3604 -0.3536,
-0.8788 0.4683 0.0915,
-0.9042 0.1731 0.3905,
-0.6928 0.4278 -0.5806,
-0.8788 0.4683 0.0915,
-0.8632 0.3604 -0.3536,
-0.4986 0.3610 -0.7881,
-0.6928 0.4278 -0.5806,
-0.8632 0.3604 -0.3536,
-0.7135 0.1691 -0.6799,
-0.4986 0.3610 -0.7881,
-0.8632 0.3604 -0.3536,
-0.4445 -0.0165 -0.8956,
-0.4986 0.3610 -0.7881,
-0.7135 0.1691 -0.6799,
-0.0740 0.0127 -0.9972,
-0.4986 0.3610 -0.7881,
-0.4445 -0.0165 -0.8956,
-0.0230 -0.3659 -0.9304,
-0.0740 0.0127 -0.9972,
-0.4445 -0.0165 -0.8956,
-0.1906 -0.3107 -0.9312,
-0.0230 -0.3659 -0.9304,
-0.4445 -0.0165 -0.8956,
-0.3360 -0.0793 -0.9385,
-0.1906 -0.3107 -0.9312,
-0.4445 -0.0165 -0.8956,
0.0568 -0.4980 -0.8653,
-0.0230 -0.3659 -0.9304,
-0.1906 -0.3107 -0.9312,
0.1332 -0.3757 -0.9171,
0.0568 -0.4980 -0.8653,
-0.1906 -0.3107 -0.9312,
-0.0951 -0.1236 -0.9878,
0.1332 -0.3757 -0.9171,
-0.1906 -0.3107 -0.9312,
-0.3360 -0.0793 -0.9385,
-0.0951 -0.1236 -0.9878,
-0.1906 -0.3107 -0.9312,
-0.1940 0.1129 -0.9745,
-0.0951 -0.1236 -0.9878,
-0.3360 -0.0793 -0.9385,
-0.2403 0.0802 -0.9674,
-0.0951 -0.1236 -0.9878,
-0.1940 0.1129 -0.9745,
-0.3276 0.4593 -0.8256,
-0.2403 0.0802 -0.9674,
-0.1940 0.1129 -0.9745,
-0.6974 0.0675 -0.7135,
-0.2403 0.0802 -0.9674,
-0.3276 0.4593 -0.8256,
-0.5654 0.6316 -0.5305,
-0.6974 0.0675 -0.7135,
-0.3276 0.4593 -0.8256,
-0.8454 0.3353 -0.4159,
-0.6974 0.0675 -0.7135,
-0.5654 0.6316 -0.5305,
-0.7808 0.5884 -0.2100,
-0.8454 0.3353 -0.4159,
-0.5654 0.6316 -0.5305,
-0.6420 0.7667 0.0116,
-0.7808 0.5884 -0.2100,
-0.5654 0.6316 -0.5305,
-0.2626 0.9504 -0.1667,
-0.6420 0.7667 0.0116,
-0.5654 0.6316 -0.5305,
-0.3329 0.8726 0.3574,
-0.6420 0.7667 0.0116,
-0.2626 0.9504 -0.1667,
-0.6452 0.7631 -0.0373,
-0.6420 0.7667 0.0116,
-0.3329 0.8726 0.3574,
-0.2962 0.9010 0.3168,
-0.6452 0.7631 -0.0373,
-0.3329 0.8726 0.3574,
0.0788 0.7641 0.6403,
-0.2962 0.9010 0.3168,
-0.3329 0.8726 0.3574,
0.1213 0.8117 0.5713,
0.0788 0.7641 0.6403,
-0.3329 0.8726 0.3574,
0.4553 0.3918 0.7995,
0.0788 0.7641 0.6403,
0.1213 0.8117 0.5713,
0.5717 0.5861 0.5741,
0.0788 0.7641 0.6403,
0.4553 0.3918 0.7995,
0.7723 0.0390 0.6340,
0.5717 0.5861 0.5741,
0.4553 0.3918 0.7995,
0.6175 0.1227 0.7769,
0.7723 0.0390 0.6340,
0.4553 0.3918 0.7995,
0.7703 -0.2605 0.5820,
0.7723 0.0390 0.6340,
0.6175 0.1227 0.7769,
0.7663 -0.5318 0.3606,
0.7723 0.0390 0.6340,
0.7703 -0.2605 0.5820,
0.8660 -0.4657 0.1821,
0.7663 -0.5318 0.3606,
0.7703 -0.2605 0.5820,
0.9653 -0.0976 0.2424,
0.8660 -0.4657 0.1821,
0.7703 -0.2605 0.5820,
0.9906 -0.1358 -0.0159,
0.8660 -0.4657 0.1821,
0.9653 -0.0976 0.2424,
0.9905 0.0643 0.1212,
0.9906 -0.1358 -0.0159,
0.9653 -0.0976 0.2424,
0.9790 -0.1954 0.0583,
0.9906 -0.1358 -0.0159,
0.9905 0.0643 0.1212,
0.9448 -0.3009 -0.1299,
0.9906 -0.1358 -0.0159,
0.9790 -0.1954 0.0583,
0.8496 -0.4988 -0.1715,
0.9448 -0.3009 -0.1299,
0.9790 -0.1954 0.0583,
0.8225 -0.4594 -0.3354,
0.9448 -0.3009 -0.1299,
0.8496 -0.4988 -0.1715,
0.9906 -0.1358 -0.0159,
0.9448 -0.3009 -0.1299,
0.8225 -0.4594 -0.3354,
0.8858 -0.4579 -0.0755,
0.9906 -0.1358 -0.0159,
0.8225 -0.4594 -0.3354,
0.6547 -0.6107 -0.4454,
0.8858 -0.4579 -0.0755,
0.8225 -0.4594 -0.3354,
0.6809 -0.5188 -0.5169,
0.6547 -0.6107 -0.4454,
0.8225 -0.4594 -0.3354,
0.3837 -0.5628 -0.7321,
0.6547 -0.6107 -0.4454,
0.6809 -0.5188 -0.5169,
0.2932 -0.4954 -0.8177,
0.3837 -0.5628 -0.7321,
0.6809 -0.5188 -0.5169,
0.6891 -0.5792 -0.4356,
0.2932 -0.4954 -0.8177,
0.6809 -0.5188 -0.5169,
0.3129 -0.5507 -0.7739,
0.2932 -0.4954 -0.8177,
0.6891 -0.5792 -0.4356,
0.4346 -0.7599 -0.4834,
0.3129 -0.5507 -0.7739,
0.6891 -0.5792 -0.4356,
0.6389 -0.7164 -0.2802,
0.4346 -0.7599 -0.4834,
0.6891 -0.5792 -0.4356,
0.3472 -0.9251 -0.1536,
0.4346 -0.7599 -0.4834,
0.6389 -0.7164 -0.2802,
0.1410 -0.8643 -0.4829,
0.4346 -0.7599 -0.4834,
0.3472 -0.9251 -0.1536,
0.3286 -0.9161 -0.2296,
0.1410 -0.8643 -0.4829,
0.3472 -0.9251 -0.1536,
0.1842 -0.7279 -0.6605,
0.1410 -0.8643 -0.4829,
0.3286 -0.9161 -0.2296,
0.5973 -0.6570 -0.4599,
0.1842 -0.7279 -0.6605,
0.3286 -0.9161 -0.2296,
0.5457 -0.8368 0.0451,
0.5973 -0.6570 -0.4599,
0.3286 -0.9161 -0.2296,
0.5898 -0.8034 -0.0819,
0.5973 -0.6570 -0.4599,
0.5457 -0.8368 0.0451,
0.4318 -0.8219 0.3716,
0.5898 -0.8034 -0.0819,
0.5457 -0.8368 0.0451,
0.2540 -0.9505 0.1792,
0.5898 -0.8034 -0.0819,
0.4318 -0.8219 0.3716,
0.3331 -0.8731 -0.3561,
0.5898 -0.8034 -0.0819,
0.2540 -0.9505 0.1792,
-0.1963 -0.9497 -0.2441,
0.3331 -0.8731 -0.3561,
0.2540 -0.9505 0.1792,
-0.3339 -0.8738 0.3536,
-0.1963 -0.9497 -0.2441,
0.2540 -0.9505 0.1792,
-0.6671 -0.7426 -0.0592,
-0.1963 -0.9497 -0.2441,
-0.3339 -0.8738 0.3536,
-0.7943 -0.4633 0.3930,
-0.6671 -0.7426 -0.0592,
-0.3339 -0.8738 0.3536,
-0.9412 -0.2856 -0.1803,
-0.6671 -0.7426 -0.0592,
-0.7943 -0.4633 0.3930,
-0.5717 -0.5861 -0.5741,
-0.6671 -0.7426 -0.0592,
-0.9412 -0.2856 -0.1803,
-0.7287 0.0013 -0.6848,
-0.5717 -0.5861 -0.5741,
-0.9412 -0.2856 -0.1803,
-0.9342 0.2568 -0.2476,
-0.7287 0.0013 -0.6848,
-0.9412 -0.2856 -0.1803,
-0.3055 -0.2546 -0.9175,
-0.5717 -0.5861 -0.5741,
-0.7287 0.0013 -0.6848,
-0.3768 0.1871 -0.9072,
-0.3055 -0.2546 -0.9175,
-0.7287 0.0013 -0.6848,
0.1380 -0.2841 -0.9488,
-0.3055 -0.2546 -0.9175,
-0.3768 0.1871 -0.9072,
0.0162 -0.6628 -0.7486,
-0.3055 -0.2546 -0.9175,
0.1380 -0.2841 -0.9488,
0.4870 -0.5652 -0.6659,
0.0162 -0.6628 -0.7486,
0.1380 -0.2841 -0.9488,
0.3735 -0.4186 -0.8278,
0.4870 -0.5652 -0.6659,
0.1380 -0.2841 -0.9488,
-0.5717 -0.5861 -0.5741,
-0.3055 -0.2546 -0.9175,
0.0162 -0.6628 -0.7486,
-0.1963 -0.9497 -0.2441,
-0.6671 -0.7426 -0.0592,
-0.5717 -0.5861 -0.5741,
0.0162 -0.6628 -0.7486,
-0.1963 -0.9497 -0.2441,
-0.5717 -0.5861 -0.5741,
0.3331 -0.8731 -0.3561,
-0.1963 -0.9497 -0.2441,
0.0162 -0.6628 -0.7486,
0.4870 -0.5652 -0.6659,
0.3331 -0.8731 -0.3561,
0.0162 -0.6628 -0.7486,
0.5898 -0.8034 -0.0819,
0.3331 -0.8731 -0.3561,
0.4870 -0.5652 -0.6659,
0.5973 -0.6570 -0.4599,
0.5898 -0.8034 -0.0819,
0.4870 -0.5652 -0.6659,
0.3735 -0.4186 -0.8278,
0.5973 -0.6570 -0.4599,
0.4870 -0.5652 -0.6659,
0.1842 -0.7279 -0.6605,
0.5973 -0.6570 -0.4599,
0.3735 -0.4186 -0.8278,
0.1759 -0.7387 -0.6507,
0.1410 -0.8643 -0.4829,
0.1842 -0.7279 -0.6605,
0.4346 -0.7599 -0.4834,
0.1410 -0.8643 -0.4829,
0.1759 -0.7387 -0.6507,
0.3129 -0.5507 -0.7739,
0.4346 -0.7599 -0.4834,
0.1759 -0.7387 -0.6507,
0.0999 -0.4131 -0.9052,
0.3837 -0.5628 -0.7321,
0.2932 -0.4954 -0.8177,
0.1495 -0.7454 -0.6496,
0.3837 -0.5628 -0.7321,
0.0999 -0.4131 -0.9052,
-0.2106 -0.2830 -0.9357,
0.1495 -0.7454 -0.6496,
0.0999 -0.4131 -0.9052,
-0.4682 -0.4794 -0.7423,
0.1495 -0.7454 -0.6496,
-0.2106 -0.2830 -0.9357,
0.0345 -0.6284 -0.7771,
0.1495 -0.7454 -0.6496,
-0.4682 -0.4794 -0.7423,
-0.3055 -0.2546 -0.9175,
0.0345 -0.6284 -0.7771,
-0.4682 -0.4794 -0.7423,
-0.6911 0.0328 -0.7220,
-0.3055 -0.2546 -0.9175,
-0.4682 -0.4794 -0.7423,
-0.2378 0.2876 -0.9277,
-0.3055 -0.2546 -0.9175,
-0.6911 0.0328 -0.7220,
-0.6074 0.5882 -0.5340,
-0.2378 0.2876 -0.9277,
-0.6911 0.0328 -0.7220,
-0.0991 0.7439 -0.6609,
-0.2378 0.2876 -0.9277,
-0.6074 0.5882 -0.5340,
-0.2540 0.9505 -0.1792,
-0.0991 0.7439 -0.6609,
-0.6074 0.5882 -0.5340,
0.3339 0.8738 -0.3536,
-0.0991 0.7439 -0.6609,
-0.2540 0.9505 -0.1792,
0.1963 0.9497 0.2441,
0.3339 0.8738 -0.3536,
-0.2540 0.9505 -0.1792,
0.6671 0.7426 0.0592,
0.3339 0.8738 -0.3536,
0.1963 0.9497 0.2441,
0.7943 0.4633 -0.3930,
0.3339 0.8738 -0.3536,
0.6671 0.7426 0.0592,
0.9412 0.2856 0.1803,
0.7943 0.4633 -0.3930,
0.6671 0.7426 0.0592,
0.9513 -0.1241 -0.2823,
0.7943 0.4633 -0.3930,
0.9412 0.2856 0.1803,
0.9342 -0.2568 0.2476,
0.9513 -0.1241 -0.2823,
0.9412 0.2856 0.1803,
0.7715 -0.6308 -0.0828,
0.9513 -0.1241 -0.2823,
0.9342 -0.2568 0.2476,
0.5979 -0.4863 -0.6371,
0.9513 -0.1241 -0.2823,
0.7715 -0.6308 -0.0828,
0.3926 -0.8275 -0.4013,
0.5979 -0.4863 -0.6371,
0.7715 -0.6308 -0.0828,
0.6196 -0.7812 -0.0768,
0.3926 -0.8275 -0.4013,
0.7715 -0.6308 -0.0828,
0.6842 0.0457 -0.7279,
0.9513 -0.1241 -0.2823,
0.5979 -0.4863 -0.6371,
0.2226 -0.1228 -0.9672,
0.6842 0.0457 -0.7279,
0.5979 -0.4863 -0.6371,
0.3439 0.4641 -0.8163,
0.6842 0.0457 -0.7279,
0.2226 -0.1228 -0.9672,
0.7943 0.4633 -0.3930,
0.9513 -0.1241 -0.2823,
0.6842 0.0457 -0.7279,
0.3439 0.4641 -0.8163,
0.7943 0.4633 -0.3930,
0.6842 0.0457 -0.7279,
0.3339 0.8738 -0.3536,
0.7943 0.4633 -0.3930,
0.3439 0.4641 -0.8163,
-0.0991 0.7439 -0.6609,
0.3339 0.8738 -0.3536,
0.3439 0.4641 -0.8163,
-0.2378 0.2876 -0.9277,
-0.0991 0.7439 -0.6609,
0.3439 0.4641 -0.8163,
0.2226 -0.1228 -0.9672,
-0.2378 0.2876 -0.9277,
0.3439 0.4641 -0.8163,
-0.3055 -0.2546 -0.9175,
-0.2378 0.2876 -0.9277,
0.2226 -0.1228 -0.9672,
0.0345 -0.6284 -0.7771,
-0.3055 -0.2546 -0.9175,
0.2226 -0.1228 -0.9672,
0.5979 -0.4863 -0.6371,
0.0345 -0.6284 -0.7771,
0.2226 -0.1228 -0.9672,
0.3926 -0.8275 -0.4013,
0.0345 -0.6284 -0.7771,
0.5979 -0.4863 -0.6371,
0.1495 -0.7454 -0.6496,
0.0345 -0.6284 -0.7771,
0.3926 -0.8275 -0.4013,
0.6196 -0.7812 -0.0768,
0.1495 -0.7454 -0.6496,
0.3926 -0.8275 -0.4013,
0.8660 -0.4657 0.1821,
0.9906 -0.1358 -0.0159,
0.8858 -0.4579 -0.0755,
-0.7808 0.5884 -0.2100,
-0.6420 0.7667 0.0116,
-0.6452 0.7631 -0.0373,
-0.8454 0.3353 -0.4159,
-0.7808 0.5884 -0.2100,
-0.6452 0.7631 -0.0373,
0.2680 -0.9622 -0.0483,
-0.0060 -0.9791 -0.2035,
0.2416 -0.9431 0.2283,
0.2103 -0.9473 -0.2417,
0.0160 -0.7386 -0.6740,
-0.0060 -0.9791 -0.2035,
0.2680 -0.9622 -0.0483,
0.2103 -0.9473 -0.2417,
-0.0060 -0.9791 -0.2035,
0.2749 -0.9578 -0.0845,
0.2103 -0.9473 -0.2417,
0.2680 -0.9622 -0.0483,
-0.8640 0.3309 -0.3794,
-0.9741 0.2246 0.0247,
-0.9210 0.3838 -0.0663,
-0.1432 -0.0316 0.9892,
-0.1849 0.4305 0.8835,
0.1951 0.4061 0.8928,
-0.3251 0.1045 0.9399,
-0.1849 0.4305 0.8835,
-0.1432 -0.0316 0.9892,
0.6117 0.4957 0.6165,
0.9406 0.2526 0.2269,
0.8461 -0.1434 0.5134,
-0.8342 0.5423 -0.1000,
-0.5488 0.7671 -0.3322,
-0.7641 0.5487 -0.3392,
0.9704 -0.0582 0.2342,
-0.1432 -0.0316 0.9892,
0.1951 0.4061 0.8928,
0.6872 -0.6820 0.2504,
-0.1432 -0.0316 0.9892,
0.9704 -0.0582 0.2342,
0.7878 -0.0527 0.6136,
0.6872 -0.6820 0.2504,
0.9704 -0.0582 0.2342,
0.8622 0.4372 0.2558,
0.7878 -0.0527 0.6136,
0.9704 -0.0582 0.2342,
0.7116 0.6194 -0.3317,
0.8622 0.4372 0.2558,
0.9704 -0.0582 0.2342,
0.6671 0.7426 0.0592,
0.8622 0.4372 0.2558,
0.7116 0.6194 -0.3317,
0.3339 0.8738 -0.3536,
0.6671 0.7426 0.0592,
0.7116 0.6194 -0.3317,
0.3547 -0.2009 -0.9131,
0.3339 0.8738 -0.3536,
0.7116 0.6194 -0.3317,
-0.0991 0.7439 -0.6609,
0.3339 0.8738 -0.3536,
0.3547 -0.2009 -0.9131,
-0.2558 0.2899 -0.9222,
-0.0991 0.7439 -0.6609,
0.3547 -0.2009 -0.9131,
0.1804 -0.4274 -0.8859,
-0.2558 0.2899 -0.9222,
0.3547 -0.2009 -0.9131,
-0.7287 0.0013 -0.6848,
-0.2558 0.2899 -0.9222,
0.1804 -0.4274 -0.8859,
-0.5857 -0.5735 -0.5728,
-0.7287 0.0013 -0.6848,
0.1804 -0.4274 -0.8859,
0.1717 -0.7227 -0.6695,
-0.5857 -0.5735 -0.5728,
0.1804 -0.4274 -0.8859,
-0.6671 -0.7426 -0.0592,
-0.5857 -0.5735 -0.5728,
0.1717 -0.7227 -0.6695,
-0.3339 -0.8738 0.3536,
-0.6671 -0.7426 -0.0592,
0.1717 -0.7227 -0.6695,
0.1132 -0.9465 0.3021,
-0.3339 -0.8738 0.3536,
0.1717 -0.7227 -0.6695,
0.0991 -0.7439 0.6609,
-0.3339 -0.8738 0.3536,
0.1132 -0.9465 0.3021,
0.4753 -0.5753 0.6657,
0.0991 -0.7439 0.6609,
0.1132 -0.9465 0.3021,
0.2378 -0.2876 0.9277,
0.0991 -0.7439 0.6609,
0.4753 -0.5753 0.6657,
-0.3439 -0.4641 0.8163,
0.0991 -0.7439 0.6609,
0.2378 -0.2876 0.9277,
-0.2226 0.1228 0.9672,
-0.3439 -0.4641 0.8163,
0.2378 -0.2876 0.9277,
0.3055 0.2546 0.9175,
-0.2226 0.1228 0.9672,
0.2378 -0.2876 0.9277,
-0.0162 0.6628 0.7486,
-0.2226 0.1228 0.9672,
0.3055 0.2546 0.9175,
0.5717 0.5861 0.5741,
-0.0162 0.6628 0.7486,
0.3055 0.2546 0.9175,
0.1963 0.9497 0.2441,
-0.0162 0.6628 0.7486,
0.5717 0.5861 0.5741,
-0.3331 0.8731 0.3561,
-0.0162 0.6628 0.7486,
0.1963 0.9497 0.2441,
-0.2540 0.9505 -0.1792,
-0.3331 0.8731 0.3561,
0.1963 0.9497 0.2441,
-0.7449 0.6641 0.0638,
-0.3331 0.8731 0.3561,
-0.2540 0.9505 -0.1792,
-0.6074 0.5882 -0.5340,
-0.7449 0.6641 0.0638,
-0.2540 0.9505 -0.1792,
-0.9342 0.2568 -0.2476,
-0.7449 0.6641 0.0638,
-0.6074 0.5882 -0.5340,
-0.9513 0.1241 0.2823,
-0.7449 0.6641 0.0638,
-0.9342 0.2568 -0.2476,
-0.9412 -0.2856 -0.1803,
-0.9513 0.1241 0.2823,
-0.9342 0.2568 -0.2476,
-0.7943 -0.4633 0.3930,
-0.9513 0.1241 0.2823,
-0.9412 -0.2856 -0.1803,
-0.6842 -0.0457 0.7279,
-0.9513 0.1241 0.2823,
-0.7943 -0.4633 0.3930,
-0.5979 0.4863 0.6371,
-0.9513 0.1241 0.2823,
-0.6842 -0.0457 0.7279,
-0.7449 0.6641 0.0638,
-0.9513 0.1241 0.2823,
-0.5979 0.4863 0.6371,
-0.3331 0.8731 0.3561,
-0.7449 0.6641 0.0638,
-0.5979 0.4863 0.6371,
-0.0162 0.6628 0.7486,
-0.3331 0.8731 0.3561,
-0.5979 0.4863 0.6371,
-0.2226 0.1228 0.9672,
-0.0162 0.6628 0.7486,
-0.5979 0.4863 0.6371,
-0.6842 -0.0457 0.7279,
-0.2226 0.1228 0.9672,
-0.5979 0.4863 0.6371,
-0.3439 -0.4641 0.8163,
-0.2226 0.1228 0.9672,
-0.6842 -0.0457 0.7279,
-0.7943 -0.4633 0.3930,
-0.3439 -0.4641 0.8163,
-0.6842 -0.0457 0.7279,
-0.3339 -0.8738 0.3536,
0.0991 -0.7439 0.6609,
-0.3439 -0.4641 0.8163,
-0.7943 -0.4633 0.3930,
-0.3339 -0.8738 0.3536,
-0.3439 -0.4641 0.8163,
-0.6671 -0.7426 -0.0592,
-0.3339 -0.8738 0.3536,
-0.7943 -0.4633 0.3930,
-0.9412 -0.2856 -0.1803,
-0.6671 -0.7426 -0.0592,
-0.7943 -0.4633 0.3930,
-0.5857 -0.5735 -0.5728,
-0.6671 -0.7426 -0.0592,
-0.9412 -0.2856 -0.1803,
-0.7287 0.0013 -0.6848,
-0.5857 -0.5735 -0.5728,
-0.9412 -0.2856 -0.1803,
-0.9342 0.2568 -0.2476,
-0.7287 0.0013 -0.6848,
-0.9412 -0.2856 -0.1803,
-0.6074 0.5882 -0.5340,
-0.7287 0.0013 -0.6848,
-0.9342 0.2568 -0.2476,
-0.2558 0.2899 -0.9222,
-0.7287 0.0013 -0.6848,
-0.6074 0.5882 -0.5340,
-0.0991 0.7439 -0.6609,
-0.2558 0.2899 -0.9222,
-0.6074 0.5882 -0.5340,
-0.2540 0.9505 -0.1792,
-0.0991 0.7439 -0.6609,
-0.6074 0.5882 -0.5340,
0.3339 0.8738 -0.3536,
-0.0991 0.7439 -0.6609,
-0.2540 0.9505 -0.1792,
0.1963 0.9497 0.2441,
0.3339 0.8738 -0.3536,
-0.2540 0.9505 -0.1792,
0.6671 0.7426 0.0592,
0.3339 0.8738 -0.3536,
0.1963 0.9497 0.2441,
0.5717 0.5861 0.5741,
0.6671 0.7426 0.0592,
0.1963 0.9497 0.2441,
0.8622 0.4372 0.2558,
0.6671 0.7426 0.0592,
0.5717 0.5861 0.5741,
0.7878 -0.0527 0.6136,
0.8622 0.4372 0.2558,
0.5717 0.5861 0.5741,
0.3055 0.2546 0.9175,
0.7878 -0.0527 0.6136,
0.5717 0.5861 0.5741,
0.2378 -0.2876 0.9277,
0.7878 -0.0527 0.6136,
0.3055 0.2546 0.9175,
0.4753 -0.5753 0.6657,
0.7878 -0.0527 0.6136,
0.2378 -0.2876 0.9277,
0.6872 -0.6820 0.2504,
0.7878 -0.0527 0.6136,
0.4753 -0.5753 0.6657,
0.1132 -0.9465 0.3021,
0.6872 -0.6820 0.2504,
0.4753 -0.5753 0.6657,
0.1717 -0.7227 -0.6695,
0.6872 -0.6820 0.2504,
0.1132 -0.9465 0.3021,
-0.5488 0.7671 -0.3322,
-0.5832 0.8080 -0.0843,
-0.3984 0.9167 -0.0293,
-0.8342 0.5423 -0.1000,
-0.5832 0.8080 -0.0843,
-0.5488 0.7671 -0.3322,
-0.8032 0.5903 0.0797,
-0.5832 0.8080 -0.0843,
-0.8342 0.5423 -0.1000,
0.0914 0.0915 0.9916,
0.0054 0.0764 0.9971,
-0.3042 -0.0819 0.9491,
-0.3205 0.0059 0.9472,
0.0914 0.0915 0.9916,
-0.3042 -0.0819 0.9491,
-0.0481 0.6317 0.7737,
0.6263 0.5317 0.5701,
0.6117 0.4957 0.6165,
0.3547 -0.2009 -0.9131,
0.7116 0.6194 -0.3317,
0.9704 -0.0582 0.2342,
0.1717 -0.7227 -0.6695,
0.1804 -0.4274 -0.8859,
0.3547 -0.2009 -0.9131,
0.3547 -0.2009 -0.9131,
0.6872 -0.6820 0.2504,
0.1717 -0.7227 -0.6695,
-0.6911 0.0328 -0.7220,
-0.6974 0.0675 -0.7135,
-0.8454 0.3353 -0.4159,
-0.6074 0.5882 -0.5340,
-0.6911 0.0328 -0.7220,
-0.8454 0.3353 -0.4159,
-0.6452 0.7631 -0.0373,
-0.6074 0.5882 -0.5340,
-0.8454 0.3353 -0.4159,
-0.2540 0.9505 -0.1792,
-0.6074 0.5882 -0.5340,
-0.6452 0.7631 -0.0373,
-0.2962 0.9010 0.3168,
-0.2540 0.9505 -0.1792,
-0.6452 0.7631 -0.0373,
0.1963 0.9497 0.2441,
-0.2540 0.9505 -0.1792,
-0.2962 0.9010 0.3168,
0.0788 0.7641 0.6403,
0.1963 0.9497 0.2441,
-0.2962 0.9010 0.3168,
0.5717 0.5861 0.5741,
0.1963 0.9497 0.2441,
0.0788 0.7641 0.6403,
0.6671 0.7426 0.0592,
0.1963 0.9497 0.2441,
0.5717 0.5861 0.5741,
0.9412 0.2856 0.1803,
0.6671 0.7426 0.0592,
0.5717 0.5861 0.5741,
0.7723 0.0390 0.6340,
0.9412 0.2856 0.1803,
0.5717 0.5861 0.5741,
0.9342 -0.2568 0.2476,
0.9412 0.2856 0.1803,
0.7723 0.0390 0.6340,
0.7663 -0.5318 0.3606,
0.9342 -0.2568 0.2476,
0.7723 0.0390 0.6340,
0.7715 -0.6308 -0.0828,
0.9342 -0.2568 0.2476,
0.7663 -0.5318 0.3606,
0.6196 -0.7812 -0.0768,
0.7715 -0.6308 -0.0828,
0.7663 -0.5318 0.3606,
0.8660 -0.4657 0.1821,
0.6196 -0.7812 -0.0768,
0.7663 -0.5318 0.3606,
0.8858 -0.4579 -0.0755,
0.6196 -0.7812 -0.0768,
0.8660 -0.4657 0.1821,
0.6547 -0.6107 -0.4454,
0.6196 -0.7812 -0.0768,
0.8858 -0.4579 -0.0755,
0.1495 -0.7454 -0.6496,
0.6196 -0.7812 -0.0768,
0.6547 -0.6107 -0.4454,
0.3837 -0.5628 -0.7321,
0.1495 -0.7454 -0.6496,
0.6547 -0.6107 -0.4454,
-0.4682 -0.4794 -0.7423,
-0.6974 0.0675 -0.7135,
-0.6911 0.0328 -0.7220,
-0.2106 -0.2830 -0.9357,
-0.6974 0.0675 -0.7135,
-0.4682 -0.4794 -0.7423,
-0.2403 0.0802 -0.9674,
-0.6974 0.0675 -0.7135,
-0.2106 -0.2830 -0.9357,
-0.0951 -0.1236 -0.9878,
-0.2403 0.0802 -0.9674,
-0.2106 -0.2830 -0.9357,
0.0999 -0.4131 -0.9052,
-0.0951 -0.1236 -0.9878,
-0.2106 -0.2830 -0.9357,
0.1332 -0.3757 -0.9171,
-0.0951 -0.1236 -0.9878,
0.0999 -0.4131 -0.9052,
0.2932 -0.4954 -0.8177,
0.1332 -0.3757 -0.9171,
0.0999 -0.4131 -0.9052,
0.6032 0.4502 0.6584,
0.4553 0.3918 0.7995,
0.1213 0.8117 0.5713,
0.3945 0.8530 0.3416,
0.6032 0.4502 0.6584,
0.1213 0.8117 0.5713,
0.0293 0.9914 0.1276,
0.3945 0.8530 0.3416,
0.1213 0.8117 0.5713,
-0.3329 0.8726 0.3574,
0.0293 0.9914 0.1276,
0.1213 0.8117 0.5713,
-0.2626 0.9504 -0.1667,
0.0293 0.9914 0.1276,
-0.3329 0.8726 0.3574,
-0.0615 0.9787 -0.1957,
0.0293 0.9914 0.1276,
-0.2626 0.9504 -0.1667,
-0.2005 0.8654 -0.4592,
-0.0615 0.9787 -0.1957,
-0.2626 0.9504 -0.1667,
-0.5654 0.6316 -0.5305,
-0.2005 0.8654 -0.4592,
-0.2626 0.9504 -0.1667,
-0.2804 0.6252 -0.7284,
-0.2005 0.8654 -0.4592,
-0.5654 0.6316 -0.5305,
-0.3276 0.4593 -0.8256,
-0.2804 0.6252 -0.7284,
-0.5654 0.6316 -0.5305,
-0.3248 0.4909 -0.8084,
-0.2804 0.6252 -0.7284,
-0.3276 0.4593 -0.8256,
-0.1940 0.1129 -0.9745,
-0.3248 0.4909 -0.8084,
-0.3276 0.4593 -0.8256,
-0.4888 0.1907 -0.8513,
-0.3248 0.4909 -0.8084,
-0.1940 0.1129 -0.9745,
-0.3360 -0.0793 -0.9385,
-0.4888 0.1907 -0.8513,
-0.1940 0.1129 -0.9745,
-0.6172 0.0584 -0.7846,
-0.4888 0.1907 -0.8513,
-0.3360 -0.0793 -0.9385,
-0.4445 -0.0165 -0.8956,
-0.6172 0.0584 -0.7846,
-0.3360 -0.0793 -0.9385,
-0.7135 0.1691 -0.6799,
-0.6172 0.0584 -0.7846,
-0.4445 -0.0165 -0.8956,
-0.8161 0.1584 -0.5557,
-0.6172 0.0584 -0.7846,
-0.7135 0.1691 -0.6799,
-0.8640 0.3309 -0.3794,
-0.8161 0.1584 -0.5557,
-0.7135 0.1691 -0.6799,
-0.8632 0.3604 -0.3536,
-0.8640 0.3309 -0.3794,
-0.7135 0.1691 -0.6799,
-0.9741 0.2246 0.0247,
-0.8640 0.3309 -0.3794,
-0.8632 0.3604 -0.3536,
-0.9042 0.1731 0.3905,
-0.9741 0.2246 0.0247,
-0.8632 0.3604 -0.3536,
-0.8972 -0.0519 0.4387,
-0.9741 0.2246 0.0247,
-0.9042 0.1731 0.3905,
-0.8189 -0.0709 0.5695,
-0.8972 -0.0519 0.4387,
-0.9042 0.1731 0.3905,
-0.6265 0.0335 0.7787,
-0.8189 -0.0709 0.5695,
-0.9042 0.1731 0.3905,
-0.7548 0.2925 0.5872,
-0.6265 0.0335 0.7787,
-0.9042 0.1731 0.3905,
-0.4048 -0.0473 0.9132,
-0.6265 0.0335 0.7787,
-0.7548 0.2925 0.5872,
-0.4396 -0.2134 0.8725,
-0.6265 0.0335 0.7787,
-0.4048 -0.0473 0.9132,
-0.1962 -0.3988 0.8958,
-0.4396 -0.2134 0.8725,
-0.4048 -0.0473 0.9132,
-0.3919 -0.4588 0.7974,
-0.4396 -0.2134 0.8725,
-0.1962 -0.3988 0.8958,
-0.5717 -0.3876 0.7231,
-0.4396 -0.2134 0.8725,
-0.3919 -0.4588 0.7974,
-0.6976 -0.4196 0.5808,
-0.5717 -0.3876 0.7231,
-0.3919 -0.4588 0.7974,
-0.2683 -0.8969 0.3516,
-0.6976 -0.4196 0.5808,
-0.3919 -0.4588 0.7974,
-0.7159 -0.6944 -0.0725,
-0.6976 -0.4196 0.5808,
-0.2683 -0.8969 0.3516,
-0.9398 -0.1610 0.3014,
-0.6976 -0.4196 0.5808,
-0.7159 -0.6944 -0.0725,
-0.9266 -0.3749 -0.0293,
-0.9398 -0.1610 0.3014,
-0.7159 -0.6944 -0.0725,
-0.9412 0.0655 0.3313,
-0.9398 -0.1610 0.3014,
-0.9266 -0.3749 -0.0293,
-0.6487 0.3622 0.6694,
-0.9398 -0.1610 0.3014,
-0.9412 0.0655 0.3313,
-0.5820 0.4616 0.6695,
-0.6487 0.3622 0.6694,
-0.9412 0.0655 0.3313,
-0.0481 0.6317 0.7737,
-0.6487 0.3622 0.6694,
-0.5820 0.4616 0.6695,
-0.0268 0.4594 0.8878,
-0.6487 0.3622 0.6694,
-0.0481 0.6317 0.7737,
0.6117 0.4957 0.6165,
-0.0268 0.4594 0.8878,
-0.0481 0.6317 0.7737,
0.5919 0.0221 0.8057,
-0.0268 0.4594 0.8878,
0.6117 0.4957 0.6165,
0.6175 0.1227 0.7769,
0.4553 0.3918 0.7995,
0.6032 0.4502 0.6584,
0.8541 0.2617 0.4495,
0.6175 0.1227 0.7769,
0.6032 0.4502 0.6584,
0.7703 -0.2605 0.5820,
0.6175 0.1227 0.7769,
0.8541 0.2617 0.4495,
0.9653 -0.0976 0.2424,
0.7703 -0.2605 0.5820,
0.8541 0.2617 0.4495,
0.9905 0.0643 0.1212,
0.9653 -0.0976 0.2424,
0.8541 0.2617 0.4495,
0.8000 0.4505 0.3963,
0.9905 0.0643 0.1212,
0.8541 0.2617 0.4495,
0.9316 0.1280 0.3402,
0.9905 0.0643 0.1212,
0.8000 0.4505 0.3963,
0.9112 -0.1436 0.3861,
0.9905 0.0643 0.1212,
0.9316 0.1280 0.3402,
0.9790 -0.1954 0.0583,
0.9905 0.0643 0.1212,
0.9112 -0.1436 0.3861,
0.8632 -0.4431 0.2420,
0.9790 -0.1954 0.0583,
0.9112 -0.1436 0.3861,
0.8496 -0.4988 -0.1715,
0.9790 -0.1954 0.0583,
0.8632 -0.4431 0.2420,
0.8103 -0.5722 0.1264,
0.8496 -0.4988 -0.1715,
0.8632 -0.4431 0.2420,
0.5457 -0.8368 0.0451,
0.2680 -0.9622 -0.0483,
0.2416 -0.9431 0.2283,
0.4318 -0.8219 0.3716,
0.5457 -0.8368 0.0451,
0.2416 -0.9431 0.2283,
0.1727 -0.8086 0.5624,
0.4318 -0.8219 0.3716,
0.2416 -0.9431 0.2283,
0.0773 -0.7863 0.6129,
0.4318 -0.8219 0.3716,
0.1727 -0.8086 0.5624,
0.2540 -0.9505 0.1792,
0.4318 -0.8219 0.3716,
0.0773 -0.7863 0.6129,
-0.3339 -0.8738 0.3536,
0.2540 -0.9505 0.1792,
0.0773 -0.7863 0.6129,
-0.3821 -0.4708 0.7952,
-0.3339 -0.8738 0.3536,
0.0773 -0.7863 0.6129,
-0.7943 -0.4633 0.3930,
-0.3339 -0.8738 0.3536,
-0.3821 -0.4708 0.7952,
-0.6848 -0.0142 0.7286,
-0.7943 -0.4633 0.3930,
-0.3821 -0.4708 0.7952,
-0.9407 0.1491 0.3048,
-0.7943 -0.4633 0.3930,
-0.6848 -0.0142 0.7286,
-0.9412 -0.2856 -0.1803,
-0.7943 -0.4633 0.3930,
-0.9407 0.1491 0.3048,
-0.9342 0.2568 -0.2476,
-0.9412 -0.2856 -0.1803,
-0.9407 0.1491 0.3048,
-0.8788 0.4683 0.0915,
-0.9342 0.2568 -0.2476,
-0.9407 0.1491 0.3048,
-0.6928 0.4278 -0.5806,
-0.9342 0.2568 -0.2476,
-0.8788 0.4683 0.0915,
-0.7287 0.0013 -0.6848,
-0.9342 0.2568 -0.2476,
-0.6928 0.4278 -0.5806,
-0.3768 0.1871 -0.9072,
-0.7287 0.0013 -0.6848,
-0.6928 0.4278 -0.5806,
-0.4986 0.3610 -0.7881,
-0.3768 0.1871 -0.9072,
-0.6928 0.4278 -0.5806,
-0.0740 0.0127 -0.9972,
-0.3768 0.1871 -0.9072,
-0.4986 0.3610 -0.7881,
0.1380 -0.2841 -0.9488,
-0.3768 0.1871 -0.9072,
-0.0740 0.0127 -0.9972,
0.3735 -0.4186 -0.8278,
0.1380 -0.2841 -0.9488,
-0.0740 0.0127 -0.9972,
-0.0230 -0.3659 -0.9304,
0.3735 -0.4186 -0.8278,
-0.0740 0.0127 -0.9972,
0.1842 -0.7279 -0.6605,
0.3735 -0.4186 -0.8278,
-0.0230 -0.3659 -0.9304,
0.0568 -0.4980 -0.8653,
0.1842 -0.7279 -0.6605,
-0.0230 -0.3659 -0.9304,
0.1759 -0.7387 -0.6507,
0.1842 -0.7279 -0.6605,
0.0568 -0.4980 -0.8653,
0.3129 -0.5507 -0.7739,
0.1759 -0.7387 -0.6507,
0.0568 -0.4980 -0.8653,
0.1332 -0.3757 -0.9171,
0.3129 -0.5507 -0.7739,
0.0568 -0.4980 -0.8653,
0.2932 -0.4954 -0.8177,
0.3129 -0.5507 -0.7739,
0.1332 -0.3757 -0.9171,
0.3286 -0.9161 -0.2296,
0.2680 -0.9622 -0.0483,
0.5457 -0.8368 0.0451,
0.2749 -0.9578 -0.0845,
0.2680 -0.9622 -0.0483,
0.3286 -0.9161 -0.2296,
0.3472 -0.9251 -0.1536,
0.2749 -0.9578 -0.0845,
0.3286 -0.9161 -0.2296,
0.5891 -0.8078 -0.0220,
0.2749 -0.9578 -0.0845,
0.3472 -0.9251 -0.1536,
0.6389 -0.7164 -0.2802,
0.5891 -0.8078 -0.0220,
0.3472 -0.9251 -0.1536,
0.8103 -0.5722 0.1264,
0.5891 -0.8078 -0.0220,
0.6389 -0.7164 -0.2802,
0.8496 -0.4988 -0.1715,
0.8103 -0.5722 0.1264,
0.6389 -0.7164 -0.2802,
0.6891 -0.5792 -0.4356,
0.8496 -0.4988 -0.1715,
0.6389 -0.7164 -0.2802,
0.8225 -0.4594 -0.3354,
0.8496 -0.4988 -0.1715,
0.6891 -0.5792 -0.4356,
0.6809 -0.5188 -0.5169,
0.8225 -0.4594 -0.3354,
0.6891 -0.5792 -0.4356,
-0.5281 -0.2758 0.8032,
-0.6950 -0.2107 0.6874,
-0.3205 0.0059 0.9472,
-0.3042 -0.0819 0.9491,
-0.5281 -0.2758 0.8032,
-0.3205 0.0059 0.9472,
-0.5935 -0.2012 0.7793,
-0.5281 -0.2758 0.8032,
-0.3042 -0.0819 0.9491,
-0.3251 0.1045 0.9399,
-0.5935 -0.2012 0.7793,
-0.3042 -0.0819 0.9491,
-0.1432 -0.0316 0.9892,
-0.5935 -0.2012 0.7793,
-0.3251 0.1045 0.9399,
-0.7361 -0.2200 0.6401,
-0.5935 -0.2012 0.7793,
-0.1432 -0.0316 0.9892,
-0.3398 0.9338 0.1119,
0.1951 0.4061 0.8928,
-0.1107 0.8677 0.4845,
-0.0605 0.9958 0.0688,
-0.3398 0.9338 0.1119,
-0.1107 0.8677 0.4845,
0.0316 0.9162 0.3996,
-0.0605 0.9958 0.0688,
-0.1107 0.8677 0.4845,
0.1212 0.8299 0.5445,
0.0316 0.9162 0.3996,
-0.1107 0.8677 0.4845,
-0.2130 0.7263 0.6535,
0.1212 0.8299 0.5445,
-0.1107 0.8677 0.4845,
0.1780 0.5681 0.8035,
0.1212 0.8299 0.5445,
-0.2130 0.7263 0.6535,
-0.1236 0.4927 0.8614,
0.1780 0.5681 0.8035,
-0.2130 0.7263 0.6535,
0.1321 0.2682 0.9543,
0.1780 0.5681 0.8035,
-0.1236 0.4927 0.8614,
0.4198 0.3702 0.8287,
0.1780 0.5681 0.8035,
0.1321 0.2682 0.9543,
0.3682 0.0814 0.9262,
0.4198 0.3702 0.8287,
0.1321 0.2682 0.9543,
0.5376 0.0365 0.8424,
0.4198 0.3702 0.8287,
0.3682 0.0814 0.9262,
0.5919 0.0221 0.8057,
0.5376 0.0365 0.8424,
0.3682 0.0814 0.9262,
0.7354 -0.2282 0.6381,
0.5376 0.0365 0.8424,
0.5919 0.0221 0.8057,
0.8461 -0.1434 0.5134,
0.7354 -0.2282 0.6381,
0.5919 0.0221 0.8057,
0.6117 0.4957 0.6165,
0.8461 -0.1434 0.5134,
0.5919 0.0221 0.8057,
-0.8032 0.5903 0.0797,
0.1951 0.4061 0.8928,
-0.3398 0.9338 0.1119,
-0.9347 0.3377 0.1110,
-0.8032 0.5903 0.0797,
-0.8342 0.5423 -0.1000,
-0.7361 -0.2200 0.6401,
-0.8032 0.5903 0.0797,
-0.9347 0.3377 0.1110,
0.1951 0.4061 0.8928,
-0.8032 0.5903 0.0797,
-0.7361 -0.2200 0.6401,
0.6872 -0.6820 0.2504,
0.3547 -0.2009 -0.9131,
0.9704 -0.0582 0.2342,
0.6872 -0.6820 0.2504,
-0.7361 -0.2200 0.6401,
-0.1432 -0.0316 0.9892,
0.1951 0.4061 0.8928,
0.6872 -0.6820 0.2504,
-0.7361 -0.2200 0.6401,
0.9704 -0.0582 0.2342,
0.6872 -0.6820 0.2504,
0.1951 0.4061 0.8928,
  ] }
  normalIndex [ 
0 1 2 -1,
3 4 5 -1,
6 7 8 -1,
9 10 11 -1,
12 13 14 -1,
15 16 17 -1,
18 19 20 -1,
21 22 23 -1,
24 25 26 -1,
27 28 29 -1,
30 31 32 -1,
33 34 35 -1,
36 37 38 -1,
39 40 41 -1,
42 43 44 -1,
45 46 47 -1,
48 49 50 -1,
51 52 53 -1,
54 55 56 -1,
57 58 59 -1,
60 61 62 -1,
63 64 65 -1,
66 67 68 -1,
69 70 71 -1,
72 73 74 -1,
75 76 77 -1,
78 79 80 -1,
81 82 83 -1,
84 85 86 -1,
87 88 89 -1,
90 91 92 -1,
93 94 95 -1,
96 97 98 -1,
99 100 101 -1,
102 103 104 -1,
105 106 107 -1,
108 109 110 -1,
111 112 113 -1,
114 115 116 -1,
117 118 119 -1,
120 121 122 -1,
123 124 125 -1,
126 127 128 -1,
129 130 131 -1,
132 133 134 -1,
135 136 137 -1,
138 139 140 -1,
141 142 143 -1,
144 145 146 -1,
147 148 149 -1,
150 151 152 -1,
153 154 155 -1,
156 157 158 -1,
159 160 161 -1,
162 163 164 -1,
165 166 167 -1,
168 169 170 -1,
171 172 173 -1,
174 175 176 -1,
177 178 179 -1,
180 181 182 -1,
183 184 185 -1,
186 187 188 -1,
189 190 191 -1,
192 193 194 -1,
195 196 197 -1,
198 199 200 -1,
201 202 203 -1,
204 205 206 -1,
207 208 209 -1,
210 211 212 -1,
213 214 215 -1,
216 217 218 -1,
219 220 221 -1,
222 223 224 -1,
225 226 227 -1,
228 229 230 -1,
231 232 233 -1,
234 235 236 -1,
237 238 239 -1,
240 241 242 -1,
243 244 245 -1,
246 247 248 -1,
249 250 251 -1,
252 253 254 -1,
255 256 257 -1,
258 259 260 -1,
261 262 263 -1,
264 265 266 -1,
267 268 269 -1,
270 271 272 -1,
273 274 275 -1,
276 277 278 -1,
279 280 281 -1,
282 283 284 -1,
285 286 287 -1,
288 289 290 -1,
291 292 293 -1,
294 295 296 -1,
297 298 299 -1,
300 301 302 -1,
303 304 305 -1,
306 307 308 -1,
309 310 311 -1,
312 313 314 -1,
315 316 317 -1,
318 319 320 -1,
321 322 323 -1,
324 325 326 -1,
327 328 329 -1,
330 331 332 -1,
333 334 335 -1,
336 337 338 -1,
339 340 341 -1,
342 343 344 -1,
345 346 347 -1,
348 349 350 -1,
351 352 353 -1,
354 355 356 -1,
357 358 359 -1,
360 361 362 -1,
363 364 365 -1,
366 367 368 -1,
369 370 371 -1,
372 373 374 -1,
375 376 377 -1,
378 379 380 -1,
381 382 383 -1,
384 385 386 -1,
387 388 389 -1,
390 391 392 -1,
393 394 395 -1,
396 397 398 -1,
399 400 401 -1,
402 403 404 -1,
405 406 407 -1,
408 409 410 -1,
411 412 413 -1,
414 415 416 -1,
417 418 419 -1,
420 421 422 -1,
423 424 425 -1,
426 427 428 -1,
429 430 431 -1,
432 433 434 -1,
435 436 437 -1,
438 439 440 -1,
441 442 443 -1,
444 445 446 -1,
447 448 449 -1,
450 451 452 -1,
453 454 455 -1,
456 457 458 -1,
459 460 461 -1,
462 463 464 -1,
465 466 467 -1,
468 469 470 -1,
471 472 473 -1,
474 475 476 -1,
477 478 479 -1,
480 481 482 -1,
483 484 485 -1,
486 487 488 -1,
489 490 491 -1,
492 493 494 -1,
495 496 497 -1,
498 499 500 -1,
501 502 503 -1,
504 505 506 -1,
507 508 509 -1,
510 511 512 -1,
513 514 515 -1,
516 517 518 -1,
519 520 521 -1,
522 523 524 -1,
525 526 527 -1,
528 529 530 -1,
531 532 533 -1,
534 535 536 -1,
537 538 539 -1,
540 541 542 -1,
543 544 545 -1,
546 547 548 -1,
549 550 551 -1,
552 553 554 -1,
555 556 557 -1,
558 559 560 -1,
561 562 563 -1,
564 565 566 -1,
567 568 569 -1,
570 571 572 -1,
573 574 575 -1,
576 577 578 -1,
579 580 581 -1,
582 583 584 -1,
585 586 587 -1,
588 589 590 -1,
591 592 593 -1,
594 595 596 -1,
597 598 599 -1,
600 601 602 -1,
603 604 605 -1,
606 607 608 -1,
609 610 611 -1,
612 613 614 -1,
615 616 617 -1,
618 619 620 -1,
621 622 623 -1,
624 625 626 -1,
627 628 629 -1,
630 631 632 -1,
633 634 635 -1,
636 637 638 -1,
639 640 641 -1,
642 643 644 -1,
645 646 647 -1,
648 649 650 -1,
651 652 653 -1,
654 655 656 -1,
657 658 659 -1,
660 661 662 -1,
663 664 665 -1,
666 667 668 -1,
669 670 671 -1,
672 673 674 -1,
675 676 677 -1,
678 679 680 -1,
681 682 683 -1,
684 685 686 -1,
687 688 689 -1,
690 691 692 -1,
693 694 695 -1,
696 697 698 -1,
699 700 701 -1,
702 703 704 -1,
705 706 707 -1,
708 709 710 -1,
711 712 713 -1,
714 715 716 -1,
717 718 719 -1,
720 721 722 -1,
723 724 725 -1,
726 727 728 -1,
729 730 731 -1,
732 733 734 -1,
735 736 737 -1,
738 739 740 -1,
741 742 743 -1,
744 745 746 -1,
747 748 749 -1,
750 751 752 -1,
753 754 755 -1,
756 757 758 -1,
759 760 761 -1,
762 763 764 -1,
765 766 767 -1,
768 769 770 -1,
771 772 773 -1,
774 775 776 -1,
777 778 779 -1,
780 781 782 -1,
783 784 785 -1,
786 787 788 -1,
789 790 791 -1,
792 793 794 -1,
795 796 797 -1,
798 799 800 -1,
801 802 803 -1,
804 805 806 -1,
807 808 809 -1,
810 811 812 -1,
813 814 815 -1,
816 817 818 -1,
819 820 821 -1,
822 823 824 -1,
825 826 827 -1,
828 829 830 -1,
831 832 833 -1,
834 835 836 -1,
837 838 839 -1,
840 841 842 -1,
843 844 845 -1,
846 847 848 -1,
849 850 851 -1,
852 853 854 -1,
855 856 857 -1,
858 859 860 -1,
861 862 863 -1,
864 865 866 -1,
867 868 869 -1,
870 871 872 -1,
873 874 875 -1,
876 877 878 -1,
879 880 881 -1,
882 883 884 -1,
885 886 887 -1,
888 889 890 -1,
891 892 893 -1,
894 895 896 -1,
897 898 899 -1,
900 901 902 -1,
903 904 905 -1,
906 907 908 -1,
909 910 911 -1,
912 913 914 -1,
915 916 917 -1,
918 919 920 -1,
921 922 923 -1,
924 925 926 -1,
927 928 929 -1,
930 931 932 -1,
933 934 935 -1,
936 937 938 -1,
939 940 941 -1,
942 943 944 -1,
945 946 947 -1,
948 949 950 -1,
951 952 953 -1,
954 955 956 -1,
957 958 959 -1,
960 961 962 -1,
963 964 965 -1,
966 967 968 -1,
969 970 971 -1,
972 973 974 -1,
975 976 977 -1,
978 979 980 -1,
981 982 983 -1,
984 985 986 -1,
987 988 989 -1,
990 991 992 -1,
993 994 995 -1,
996 997 998 -1,
999 1000 1001 -1,
1002 1003 1004 -1,
1005 1006 1007 -1,
1008 1009 1010 -1,
1011 1012 1013 -1,
1014 1015 1016 -1,
1017 1018 1019 -1,
1020 1021 1022 -1,
1023 1024 1025 -1,
1026 1027 1028 -1,
1029 1030 1031 -1,
1032 1033 1034 -1,
1035 1036 1037 -1,
1038 1039 1040 -1,
1041 1042 1043 -1,
1044 1045 1046 -1,
1047 1048 1049 -1,
1050 1051 1052 -1,
1053 1054 1055 -1,
1056 1057 1058 -1,
1059 1060 1061 -1,
1062 1063 1064 -1,
1065 1066 1067 -1,
1068 1069 1070 -1,
1071 1072 1073 -1,
1074 1075 1076 -1,
1077 1078 1079 -1,
1080 1081 1082 -1,
1083 1084 1085 -1,
1086 1087 1088 -1,
1089 1090 1091 -1,
1092 1093 1094 -1,
1095 1096 1097 -1,
1098 1099 1100 -1,
1101 1102 1103 -1,
1104 1105 1106 -1,
1107 1108 1109 -1,
1110 1111 1112 -1,
1113 1114 1115 -1,
1116 1117 1118 -1,
1119 1120 1121 -1,
1122 1123 1124 -1,
1125 1126 1127 -1,
1128 1129 1130 -1,
1131 1132 1133 -1,
1134 1135 1136 -1,
1137 1138 1139 -1,
1140 1141 1142 -1,
1143 1144 1145 -1,
1146 1147 1148 -1,
1149 1150 1151 -1,
1152 1153 1154 -1,
1155 1156 1157 -1,
1158 1159 1160 -1,
1161 1162 1163 -1,
1164 1165 1166 -1,
1167 1168 1169 -1,
1170 1171 1172 -1,
1173 1174 1175 -1,
1176 1177 1178 -1,
1179 1180 1181 -1,
1182 1183 1184 -1,
1185 1186 1187 -1,
1188 1189 1190 -1,
1191 1192 1193 -1,
1194 1195 1196 -1,
1197 1198 1199 -1,
1200 1201 1202 -1,
1203 1204 1205 -1,
1206 1207 1208 -1,
1209 1210 1211 -1,
1212 1213 1214 -1,
1215 1216 1217 -1,
1218 1219 1220 -1,
1221 1222 1223 -1,
1224 1225 1226 -1,
1227 1228 1229 -1,
1230 1231 1232 -1,
1233 1234 1235 -1,
1236 1237 1238 -1,
1239 1240 1241 -1,
1242 1243 1244 -1,
1245 1246 1247 -1,
1248 1249 1250 -1,
1251 1252 1253 -1,
1254 1255 1256 -1,
1257 1258 1259 -1,
1260 1261 1262 -1,
1263 1264 1265 -1,
1266 1267 1268 -1,
1269 1270 1271 -1,
1272 1273 1274 -1,
1275 1276 1277 -1,
1278 1279 1280 -1,
1281 1282 1283 -1,
1284 1285 1286 -1,
1287 1288 1289 -1,
1290 1291 1292 -1,
1293 1294 1295 -1,
1296 1297 1298 -1,
1299 1300 1301 -1,
1302 1303 1304 -1,
1305 1306 1307 -1,
1308 1309 1310 -1,
1311 1312 1313 -1,
1314 1315 1316 -1,
1317 1318 1319 -1,
1320 1321 1322 -1,
1323 1324 1325 -1,
1326 1327 1328 -1,
1329 1330 1331 -1,
1332 1333 1334 -1,
1335 1336 1337 -1,
1338 1339 1340 -1,
1341 1342 1343 -1,
1344 1345 1346 -1,
1347 1348 1349 -1,
1350 1351 1352 -1,
1353 1354 1355 -1,
1356 1357 1358 -1,
1359 1360 1361 -1,
1362 1363 1364 -1,
1365 1366 1367 -1,
1368 1369 1370 -1,
1371 1372 1373 -1,
1374 1375 1376 -1,
1377 1378 1379 -1,
1380 1381 1382 -1,
1383 1384 1385 -1,
1386 1387 1388 -1,
1389 1390 1391 -1,
1392 1393 1394 -1,
1395 1396 1397 -1,
1398 1399 1400 -1,
1401 1402 1403 -1,
1404 1405 1406 -1,
1407 1408 1409 -1,
1410 1411 1412 -1,
1413 1414 1415 -1,
1416 1417 1418 -1,
1419 1420 1421 -1,
1422 1423 1424 -1,
1425 1426 1427 -1,
1428 1429 1430 -1,
1431 1432 1433 -1,
1434 1435 1436 -1,
1437 1438 1439 -1,
1440 1441 1442 -1,
1443 1444 1445 -1,
1446 1447 1448 -1,
1449 1450 1451 -1,
1452 1453 1454 -1,
1455 1456 1457 -1,
1458 1459 1460 -1,
1461 1462 1463 -1,
1464 1465 1466 -1,
1467 1468 1469 -1,
1470 1471 1472 -1,
1473 1474 1475 -1,
1476 1477 1478 -1,
1479 1480 1481 -1,
1482 1483 1484 -1,
1485 1486 1487 -1,
1488 1489 1490 -1,
1491 1492 1493 -1,
1494 1495 1496 -1,
1497 1498 1499 -1,
1500 1501 1502 -1,
1503 1504 1505 -1,
1506 1507 1508 -1,
1509 1510 1511 -1,
1512 1513 1514 -1,
1515 1516 1517 -1,
1518 1519 1520 -1,
1521 1522 1523 -1,
1524 1525 1526 -1,
1527 1528 1529 -1,
1530 1531 1532 -1,
1533 1534 1535 -1,
1536 1537 1538 -1,
1539 1540 1541 -1,
1542 1543 1544 -1,
1545 1546 1547 -1,
1548 1549 1550 -1,
1551 1552 1553 -1,
1554 1555 1556 -1,
1557 1558 1559 -1,
1560 1561 1562 -1,
1563 1564 1565 -1,
 ] 
 }
}
